2,3,4,10,11,5,9,13,7,8,6,12,23,17,19,0,20,14,28,16,26,31,18,25,24,30,22,37,29,35,32,27,42,21,39,15,34,40,36,38,33,41,1|-1,-1,-1,-1,-1,-1,-1,-1,-1,-1,-1,-1,-1,-1,-1,-1,-1,-1,-1,-1,-1,-1,-1,-1,-1,-1,-1,-1,-1,-1,-1,-1,-1,-1,-1,-1,-1,-1,-1,-1,-1,-1,1|./seeds/seed_007.json
2,3,4,10,11,8,19,23,17,9,14,5,12,20,31,6,24,28,21,18,29,7,22,30,27,32,26,25,13,16,15,35,37,36,34,0,39,33,42,38,40,41,1|-1,-1,-1,-1,-1,-1,-1,-1,-1,-1,-1,-1,-1,-1,-1,-1,-1,-1,-1,-1,-1,-1,-1,-1,-1,-1,-1,-1,-1,-1,-1,-1,-1,-1,-1,-1,-1,-1,-1,-1,-1,-1,1|./seeds/seed_010.json
2,3,4,11,10,5,9,12,8,6,7,23,28,13,17,19,22,20,14,24,31,16,27,18,26,29,25,30,21,32,35,37,38,15,0,34,33,40,39,42,36,41,1|-1,-1,-1,-1,-1,-1,-1,-1,-1,-1,-1,-1,-1,-1,-1,-1,-1,-1,-1,-1,-1,-1,-1,-1,-1,-1,-1,-1,-1,-1,-1,-1,-1,-1,-1,-1,-1,-1,-1,-1,-1,-1,-1|./seeds/seed_007.json
2,3,4,5,10,8,11,6,9,12,7,13,37,35,23,19,28,18,24,26,17,25,16,22,33,27,42,15,39,20,31,38,36,34,40,14,21,29,41,30,0,32,1|-1,-1,-1,-1,-1,-1,-1,-1,-1,-1,-1,-1,-1,-1,-1,-1,-1,-1,-1,-1,-1,-1,-1,-1,-1,-1,-1,-1,-1,-1,-1,-1,-1,-1,-1,-1,-1,-1,-1,-1,1,-1,-1|./seeds/seed_000.json
2,3,4,0,11,10,9,5,6,12,23,7,19,8,28,17,24,14,18,30,13,16,31,27,20,21,22,26,35,25,34,37,29,32,15,42,39,33,38,41,40,36,1|-1,-1,-1,-1,-1,-1,-1,-1,-1,-1,-1,-1,-1,-1,-1,-1,-1,-1,-1,-1,-1,-1,-1,-1,-1,-1,-1,-1,-1,-1,-1,-1,-1,-1,-1,-1,-1,-1,-1,-1,-1,-1,-1|./seeds/seed_009.json
2,3,4,0,5,11,10,9,13,7,6,8,12,1,28,18,37,23,17,20,42,19,25,35,31,16,24,14,30,39,38,26,34,22,27,21,41,40,29,15,33,32,36|-1,-1,-1,-1,-1,-1,-1,-1,-1,-1,-1,-1,-1,-1,-1,-1,-1,-1,-1,-1,-1,-1,-1,-1,-1,-1,-1,-1,-1,-1,-1,-1,-1,-1,-1,-1,-1,-1,-1,-1,-1,-1,-1|./seeds/seed_004.json
2,3,4,5,10,11,9,13,6,12,8,7,19,28,23,42,17,18,38,27,20,31,39,40,22,16,26,25,37,21,34,14,24,32,35,29,30,15,33,41,0,1,36|1,1,1,1,1,1,1,1,1,1,1,1,1,1,1,1,1,1,1,1,1,1,1,1,1,1,1,1,1,1,1,1,1,1,1,1,1,1,1,1,1,-1,1|./seeds/seed_003.json
2,3,4,5,10,11,9,13,6,12,8,7,19,28,23,18,42,17,27,31,20,38,16,22,26,25,39,40,21,34,24,14,32,37,35,29,15,30,33,41,0,1,36|1,1,1,1,1,1,1,1,1,1,1,1,1,1,1,1,1,1,1,1,1,1,1,1,1,1,1,1,1,1,1,1,1,1,1,1,1,1,1,1,1,-1,1|./seeds/seed_004.json
1,0,13,11,10,9,42,12,39,41,40,3,8,29,21,2,27,34,38,32,5,22,31,15,7,19,20,30,6,24,37,14,16,28,17,33,35,23,26,18,25,4,36|-1,-1,1,1,1,1,-1,1,-1,-1,-1,-1,1,1,1,-1,1,-1,-1,1,1,1,1,1,1,1,1,1,1,1,-1,1,-1,1,1,-1,-1,1,1,-1,1,-1,-1|./seeds/seed_002.json
1,13,0,11,10,9,42,12,3,39,41,8,21,40,2,29,27,32,5,38,34,22,31,7,15,19,30,20,6,24,14,28,17,37,23,16,35,26,33,25,18,36,4|-1,1,-1,1,1,1,-1,1,-1,-1,-1,1,1,-1,-1,1,1,1,1,-1,-1,1,1,1,1,1,1,1,1,1,1,1,1,-1,1,-1,-1,1,-1,1,-1,1,1|./seeds/seed_006.json
1,24,19,23,17,27,21,32,25,14,26,31,22,29,30,0,15,18,20,36,28,35,33,37,12,3,8,16,34,2,5,13,6,9,42,38,11,39,10,41,4,7,40|-1,1,1,1,1,1,1,1,1,1,1,1,1,1,1,-1,1,1,1,1,1,1,1,1,1,-1,1,1,1,-1,-1,-1,1,-1,1,1,1,1,1,1,-1,-1,1|./seeds/seed_004.json
24,32,17,23,19,31,21,14,27,1,29,22,30,20,25,26,28,18,15,36,12,8,33,16,35,37,34,6,11,0,3,10,42,38,39,13,7,4,41,40,5,9,2|1,1,1,1,1,1,1,1,1,-1,1,1,1,1,1,1,1,1,1,1,1,1,1,1,1,1,1,1,1,-1,-1,1,1,1,1,-1,1,1,1,1,1,-1,1|./seeds/seed_009.json
9,13,5,7,3,2,11,1,6,10,42,15,36,39,16,28,38,41,0,4,40,37,22,35,33,25,27,20,31,21,30,32,26,29,18,24,12,17,14,8,19,23,34|1,1,1,1,-1,-1,1,-1,1,1,1,-1,-1,1,1,1,1,1,-1,-1,1,-1,1,-1,-1,-1,1,1,1,1,1,1,-1,1,-1,-1,1,1,1,1,-1,-1,1|./seeds/seed_002.json
9,5,13,7,3,1,11,6,2,10,42,15,36,0,16,28,39,41,40,38,37,22,33,25,27,35,20,31,4,21,30,32,26,12,18,8,29,24,14,17,19,23,34|1,1,1,1,-1,-1,1,1,-1,1,1,-1,-1,-1,1,1,1,1,1,1,-1,1,-1,-1,1,-1,1,1,-1,1,1,1,-1,1,-1,1,1,-1,1,1,-1,-1,1|./seeds/seed_006.json
0,1,10,2,7,16,11,6,28,14,9,8,31,34,18,39,3,20,23,42,17,13,41,32,24,38,27,22,30,19,12,21,25,26,37,40,35,33,29,36,5,15,4|-1,-1,-1,-1,-1,-1,-1,-1,-1,-1,-1,-1,-1,-1,-1,-1,-1,-1,-1,-1,-1,-1,-1,-1,-1,-1,-1,-1,-1,-1,-1,-1,-1,-1,-1,-1,-1,-1,-1,-1,-1,-1,-1|./seeds/seed_004.json
0,1,2,10,7,16,6,14,39,3,11,42,28,34,31,41,18,17,38,20,23,8,9,24,13,27,19,32,22,25,30,12,40,21,26,37,35,29,33,5,36,15,4|-1,-1,-1,-1,-1,-1,-1,-1,-1,-1,-1,-1,-1,-1,-1,-1,-1,-1,-1,-1,-1,-1,-1,-1,-1,-1,-1,-1,-1,-1,-1,-1,-1,-1,-1,-1,-1,-1,-1,-1,-1,-1,1|./seeds/seed_002.json
2,0,3,4,10,1,5,11,9,6,12,7,8,18,16,23,19,13,17,34,39,42,28,24,26,14,37,25,31,38,27,30,35,40,20,41,21,32,22,15,29,33,36|-1,-1,-1,-1,-1,-1,-1,-1,-1,-1,-1,-1,-1,-1,-1,-1,-1,-1,-1,-1,-1,-1,-1,-1,-1,-1,-1,-1,-1,-1,-1,-1,-1,-1,-1,-1,-1,-1,-1,-1,-1,-1,-1|./seeds/seed_008.json
2,0,4,3,11,23,19,10,12,14,31,5,17,8,27,24,18,30,1,9,28,6,16,22,21,7,26,32,29,20,25,34,37,15,35,13,39,38,42,33,36,40,41|-1,-1,-1,-1,-1,-1,-1,-1,-1,-1,-1,-1,-1,-1,-1,-1,-1,-1,-1,-1,-1,-1,-1,-1,-1,-1,-1,-1,-1,-1,-1,-1,-1,-1,-1,-1,-1,-1,-1,-1,-1,-1,-1|./seeds/seed_010.json
1,4,16,0,42,3,28,22,20,39,38,27,31,21,40,32,41,30,17,14,6,29,2,7,36,24,23,15,19,34,8,12,13,5,10,9,37,18,26,33,11,35,25|-1,-1,1,-1,1,-1,1,1,1,1,1,1,1,1,1,1,1,1,1,1,1,1,-1,1,-1,1,1,-1,1,1,-1,-1,-1,1,-1,1,-1,1,1,-1,-1,-1,-1|./seeds/seed_004.json
1,4,0,16,3,28,42,22,20,31,38,21,32,27,39,40,30,41,17,2,14,6,29,7,36,24,15,23,19,34,12,8,5,13,37,10,9,26,33,18,35,11,25|-1,-1,-1,1,-1,1,1,1,1,1,1,1,1,1,1,1,1,1,1,-1,1,1,1,1,-1,1,-1,1,1,1,-1,-1,1,-1,-1,-1,1,1,-1,1,-1,-1,-1|./seeds/seed_001.json
1,3,0,2,4,32,21,22,27,29,28,31,20,30,14,17,23,34,37,19,24,42,36,35,10,41,39,33,40,5,38,8,16,13,18,15,9,26,7,12,11,25,6|-1,-1,-1,-1,-1,1,1,1,1,1,1,1,1,1,1,1,1,-1,-1,1,1,-1,-1,-1,-1,-1,-1,-1,-1,-1,-1,-1,1,-1,-1,1,-1,1,-1,-1,1,-1,1|./seeds/seed_007.json
1,0,3,2,32,4,21,22,29,27,28,31,20,30,17,14,19,23,24,34,37,42,16,36,11,35,41,40,39,6,26,38,33,9,15,7,13,12,25,18,10,5,8|-1,-1,-1,-1,1,-1,1,1,1,1,1,1,1,1,1,1,1,1,1,-1,-1,-1,1,-1,1,-1,-1,-1,-1,1,1,-1,-1,1,1,1,1,1,1,-1,-1,1,1|./seeds/seed_005.txt
1,13,0,9,11,2,3,10,5,18,34,26,19,7,24,25,37,23,17,15,35,14,30,36,33,16,21,29,20,32,31,27,42,22,6,28,39,38,40,41,8,4,12|-1,1,-1,1,1,-1,-1,1,1,-1,-1,-1,-1,1,-1,-1,-1,-1,-1,-1,-1,-1,-1,-1,-1,-1,-1,-1,-1,-1,-1,-1,-1,-1,1,-1,-1,-1,-1,-1,1,-1,1|./seeds/seed_007.json
1,0,13,9,11,10,5,2,7,3,6,18,34,26,35,8,37,19,12,25,24,23,15,14,30,33,17,36,29,21,32,20,16,40,31,28,38,22,42,27,39,41,4|-1,-1,1,1,1,1,1,-1,1,-1,1,-1,-1,-1,-1,1,-1,-1,1,-1,-1,-1,-1,-1,-1,-1,-1,-1,-1,-1,-1,-1,-1,-1,-1,-1,-1,-1,-1,-1,-1,-1,-1|./seeds/seed_004.json
1,3,32,22,37,28,21,20,35,36,0,27,29,31,2,34,4,30,33,14,18,42,17,25,8,12,10,39,41,15,23,40,26,38,24,5,16,19,11,13,7,9,6|-1,-1,1,1,-1,1,1,1,-1,-1,-1,1,1,1,-1,-1,-1,1,-1,1,-1,-1,1,-1,-1,-1,-1,-1,-1,-1,1,-1,-1,-1,1,1,1,1,1,1,1,1,1|./seeds/seed_010.json
3,1,32,22,21,0,2,4,29,27,28,31,20,37,34,30,35,14,36,42,17,33,10,41,8,39,40,18,23,12,38,24,19,25,7,9,6,13,5,11,26,16,15|-1,-1,1,1,1,-1,-1,-1,1,1,1,1,1,-1,-1,1,-1,1,-1,-1,1,-1,-1,-1,-1,-1,-1,-1,1,-1,-1,1,1,-1,-1,-1,-1,-1,-1,-1,-1,1,-1|./seeds/seed_008.json
0,1,2,5,9,7,10,3,6,11,8,13,16,14,23,19,42,28,31,34,12,30,22,39,27,18,24,41,29,26,25,21,38,20,40,17,37,4,32,35,15,33,36|-1,-1,-1,-1,-1,-1,-1,-1,-1,-1,-1,-1,-1,-1,-1,-1,-1,-1,-1,-1,-1,-1,-1,-1,-1,-1,-1,-1,-1,-1,-1,-1,-1,-1,-1,-1,-1,-1,-1,-1,-1,-1,-1|./seeds/seed_006.json
0,1,2,5,7,6,10,14,9,11,16,42,8,34,23,31,30,13,3,22,19,27,38,41,28,39,29,40,21,18,12,17,26,25,24,20,37,32,15,36,35,33,4|-1,-1,-1,-1,-1,-1,-1,-1,-1,-1,-1,-1,-1,-1,-1,-1,-1,-1,-1,-1,-1,-1,-1,-1,-1,-1,-1,-1,-1,-1,-1,-1,-1,-1,-1,-1,-1,-1,-1,-1,-1,-1,-1|./seeds/seed_001.json
1,0,11,13,10,9,3,2,7,6,12,8,5,17,27,21,19,22,23,29,28,24,31,32,14,30,16,18,20,26,25,15,35,36,42,37,33,39,34,41,40,38,4|-1,-1,1,1,1,1,-1,-1,1,1,1,1,1,1,1,1,1,1,1,1,1,1,1,1,1,1,1,1,1,1,1,1,1,1,1,1,1,1,1,1,1,1,-1|./seeds/seed_000.json
1,11,0,10,13,9,7,6,12,8,5,27,21,28,17,32,19,29,3,22,23,24,31,14,30,20,2,16,18,26,25,15,35,36,37,42,33,34,39,41,38,4,40|-1,1,-1,1,1,1,1,1,1,1,1,1,1,1,1,1,1,1,-1,1,1,1,1,1,1,1,-1,1,1,1,1,1,1,1,1,1,1,1,1,1,1,1,1|./seeds/seed_005.txt
0,1,2,10,9,7,6,5,11,8,13,16,14,3,42,19,23,34,31,12,28,30,22,24,18,27,41,39,38,29,21,26,25,17,20,40,37,32,15,35,4,36,33|-1,-1,-1,-1,-1,-1,-1,-1,-1,-1,-1,-1,-1,-1,-1,-1,-1,-1,-1,-1,-1,-1,-1,-1,-1,-1,-1,-1,-1,-1,-1,-1,-1,-1,-1,-1,-1,-1,-1,-1,-1,-1,-1|./seeds/seed_004.json
0,1,2,5,10,6,7,9,11,42,14,3,8,16,13,19,34,31,41,38,28,23,22,39,12,30,24,27,29,17,21,40,18,20,26,25,37,32,15,35,33,36,4|-1,-1,-1,-1,-1,-1,-1,-1,-1,-1,-1,-1,-1,-1,-1,-1,-1,-1,-1,-1,-1,-1,-1,-1,-1,-1,-1,-1,-1,-1,-1,-1,-1,-1,-1,-1,-1,-1,-1,-1,-1,-1,-1|./seeds/seed_003.json
24,13,23,19,17,25,32,14,18,26,31,21,29,27,30,20,16,28,35,22,15,9,37,5,33,36,34,0,2,4,42,10,11,7,39,38,41,12,8,40,1,6,3|1,-1,1,1,1,1,1,1,1,1,1,1,1,1,1,1,1,1,1,1,1,-1,1,-1,1,1,1,1,1,-1,1,-1,-1,-1,1,1,1,1,1,1,1,-1,-1|./seeds/seed_008.json
24,19,17,25,23,32,13,14,27,26,21,31,18,20,29,30,16,22,28,15,35,37,0,34,33,9,36,5,2,42,39,12,38,8,4,41,10,40,7,11,6,3,1|1,1,1,1,1,1,-1,1,1,1,1,1,1,1,1,1,1,1,1,1,1,1,1,1,1,-1,1,-1,1,1,1,1,1,1,-1,1,-1,1,-1,-1,1,1,1|./seeds/seed_009.json
2,3,0,1,4,5,10,11,9,7,13,12,39,8,6,18,37,26,40,34,38,42,16,35,23,41,25,19,14,24,28,20,31,15,33,17,30,36,27,22,29,32,21|-1,-1,-1,-1,-1,-1,-1,-1,-1,-1,-1,-1,-1,-1,-1,-1,-1,-1,-1,-1,-1,-1,-1,-1,-1,-1,-1,-1,-1,-1,-1,-1,-1,-1,-1,-1,-1,-1,-1,-1,-1,-1,-1|./seeds/seed_006.json
2,0,4,3,11,23,19,10,12,14,31,5,17,8,27,24,18,30,1,9,28,6,16,22,21,7,26,32,29,20,25,34,37,15,35,13,39,38,42,33,36,40,41|-1,-1,-1,-1,-1,-1,-1,-1,-1,-1,-1,-1,-1,-1,-1,-1,-1,-1,-1,-1,-1,-1,-1,-1,-1,-1,-1,-1,-1,-1,-1,-1,-1,-1,-1,-1,-1,-1,-1,-1,-1,-1,-1|./seeds/seed_010.json
0,1,2,10,7,16,6,14,39,3,11,42,28,34,31,41,18,17,38,20,23,8,9,24,13,27,19,32,22,25,30,12,40,21,26,37,35,29,33,5,36,15,4|-1,-1,-1,-1,-1,-1,-1,-1,-1,-1,-1,-1,-1,-1,-1,-1,-1,-1,-1,-1,-1,-1,-1,-1,-1,-1,-1,-1,-1,-1,-1,-1,-1,-1,-1,-1,-1,-1,-1,-1,-1,-1,1|./seeds/seed_002.json
0,1,10,7,16,2,6,28,11,14,31,20,9,18,24,17,23,32,42,22,8,39,27,21,34,41,38,30,13,19,12,40,25,29,26,3,5,35,37,33,15,36,4|-1,-1,-1,-1,-1,-1,-1,-1,-1,-1,-1,-1,-1,-1,-1,-1,-1,-1,-1,-1,-1,-1,-1,-1,-1,-1,-1,-1,-1,-1,-1,-1,-1,-1,-1,-1,-1,-1,-1,-1,-1,-1,-1|./seeds/seed_005.txt
0,13,1,10,4,11,12,8,9,41,42,40,39,5,38,28,16,15,36,30,20,32,31,21,22,37,27,7,34,14,3,33,17,29,6,25,35,19,23,26,2,18,24|-1,1,-1,1,1,1,1,1,1,-1,-1,-1,-1,1,-1,-1,-1,1,1,-1,-1,-1,-1,-1,-1,1,-1,1,-1,-1,1,1,-1,-1,1,1,1,1,-1,1,-1,1,1|./seeds/seed_005.txt
0,13,1,10,4,11,12,8,9,5,42,41,40,39,38,16,15,28,36,7,30,20,6,37,33,3,34,22,31,32,21,27,25,17,14,29,26,19,35,24,18,23,2|-1,1,-1,1,1,1,1,1,1,1,-1,-1,-1,-1,-1,-1,1,-1,1,1,-1,-1,1,1,1,1,-1,-1,-1,-1,-1,-1,1,-1,-1,-1,1,1,1,1,1,-1,-1|./seeds/seed_003.json
1,4,0,16,28,3,42,20,22,39,38,27,31,21,40,32,41,30,17,29,14,6,7,2,36,23,24,15,19,34,8,5,12,37,9,13,10,18,26,33,35,11,25|-1,-1,-1,1,1,-1,1,1,1,1,1,1,1,1,1,1,1,1,1,1,1,1,1,-1,-1,1,1,-1,1,1,-1,1,-1,-1,1,-1,-1,1,1,-1,-1,-1,-1|./seeds/seed_002.json
28,42,16,4,39,20,22,38,40,3,41,31,1,32,21,27,30,7,14,6,36,17,15,29,5,12,8,37,0,2,23,34,9,33,13,35,24,25,10,19,11,18,26|1,1,1,-1,1,1,1,1,1,-1,1,1,-1,1,1,1,1,1,1,1,-1,1,-1,1,1,-1,-1,-1,-1,-1,1,1,1,-1,-1,-1,1,-1,-1,1,-1,1,1|./seeds/seed_008.json
1,13,42,11,41,39,40,34,38,32,21,29,27,22,10,31,0,9,15,20,12,30,37,5,8,19,14,16,24,28,35,33,3,17,18,23,4,2,26,7,36,6,25|-1,1,-1,1,-1,-1,-1,-1,-1,1,1,1,1,1,1,1,-1,1,1,1,1,1,-1,1,1,1,1,-1,1,1,-1,-1,-1,1,-1,1,1,-1,1,1,-1,1,1|./seeds/seed_010.json
1,0,13,11,10,9,42,12,21,29,3,27,32,8,41,39,40,5,22,2,34,38,31,15,7,19,20,30,24,6,14,28,17,37,23,33,16,26,35,25,18,4,36|-1,-1,1,1,1,1,-1,1,1,1,-1,1,1,1,-1,-1,-1,1,1,-1,-1,-1,1,1,1,1,1,1,1,1,1,1,1,-1,1,-1,-1,1,-1,1,-1,-1,1|./seeds/seed_005.txt
0,2,3,1,36,15,25,5,4,33,35,42,8,26,19,39,12,37,24,41,40,23,18,38,9,7,14,17,21,29,13,6,16,27,32,31,34,28,30,11,20,10,22|-1,-1,-1,-1,1,1,1,-1,-1,1,1,-1,1,1,1,-1,1,1,1,-1,-1,1,1,-1,-1,-1,1,1,1,1,-1,-1,-1,1,1,1,1,-1,1,1,1,1,-1|./seeds/seed_005.txt
0,2,3,1,36,15,25,5,4,19,35,26,33,8,24,42,39,12,23,37,18,41,40,38,9,7,14,17,21,29,13,31,27,32,30,6,16,34,28,20,11,10,22|-1,-1,-1,-1,1,1,1,-1,-1,1,1,1,1,1,1,-1,-1,1,1,1,1,-1,-1,-1,-1,-1,1,1,1,1,-1,1,1,1,1,-1,-1,1,-1,1,1,1,1|./seeds/seed_006.json
0,1,7,2,10,16,39,6,34,42,41,38,28,14,11,9,18,8,3,31,40,20,17,23,22,30,13,24,27,21,32,19,25,37,35,26,12,33,29,5,36,15,4|-1,-1,-1,-1,-1,-1,-1,-1,-1,-1,-1,-1,-1,-1,-1,-1,-1,-1,-1,-1,-1,-1,-1,-1,-1,-1,-1,-1,-1,-1,-1,-1,-1,-1,-1,-1,-1,-1,-1,-1,-1,-1,1|./seeds/seed_000.json
0,1,2,10,7,16,6,11,14,28,39,17,3,31,9,42,8,34,18,23,38,20,41,24,13,27,19,22,32,30,25,12,40,21,26,37,29,35,33,5,36,15,4|-1,-1,-1,-1,-1,-1,-1,-1,-1,-1,-1,-1,-1,-1,-1,-1,-1,-1,-1,-1,-1,-1,-1,-1,-1,-1,-1,-1,-1,-1,-1,-1,-1,-1,-1,-1,-1,-1,-1,-1,-1,-1,1|./seeds/seed_003.json
1,0,3,2,19,23,32,17,21,27,24,14,22,29,31,28,20,25,26,4,30,15,18,16,12,35,33,8,36,37,11,34,6,7,10,5,42,41,9,38,39,40,13|-1,-1,-1,-1,1,1,1,1,1,1,1,1,1,1,1,1,1,1,1,-1,1,1,1,1,1,1,1,1,1,1,1,1,1,1,1,-1,1,1,1,1,1,1,1|./seeds/seed_006.json
1,0,3,2,23,19,17,32,4,21,27,14,29,24,22,31,28,20,30,26,25,15,16,18,12,35,33,36,8,37,34,6,11,5,42,10,7,38,41,39,40,9,13|-1,-1,-1,-1,1,1,1,1,-1,1,1,1,1,1,1,1,1,1,1,1,1,1,1,1,1,1,1,1,1,1,1,1,1,-1,1,1,1,1,1,1,1,1,-1|./seeds/seed_002.json
2,1,0,3,4,5,10,11,9,7,13,39,8,38,6,12,18,42,40,26,37,34,16,41,35,23,19,14,25,24,15,31,20,28,17,30,36,33,27,29,22,32,21|-1,-1,-1,-1,-1,-1,-1,-1,-1,-1,-1,-1,-1,-1,-1,-1,-1,-1,-1,-1,-1,-1,-1,-1,-1,-1,-1,-1,-1,-1,-1,-1,-1,-1,-1,-1,-1,-1,-1,-1,-1,-1,-1|./seeds/seed_003.json
2,0,3,4,10,1,5,11,9,6,12,7,8,18,16,23,19,13,17,34,39,42,28,24,26,14,37,25,31,38,27,30,35,40,20,41,21,32,22,15,29,33,36|-1,-1,-1,-1,-1,-1,-1,-1,-1,-1,-1,-1,-1,-1,-1,-1,-1,-1,-1,-1,-1,-1,-1,-1,-1,-1,-1,-1,-1,-1,-1,-1,-1,-1,-1,-1,-1,-1,-1,-1,-1,-1,-1|./seeds/seed_008.json
1,13,0,11,10,9,42,12,3,39,41,8,21,40,2,29,27,32,5,38,34,22,31,7,15,19,30,20,6,24,14,28,17,37,23,16,35,26,33,25,18,36,4|-1,1,-1,1,1,1,-1,1,-1,-1,-1,1,1,-1,-1,1,1,1,1,-1,-1,1,1,1,1,1,1,1,1,1,1,1,1,-1,1,-1,-1,1,-1,1,-1,1,1|./seeds/seed_006.json
1,13,11,42,0,10,39,9,41,32,29,40,21,34,38,27,12,3,22,8,31,15,2,5,30,20,19,14,37,24,28,17,7,16,23,35,33,6,26,18,25,36,4|-1,1,1,-1,-1,1,-1,1,-1,1,1,-1,1,-1,-1,1,1,-1,1,1,1,1,-1,1,1,1,1,1,-1,1,1,1,1,-1,1,-1,-1,1,1,-1,1,-1,-1|./seeds/seed_007.json
23,24,17,19,25,26,31,14,21,30,18,2,27,29,32,20,15,35,33,37,22,34,36,28,12,16,3,13,8,5,9,0,41,6,39,40,42,38,1,7,10,4,11|1,1,1,1,1,1,1,1,1,1,1,1,1,1,1,1,1,1,1,1,1,1,1,1,1,1,1,-1,1,-1,-1,1,1,1,1,1,1,1,-1,-1,1,-1,1|./seeds/seed_010.json
5,13,9,2,17,19,23,24,26,25,35,11,29,21,15,30,18,14,31,7,3,10,32,36,37,20,22,33,27,34,28,4,16,1,6,42,38,0,39,41,40,12,8|-1,-1,-1,1,1,1,1,1,1,1,1,-1,1,1,1,1,1,1,1,-1,1,-1,1,1,1,1,1,1,1,1,1,-1,1,-1,-1,1,1,1,1,1,1,1,1|./seeds/seed_004.json
1,4,0,16,28,3,42,20,22,39,38,27,31,21,40,32,41,30,17,29,14,6,7,2,36,23,24,15,19,34,8,5,12,37,9,13,10,18,26,33,35,11,25|-1,-1,-1,1,1,-1,1,1,1,1,1,1,1,1,1,1,1,1,1,1,1,1,1,-1,-1,1,1,-1,1,1,-1,1,-1,-1,1,-1,-1,1,1,-1,-1,-1,-1|./seeds/seed_002.json
42,28,16,39,4,38,22,20,40,41,3,1,31,32,27,7,21,36,6,15,30,17,14,5,29,12,37,8,0,9,2,33,35,34,25,23,13,24,10,19,26,11,18|1,1,1,1,-1,1,1,1,1,1,-1,-1,1,1,1,1,1,-1,1,-1,1,1,1,1,1,-1,-1,-1,-1,1,-1,-1,-1,1,-1,1,-1,1,-1,1,-1,1,1|./seeds/seed_009.json
9,11,10,13,6,7,31,14,5,28,22,21,27,30,23,17,32,19,20,29,8,16,12,24,18,1,26,25,41,42,3,34,39,40,38,15,0,37,35,36,2,33,4|-1,-1,-1,-1,-1,-1,-1,-1,-1,-1,-1,-1,-1,-1,-1,-1,-1,-1,-1,-1,-1,-1,-1,-1,-1,1,-1,-1,-1,-1,1,-1,-1,-1,-1,-1,-1,-1,-1,-1,1,-1,-1|./seeds/seed_009.json
3,2,9,10,11,13,6,7,12,8,14,17,28,19,1,21,5,27,31,23,30,29,22,24,32,16,20,18,25,4,41,15,26,34,36,42,39,37,40,35,38,33,0|1,1,-1,-1,-1,-1,-1,-1,-1,-1,-1,-1,-1,-1,1,-1,-1,-1,-1,-1,-1,-1,-1,-1,-1,-1,-1,-1,-1,1,-1,-1,-1,-1,-1,-1,-1,-1,-1,-1,-1,-1,-1|./seeds/seed_003.json
9,10,3,11,13,2,7,6,12,8,1,14,19,21,17,27,28,31,23,22,5,24,30,29,32,16,18,20,25,15,41,36,26,34,37,35,42,39,33,40,38,4,0|-1,-1,1,-1,-1,1,-1,-1,-1,-1,1,-1,-1,-1,-1,-1,-1,-1,-1,-1,-1,-1,-1,-1,-1,-1,-1,-1,-1,-1,-1,-1,-1,-1,-1,-1,-1,-1,-1,-1,-1,1,-1|./seeds/seed_004.json
3,2,10,9,11,13,6,7,12,14,8,17,21,28,27,22,31,19,23,24,29,30,16,1,32,5,4,18,20,25,41,15,34,26,42,36,35,39,37,40,33,38,0|1,1,-1,-1,-1,-1,-1,-1,-1,-1,-1,-1,-1,-1,-1,-1,-1,-1,-1,-1,-1,-1,-1,1,-1,-1,1,-1,-1,-1,-1,-1,-1,-1,-1,-1,-1,-1,-1,-1,-1,-1,-1|./seeds/seed_001.json
42,0,41,4,39,40,13,38,28,16,15,8,36,12,10,20,1,30,11,3,22,31,21,27,32,17,14,34,37,6,7,33,29,9,35,25,23,2,24,26,19,18,5|-1,-1,-1,1,-1,-1,1,-1,-1,-1,1,1,1,1,1,-1,-1,-1,1,1,-1,-1,-1,-1,-1,-1,-1,-1,1,-1,-1,1,-1,1,1,1,-1,1,-1,1,1,-1,1|./seeds/seed_009.json
0,13,1,10,4,11,12,8,9,5,41,42,40,39,38,15,16,28,36,7,30,6,37,20,33,3,34,22,32,31,21,27,25,17,14,26,29,19,35,24,18,2,23|-1,1,-1,1,1,1,1,1,1,1,-1,-1,-1,-1,-1,1,-1,-1,1,1,-1,1,1,-1,1,1,-1,-1,-1,-1,-1,-1,1,-1,-1,1,-1,1,1,1,1,-1,-1|./seeds/seed_002.json
2,3,4,5,10,11,9,13,12,6,7,8,19,23,28,18,17,42,27,20,31,25,38,26,16,22,39,40,14,34,21,37,35,32,24,15,29,33,30,0,41,36,1|1,1,1,1,1,1,1,1,1,1,1,1,1,1,1,1,1,1,1,1,1,1,1,1,1,1,1,1,1,1,1,1,1,1,1,1,1,1,1,1,1,1,-1|./seeds/seed_006.json
2,3,4,5,10,11,9,13,6,12,7,8,23,19,28,27,42,17,31,20,18,22,16,21,38,40,32,14,26,39,24,25,1,29,30,34,35,37,15,41,0,33,36|1,1,1,1,1,1,1,1,1,1,1,1,1,1,1,1,1,1,1,1,1,1,1,1,1,1,1,1,1,1,1,1,-1,1,1,1,1,1,1,1,1,1,1|./seeds/seed_005.txt
0,1,2,7,10,16,3,11,6,9,34,18,14,28,8,31,23,20,13,27,42,17,24,19,39,12,41,32,25,30,22,38,21,37,26,40,35,33,5,29,36,15,4|-1,-1,-1,-1,-1,-1,-1,-1,-1,-1,-1,-1,-1,-1,-1,-1,-1,-1,-1,-1,-1,-1,-1,-1,-1,-1,-1,-1,-1,-1,-1,-1,-1,-1,-1,-1,-1,-1,-1,-1,-1,-1,-1|./seeds/seed_006.json
0,10,7,16,6,11,9,24,28,23,17,27,2,14,8,19,31,20,5,18,21,32,22,12,30,42,34,26,25,13,39,38,41,29,35,40,3,37,33,1,4,15,36|-1,-1,-1,-1,-1,-1,-1,-1,-1,-1,-1,-1,-1,-1,-1,-1,-1,-1,-1,-1,-1,-1,-1,-1,-1,-1,-1,-1,-1,-1,-1,-1,-1,-1,-1,-1,-1,-1,-1,-1,-1,-1,-1|./seeds/seed_008.json
2,4,3,10,0,5,11,9,12,6,7,8,13,23,17,24,16,19,28,14,18,30,27,26,20,22,31,34,21,25,42,37,29,32,39,40,35,38,15,33,41,36,1|-1,-1,-1,-1,-1,-1,-1,-1,-1,-1,-1,-1,-1,-1,-1,-1,-1,-1,-1,-1,-1,-1,-1,-1,-1,-1,-1,-1,-1,-1,-1,-1,-1,-1,-1,-1,-1,-1,-1,-1,-1,-1,-1|./seeds/seed_008.json
2,3,0,4,1,5,10,11,13,9,7,12,42,6,8,34,17,40,39,23,16,18,24,28,30,26,19,22,25,37,35,14,31,38,20,33,21,41,15,29,27,36,32|-1,-1,-1,-1,-1,-1,-1,-1,-1,-1,-1,-1,-1,-1,-1,-1,-1,-1,-1,-1,-1,-1,-1,-1,-1,-1,-1,-1,-1,-1,-1,-1,-1,-1,-1,-1,-1,-1,-1,-1,-1,-1,-1|./seeds/seed_001.json
1,11,0,13,10,9,7,12,6,8,5,17,19,27,21,28,29,32,23,3,22,24,31,14,2,20,30,16,18,26,25,15,35,36,37,42,33,39,34,38,41,4,40|-1,1,-1,1,1,1,1,1,1,1,1,1,1,1,1,1,1,1,1,-1,1,1,1,1,-1,1,1,1,1,1,1,1,1,1,1,1,1,1,1,1,1,1,1|./seeds/seed_003.json
1,11,0,13,10,9,7,12,6,8,5,19,17,21,27,3,29,28,23,32,2,31,22,24,14,20,18,25,16,30,26,15,35,36,37,33,4,34,42,39,40,41,38|-1,1,-1,1,1,1,1,1,1,1,1,1,1,1,1,-1,1,1,1,1,-1,1,1,1,1,1,1,1,1,1,1,1,1,1,1,1,1,1,1,1,1,1,1|./seeds/seed_006.json
2,3,4,10,5,11,9,13,8,12,7,6,19,23,16,17,26,25,37,20,28,14,18,24,31,35,15,30,42,27,29,34,21,22,32,39,0,38,36,33,40,1,41|-1,-1,-1,-1,-1,-1,-1,-1,-1,-1,-1,-1,-1,-1,-1,-1,-1,-1,-1,-1,-1,-1,-1,-1,-1,-1,-1,-1,-1,-1,-1,-1,-1,-1,-1,-1,-1,-1,-1,-1,-1,1,-1|./seeds/seed_006.json
2,3,4,10,5,11,9,13,12,8,7,6,19,23,17,16,31,27,26,28,24,20,14,30,37,25,15,18,35,1,22,42,29,21,32,39,34,40,38,36,0,33,41|-1,-1,-1,-1,-1,-1,-1,-1,-1,-1,-1,-1,-1,-1,-1,-1,-1,-1,-1,-1,-1,-1,-1,-1,-1,-1,-1,-1,-1,1,-1,-1,-1,-1,-1,-1,-1,-1,-1,-1,-1,-1,-1|./seeds/seed_005.txt
0,4,10,11,5,6,9,7,2,23,8,28,12,19,14,20,16,17,21,24,18,26,31,32,27,30,3,13,22,34,29,25,42,41,39,35,38,37,15,33,40,36,1|-1,-1,-1,-1,-1,-1,-1,-1,-1,-1,-1,-1,-1,-1,-1,-1,-1,-1,-1,-1,-1,-1,-1,-1,-1,-1,-1,-1,-1,-1,-1,-1,-1,-1,-1,-1,-1,-1,-1,-1,-1,-1,-1|./seeds/seed_009.json
0,11,10,5,14,28,4,23,32,19,20,31,21,17,6,27,9,24,22,30,7,8,16,29,12,2,18,26,13,25,42,34,3,41,39,15,38,37,35,33,36,40,1|-1,-1,-1,-1,-1,-1,-1,-1,-1,-1,-1,-1,-1,-1,-1,-1,-1,-1,-1,-1,-1,-1,-1,-1,-1,-1,-1,-1,-1,-1,-1,-1,-1,-1,-1,-1,-1,-1,-1,-1,-1,-1,-1|./seeds/seed_010.json
0,1,4,5,10,2,11,7,6,3,9,8,42,26,13,41,16,20,28,39,12,14,34,24,30,27,18,31,38,23,17,25,40,21,32,19,29,22,37,36,35,33,15|-1,-1,-1,-1,-1,-1,-1,-1,-1,-1,-1,-1,-1,-1,-1,-1,-1,-1,-1,-1,-1,-1,-1,-1,-1,-1,-1,-1,-1,-1,-1,-1,-1,-1,-1,-1,-1,-1,-1,-1,-1,-1,-1|./seeds/seed_001.json
0,4,2,1,5,3,10,11,9,7,6,13,8,12,26,16,20,28,23,41,42,34,24,39,14,25,18,31,19,30,32,27,29,17,21,37,22,38,40,35,33,36,15|-1,-1,-1,-1,-1,-1,-1,-1,-1,-1,-1,-1,-1,-1,-1,-1,-1,-1,-1,-1,-1,-1,-1,-1,-1,-1,-1,-1,-1,-1,-1,-1,-1,-1,-1,-1,-1,-1,-1,-1,-1,-1,-1|./seeds/seed_006.json
1,4,0,16,3,28,42,22,20,31,38,21,32,27,39,40,30,41,17,2,14,6,29,7,36,24,15,23,19,34,12,8,5,13,37,10,9,26,33,18,35,11,25|-1,-1,-1,1,-1,1,1,1,1,1,1,1,1,1,1,1,1,1,1,-1,1,1,1,1,-1,1,-1,1,1,1,-1,-1,1,-1,-1,-1,1,1,-1,1,-1,-1,-1|./seeds/seed_001.json
4,1,3,0,16,42,28,20,39,22,38,40,27,31,21,41,32,17,30,2,14,6,7,29,36,15,23,24,34,19,8,12,13,5,10,37,9,18,33,26,11,35,25|-1,-1,-1,-1,1,1,1,1,1,1,1,1,1,1,1,1,1,1,1,-1,1,1,1,1,-1,-1,1,1,1,1,-1,-1,-1,1,-1,-1,1,1,-1,1,-1,-1,-1|./seeds/seed_006.json
1,24,23,17,19,21,27,32,0,25,14,31,22,26,30,29,18,20,15,28,36,35,12,37,33,3,16,8,34,2,6,13,5,11,42,9,38,39,4,10,41,40,7|-1,1,1,1,1,1,1,1,-1,1,1,1,1,1,1,1,1,1,1,1,1,1,1,1,1,-1,1,1,1,-1,1,-1,-1,1,1,-1,1,1,-1,1,1,-1,-1|./seeds/seed_001.json
1,24,19,23,17,27,21,32,25,0,14,26,31,29,22,30,20,18,15,36,28,35,37,33,12,16,8,3,34,2,13,5,6,9,42,38,39,11,4,41,10,7,40|-1,1,1,1,1,1,1,1,1,-1,1,1,1,1,1,1,1,1,1,1,1,1,1,1,1,1,1,-1,1,-1,-1,-1,1,-1,1,1,1,1,-1,1,1,-1,1|./seeds/seed_002.json
1,17,23,19,24,25,26,13,5,29,33,21,30,31,14,27,32,15,35,36,18,20,22,28,9,34,16,37,2,0,11,10,7,8,4,39,42,12,38,41,3,40,6|-1,1,1,1,1,1,1,-1,-1,1,1,1,1,1,1,1,1,1,1,1,1,1,1,1,-1,1,1,1,1,-1,-1,-1,-1,1,-1,1,1,1,1,1,1,1,-1|./seeds/seed_000.json
24,17,23,19,26,14,32,25,27,21,31,1,30,15,20,29,22,28,18,35,36,13,33,16,34,37,5,9,12,8,4,39,38,42,10,2,7,41,11,40,0,3,6|1,1,1,1,1,1,1,1,1,1,1,-1,1,1,1,1,1,1,1,1,1,-1,1,1,1,1,-1,-1,1,1,-1,1,1,1,-1,1,-1,1,-1,1,-1,-1,1|./seeds/seed_007.json
1,9,13,0,5,7,11,10,6,3,2,28,16,42,22,36,39,41,20,15,38,27,32,40,30,31,37,21,8,33,12,29,35,17,25,14,26,4,18,23,34,19,24|-1,1,1,-1,1,1,1,1,1,-1,-1,1,1,1,1,-1,1,1,1,-1,1,1,1,1,1,1,-1,1,1,-1,1,1,-1,1,-1,1,-1,-1,-1,1,-1,1,-1|./seeds/seed_004.json
1,9,0,13,5,7,11,6,10,3,2,28,42,36,16,22,39,41,15,20,38,37,32,40,33,27,31,21,30,12,8,29,35,4,25,17,14,26,18,34,23,19,24|-1,1,-1,1,1,1,1,1,1,-1,-1,1,1,-1,1,1,1,1,-1,1,1,-1,1,1,-1,1,1,1,1,1,1,1,-1,-1,-1,1,1,-1,-1,-1,1,1,-1|./seeds/seed_002.json
1,17,24,19,23,27,32,31,14,21,22,30,26,29,25,20,28,18,15,36,35,33,37,16,3,12,0,34,8,2,13,6,38,5,39,42,4,11,9,41,40,10,7|-1,1,1,1,1,1,1,1,1,1,1,1,1,1,1,1,1,1,1,1,1,1,1,1,-1,1,-1,1,1,-1,-1,1,1,-1,1,1,-1,1,-1,1,1,1,1|./seeds/seed_007.json
1,24,19,23,17,27,21,32,25,0,14,26,31,29,22,30,20,18,15,36,28,35,37,33,12,16,8,3,34,2,13,5,6,9,42,38,39,11,4,41,10,7,40|-1,1,1,1,1,1,1,1,1,-1,1,1,1,1,1,1,1,1,1,1,1,1,1,1,1,1,1,-1,1,-1,-1,-1,1,-1,1,1,1,1,-1,1,1,-1,1|./seeds/seed_002.json
1,0,3,2,23,17,19,32,21,27,14,4,29,24,22,31,28,20,30,26,25,15,18,16,12,35,8,33,36,37,34,6,11,10,7,42,5,38,41,39,9,40,13|-1,-1,-1,-1,1,1,1,1,1,1,1,-1,1,1,1,1,1,1,1,1,1,1,1,1,1,1,1,1,1,1,1,1,1,1,1,1,-1,1,1,1,1,1,1|./seeds/seed_003.json
1,3,0,2,21,23,32,19,22,17,27,4,14,29,31,28,24,30,20,26,25,16,15,18,12,35,8,33,36,37,11,6,34,7,10,42,5,41,38,39,40,9,13|-1,-1,-1,-1,1,1,1,1,1,1,1,-1,1,1,1,1,1,1,1,1,1,1,1,1,1,1,1,1,1,1,1,1,1,1,1,1,-1,1,1,1,1,1,1|./seeds/seed_001.json
5,9,7,13,36,15,6,42,11,3,28,41,40,16,39,38,1,37,10,22,33,25,35,20,2,31,27,30,32,21,26,18,29,4,14,19,24,17,8,12,23,0,34|1,1,1,1,-1,-1,1,1,1,-1,1,1,1,1,1,1,-1,-1,1,1,-1,-1,-1,1,-1,1,1,1,1,1,-1,-1,1,-1,1,-1,-1,1,-1,-1,-1,1,1|./seeds/seed_008.json
9,5,13,7,3,11,2,1,6,10,42,15,36,28,39,16,41,38,22,40,37,4,0,35,33,25,27,20,31,30,21,32,26,29,18,12,14,17,8,24,19,23,34|1,1,1,1,-1,1,-1,-1,1,1,1,-1,-1,1,1,1,1,1,1,1,-1,-1,-1,-1,-1,-1,1,1,1,1,1,1,-1,1,-1,1,1,1,1,-1,-1,-1,1|./seeds/seed_003.json
42,16,28,39,40,38,41,20,22,4,7,6,31,32,15,36,1,21,27,5,3,30,17,14,29,37,9,12,8,33,34,35,25,0,23,2,24,13,19,10,11,26,18|1,1,1,1,1,1,1,1,1,-1,1,1,1,1,-1,-1,-1,1,1,1,-1,1,1,1,1,-1,1,-1,-1,-1,1,-1,-1,-1,1,-1,1,-1,1,-1,1,-1,1|./seeds/seed_010.json
4,1,3,0,16,42,28,20,39,22,38,40,27,31,21,41,32,17,30,2,14,6,7,29,36,15,23,24,34,19,8,12,13,5,10,37,9,18,33,26,11,35,25|-1,-1,-1,-1,1,1,1,1,1,1,1,1,1,1,1,1,1,1,1,-1,1,1,1,1,-1,-1,1,1,1,1,-1,-1,-1,1,-1,-1,1,1,-1,1,-1,-1,-1|./seeds/seed_006.json
0,1,2,5,6,10,7,9,3,11,42,14,8,16,13,34,38,19,41,31,23,39,28,12,30,27,22,24,17,29,18,40,21,25,26,20,37,32,15,33,35,36,4|-1,-1,-1,-1,-1,-1,-1,-1,-1,-1,-1,-1,-1,-1,-1,-1,-1,-1,-1,-1,-1,-1,-1,-1,-1,-1,-1,-1,-1,-1,-1,-1,-1,-1,-1,-1,-1,-1,-1,-1,-1,-1,-1|./seeds/seed_002.json
0,1,2,5,7,6,10,14,9,11,16,42,8,34,23,31,30,13,3,22,19,27,38,41,28,39,29,40,21,18,12,17,26,25,24,20,37,32,15,36,35,33,4|-1,-1,-1,-1,-1,-1,-1,-1,-1,-1,-1,-1,-1,-1,-1,-1,-1,-1,-1,-1,-1,-1,-1,-1,-1,-1,-1,-1,-1,-1,-1,-1,-1,-1,-1,-1,-1,-1,-1,-1,-1,-1,-1|./seeds/seed_001.json
0,2,3,1,36,15,25,5,4,35,19,33,26,42,39,8,12,37,24,41,40,38,18,23,9,7,14,17,21,13,29,6,27,16,31,32,28,30,34,20,11,22,10|-1,-1,-1,-1,1,1,1,-1,-1,1,1,1,1,-1,-1,1,1,1,1,-1,-1,-1,1,1,-1,-1,1,1,1,-1,1,-1,1,-1,1,1,-1,1,1,1,1,-1,-1|./seeds/seed_002.json
0,2,3,1,36,15,5,25,4,35,26,33,42,19,39,8,12,37,24,41,38,18,40,23,9,7,14,17,21,13,29,6,27,16,28,31,32,30,34,20,22,11,10|-1,-1,-1,-1,1,1,-1,1,-1,1,1,1,-1,1,-1,1,1,1,1,-1,-1,1,-1,1,-1,-1,1,1,1,-1,1,-1,1,-1,-1,1,1,1,1,1,-1,1,-1|./seeds/seed_003.json
0,42,41,40,39,28,4,16,13,38,36,15,8,1,12,20,30,22,10,32,21,31,27,3,14,11,37,17,29,7,6,33,35,34,25,9,23,5,19,26,18,2,24|-1,-1,-1,-1,-1,-1,1,-1,1,-1,1,1,1,-1,1,-1,-1,-1,1,-1,-1,-1,-1,1,-1,1,1,-1,-1,-1,-1,1,1,-1,1,1,-1,-1,1,1,1,1,-1|./seeds/seed_010.json
0,13,1,10,11,4,8,9,12,5,41,42,40,39,15,38,16,36,28,7,6,37,33,30,20,25,34,31,32,19,3,22,26,27,21,14,24,35,18,17,29,2,23|-1,1,-1,1,1,1,1,1,1,1,-1,-1,-1,-1,1,-1,-1,1,-1,1,1,1,1,-1,-1,1,-1,-1,-1,1,1,-1,1,-1,-1,-1,1,1,1,-1,-1,-1,1|./seeds/seed_006.json
0,10,11,4,17,19,31,14,5,23,27,21,7,6,30,9,24,22,16,20,28,29,12,2,8,32,26,18,13,25,34,3,37,42,15,35,41,38,33,39,40,36,1|-1,-1,-1,-1,-1,-1,-1,-1,-1,-1,-1,-1,-1,-1,-1,-1,-1,-1,-1,-1,-1,-1,-1,-1,-1,-1,-1,-1,-1,-1,-1,-1,-1,-1,-1,-1,-1,-1,-1,-1,-1,-1,-1|./seeds/seed_010.json
4,0,10,5,11,2,7,9,6,13,3,8,16,12,17,34,23,14,20,27,26,31,30,1,19,28,42,21,18,24,22,41,29,25,38,40,37,32,39,35,15,33,36|-1,-1,-1,-1,-1,-1,-1,-1,-1,-1,-1,-1,-1,-1,-1,-1,-1,-1,-1,-1,-1,-1,-1,-1,-1,-1,-1,-1,-1,-1,-1,-1,-1,-1,-1,-1,-1,-1,-1,-1,-1,-1,-1|./seeds/seed_007.json
2,0,4,3,11,23,19,10,12,14,31,5,17,8,27,24,18,30,1,9,28,6,16,22,21,7,26,32,29,20,25,34,37,15,35,13,39,38,42,33,36,40,41|-1,-1,-1,-1,-1,-1,-1,-1,-1,-1,-1,-1,-1,-1,-1,-1,-1,-1,-1,-1,-1,-1,-1,-1,-1,-1,-1,-1,-1,-1,-1,-1,-1,-1,-1,-1,-1,-1,-1,-1,-1,-1,-1|./seeds/seed_010.json
2,0,3,4,1,5,10,9,11,7,13,6,12,8,39,16,18,42,23,38,34,19,40,26,28,37,14,31,24,25,27,17,20,41,30,35,22,15,33,21,36,32,29|-1,-1,-1,-1,-1,-1,-1,-1,-1,-1,-1,-1,-1,-1,-1,-1,-1,-1,-1,-1,-1,-1,-1,-1,-1,-1,-1,-1,-1,-1,-1,-1,-1,-1,-1,-1,-1,-1,-1,-1,-1,-1,-1|./seeds/seed_007.json
2,3,0,4,5,1,10,11,9,13,7,6,12,8,17,16,28,23,24,42,18,30,19,34,14,39,31,22,40,21,26,20,27,25,29,37,38,35,41,32,15,33,36|-1,-1,-1,-1,-1,-1,-1,-1,-1,-1,-1,-1,-1,-1,-1,-1,-1,-1,-1,-1,-1,-1,-1,-1,-1,-1,-1,-1,-1,-1,-1,-1,-1,-1,-1,-1,-1,-1,-1,-1,-1,-1,-1|./seeds/seed_005.txt
2,4,3,10,0,5,11,9,12,6,7,8,13,23,17,24,16,19,28,14,18,30,27,26,20,22,31,34,21,25,42,37,29,32,39,40,35,38,15,33,41,36,1|-1,-1,-1,-1,-1,-1,-1,-1,-1,-1,-1,-1,-1,-1,-1,-1,-1,-1,-1,-1,-1,-1,-1,-1,-1,-1,-1,-1,-1,-1,-1,-1,-1,-1,-1,-1,-1,-1,-1,-1,-1,-1,-1|./seeds/seed_008.json
1,0,3,2,32,27,21,29,19,42,15,24,30,31,4,22,17,39,40,14,41,20,23,38,12,25,26,28,8,36,5,11,33,7,18,34,35,9,37,6,10,16,13|-1,-1,-1,-1,1,1,1,1,1,-1,1,1,1,1,-1,1,1,-1,-1,1,-1,1,1,-1,1,1,1,1,1,1,-1,1,1,-1,1,-1,1,-1,1,-1,1,-1,-1|./seeds/seed_006.json
1,0,3,2,32,27,21,29,19,4,22,30,42,31,24,15,39,17,40,41,14,20,38,23,12,26,25,28,8,11,5,36,7,33,18,34,9,35,6,37,10,13,16|-1,-1,-1,-1,1,1,1,1,1,-1,1,1,-1,1,1,1,-1,1,-1,-1,1,1,-1,1,1,1,1,1,1,1,-1,1,-1,1,1,-1,-1,1,-1,1,1,-1,-1|./seeds/seed_001.json
13,9,5,0,24,10,17,19,23,25,11,32,29,14,21,26,7,31,20,28,4,18,35,2,22,27,30,16,15,33,37,34,36,6,42,39,38,1,41,3,40,12,8|-1,-1,-1,1,1,-1,1,1,1,1,-1,1,1,1,1,1,-1,1,1,1,-1,1,1,1,1,1,1,1,1,1,1,1,1,-1,1,1,1,1,1,1,1,-1,-1|./seeds/seed_005.txt
13,5,9,0,10,11,4,7,19,24,17,25,23,2,18,35,29,32,26,14,21,20,16,31,15,22,27,28,30,33,37,36,6,34,1,42,39,3,12,8,38,41,40|-1,-1,-1,1,-1,-1,-1,-1,1,1,1,1,1,1,1,1,1,1,1,1,1,1,1,1,1,1,1,1,1,1,1,1,-1,1,1,1,1,1,-1,-1,1,1,1|./seeds/seed_003.json
0,14,23,24,16,6,10,17,28,27,31,19,30,11,18,2,20,21,8,12,32,22,7,26,25,29,34,9,35,38,13,5,42,39,37,3,40,33,41,36,15,4,1|1,1,1,1,1,1,1,1,1,1,1,1,1,1,1,1,1,1,1,1,1,1,1,1,1,1,1,1,1,1,1,1,1,1,1,1,1,1,1,1,1,1,1|./seeds/seed_009.json
0,1,2,3,10,7,14,16,11,17,34,6,23,18,8,24,31,25,28,12,20,19,13,30,27,32,9,39,29,35,22,40,26,38,42,37,33,21,41,15,36,5,4|1,1,1,1,1,1,1,1,1,1,1,1,1,1,1,1,1,1,1,1,1,1,1,1,1,1,1,1,1,1,1,1,1,1,1,1,1,1,1,1,1,1,1|./seeds/seed_006.json
0,1,2,10,14,7,3,16,17,34,6,28,42,24,18,20,23,31,11,27,38,30,39,8,25,19,32,13,12,29,40,22,26,9,37,35,41,21,33,36,15,4,5|1,1,1,1,1,1,1,1,1,1,1,1,1,1,1,1,1,1,1,1,1,1,1,1,1,1,1,1,1,1,1,1,1,1,1,1,1,1,1,1,1,-1,1|./seeds/seed_002.json
0,1,2,3,10,7,14,16,11,17,34,6,23,18,8,24,31,25,28,12,20,19,13,30,27,32,9,39,29,35,22,40,26,38,42,37,33,21,41,15,36,5,4|1,1,1,1,1,1,1,1,1,1,1,1,1,1,1,1,1,1,1,1,1,1,1,1,1,1,1,1,1,1,1,1,1,1,1,1,1,1,1,1,1,1,1|./seeds/seed_006.json
2,0,3,4,10,5,11,12,1,8,6,23,7,9,19,18,16,24,17,34,28,25,14,20,26,35,27,31,37,36,21,30,42,22,13,33,39,29,41,38,15,32,40|1,1,1,1,1,1,1,1,1,1,1,1,1,1,1,1,1,1,1,1,1,1,1,1,1,1,1,1,1,1,1,1,1,1,1,1,1,1,1,1,1,1,1|./seeds/seed_009.json
0,1,2,3,4,5,42,39,40,34,10,6,38,18,7,41,11,16,28,37,35,9,14,23,36,25,8,12,17,20,13,26,24,31,19,15,33,30,22,27,21,29,32|1,1,1,1,1,1,1,1,1,1,1,1,1,1,1,1,1,1,1,1,1,1,1,1,1,1,1,1,1,1,1,1,1,1,1,1,1,1,1,1,1,1,1|./seeds/seed_001.json
1,3,32,23,17,21,19,14,27,22,24,31,28,29,30,2,20,0,26,25,4,16,18,15,35,12,33,8,36,37,34,6,11,42,7,38,40,41,39,10,5,9,13|-1,-1,1,1,1,1,1,1,1,1,1,1,1,1,1,-1,1,-1,1,1,-1,1,1,1,1,1,1,1,1,1,1,1,1,1,1,1,1,1,1,1,-1,1,-1|./seeds/seed_007.json
1,3,0,2,4,23,32,22,21,19,27,17,29,28,24,30,31,14,20,26,25,15,16,18,35,12,33,8,36,37,6,34,5,11,7,42,10,41,38,39,40,9,13|-1,-1,-1,-1,-1,1,1,1,1,1,1,1,1,1,1,1,1,1,1,1,1,1,1,1,1,1,1,1,1,1,1,1,-1,1,1,1,1,1,1,1,1,1,-1|./seeds/seed_000.json
1,0,13,17,19,23,24,18,25,34,26,14,2,30,29,21,32,37,27,31,15,35,16,28,9,20,22,33,3,36,39,42,5,40,11,38,12,8,41,4,10,7,6|-1,-1,1,-1,-1,-1,-1,-1,-1,-1,-1,-1,-1,-1,-1,-1,-1,-1,-1,-1,-1,-1,-1,-1,1,-1,-1,-1,-1,-1,-1,-1,1,-1,1,-1,-1,-1,-1,-1,1,1,-1|./seeds/seed_010.json
1,0,13,9,11,10,5,2,7,3,6,18,34,26,35,8,37,19,12,25,24,23,15,14,30,33,17,36,29,21,32,20,16,40,31,28,38,22,42,27,39,41,4|-1,-1,1,1,1,1,1,-1,1,-1,1,-1,-1,-1,-1,1,-1,-1,1,-1,-1,-1,-1,-1,-1,-1,-1,-1,-1,-1,-1,-1,-1,-1,-1,-1,-1,-1,-1,-1,-1,-1,-1|./seeds/seed_004.json
5,13,9,2,17,19,23,24,26,25,35,11,29,21,15,30,18,14,31,7,3,10,32,36,37,20,22,33,27,34,28,4,16,1,6,42,38,0,39,41,40,12,8|-1,-1,-1,1,1,1,1,1,1,1,1,-1,1,1,1,1,1,1,1,-1,1,-1,1,1,1,1,1,1,1,1,1,-1,1,-1,-1,1,1,1,1,1,1,1,1|./seeds/seed_004.json
13,5,2,9,11,17,3,23,19,24,10,26,7,35,25,30,29,21,18,15,32,33,14,27,31,37,22,20,34,36,28,4,1,16,6,38,42,40,0,41,39,8,12|-1,-1,1,-1,-1,1,1,1,1,1,-1,1,-1,1,1,1,1,1,1,1,1,1,1,1,1,1,1,1,1,1,1,-1,-1,1,-1,1,1,1,1,1,1,-1,-1|./seeds/seed_000.json
2,3,4,0,5,11,10,9,13,7,6,12,23,16,24,8,18,14,28,42,20,27,1,22,26,38,19,30,25,21,29,32,17,37,35,31,40,34,39,33,15,41,36|1,1,1,1,1,1,1,1,1,1,1,1,1,1,1,1,1,1,1,1,1,1,1,1,1,1,1,1,1,1,1,1,1,1,1,1,1,1,1,1,1,1,1|./seeds/seed_005.txt
2,3,4,0,5,1,10,11,16,9,6,23,42,13,18,12,26,37,24,7,8,38,35,14,34,40,39,27,25,33,20,22,19,28,17,30,21,29,31,32,15,41,36|1,1,1,1,1,1,1,1,1,1,1,1,1,1,1,1,1,1,1,1,1,1,1,1,1,1,1,1,1,1,1,1,1,1,1,1,1,1,1,1,1,1,1|./seeds/seed_001.json
1,0,3,2,19,23,32,17,21,27,24,14,22,29,31,28,20,25,26,4,30,15,18,16,12,35,33,8,36,37,11,34,6,7,10,5,42,41,9,38,39,40,13|-1,-1,-1,-1,1,1,1,1,1,1,1,1,1,1,1,1,1,1,1,-1,1,1,1,1,1,1,1,1,1,1,1,1,1,1,1,-1,1,1,1,1,1,1,1|./seeds/seed_006.json
1,0,3,2,23,17,19,32,21,27,14,4,29,24,22,31,28,20,30,26,25,15,18,16,12,35,8,33,36,37,34,6,11,10,7,42,5,38,41,39,9,40,13|-1,-1,-1,-1,1,1,1,1,1,1,1,-1,1,1,1,1,1,1,1,1,1,1,1,1,1,1,1,1,1,1,1,1,1,1,1,1,-1,1,1,1,1,1,1|./seeds/seed_003.json
0,1,4,5,10,2,11,7,6,3,9,8,42,26,13,41,16,20,28,39,12,14,34,24,30,27,18,31,38,23,17,25,40,21,32,19,29,22,37,36,35,33,15|-1,-1,-1,-1,-1,-1,-1,-1,-1,-1,-1,-1,-1,-1,-1,-1,-1,-1,-1,-1,-1,-1,-1,-1,-1,-1,-1,-1,-1,-1,-1,-1,-1,-1,-1,-1,-1,-1,-1,-1,-1,-1,-1|./seeds/seed_001.json
0,4,1,10,2,5,11,3,9,7,6,13,8,12,26,28,42,20,16,14,41,34,24,39,23,25,18,31,30,19,32,27,17,21,29,38,37,22,40,36,35,33,15|-1,-1,-1,-1,-1,-1,-1,-1,-1,-1,-1,-1,-1,-1,-1,-1,-1,-1,-1,-1,-1,-1,-1,-1,-1,-1,-1,-1,-1,-1,-1,-1,-1,-1,-1,-1,-1,-1,-1,-1,-1,-1,-1|./seeds/seed_004.json
0,10,4,11,5,6,9,7,28,8,2,16,12,23,20,14,19,17,13,42,3,30,24,21,31,26,18,32,27,34,41,22,25,39,29,38,35,37,40,33,15,1,36|-1,-1,-1,-1,-1,-1,-1,-1,-1,-1,-1,-1,-1,-1,-1,-1,-1,-1,-1,-1,-1,-1,-1,-1,-1,-1,-1,-1,-1,-1,-1,-1,-1,-1,-1,-1,-1,-1,-1,-1,-1,-1,-1|./seeds/seed_008.json
0,4,1,2,10,5,3,11,9,6,13,7,8,12,26,42,28,20,41,39,16,34,14,24,25,23,18,30,19,27,38,17,31,32,37,29,40,21,22,36,33,35,15|-1,-1,-1,-1,-1,-1,-1,-1,-1,-1,-1,-1,-1,-1,-1,-1,-1,-1,-1,-1,-1,-1,-1,-1,-1,-1,-1,-1,-1,-1,-1,-1,-1,-1,-1,-1,-1,-1,-1,-1,-1,-1,-1|./seeds/seed_002.json
1,0,11,13,10,9,3,2,7,6,12,8,5,17,27,21,19,22,23,29,28,24,31,32,14,30,16,18,20,26,25,15,35,36,42,37,33,39,34,41,40,38,4|-1,-1,1,1,1,1,-1,-1,1,1,1,1,1,1,1,1,1,1,1,1,1,1,1,1,1,1,1,1,1,1,1,1,1,1,1,1,1,1,1,1,1,1,-1|./seeds/seed_000.json
1,11,9,10,13,7,12,6,17,8,21,28,5,19,29,27,32,22,31,14,23,24,30,0,20,16,3,26,18,25,2,35,15,36,34,42,37,39,33,41,40,38,4|-1,1,1,1,1,1,1,1,1,1,1,1,1,1,1,1,1,1,1,1,1,1,1,-1,1,1,-1,1,1,1,-1,1,1,1,1,1,1,1,1,1,1,1,1|./seeds/seed_007.json
1,3,28,20,22,2,16,21,0,27,32,4,31,30,29,42,14,17,39,40,38,41,7,6,36,5,23,24,19,15,9,37,34,8,12,11,26,33,13,35,18,10,25|-1,-1,1,1,1,-1,1,1,-1,1,1,-1,1,1,1,1,1,1,1,1,1,1,1,1,-1,1,1,1,1,-1,1,-1,1,-1,-1,1,1,-1,-1,-1,1,-1,-1|./seeds/seed_008.json
1,0,3,2,4,28,22,27,16,20,21,32,29,30,31,17,42,14,6,7,38,41,19,39,40,23,24,9,34,11,26,18,25,5,36,10,15,12,35,33,37,8,13|-1,-1,-1,-1,-1,1,1,1,1,1,1,1,1,1,1,1,1,1,1,1,1,1,1,1,1,1,1,1,1,1,1,1,1,1,-1,1,-1,1,1,1,-1,1,1|./seeds/seed_004.json
0,13,4,42,10,41,8,11,12,1,40,39,28,16,38,9,15,20,36,30,27,31,21,32,3,22,5,14,34,17,37,29,33,25,35,23,7,2,19,26,24,6,18|-1,1,1,-1,1,-1,1,1,1,-1,-1,-1,-1,-1,-1,1,1,-1,1,-1,-1,-1,-1,-1,1,-1,1,-1,-1,-1,1,-1,1,1,1,-1,1,1,1,1,-1,-1,1|./seeds/seed_007.json
0,42,41,40,39,28,4,16,13,38,36,15,8,1,12,20,30,22,10,32,21,31,27,3,14,11,37,17,29,7,6,33,35,34,25,9,23,5,19,26,18,2,24|-1,-1,-1,-1,-1,-1,1,-1,1,-1,1,1,1,-1,1,-1,-1,-1,1,-1,-1,-1,-1,1,-1,1,1,-1,-1,-1,-1,1,1,-1,1,1,-1,-1,1,1,1,1,-1|./seeds/seed_010.json
0,1,2,10,14,7,17,16,3,28,6,34,20,24,11,31,38,30,42,18,23,39,27,8,19,32,29,13,25,40,12,22,9,26,37,35,41,21,33,15,36,5,4|1,1,1,1,1,1,1,1,1,1,1,1,1,1,1,1,1,1,1,1,1,1,1,1,1,1,1,1,1,1,1,1,1,1,1,1,1,1,1,1,1,1,-1|./seeds/seed_003.json
0,10,16,14,6,23,11,17,24,28,7,27,2,30,31,19,18,8,20,22,12,9,32,21,26,25,29,34,13,5,42,38,39,35,37,40,41,3,33,36,15,4,1|1,1,1,1,1,1,1,1,1,1,1,1,1,1,1,1,1,1,1,1,1,1,1,1,1,1,1,1,1,1,1,1,1,1,1,1,1,1,1,1,1,1,1|./seeds/seed_008.json
5,9,1,7,13,6,11,28,36,42,39,41,10,15,16,22,3,40,38,37,20,33,32,35,30,21,27,31,25,0,2,29,14,17,26,18,23,12,8,4,24,34,19|1,1,-1,1,1,1,1,1,-1,1,1,1,1,-1,1,1,-1,1,1,-1,1,-1,1,-1,1,1,1,1,-1,-1,-1,1,1,1,-1,-1,1,-1,-1,-1,-1,-1,-1|./seeds/seed_010.json
1,9,0,5,7,13,11,6,10,3,2,28,16,22,42,39,27,41,20,32,31,36,21,38,30,40,29,15,17,37,14,33,12,8,35,4,25,23,19,24,18,26,34|-1,1,-1,1,1,1,1,1,1,-1,-1,1,1,1,1,1,1,1,1,1,1,-1,1,1,1,1,1,-1,1,-1,1,-1,1,1,-1,-1,-1,1,1,1,-1,-1,-1|./seeds/seed_005.txt
24,23,19,32,17,21,31,14,27,1,22,30,29,25,20,26,28,18,15,36,33,35,12,37,8,16,34,0,13,3,6,11,38,9,39,5,42,10,4,41,2,40,7|1,1,1,1,1,1,1,1,1,-1,1,1,1,1,1,1,1,1,1,1,1,1,1,1,1,1,1,-1,-1,-1,1,1,1,-1,1,-1,1,1,1,1,-1,1,1|./seeds/seed_008.json
1,24,19,23,17,27,21,32,25,14,26,31,22,29,30,0,15,18,20,36,28,35,33,37,12,3,8,16,34,2,5,13,6,9,42,38,11,39,10,41,4,7,40|-1,1,1,1,1,1,1,1,1,1,1,1,1,1,1,-1,1,1,1,1,1,1,1,1,1,-1,1,1,1,-1,-1,-1,1,-1,1,1,1,1,1,1,-1,-1,1|./seeds/seed_004.json
2,3,4,0,5,10,9,11,13,7,6,12,8,1,23,17,16,28,24,14,30,42,22,18,27,31,19,34,26,20,21,39,40,25,37,29,38,32,41,35,15,33,36|-1,-1,-1,-1,-1,-1,-1,-1,-1,-1,-1,-1,-1,-1,-1,-1,-1,-1,-1,-1,-1,-1,-1,-1,-1,-1,-1,-1,-1,-1,-1,-1,-1,-1,-1,-1,-1,-1,-1,-1,-1,-1,-1|./seeds/seed_007.json
2,4,3,10,0,5,12,9,11,23,17,24,8,6,19,7,14,28,18,13,30,16,27,26,22,20,21,31,25,34,29,37,32,35,15,42,39,33,40,36,38,41,1|-1,-1,-1,-1,-1,-1,-1,-1,-1,-1,-1,-1,-1,-1,-1,-1,-1,-1,-1,-1,-1,-1,-1,-1,-1,-1,-1,-1,-1,-1,-1,-1,-1,-1,-1,-1,-1,-1,-1,-1,-1,-1,-1|./seeds/seed_009.json
1,4,16,0,28,42,3,22,20,31,27,21,32,39,38,40,30,17,41,14,29,6,7,2,23,24,36,19,15,5,34,12,9,37,8,13,26,18,33,10,35,25,11|-1,-1,1,-1,1,1,-1,1,1,1,1,1,1,1,1,1,1,1,1,1,1,1,1,-1,1,1,-1,1,-1,1,1,-1,1,-1,-1,-1,1,1,-1,-1,-1,1,1|./seeds/seed_005.txt
42,16,28,39,40,38,41,20,22,4,7,6,31,32,15,36,1,21,27,5,3,30,17,14,29,37,9,12,8,33,34,35,25,0,23,2,24,13,19,10,11,26,18|1,1,1,1,1,1,1,1,1,-1,1,1,1,1,-1,-1,-1,1,1,1,-1,1,1,1,1,-1,1,-1,-1,-1,1,-1,-1,-1,1,-1,1,-1,1,-1,1,-1,1|./seeds/seed_010.json
1,13,0,9,11,2,3,10,5,18,34,26,19,7,24,25,37,23,17,15,35,14,30,36,33,16,21,29,20,32,31,27,42,22,6,28,39,38,40,41,8,4,12|-1,1,-1,1,1,-1,-1,1,1,-1,-1,-1,-1,1,-1,-1,-1,-1,-1,-1,-1,-1,-1,-1,-1,-1,-1,-1,-1,-1,-1,-1,-1,-1,1,-1,-1,-1,-1,-1,1,-1,1|./seeds/seed_007.json
1,0,13,9,11,10,5,2,7,3,6,18,34,26,23,24,25,12,19,37,30,35,14,17,8,15,29,33,20,32,36,21,16,31,40,28,38,22,42,39,27,41,4|-1,-1,1,1,1,1,1,-1,1,-1,1,-1,-1,-1,-1,-1,-1,1,-1,-1,-1,-1,-1,-1,1,-1,-1,-1,-1,-1,-1,-1,-1,-1,-1,-1,-1,-1,-1,-1,-1,-1,-1|./seeds/seed_005.txt
0,1,4,5,10,2,11,7,6,3,9,8,42,26,13,41,16,20,28,39,12,14,34,24,30,27,18,31,38,23,17,25,40,21,32,19,29,22,37,36,35,33,15|-1,-1,-1,-1,-1,-1,-1,-1,-1,-1,-1,-1,-1,-1,-1,-1,-1,-1,-1,-1,-1,-1,-1,-1,-1,-1,-1,-1,-1,-1,-1,-1,-1,-1,-1,-1,-1,-1,-1,-1,-1,-1,-1|./seeds/seed_001.json
0,4,1,2,10,5,3,11,9,6,13,7,8,12,26,42,28,20,41,39,16,34,14,24,25,23,18,30,19,27,38,17,31,32,37,29,40,21,22,36,33,35,15|-1,-1,-1,-1,-1,-1,-1,-1,-1,-1,-1,-1,-1,-1,-1,-1,-1,-1,-1,-1,-1,-1,-1,-1,-1,-1,-1,-1,-1,-1,-1,-1,-1,-1,-1,-1,-1,-1,-1,-1,-1,-1,-1|./seeds/seed_002.json
2,3,4,5,10,11,9,13,6,12,8,7,19,28,23,42,17,18,38,27,20,31,39,40,22,16,26,25,37,21,34,14,24,32,35,29,30,15,33,41,0,1,36|1,1,1,1,1,1,1,1,1,1,1,1,1,1,1,1,1,1,1,1,1,1,1,1,1,1,1,1,1,1,1,1,1,1,1,1,1,1,1,1,1,-1,1|./seeds/seed_003.json
2,3,4,5,10,11,9,13,6,12,8,7,19,28,23,18,42,17,27,31,20,38,16,22,26,25,39,40,21,34,24,14,32,37,35,29,15,30,33,41,0,1,36|1,1,1,1,1,1,1,1,1,1,1,1,1,1,1,1,1,1,1,1,1,1,1,1,1,1,1,1,1,1,1,1,1,1,1,1,1,1,1,1,1,-1,1|./seeds/seed_004.json
0,36,1,15,5,42,41,39,25,40,35,37,7,38,2,33,16,28,12,9,8,26,6,18,24,19,20,23,22,3,30,13,31,4,27,32,21,14,34,11,10,29,17|-1,1,-1,1,-1,-1,-1,-1,1,-1,1,1,-1,-1,-1,1,-1,-1,1,-1,1,1,-1,1,1,1,-1,1,-1,-1,-1,-1,-1,-1,-1,-1,-1,-1,1,-1,-1,-1,1|./seeds/seed_010.json
0,1,2,3,15,36,25,24,19,23,4,8,12,35,33,26,5,37,42,41,18,40,39,17,38,27,21,29,32,7,14,30,31,22,9,10,11,16,34,6,20,28,13|-1,-1,-1,-1,1,1,1,1,1,1,-1,1,1,1,1,1,-1,1,-1,-1,1,-1,-1,1,-1,1,1,1,1,-1,1,1,1,1,-1,1,1,-1,1,-1,1,-1,-1|./seeds/seed_002.json
2,0,3,4,10,1,5,11,9,6,12,7,8,18,16,23,19,13,17,34,39,42,28,24,26,14,37,25,31,38,27,30,35,40,20,41,21,32,22,15,29,33,36|-1,-1,-1,-1,-1,-1,-1,-1,-1,-1,-1,-1,-1,-1,-1,-1,-1,-1,-1,-1,-1,-1,-1,-1,-1,-1,-1,-1,-1,-1,-1,-1,-1,-1,-1,-1,-1,-1,-1,-1,-1,-1,-1|./seeds/seed_008.json
1,0,2,3,4,5,39,42,10,40,34,38,18,7,41,37,11,9,16,26,13,8,6,35,12,14,25,23,15,19,30,36,33,31,24,20,17,28,27,22,32,21,29|-1,-1,-1,-1,-1,-1,-1,-1,-1,-1,-1,-1,-1,-1,-1,-1,-1,-1,-1,-1,-1,-1,-1,-1,-1,-1,-1,-1,-1,-1,-1,-1,-1,-1,-1,-1,-1,-1,-1,-1,1,1,1|./seeds/seed_000.json
0,2,3,1,36,15,25,5,4,33,35,42,8,26,19,39,12,37,24,41,40,23,18,38,9,7,14,17,21,29,13,6,16,27,32,31,34,28,30,11,20,10,22|-1,-1,-1,-1,1,1,1,-1,-1,1,1,-1,1,1,1,-1,1,1,1,-1,-1,1,1,-1,-1,-1,1,1,1,1,-1,-1,-1,1,1,1,1,-1,1,1,1,1,-1|./seeds/seed_005.txt
0,2,3,1,36,15,25,5,4,19,35,26,33,8,24,42,39,12,23,37,18,41,40,38,9,7,14,17,21,29,13,31,27,32,30,6,16,34,28,20,11,10,22|-1,-1,-1,-1,1,1,1,-1,-1,1,1,1,1,1,1,-1,-1,1,1,1,1,-1,-1,-1,-1,-1,1,1,1,1,-1,1,1,1,1,-1,-1,1,-1,1,1,1,1|./seeds/seed_006.json
2,3,4,5,10,11,9,8,6,12,13,7,23,19,17,28,24,25,27,20,18,26,16,31,37,22,35,14,21,29,32,30,15,33,38,36,34,39,42,40,41,1,0|-1,-1,-1,-1,-1,-1,-1,-1,-1,-1,-1,-1,-1,-1,-1,-1,-1,-1,-1,-1,-1,-1,-1,-1,-1,-1,-1,-1,-1,-1,-1,-1,-1,-1,-1,-1,-1,-1,-1,-1,-1,1,1|./seeds/seed_006.json
2,3,4,5,10,11,9,8,6,12,13,7,19,23,28,17,26,27,24,22,20,18,25,37,35,16,31,14,29,21,15,32,30,33,38,39,36,42,34,40,41,1,0|-1,-1,-1,-1,-1,-1,-1,-1,-1,-1,-1,-1,-1,-1,-1,-1,-1,-1,-1,-1,-1,-1,-1,-1,-1,-1,-1,-1,-1,-1,-1,-1,-1,-1,-1,-1,-1,-1,-1,-1,-1,1,1|./seeds/seed_003.json
2,3,4,5,11,10,9,7,12,13,8,6,19,23,17,18,20,31,26,29,28,14,24,27,16,32,22,25,35,30,21,37,15,39,34,33,42,38,36,0,40,41,1|1,1,1,1,1,1,1,1,1,1,1,1,1,1,1,1,1,1,1,1,1,1,1,1,1,1,1,1,1,1,1,1,1,1,1,1,1,1,1,1,1,1,1|./seeds/seed_007.json
2,3,4,5,11,10,9,12,8,13,7,6,19,17,26,23,18,25,27,24,20,29,37,31,16,14,35,28,15,32,30,39,22,21,33,34,36,38,42,40,41,1,0|1,1,1,1,1,1,1,1,1,1,1,1,1,1,1,1,1,1,1,1,1,1,1,1,1,1,1,1,1,1,1,1,1,1,1,1,1,1,1,1,1,-1,-1|./seeds/seed_006.json
0,4,5,1,11,10,2,7,9,6,8,13,3,28,20,12,26,14,16,24,42,31,27,23,41,17,30,39,32,18,34,21,19,25,29,22,38,40,37,36,35,15,33|-1,-1,-1,-1,-1,-1,-1,-1,-1,-1,-1,-1,-1,-1,-1,-1,-1,-1,-1,-1,-1,-1,-1,-1,-1,-1,-1,-1,-1,-1,-1,-1,-1,-1,-1,-1,-1,-1,-1,-1,-1,-1,-1|./seeds/seed_005.txt
0,4,10,11,5,6,9,7,2,23,8,28,12,19,14,20,16,17,21,24,18,26,31,32,27,30,3,13,22,34,29,25,42,41,39,35,38,37,15,33,40,36,1|-1,-1,-1,-1,-1,-1,-1,-1,-1,-1,-1,-1,-1,-1,-1,-1,-1,-1,-1,-1,-1,-1,-1,-1,-1,-1,-1,-1,-1,-1,-1,-1,-1,-1,-1,-1,-1,-1,-1,-1,-1,-1,-1|./seeds/seed_009.json
13,5,2,9,17,19,23,24,26,25,35,21,11,29,3,18,30,32,15,31,14,10,20,27,7,22,33,37,36,28,34,4,16,1,42,6,38,40,39,41,0,12,8|-1,-1,1,-1,1,1,1,1,1,1,1,1,-1,1,1,1,1,1,1,1,1,-1,1,1,-1,1,1,1,1,1,1,-1,1,-1,1,-1,1,1,1,1,1,1,1|./seeds/seed_003.json
5,13,9,17,19,2,23,24,25,26,35,11,21,30,29,10,15,18,7,14,31,20,32,33,36,22,37,27,3,4,34,28,16,6,1,0,38,42,41,39,40,12,8|-1,-1,-1,1,1,1,1,1,1,1,1,-1,1,1,1,-1,1,1,-1,1,1,1,1,1,1,1,1,1,1,-1,1,1,1,-1,-1,1,1,1,1,1,1,1,1|./seeds/seed_006.json
2,3,4,0,5,9,11,10,7,13,6,8,12,28,23,19,17,14,42,16,31,20,18,27,1,24,22,30,37,25,35,26,21,34,38,39,40,41,29,32,33,15,36|-1,-1,-1,-1,-1,-1,-1,-1,-1,-1,-1,-1,-1,-1,-1,-1,-1,-1,-1,-1,-1,-1,-1,-1,-1,-1,-1,-1,-1,-1,-1,-1,-1,-1,-1,-1,-1,-1,-1,-1,-1,-1,-1|./seeds/seed_007.json
2,3,4,0,5,10,9,11,1,13,6,7,8,12,28,37,42,17,18,20,23,25,19,16,39,38,35,34,24,31,26,30,22,41,14,40,27,29,21,15,33,32,36|-1,-1,-1,-1,-1,-1,-1,-1,-1,-1,-1,-1,-1,-1,-1,-1,-1,-1,-1,-1,-1,-1,-1,-1,-1,-1,-1,-1,-1,-1,-1,-1,-1,-1,-1,-1,-1,-1,-1,-1,-1,-1,-1|./seeds/seed_003.json
13,5,2,9,17,19,23,24,26,25,35,21,11,29,3,18,30,32,15,31,14,10,20,27,7,22,33,37,36,28,34,4,16,1,42,6,38,40,39,41,0,12,8|-1,-1,1,-1,1,1,1,1,1,1,1,1,-1,1,1,1,1,1,1,1,1,-1,1,1,-1,1,1,1,1,1,1,-1,1,-1,1,-1,1,1,1,1,1,1,1|./seeds/seed_003.json
13,5,17,23,2,9,24,19,26,21,29,25,30,32,14,31,18,22,35,15,27,20,11,3,28,33,10,36,37,34,7,1,16,4,42,38,40,41,39,6,0,12,8|-1,-1,1,1,1,-1,1,1,1,1,1,1,1,1,1,1,1,1,1,1,1,1,-1,1,1,1,-1,1,1,1,-1,-1,1,-1,1,1,1,1,1,-1,1,1,1|./seeds/seed_005.txt
1,0,3,2,4,32,21,22,29,27,28,31,20,30,17,14,19,23,24,34,37,42,41,40,39,38,35,36,11,33,16,26,6,15,12,9,13,18,10,5,7,25,8|-1,-1,-1,-1,-1,1,1,1,1,1,1,1,1,1,1,1,1,1,1,-1,-1,-1,-1,-1,-1,-1,-1,-1,1,-1,1,1,1,1,1,1,1,-1,-1,-1,1,1,-1|./seeds/seed_002.json
1,0,3,2,4,32,21,22,27,29,28,31,20,30,14,17,19,23,34,24,37,42,41,40,39,38,35,36,33,11,26,16,15,6,12,5,10,9,18,25,13,7,8|-1,-1,-1,-1,-1,1,1,1,1,1,1,1,1,1,1,1,1,1,-1,1,-1,-1,-1,-1,-1,-1,-1,-1,-1,1,1,1,1,1,1,-1,-1,1,-1,1,1,1,-1|./seeds/seed_006.json
42,16,28,39,40,38,41,20,22,4,7,6,31,32,15,36,1,21,27,5,3,30,17,14,29,37,9,12,8,33,34,35,25,0,23,2,24,13,19,10,11,26,18|1,1,1,1,1,1,1,1,1,-1,1,1,1,1,-1,-1,-1,1,1,1,-1,1,1,1,1,-1,1,-1,-1,-1,1,-1,-1,-1,1,-1,1,-1,1,-1,1,-1,1|./seeds/seed_010.json
1,4,16,0,28,42,3,22,20,31,27,21,32,39,38,40,30,17,41,14,29,6,7,2,23,24,36,19,15,5,34,12,9,37,8,13,26,18,33,10,35,25,11|-1,-1,1,-1,1,1,-1,1,1,1,1,1,1,1,1,1,1,1,1,1,1,1,1,-1,1,1,-1,1,-1,1,1,-1,1,-1,-1,-1,1,1,-1,-1,-1,1,1|./seeds/seed_005.txt
0,1,13,10,4,11,12,8,9,41,42,40,39,5,38,28,16,15,36,30,20,31,32,37,21,7,22,33,34,27,14,29,17,6,25,3,35,26,2,19,18,23,24|-1,-1,1,1,1,1,1,1,1,-1,-1,-1,-1,1,-1,-1,-1,1,1,-1,-1,-1,-1,1,-1,1,-1,1,-1,-1,-1,-1,-1,1,1,1,1,1,-1,1,1,-1,1|./seeds/seed_001.json
0,13,1,10,4,11,12,8,9,5,42,41,40,39,38,16,15,28,36,7,30,20,6,37,33,3,34,22,31,32,21,27,25,17,14,29,26,19,35,24,18,23,2|-1,1,-1,1,1,1,1,1,1,1,-1,-1,-1,-1,-1,-1,1,-1,1,1,-1,-1,1,1,1,1,-1,-1,-1,-1,-1,-1,1,-1,-1,-1,1,1,1,1,1,-1,-1|./seeds/seed_003.json
5,1,9,7,13,6,11,36,28,10,42,3,15,22,39,41,16,37,38,20,40,33,35,32,27,30,21,25,0,31,2,29,14,26,17,18,4,34,19,24,12,8,23|1,-1,1,1,1,1,1,-1,1,1,1,-1,-1,1,1,1,1,-1,1,1,1,-1,-1,1,1,1,1,-1,-1,1,-1,1,1,-1,1,-1,-1,-1,-1,-1,-1,-1,1|./seeds/seed_008.json
1,9,13,0,5,7,11,6,10,3,2,28,16,36,42,39,41,22,20,15,40,27,32,38,37,21,31,33,30,12,8,29,35,17,14,25,4,26,18,23,34,24,19|-1,1,1,-1,1,1,1,1,1,-1,-1,1,1,-1,1,1,1,1,1,-1,1,1,1,1,-1,1,1,-1,1,1,1,1,-1,1,1,-1,-1,-1,-1,1,-1,-1,1|./seeds/seed_006.json
5,9,1,7,13,6,11,28,36,42,39,41,10,15,16,22,3,40,38,37,20,33,32,35,30,21,27,31,25,0,2,29,14,17,26,18,23,12,8,4,24,34,19|1,1,-1,1,1,1,1,1,-1,1,1,1,1,-1,1,1,-1,1,1,-1,1,-1,1,-1,1,1,1,1,-1,-1,-1,1,1,1,-1,-1,1,-1,-1,-1,-1,-1,-1|./seeds/seed_010.json
1,9,7,5,13,11,6,10,3,28,0,16,2,22,42,41,20,39,30,32,36,40,38,31,27,15,21,37,29,17,14,33,4,35,12,23,25,8,26,19,24,18,34|-1,1,1,1,1,1,1,1,-1,1,-1,1,-1,1,1,1,1,1,1,1,-1,1,1,1,1,-1,1,-1,1,1,1,-1,-1,-1,1,1,-1,1,-1,1,1,-1,-1|./seeds/seed_007.json
2,3,0,4,1,5,10,11,13,9,12,7,6,8,17,42,23,16,39,24,40,18,28,34,19,26,30,14,25,31,22,37,20,35,21,38,29,33,15,27,41,36,32|-1,-1,-1,-1,-1,-1,-1,-1,-1,-1,-1,-1,-1,-1,-1,-1,-1,-1,-1,-1,-1,-1,-1,-1,-1,-1,-1,-1,-1,-1,-1,-1,-1,-1,-1,-1,-1,-1,-1,-1,-1,-1,-1|./seeds/seed_002.json
2,3,0,4,1,5,10,13,42,7,11,40,9,39,34,6,8,12,18,16,17,30,28,23,38,26,37,41,35,24,33,25,22,31,14,19,21,36,20,15,29,27,32|-1,-1,-1,-1,-1,-1,-1,-1,-1,-1,-1,-1,-1,-1,-1,-1,-1,-1,-1,-1,-1,-1,-1,-1,-1,-1,-1,-1,-1,-1,-1,-1,-1,-1,-1,-1,-1,-1,-1,-1,-1,-1,-1|./seeds/seed_000.json
0,13,1,10,4,11,12,8,9,41,42,40,39,5,38,28,16,15,36,30,20,32,31,21,22,37,27,7,34,14,3,33,17,29,6,25,35,19,23,26,2,18,24|-1,1,-1,1,1,1,1,1,1,-1,-1,-1,-1,1,-1,-1,-1,1,1,-1,-1,-1,-1,-1,-1,1,-1,1,-1,-1,1,1,-1,-1,1,1,1,1,-1,1,-1,1,1|./seeds/seed_005.txt
0,13,1,10,4,11,12,8,9,5,42,41,40,39,38,16,15,28,36,7,30,20,6,37,33,3,34,22,31,32,21,27,25,17,14,29,26,19,35,24,18,23,2|-1,1,-1,1,1,1,1,1,1,1,-1,-1,-1,-1,-1,-1,1,-1,1,1,-1,-1,1,1,1,1,-1,-1,-1,-1,-1,-1,1,-1,-1,-1,1,1,1,1,1,-1,-1|./seeds/seed_003.json
2,0,3,4,10,5,11,12,1,8,6,23,7,9,19,18,16,24,17,34,28,25,14,20,26,35,27,31,37,36,21,30,42,22,13,33,39,29,41,38,15,32,40|1,1,1,1,1,1,1,1,1,1,1,1,1,1,1,1,1,1,1,1,1,1,1,1,1,1,1,1,1,1,1,1,1,1,1,1,1,1,1,1,1,1,1|./seeds/seed_009.json
0,2,1,3,4,5,10,11,42,6,7,40,39,34,9,41,38,16,18,28,13,8,12,37,20,35,23,14,25,17,36,26,31,24,19,15,30,33,27,22,29,21,32|1,1,1,1,1,1,1,1,1,1,1,1,1,1,1,1,1,1,1,1,1,1,1,1,1,1,1,1,1,1,1,1,1,1,1,1,1,1,1,1,1,1,1|./seeds/seed_003.json
1,24,23,17,19,21,27,32,0,25,14,31,22,26,30,29,18,20,15,28,36,35,12,37,33,3,16,8,34,2,6,13,5,11,42,9,38,39,4,10,41,40,7|-1,1,1,1,1,1,1,1,-1,1,1,1,1,1,1,1,1,1,1,1,1,1,1,1,1,-1,1,1,1,-1,1,-1,-1,1,1,-1,1,1,-1,1,1,-1,-1|./seeds/seed_001.json
24,32,17,23,19,31,21,14,27,1,29,22,30,20,25,26,28,18,15,36,12,8,33,16,35,37,34,6,11,0,3,10,42,38,39,13,7,4,41,40,5,9,2|1,1,1,1,1,1,1,1,1,-1,1,1,1,1,1,1,1,1,1,1,1,1,1,1,1,1,1,1,1,-1,-1,1,1,1,1,-1,1,1,1,1,1,-1,1|./seeds/seed_009.json
1,0,11,13,10,9,3,2,7,6,12,8,5,17,27,21,19,22,23,29,28,24,31,32,14,30,16,18,20,26,25,15,35,36,42,37,33,39,34,41,40,38,4|-1,-1,1,1,1,1,-1,-1,1,1,1,1,1,1,1,1,1,1,1,1,1,1,1,1,1,1,1,1,1,1,1,1,1,1,1,1,1,1,1,1,1,1,-1|./seeds/seed_000.json
1,11,0,13,10,9,7,12,6,8,5,19,17,21,27,3,29,28,23,32,2,31,22,24,14,20,18,25,16,30,26,15,35,36,37,33,4,34,42,39,40,41,38|-1,1,-1,1,1,1,1,1,1,1,1,1,1,1,1,-1,1,1,1,1,-1,1,1,1,1,1,1,1,1,1,1,1,1,1,1,1,1,1,1,1,1,1,1|./seeds/seed_006.json
0,2,3,1,36,15,25,5,4,35,19,33,26,42,39,8,12,37,24,41,40,38,18,23,9,7,14,17,21,13,29,6,27,16,31,32,28,30,34,20,11,22,10|-1,-1,-1,-1,1,1,1,-1,-1,1,1,1,1,-1,-1,1,1,1,1,-1,-1,-1,1,1,-1,-1,1,1,1,-1,1,-1,1,-1,1,1,-1,1,1,1,1,-1,-1|./seeds/seed_002.json
0,2,3,1,36,15,5,25,4,35,26,33,42,19,39,8,12,37,24,41,38,18,40,23,9,7,14,17,21,13,29,6,27,16,28,31,32,30,34,20,22,11,10|-1,-1,-1,-1,1,1,-1,1,-1,1,1,1,-1,1,-1,1,1,1,1,-1,-1,1,-1,1,-1,-1,1,1,1,-1,1,-1,1,-1,-1,1,1,1,1,1,-1,1,-1|./seeds/seed_003.json
2,0,4,3,11,23,19,10,12,14,31,5,17,8,27,24,18,30,1,9,28,6,16,22,21,7,26,32,29,20,25,34,37,15,35,13,39,38,42,33,36,40,41|-1,-1,-1,-1,-1,-1,-1,-1,-1,-1,-1,-1,-1,-1,-1,-1,-1,-1,-1,-1,-1,-1,-1,-1,-1,-1,-1,-1,-1,-1,-1,-1,-1,-1,-1,-1,-1,-1,-1,-1,-1,-1,-1|./seeds/seed_010.json
2,1,0,3,4,5,10,11,9,39,13,7,12,8,42,38,18,6,37,40,26,34,16,35,41,23,19,25,14,15,24,28,31,20,36,17,30,33,27,29,22,21,32|-1,-1,-1,-1,-1,-1,-1,-1,-1,-1,-1,-1,-1,-1,-1,-1,-1,-1,-1,-1,-1,-1,-1,-1,-1,-1,-1,-1,-1,-1,-1,-1,-1,-1,-1,-1,-1,-1,-1,-1,-1,-1,-1|./seeds/seed_002.json
1,3,0,2,42,4,41,34,40,39,38,16,35,6,18,37,33,23,17,26,28,25,36,7,20,13,24,19,14,30,22,15,9,31,12,32,27,5,8,21,29,11,10|-1,-1,-1,-1,1,-1,1,1,1,1,1,1,1,1,1,1,1,1,1,1,1,1,1,1,1,-1,1,1,1,1,1,-1,1,1,1,1,1,-1,1,1,1,-1,1|./seeds/seed_007.json
42,1,41,38,39,40,0,2,3,34,4,16,6,15,7,35,37,9,18,21,29,5,33,28,13,26,27,32,31,19,17,23,10,12,8,30,11,24,20,14,22,36,25|1,-1,1,1,1,1,-1,-1,-1,1,-1,1,1,-1,1,1,1,1,1,-1,-1,1,1,1,-1,1,-1,-1,-1,-1,1,1,1,-1,-1,-1,-1,-1,1,-1,-1,1,1|./seeds/seed_009.json
2,3,4,10,5,11,9,13,12,8,7,6,19,23,17,16,31,27,26,28,24,20,14,30,37,25,15,18,35,1,22,42,29,21,32,39,34,40,38,36,0,33,41|-1,-1,-1,-1,-1,-1,-1,-1,-1,-1,-1,-1,-1,-1,-1,-1,-1,-1,-1,-1,-1,-1,-1,-1,-1,-1,-1,-1,-1,1,-1,-1,-1,-1,-1,-1,-1,-1,-1,-1,-1,-1,-1|./seeds/seed_005.txt
2,3,4,10,11,5,9,13,7,8,6,12,23,17,19,0,20,14,28,16,26,31,18,25,24,30,22,37,29,35,32,27,42,21,39,15,34,40,36,38,33,41,1|-1,-1,-1,-1,-1,-1,-1,-1,-1,-1,-1,-1,-1,-1,-1,-1,-1,-1,-1,-1,-1,-1,-1,-1,-1,-1,-1,-1,-1,-1,-1,-1,-1,-1,-1,-1,-1,-1,-1,-1,-1,-1,1|./seeds/seed_007.json
5,9,7,13,36,42,15,6,3,28,11,1,16,41,40,39,38,37,22,10,33,20,25,35,31,2,27,30,32,21,29,4,26,14,18,17,8,12,24,19,23,34,0|1,1,1,1,-1,1,-1,1,-1,1,1,-1,1,1,1,1,1,-1,1,1,-1,1,-1,-1,1,-1,1,1,1,1,1,-1,-1,1,-1,1,-1,-1,-1,-1,-1,1,-1|./seeds/seed_009.json
5,9,7,13,36,15,6,42,11,3,28,41,40,16,39,38,1,37,10,22,33,25,35,20,2,31,27,30,32,21,26,18,29,4,14,19,24,17,8,12,23,0,34|1,1,1,1,-1,-1,1,1,1,-1,1,1,1,1,1,1,-1,-1,1,1,-1,-1,-1,1,-1,1,1,1,1,1,-1,-1,1,-1,1,-1,-1,1,-1,-1,-1,1,1|./seeds/seed_008.json
2,3,4,0,5,11,10,1,9,13,7,6,12,16,8,23,18,34,37,14,26,25,24,38,42,35,28,40,20,27,19,17,39,22,21,30,33,32,29,15,31,41,36|1,1,1,1,1,1,1,1,1,1,1,1,1,1,1,1,1,1,1,1,1,1,1,1,1,1,1,1,1,1,1,1,1,1,1,1,1,1,1,1,1,1,1|./seeds/seed_006.json
2,3,4,11,23,28,0,10,27,14,5,19,24,21,17,22,29,20,30,32,16,6,12,31,9,8,26,18,7,25,13,37,35,15,34,33,38,42,39,40,41,36,1|1,1,1,1,1,1,1,1,1,1,1,1,1,1,1,1,1,1,1,1,1,1,1,1,1,1,1,1,1,1,1,1,1,1,1,1,1,1,1,1,1,1,1|./seeds/seed_010.json
1,0,13,11,10,9,42,12,39,41,40,3,29,8,21,27,32,34,5,2,38,22,31,15,7,19,30,20,6,24,37,14,28,16,17,33,35,23,26,18,25,36,4|-1,-1,1,1,1,1,-1,1,-1,-1,-1,-1,1,1,1,1,1,-1,1,-1,-1,1,1,1,1,1,1,1,1,1,-1,1,1,-1,1,-1,-1,1,1,-1,1,-1,-1|./seeds/seed_003.json
1,13,11,42,0,10,39,9,41,32,29,40,21,34,38,27,12,3,22,8,31,15,2,5,30,20,19,14,37,24,28,17,7,16,23,35,33,6,26,18,25,36,4|-1,1,1,-1,-1,1,-1,1,-1,1,1,-1,1,-1,-1,1,1,-1,1,1,1,1,-1,1,1,1,1,1,-1,1,1,1,1,-1,1,-1,-1,1,1,-1,1,-1,-1|./seeds/seed_007.json
0,1,4,5,10,2,11,7,6,3,9,8,42,26,13,41,16,20,28,39,12,14,34,24,30,27,18,31,38,23,17,25,40,21,32,19,29,22,37,36,35,33,15|-1,-1,-1,-1,-1,-1,-1,-1,-1,-1,-1,-1,-1,-1,-1,-1,-1,-1,-1,-1,-1,-1,-1,-1,-1,-1,-1,-1,-1,-1,-1,-1,-1,-1,-1,-1,-1,-1,-1,-1,-1,-1,-1|./seeds/seed_001.json
0,10,4,11,5,6,9,7,28,8,2,16,12,23,20,14,19,17,13,42,3,30,24,21,31,26,18,32,27,34,41,22,25,39,29,38,35,37,40,33,15,1,36|-1,-1,-1,-1,-1,-1,-1,-1,-1,-1,-1,-1,-1,-1,-1,-1,-1,-1,-1,-1,-1,-1,-1,-1,-1,-1,-1,-1,-1,-1,-1,-1,-1,-1,-1,-1,-1,-1,-1,-1,-1,-1,-1|./seeds/seed_008.json
2,3,4,0,5,9,11,10,7,13,6,8,12,28,23,19,17,14,42,16,31,20,18,27,1,24,22,30,37,25,35,26,21,34,38,39,40,41,29,32,33,15,36|-1,-1,-1,-1,-1,-1,-1,-1,-1,-1,-1,-1,-1,-1,-1,-1,-1,-1,-1,-1,-1,-1,-1,-1,-1,-1,-1,-1,-1,-1,-1,-1,-1,-1,-1,-1,-1,-1,-1,-1,-1,-1,-1|./seeds/seed_007.json
2,3,4,0,11,10,9,5,6,7,12,13,23,28,8,19,16,17,14,18,24,30,20,27,31,21,34,25,26,42,22,35,37,39,29,38,41,32,40,15,33,36,1|-1,-1,-1,-1,-1,-1,-1,-1,-1,-1,-1,-1,-1,-1,-1,-1,-1,-1,-1,-1,-1,-1,-1,-1,-1,-1,-1,-1,-1,-1,-1,-1,-1,-1,-1,-1,-1,-1,-1,-1,-1,-1,-1|./seeds/seed_008.json
2,3,4,5,10,11,9,6,7,13,23,8,12,19,28,17,27,20,18,42,16,14,31,22,32,24,0,21,38,30,40,26,34,29,35,25,39,37,41,15,33,36,1|1,1,1,1,1,1,1,1,1,1,1,1,1,1,1,1,1,1,1,1,1,1,1,1,1,1,1,1,1,1,1,1,1,1,1,1,1,1,1,1,1,1,-1|./seeds/seed_008.json
2,3,4,5,10,11,9,13,6,12,8,7,19,28,23,42,17,18,38,27,20,31,39,40,22,16,26,25,37,21,34,14,24,32,35,29,30,15,33,41,0,1,36|1,1,1,1,1,1,1,1,1,1,1,1,1,1,1,1,1,1,1,1,1,1,1,1,1,1,1,1,1,1,1,1,1,1,1,1,1,1,1,1,1,-1,1|./seeds/seed_003.json
4,1,3,0,16,42,28,20,39,22,38,40,27,31,21,41,32,17,30,2,14,6,7,29,36,15,23,24,34,19,8,12,13,5,10,37,9,18,33,26,11,35,25|-1,-1,-1,-1,1,1,1,1,1,1,1,1,1,1,1,1,1,1,1,-1,1,1,1,1,-1,-1,1,1,1,1,-1,-1,-1,1,-1,-1,1,1,-1,1,-1,-1,-1|./seeds/seed_006.json
28,42,16,4,39,20,22,38,40,3,41,31,1,32,21,27,30,7,14,6,36,17,15,29,5,12,8,37,0,2,23,34,9,33,13,35,24,25,10,19,11,18,26|1,1,1,-1,1,1,1,1,1,-1,1,1,-1,1,1,1,1,1,1,1,-1,1,-1,1,1,-1,-1,-1,-1,-1,1,1,1,-1,-1,-1,1,-1,-1,1,-1,1,1|./seeds/seed_008.json
2,3,4,5,11,10,9,7,12,13,8,6,19,23,17,18,20,31,26,29,28,14,24,27,16,32,22,25,35,30,21,37,15,39,34,33,42,38,36,0,40,41,1|1,1,1,1,1,1,1,1,1,1,1,1,1,1,1,1,1,1,1,1,1,1,1,1,1,1,1,1,1,1,1,1,1,1,1,1,1,1,1,1,1,1,1|./seeds/seed_007.json
2,3,4,11,19,10,5,12,17,23,8,27,9,24,31,14,18,6,7,20,32,26,28,22,21,29,13,16,30,25,35,15,37,34,36,33,38,39,42,0,41,40,1|1,1,1,1,1,1,1,1,1,1,1,1,1,1,1,1,1,1,1,1,1,1,1,1,1,1,1,1,1,1,1,1,1,1,1,1,1,1,1,1,1,1,-1|./seeds/seed_010.json
1,0,9,13,3,5,7,11,6,2,10,28,36,16,42,22,39,41,15,20,32,37,27,31,4,40,38,33,21,30,29,25,35,8,17,12,14,18,26,34,23,19,24|-1,-1,1,1,-1,1,1,1,1,-1,1,1,-1,1,1,1,1,1,-1,1,1,-1,1,1,-1,1,1,-1,1,1,1,-1,-1,1,1,1,1,-1,-1,-1,1,1,-1|./seeds/seed_001.json
1,9,13,0,5,7,11,6,10,3,2,28,16,36,42,39,41,22,20,15,40,27,32,38,37,21,31,33,30,12,8,29,35,17,14,25,4,26,18,23,34,24,19|-1,1,1,-1,1,1,1,1,1,-1,-1,1,1,-1,1,1,1,1,1,-1,1,1,1,1,-1,1,1,-1,1,1,1,1,-1,1,1,-1,-1,-1,-1,1,-1,-1,1|./seeds/seed_006.json
1,0,3,2,32,27,21,29,19,22,31,30,24,15,17,42,14,20,4,23,39,28,40,41,38,12,26,25,8,11,36,18,33,5,34,35,7,10,37,16,9,13,6|-1,-1,-1,-1,1,1,1,1,1,1,1,1,1,1,1,-1,1,1,-1,1,-1,1,-1,-1,-1,1,1,1,1,1,1,1,1,-1,-1,1,-1,1,1,1,-1,1,1|./seeds/seed_005.txt
1,0,3,2,32,27,21,29,19,15,30,42,22,24,31,17,14,4,39,40,41,23,20,38,12,26,25,28,8,36,5,11,7,33,18,34,35,9,6,37,10,16,13|-1,-1,-1,-1,1,1,1,1,1,1,1,-1,1,1,1,1,1,-1,-1,-1,-1,1,1,-1,1,1,1,1,1,1,-1,1,-1,1,1,-1,1,-1,-1,1,1,-1,-1|./seeds/seed_004.json
1,0,2,3,42,4,41,39,40,38,16,34,6,35,23,18,7,37,17,33,26,28,9,36,25,19,12,24,20,22,10,11,8,14,30,27,15,32,31,21,5,29,13|-1,-1,-1,-1,1,-1,1,1,1,1,1,1,1,1,1,1,1,1,1,1,1,1,1,1,1,1,1,1,1,1,1,1,1,1,1,1,-1,1,1,1,1,1,-1|./seeds/seed_004.json
1,0,3,2,42,4,41,39,40,34,38,6,16,35,23,7,18,37,33,26,17,28,9,12,25,36,24,19,20,10,11,22,14,30,8,27,31,32,5,15,21,29,13|-1,-1,-1,-1,1,-1,1,1,1,1,1,1,1,1,1,1,1,1,1,1,1,1,1,1,1,1,1,1,1,1,1,1,1,1,1,1,1,1,1,-1,1,1,-1|./seeds/seed_005.txt
3,1,2,0,32,21,29,27,31,19,42,15,4,14,30,22,24,39,23,41,40,20,17,38,28,26,25,5,12,36,7,8,9,34,11,18,33,6,35,10,37,16,13|-1,-1,-1,-1,1,1,1,1,1,1,-1,1,-1,1,1,1,1,-1,1,-1,-1,1,1,-1,1,1,1,-1,1,1,-1,1,-1,-1,1,1,1,-1,1,-1,-1,-1,-1|./seeds/seed_005.txt
42,32,21,29,39,41,27,1,31,3,40,15,38,22,30,19,14,0,24,2,20,34,7,23,17,9,4,5,28,26,6,25,12,36,8,11,16,35,10,37,18,13,33|-1,1,1,1,-1,-1,1,-1,1,-1,-1,1,-1,1,1,1,1,-1,1,-1,1,-1,-1,1,1,-1,-1,-1,1,1,-1,1,1,1,1,1,-1,-1,-1,-1,1,-1,-1|./seeds/seed_009.json
1,9,0,5,7,13,11,6,10,3,2,28,16,22,42,39,27,41,20,32,31,36,21,38,30,40,29,15,17,37,14,33,12,8,35,4,25,23,19,24,18,26,34|-1,1,-1,1,1,1,1,1,1,-1,-1,1,1,1,1,1,1,1,1,1,1,-1,1,1,1,1,1,-1,1,-1,1,-1,1,1,-1,-1,-1,1,1,1,-1,-1,-1|./seeds/seed_005.txt
1,9,0,13,5,7,11,6,10,3,2,28,42,36,22,16,39,41,20,15,38,32,37,27,31,30,40,21,33,29,8,12,35,17,25,4,14,26,18,34,23,19,24|-1,1,-1,1,1,1,1,1,1,-1,-1,1,1,-1,1,1,1,1,1,-1,1,1,-1,1,1,1,1,1,-1,1,1,1,-1,1,-1,-1,1,-1,-1,-1,1,1,-1|./seeds/seed_003.json
1,42,13,41,11,39,40,34,29,32,21,38,27,0,22,31,10,15,30,9,20,37,3,19,12,14,16,8,5,35,28,24,33,2,17,18,23,26,36,6,4,25,7|-1,-1,1,-1,1,-1,-1,-1,1,1,1,-1,1,-1,1,1,1,1,1,1,1,-1,-1,1,1,1,-1,1,1,-1,1,1,-1,-1,1,-1,1,1,-1,-1,1,1,1|./seeds/seed_009.json
1,13,0,11,10,9,42,12,3,39,41,8,21,40,2,29,27,32,5,38,34,22,31,7,15,19,30,20,6,24,14,28,17,37,23,16,35,26,33,25,18,36,4|-1,1,-1,1,1,1,-1,1,-1,-1,-1,1,1,-1,-1,1,1,1,1,-1,-1,1,1,1,1,1,1,1,1,1,1,1,1,-1,1,-1,-1,1,-1,1,-1,1,1|./seeds/seed_006.json
3,1,2,0,32,21,42,29,15,4,27,19,31,39,41,40,38,14,30,22,24,23,5,20,17,26,28,7,25,12,36,9,8,34,18,6,33,11,10,16,35,13,37|-1,-1,-1,-1,1,1,-1,1,1,-1,1,1,1,-1,-1,-1,-1,1,1,1,1,1,-1,1,1,1,1,-1,1,1,1,-1,1,-1,1,-1,1,1,-1,-1,1,-1,-1|./seeds/seed_004.json
3,1,2,0,4,32,21,42,29,27,15,31,19,39,40,14,38,41,30,22,24,23,5,20,17,28,26,7,25,9,12,36,34,8,6,18,33,10,16,11,13,35,37|-1,-1,-1,-1,-1,1,1,-1,1,1,1,1,1,-1,-1,1,-1,-1,1,1,1,1,-1,1,1,1,1,-1,1,-1,1,1,-1,1,-1,1,1,-1,-1,1,-1,1,-1|./seeds/seed_002.json
0,13,1,10,4,11,12,8,9,5,42,41,40,39,38,16,15,28,36,7,30,20,6,37,33,3,34,22,31,32,21,27,25,17,14,29,26,19,35,24,18,23,2|-1,1,-1,1,1,1,1,1,1,1,-1,-1,-1,-1,-1,-1,1,-1,1,1,-1,-1,1,1,1,1,-1,-1,-1,-1,-1,-1,1,-1,-1,-1,1,1,1,1,1,-1,-1|./seeds/seed_003.json
0,13,1,10,11,4,8,9,12,5,41,42,40,39,15,38,16,36,28,7,6,37,33,30,20,25,34,31,32,19,3,22,26,27,21,14,24,35,18,17,29,2,23|-1,1,-1,1,1,1,1,1,1,1,-1,-1,-1,-1,1,-1,-1,1,-1,1,1,1,1,-1,-1,1,-1,-1,-1,1,1,-1,1,-1,-1,-1,1,1,1,-1,-1,-1,1|./seeds/seed_006.json
0,4,5,1,11,10,2,7,9,6,8,13,3,28,20,12,26,14,16,24,42,31,27,23,41,17,30,39,32,18,34,21,19,25,29,22,38,40,37,36,35,15,33|-1,-1,-1,-1,-1,-1,-1,-1,-1,-1,-1,-1,-1,-1,-1,-1,-1,-1,-1,-1,-1,-1,-1,-1,-1,-1,-1,-1,-1,-1,-1,-1,-1,-1,-1,-1,-1,-1,-1,-1,-1,-1,-1|./seeds/seed_005.txt
0,4,1,10,2,5,11,3,9,7,6,13,8,12,26,28,42,20,16,14,41,34,24,39,23,25,18,31,30,19,32,27,17,21,29,38,37,22,40,36,35,33,15|-1,-1,-1,-1,-1,-1,-1,-1,-1,-1,-1,-1,-1,-1,-1,-1,-1,-1,-1,-1,-1,-1,-1,-1,-1,-1,-1,-1,-1,-1,-1,-1,-1,-1,-1,-1,-1,-1,-1,-1,-1,-1,-1|./seeds/seed_004.json
42,1,0,39,40,3,41,38,2,34,4,16,6,35,15,7,18,37,13,33,28,26,23,29,21,11,17,9,20,8,27,32,25,36,5,12,31,19,10,14,22,24,30|1,-1,-1,1,1,-1,1,1,-1,1,-1,1,1,1,-1,1,1,1,-1,1,1,1,1,-1,-1,-1,1,1,1,-1,-1,-1,1,1,1,-1,-1,-1,-1,1,1,1,1|./seeds/seed_008.json
1,0,2,3,42,4,41,39,40,6,34,38,16,35,23,7,33,18,37,17,28,26,9,19,12,25,24,36,20,10,8,27,11,22,14,30,31,32,15,21,5,13,29|-1,-1,-1,-1,1,-1,1,1,1,1,1,1,1,1,1,1,1,1,1,1,1,1,1,1,1,1,1,1,1,1,1,1,1,1,1,1,1,1,-1,1,1,-1,1|./seeds/seed_001.json
1,42,13,41,11,39,40,34,29,32,21,38,27,0,22,31,10,15,30,9,20,37,3,19,12,14,16,8,5,35,28,24,33,2,17,18,23,26,36,6,4,25,7|-1,-1,1,-1,1,-1,-1,-1,1,1,1,-1,1,-1,1,1,1,1,1,1,1,-1,-1,1,1,1,-1,1,1,-1,1,1,-1,-1,1,-1,1,1,-1,-1,1,1,1|./seeds/seed_009.json
1,0,13,11,10,42,3,9,2,41,39,12,40,38,34,21,29,27,8,32,22,5,15,31,7,19,37,30,20,24,16,6,14,17,33,28,35,23,26,4,18,25,36|-1,-1,1,1,1,-1,-1,1,-1,-1,-1,1,-1,-1,-1,1,1,1,1,1,1,1,1,1,1,1,-1,1,1,1,-1,1,1,1,-1,1,-1,1,1,-1,-1,1,-1|./seeds/seed_001.json
2,3,4,0,5,1,10,11,16,9,6,23,42,13,18,12,26,37,24,7,8,38,35,14,34,40,39,27,25,33,20,22,19,28,17,30,21,29,31,32,15,41,36|1,1,1,1,1,1,1,1,1,1,1,1,1,1,1,1,1,1,1,1,1,1,1,1,1,1,1,1,1,1,1,1,1,1,1,1,1,1,1,1,1,1,1|./seeds/seed_001.json
2,3,4,0,5,10,11,9,1,13,6,7,12,16,8,23,42,38,24,37,18,26,14,28,34,20,27,19,35,40,25,39,22,32,30,17,29,33,21,31,41,15,36|1,1,1,1,1,1,1,1,1,1,1,1,1,1,1,1,1,1,1,1,1,1,1,1,1,1,1,1,1,1,1,1,1,1,1,1,1,1,1,1,1,1,1|./seeds/seed_003.json
5,36,42,15,7,9,0,41,40,39,6,38,25,35,13,33,37,16,1,19,26,28,24,4,18,12,23,10,8,11,20,2,22,31,32,3,34,30,27,29,17,21,14|-1,1,-1,1,-1,-1,-1,-1,-1,-1,-1,-1,1,1,-1,1,1,-1,-1,1,1,-1,1,-1,1,1,1,-1,1,-1,-1,-1,-1,-1,-1,-1,-1,-1,-1,1,-1,-1,-1|./seeds/seed_008.json
0,1,36,15,5,25,42,4,19,33,35,26,24,23,12,39,40,37,41,38,7,2,18,9,8,3,13,6,17,16,21,27,14,28,31,29,10,30,11,34,20,32,22|-1,-1,1,1,-1,1,-1,-1,1,1,1,1,1,1,1,-1,-1,1,-1,-1,-1,-1,1,-1,1,-1,-1,-1,1,-1,1,1,1,-1,1,1,-1,1,-1,1,-1,1,1|./seeds/seed_000.json
0,2,3,1,36,15,25,5,4,19,35,26,33,8,24,42,39,12,23,37,18,41,40,38,9,7,14,17,21,29,13,31,27,32,30,6,16,34,28,20,11,10,22|-1,-1,-1,-1,1,1,1,-1,-1,1,1,1,1,1,1,-1,-1,1,1,1,1,-1,-1,-1,-1,-1,1,1,1,1,-1,1,1,1,1,-1,-1,1,-1,1,1,1,1|./seeds/seed_006.json
0,2,3,1,36,15,25,5,4,33,35,42,8,26,19,39,12,37,24,41,40,23,18,38,9,7,14,17,21,29,13,6,16,27,32,31,34,28,30,11,20,10,22|-1,-1,-1,-1,1,1,1,-1,-1,1,1,-1,1,1,1,-1,1,1,1,-1,-1,1,1,-1,-1,-1,1,1,1,1,-1,-1,-1,1,1,1,1,-1,1,1,1,1,-1|./seeds/seed_005.txt
2,3,4,11,10,5,9,12,19,7,8,23,6,13,18,17,31,24,26,27,14,20,28,29,32,22,16,21,35,25,30,37,15,34,39,36,33,38,42,0,40,41,1|1,1,1,1,1,1,1,1,1,1,1,1,1,1,1,1,1,1,1,1,1,1,1,1,1,1,1,1,1,1,1,1,1,1,1,1,1,1,1,1,1,1,1|./seeds/seed_009.json
2,3,4,5,10,11,12,9,8,7,13,19,6,26,18,23,17,37,35,27,24,15,39,16,29,20,31,25,22,14,28,33,30,34,42,21,36,38,0,32,40,41,1|1,1,1,1,1,1,1,1,1,1,1,1,1,1,1,1,1,1,1,1,1,1,1,1,1,1,1,1,1,1,1,1,1,1,1,1,1,1,-1,1,1,1,-1|./seeds/seed_001.json
0,2,3,1,36,15,25,5,4,35,19,33,26,42,39,8,12,37,24,41,40,38,18,23,9,7,14,17,21,13,29,6,27,16,31,32,28,30,34,20,11,22,10|-1,-1,-1,-1,1,1,1,-1,-1,1,1,1,1,-1,-1,1,1,1,1,-1,-1,-1,1,1,-1,-1,1,1,1,-1,1,-1,1,-1,1,1,-1,1,1,1,1,-1,-1|./seeds/seed_002.json
0,2,3,1,36,15,25,5,4,33,35,42,8,26,19,39,12,37,24,41,40,23,18,38,9,7,14,17,21,29,13,6,16,27,32,31,34,28,30,11,20,10,22|-1,-1,-1,-1,1,1,1,-1,-1,1,1,-1,1,1,1,-1,1,1,1,-1,-1,1,1,-1,-1,-1,1,1,1,1,-1,-1,-1,1,1,1,1,-1,1,1,1,1,-1|./seeds/seed_005.txt
1,11,0,10,13,9,5,8,12,6,7,4,19,23,27,17,29,28,21,31,30,22,24,32,20,25,26,14,16,18,15,36,37,35,33,34,42,38,41,39,40,2,3|-1,1,-1,1,1,1,1,1,1,1,1,1,1,1,1,1,1,1,1,1,1,1,1,1,1,1,1,1,1,1,1,1,1,1,1,1,1,1,1,1,1,-1,-1|./seeds/seed_003.json
1,0,11,10,13,9,5,8,12,6,7,4,19,23,27,29,21,17,28,31,24,30,22,25,32,26,20,14,16,18,15,36,37,35,33,34,42,38,41,39,40,2,3|-1,-1,1,1,1,1,1,1,1,1,1,1,1,1,1,1,1,1,1,1,1,1,1,1,1,1,1,1,1,1,1,1,1,1,1,1,1,1,1,1,1,-1,1|./seeds/seed_002.json
0,2,3,1,36,15,25,5,4,19,35,26,33,8,24,42,39,12,23,37,18,41,40,38,9,7,14,17,21,29,13,31,27,32,30,6,16,34,28,20,11,10,22|-1,-1,-1,-1,1,1,1,-1,-1,1,1,1,1,1,1,-1,-1,1,1,1,1,-1,-1,-1,-1,-1,1,1,1,1,-1,1,1,1,1,-1,-1,1,-1,1,1,1,1|./seeds/seed_006.json
0,2,1,3,36,15,25,4,5,19,42,26,33,8,35,39,12,40,24,41,23,37,18,38,14,9,17,7,21,29,27,32,16,13,31,6,30,34,28,11,10,20,22|-1,-1,-1,-1,1,1,1,-1,-1,1,-1,1,1,1,1,-1,1,-1,1,-1,1,1,1,-1,1,-1,1,-1,1,1,1,1,-1,-1,1,-1,1,1,-1,1,1,1,1|./seeds/seed_000.json
1,3,32,21,2,0,29,42,31,27,19,15,30,4,22,24,39,14,41,23,38,17,20,40,5,28,26,7,9,25,34,36,12,8,6,18,10,13,33,11,35,16,37|-1,-1,1,1,-1,-1,1,-1,1,1,1,1,1,-1,1,1,-1,1,-1,1,-1,1,1,-1,-1,1,1,-1,-1,1,-1,1,1,1,-1,1,-1,-1,1,1,1,-1,-1|./seeds/seed_007.json
3,1,2,0,4,32,21,29,42,27,31,15,19,22,39,14,30,41,40,38,24,23,20,17,5,28,26,25,12,7,9,36,34,8,18,11,6,33,10,16,35,37,13|-1,-1,-1,-1,-1,1,1,1,-1,1,1,1,1,1,-1,1,1,-1,-1,-1,1,1,1,1,-1,1,1,1,1,-1,-1,1,-1,1,1,1,-1,1,-1,-1,1,-1,-1|./seeds/seed_001.json
1,17,24,19,23,25,26,21,14,29,27,31,32,15,30,33,35,18,20,13,5,36,22,28,16,37,34,9,2,8,12,0,10,7,39,11,42,4,38,41,3,40,6|-1,1,1,1,1,1,1,1,1,1,1,1,1,1,1,1,1,1,1,-1,-1,1,1,1,1,1,1,-1,1,1,1,-1,-1,-1,1,-1,1,-1,1,1,1,1,1|./seeds/seed_003.json
24,17,23,19,26,14,32,25,27,21,31,1,30,15,20,29,22,28,18,35,36,13,33,16,34,37,5,9,12,8,4,39,38,42,10,2,7,41,11,40,0,3,6|1,1,1,1,1,1,1,1,1,1,1,-1,1,1,1,1,1,1,1,1,1,-1,1,1,1,1,-1,-1,1,1,-1,1,1,1,-1,1,-1,1,-1,1,-1,-1,1|./seeds/seed_007.json
2,1,0,3,4,5,10,11,9,7,13,39,8,38,6,12,18,42,40,26,37,34,16,41,35,23,19,14,25,24,15,31,20,28,17,30,36,33,27,29,22,32,21|-1,-1,-1,-1,-1,-1,-1,-1,-1,-1,-1,-1,-1,-1,-1,-1,-1,-1,-1,-1,-1,-1,-1,-1,-1,-1,-1,-1,-1,-1,-1,-1,-1,-1,-1,-1,-1,-1,-1,-1,-1,-1,-1|./seeds/seed_003.json
1,0,2,3,4,5,10,39,42,40,18,34,38,37,11,7,9,26,41,12,6,16,13,8,35,23,14,25,31,19,15,30,20,33,24,36,17,28,27,22,29,21,32|-1,-1,-1,-1,-1,-1,-1,-1,-1,-1,-1,-1,-1,-1,-1,-1,-1,-1,-1,-1,-1,-1,-1,-1,-1,-1,-1,-1,-1,-1,-1,-1,-1,-1,-1,-1,-1,-1,-1,-1,-1,-1,-1|./seeds/seed_001.json
11,1,9,13,10,7,5,6,28,12,21,14,22,31,19,29,23,24,27,17,8,20,32,30,16,26,18,4,25,35,36,15,34,41,42,39,37,38,0,40,33,3,2|1,-1,1,1,1,1,1,1,1,1,1,1,1,1,1,1,1,1,1,1,1,1,1,1,1,1,1,1,1,1,1,1,1,1,1,1,1,1,-1,1,1,-1,-1|./seeds/seed_010.json
1,11,0,13,10,9,7,12,6,8,5,19,17,21,27,3,29,28,23,32,2,31,22,24,14,20,18,25,16,30,26,15,35,36,37,33,4,34,42,39,40,41,38|-1,1,-1,1,1,1,1,1,1,1,1,1,1,1,1,-1,1,1,1,1,-1,1,1,1,1,1,1,1,1,1,1,1,1,1,1,1,1,1,1,1,1,1,1|./seeds/seed_006.json
2,3,4,10,5,11,9,13,8,12,6,7,19,23,17,16,26,37,20,28,30,25,31,24,14,35,18,15,42,27,22,29,21,32,34,39,38,33,36,1,40,0,41|-1,-1,-1,-1,-1,-1,-1,-1,-1,-1,-1,-1,-1,-1,-1,-1,-1,-1,-1,-1,-1,-1,-1,-1,-1,-1,-1,-1,-1,-1,-1,-1,-1,-1,-1,-1,-1,-1,-1,1,-1,-1,-1|./seeds/seed_004.json
2,3,4,10,5,11,9,13,8,12,7,6,19,23,16,17,26,25,37,20,28,14,18,24,31,35,15,30,42,27,29,34,21,22,32,39,0,38,36,33,40,1,41|-1,-1,-1,-1,-1,-1,-1,-1,-1,-1,-1,-1,-1,-1,-1,-1,-1,-1,-1,-1,-1,-1,-1,-1,-1,-1,-1,-1,-1,-1,-1,-1,-1,-1,-1,-1,-1,-1,-1,-1,-1,1,-1|./seeds/seed_006.json
11,9,10,7,13,6,5,14,31,17,23,22,28,27,19,12,20,32,21,8,29,30,1,24,16,26,25,18,38,34,42,39,41,35,15,4,37,40,33,36,3,0,2|1,1,1,1,1,1,1,1,1,1,1,1,1,1,1,1,1,1,1,1,1,1,-1,1,1,1,1,1,1,1,1,1,1,1,1,1,1,1,1,1,-1,1,-1|./seeds/seed_010.json
11,1,10,9,13,6,7,12,8,3,2,5,27,17,19,21,14,28,22,23,32,31,20,24,30,29,26,0,25,16,18,15,34,42,35,38,33,37,36,39,41,4,40|1,-1,1,1,1,1,1,1,1,-1,-1,1,1,1,1,1,1,1,1,1,1,1,1,1,1,1,1,-1,1,1,1,1,1,1,1,1,1,1,1,1,1,-1,1|./seeds/seed_003.json
13,5,9,0,10,19,11,24,17,25,23,2,32,4,29,7,26,14,21,18,31,35,22,28,30,20,16,27,15,33,37,34,36,6,3,42,39,38,1,41,8,40,12|-1,-1,-1,1,-1,1,-1,1,1,1,1,1,1,-1,1,-1,1,1,1,1,1,1,1,1,1,1,1,1,1,1,1,1,1,-1,1,1,1,1,1,1,-1,1,-1|./seeds/seed_001.json
13,5,9,0,10,11,7,19,25,4,24,17,23,26,35,2,29,14,32,15,18,31,21,20,30,37,27,16,33,22,36,28,34,6,1,3,39,12,42,8,38,41,40|-1,-1,-1,1,-1,-1,-1,1,1,-1,1,1,1,1,1,1,1,1,1,1,1,1,1,1,1,1,1,1,1,1,1,1,1,-1,1,1,1,-1,1,-1,1,1,1|./seeds/seed_006.json
0,1,2,10,7,42,14,34,16,39,3,38,6,28,40,18,30,17,31,20,8,11,41,24,25,23,27,29,13,19,22,12,32,9,37,26,33,35,21,36,15,4,5|1,1,1,1,1,1,1,1,1,1,1,1,1,1,1,1,1,1,1,1,1,1,1,1,1,1,1,1,1,1,1,1,1,1,1,1,1,1,1,1,1,-1,1|./seeds/seed_000.json
0,1,2,10,14,7,3,16,17,34,6,28,42,24,18,20,23,31,11,27,38,30,39,8,25,19,32,13,12,29,40,22,26,9,37,35,41,21,33,36,15,4,5|1,1,1,1,1,1,1,1,1,1,1,1,1,1,1,1,1,1,1,1,1,1,1,1,1,1,1,1,1,1,1,1,1,1,1,1,1,1,1,1,1,-1,1|./seeds/seed_002.json
2,3,4,11,10,5,9,12,8,6,7,23,28,13,17,19,22,20,14,24,31,16,27,18,26,29,25,30,21,32,35,37,38,15,0,34,33,40,39,42,36,41,1|-1,-1,-1,-1,-1,-1,-1,-1,-1,-1,-1,-1,-1,-1,-1,-1,-1,-1,-1,-1,-1,-1,-1,-1,-1,-1,-1,-1,-1,-1,-1,-1,-1,-1,-1,-1,-1,-1,-1,-1,-1,-1,-1|./seeds/seed_007.json
2,3,4,5,10,11,9,8,6,12,13,7,19,23,28,17,26,24,27,22,20,18,25,37,35,16,31,29,14,15,21,32,30,33,38,39,36,42,34,40,41,1,0|-1,-1,-1,-1,-1,-1,-1,-1,-1,-1,-1,-1,-1,-1,-1,-1,-1,-1,-1,-1,-1,-1,-1,-1,-1,-1,-1,-1,-1,-1,-1,-1,-1,-1,-1,-1,-1,-1,-1,-1,-1,1,1|./seeds/seed_002.json
1,11,10,0,13,9,5,8,12,7,6,4,19,23,21,27,17,28,31,29,30,24,25,22,26,20,32,14,16,18,15,35,36,37,33,34,42,38,41,39,40,2,3|-1,1,1,-1,1,1,1,1,1,1,1,1,1,1,1,1,1,1,1,1,1,1,1,1,1,1,1,1,1,1,1,1,1,1,1,1,1,1,1,1,1,-1,-1|./seeds/seed_006.json
1,0,11,10,13,9,5,8,12,6,7,4,19,23,27,29,21,17,28,31,24,30,22,25,32,26,20,14,16,18,15,36,37,35,33,34,42,38,41,39,40,2,3|-1,-1,1,1,1,1,1,1,1,1,1,1,1,1,1,1,1,1,1,1,1,1,1,1,1,1,1,1,1,1,1,1,1,1,1,1,1,1,1,1,1,-1,1|./seeds/seed_002.json
13,5,9,0,10,11,4,7,19,24,17,25,23,2,18,35,29,32,26,14,21,20,16,31,15,22,27,28,30,33,37,36,6,34,1,42,39,3,12,8,38,41,40|-1,-1,-1,1,-1,-1,-1,-1,1,1,1,1,1,1,1,1,1,1,1,1,1,1,1,1,1,1,1,1,1,1,1,1,-1,1,1,1,1,1,-1,-1,1,1,1|./seeds/seed_003.json
13,5,9,0,10,11,4,7,19,17,24,25,23,2,35,29,18,26,32,14,21,20,31,15,16,22,27,28,30,33,37,36,6,34,1,39,42,3,38,12,8,41,40|-1,-1,-1,1,-1,-1,-1,-1,1,1,1,1,1,1,1,1,1,1,1,1,1,1,1,1,1,1,1,1,1,1,1,1,-1,1,1,1,1,1,1,-1,-1,1,1|./seeds/seed_002.json
4,1,3,0,16,42,28,20,39,22,38,40,27,31,21,41,32,17,30,2,14,6,7,29,36,15,23,24,34,19,8,12,13,5,10,37,9,18,33,26,11,35,25|-1,-1,-1,-1,1,1,1,1,1,1,1,1,1,1,1,1,1,1,1,-1,1,1,1,1,-1,-1,1,1,1,1,-1,-1,-1,1,-1,-1,1,1,-1,1,-1,-1,-1|./seeds/seed_006.json
42,16,28,39,40,38,41,20,22,4,7,6,31,32,15,36,1,21,27,5,3,30,17,14,29,37,9,12,8,33,34,35,25,0,23,2,24,13,19,10,11,26,18|1,1,1,1,1,1,1,1,1,-1,1,1,1,1,-1,-1,-1,1,1,1,-1,1,1,1,1,-1,1,-1,-1,-1,1,-1,-1,-1,1,-1,1,-1,1,-1,1,-1,1|./seeds/seed_010.json
1,0,3,2,4,32,22,21,29,27,28,31,20,30,17,14,19,23,24,34,37,42,40,41,36,39,35,38,11,33,16,26,6,9,15,13,12,18,7,10,5,25,8|-1,-1,-1,-1,-1,1,1,1,1,1,1,1,1,1,1,1,1,1,1,-1,-1,-1,-1,-1,-1,-1,-1,-1,1,-1,1,1,1,1,1,1,1,-1,1,-1,-1,1,-1|./seeds/seed_003.json
1,3,0,2,4,32,21,22,27,29,28,31,20,30,14,17,23,34,37,19,24,42,36,35,10,41,39,33,40,5,38,8,16,13,18,15,9,26,7,12,11,25,6|-1,-1,-1,-1,-1,1,1,1,1,1,1,1,1,1,1,1,1,-1,-1,1,1,-1,-1,-1,-1,-1,-1,-1,-1,-1,-1,-1,1,-1,-1,1,-1,1,-1,-1,1,-1,1|./seeds/seed_007.json
0,27,14,11,21,10,31,17,16,23,24,28,19,7,6,20,32,22,30,18,29,5,2,8,9,12,25,26,34,42,38,13,39,41,37,33,15,35,3,40,4,36,1|-1,-1,-1,-1,-1,-1,-1,-1,-1,-1,-1,-1,-1,-1,-1,-1,-1,-1,-1,-1,-1,-1,-1,-1,-1,-1,-1,-1,-1,-1,-1,-1,-1,-1,-1,-1,-1,-1,-1,-1,-1,-1,-1|./seeds/seed_010.json
0,1,2,10,7,16,6,14,39,3,11,42,28,34,31,41,18,17,38,20,23,8,9,24,13,27,19,32,22,25,30,12,40,21,26,37,35,29,33,5,36,15,4|-1,-1,-1,-1,-1,-1,-1,-1,-1,-1,-1,-1,-1,-1,-1,-1,-1,-1,-1,-1,-1,-1,-1,-1,-1,-1,-1,-1,-1,-1,-1,-1,-1,-1,-1,-1,-1,-1,-1,-1,-1,-1,1|./seeds/seed_002.json
0,1,11,10,9,13,5,8,6,7,12,4,19,21,27,17,30,23,28,31,29,22,16,24,32,25,26,20,2,14,18,37,15,33,3,36,35,42,34,41,38,39,40|-1,-1,1,1,1,1,1,1,1,1,1,1,1,1,1,1,1,1,1,1,1,1,1,1,1,1,1,1,-1,1,1,1,1,1,-1,1,1,1,1,1,1,1,1|./seeds/seed_000.json
1,0,11,10,13,9,5,8,12,6,7,4,19,23,27,29,21,17,28,31,24,30,22,25,32,26,20,14,16,18,15,36,37,35,33,34,42,38,41,39,40,2,3|-1,-1,1,1,1,1,1,1,1,1,1,1,1,1,1,1,1,1,1,1,1,1,1,1,1,1,1,1,1,1,1,1,1,1,1,1,1,1,1,1,1,-1,1|./seeds/seed_002.json
1,23,28,32,14,21,24,17,31,27,20,19,29,22,30,26,16,25,11,8,18,3,12,6,7,15,34,10,35,37,33,0,2,36,40,42,39,5,38,9,41,4,13|-1,1,1,1,1,1,1,1,1,1,1,1,1,1,1,1,1,1,1,1,1,-1,1,1,1,1,1,1,1,1,1,-1,-1,1,1,1,1,1,1,1,1,-1,1|./seeds/seed_010.json
1,3,0,2,21,23,32,19,22,17,27,4,14,29,31,28,24,30,20,26,25,16,15,18,12,35,8,33,36,37,11,6,34,7,10,42,5,41,38,39,40,9,13|-1,-1,-1,-1,1,1,1,1,1,1,1,-1,1,1,1,1,1,1,1,1,1,1,1,1,1,1,1,1,1,1,1,1,1,1,1,1,-1,1,1,1,1,1,1|./seeds/seed_001.json
2,3,4,5,10,8,11,6,9,12,19,23,7,17,26,13,24,37,28,27,35,18,22,25,16,20,31,15,14,33,21,29,36,39,42,30,34,32,38,40,0,41,1|-1,-1,-1,-1,-1,-1,-1,-1,-1,-1,-1,-1,-1,-1,-1,-1,-1,-1,-1,-1,-1,-1,-1,-1,-1,-1,-1,-1,-1,-1,-1,-1,-1,-1,-1,-1,-1,-1,-1,-1,1,-1,1|./seeds/seed_001.json
2,3,4,11,10,9,5,12,8,23,6,7,19,17,28,24,13,20,18,26,14,31,16,27,30,22,25,21,29,37,32,35,34,15,36,33,38,40,39,42,0,41,1|-1,-1,-1,-1,-1,-1,-1,-1,-1,-1,-1,-1,-1,-1,-1,-1,-1,-1,-1,-1,-1,-1,-1,-1,-1,-1,-1,-1,-1,-1,-1,-1,-1,-1,-1,-1,-1,-1,-1,-1,-1,-1,-1|./seeds/seed_008.json
13,1,0,24,23,18,19,25,17,26,34,9,37,35,14,2,30,15,5,16,21,36,29,11,32,33,31,28,27,20,42,3,22,39,10,40,38,41,7,12,8,4,6|1,-1,-1,-1,-1,-1,-1,-1,-1,-1,-1,1,-1,-1,-1,-1,-1,-1,1,-1,-1,-1,-1,1,-1,-1,-1,-1,-1,-1,-1,-1,-1,-1,1,-1,-1,-1,1,-1,-1,-1,1|./seeds/seed_008.json
1,0,13,9,11,10,5,2,7,3,6,18,34,26,35,8,37,19,12,25,24,23,15,14,30,33,17,36,29,21,32,20,16,40,31,28,38,22,42,27,39,41,4|-1,-1,1,1,1,1,1,-1,1,-1,1,-1,-1,-1,-1,1,-1,-1,1,-1,-1,-1,-1,-1,-1,-1,-1,-1,-1,-1,-1,-1,-1,-1,-1,-1,-1,-1,-1,-1,-1,-1,-1|./seeds/seed_004.json
0,27,14,11,21,10,31,17,16,23,24,28,19,7,6,20,32,22,30,18,29,5,2,8,9,12,25,26,34,42,38,13,39,41,37,33,15,35,3,40,4,36,1|-1,-1,-1,-1,-1,-1,-1,-1,-1,-1,-1,-1,-1,-1,-1,-1,-1,-1,-1,-1,-1,-1,-1,-1,-1,-1,-1,-1,-1,-1,-1,-1,-1,-1,-1,-1,-1,-1,-1,-1,-1,-1,-1|./seeds/seed_010.json
0,1,7,2,10,16,39,6,34,42,41,38,28,14,11,9,18,8,3,31,40,20,17,23,22,30,13,24,27,21,32,19,25,37,35,26,12,33,29,5,36,15,4|-1,-1,-1,-1,-1,-1,-1,-1,-1,-1,-1,-1,-1,-1,-1,-1,-1,-1,-1,-1,-1,-1,-1,-1,-1,-1,-1,-1,-1,-1,-1,-1,-1,-1,-1,-1,-1,-1,-1,-1,-1,-1,1|./seeds/seed_000.json
2,3,4,5,10,11,8,9,6,12,7,13,23,19,27,28,17,24,22,20,26,31,16,18,25,14,37,21,35,29,32,15,30,39,36,33,42,38,40,34,1,41,0|-1,-1,-1,-1,-1,-1,-1,-1,-1,-1,-1,-1,-1,-1,-1,-1,-1,-1,-1,-1,-1,-1,-1,-1,-1,-1,-1,-1,-1,-1,-1,-1,-1,-1,-1,-1,-1,-1,-1,-1,1,-1,1|./seeds/seed_005.txt
2,3,4,11,10,5,9,12,8,6,7,23,28,13,17,19,22,20,14,24,31,16,27,18,26,29,25,30,21,32,35,37,38,15,0,34,33,40,39,42,36,41,1|-1,-1,-1,-1,-1,-1,-1,-1,-1,-1,-1,-1,-1,-1,-1,-1,-1,-1,-1,-1,-1,-1,-1,-1,-1,-1,-1,-1,-1,-1,-1,-1,-1,-1,-1,-1,-1,-1,-1,-1,-1,-1,-1|./seeds/seed_007.json
0,36,1,15,5,42,41,39,25,40,35,37,7,38,2,33,16,28,12,9,8,26,6,18,24,19,20,23,22,3,30,13,31,4,27,32,21,14,34,11,10,29,17|-1,1,-1,1,-1,-1,-1,-1,1,-1,1,1,-1,-1,-1,1,-1,-1,1,-1,1,1,-1,1,1,1,-1,1,-1,-1,-1,-1,-1,-1,-1,-1,-1,-1,1,-1,-1,-1,1|./seeds/seed_010.json
0,1,36,42,15,5,41,2,40,39,38,7,25,9,37,16,33,3,6,24,26,19,35,8,12,18,23,4,28,13,20,29,10,17,34,11,32,21,27,14,22,30,31|-1,-1,1,-1,1,-1,-1,-1,-1,-1,-1,-1,1,-1,1,-1,1,-1,-1,1,1,1,1,1,1,1,1,-1,-1,-1,-1,1,-1,1,-1,-1,1,1,1,1,-1,-1,1|./seeds/seed_009.json
11,10,9,5,13,8,31,4,30,19,6,28,12,21,23,7,27,14,20,24,17,22,29,32,1,16,26,25,18,35,37,15,2,36,34,42,38,41,33,40,39,3,0|1,1,1,1,1,1,1,1,1,1,1,1,1,1,1,1,1,1,1,1,1,1,1,1,-1,1,1,1,1,1,1,1,1,1,1,1,1,1,1,1,1,1,-1|./seeds/seed_010.json
1,11,10,13,0,9,5,8,12,7,6,4,19,23,21,27,28,17,29,31,22,30,24,32,26,25,20,14,16,18,15,35,37,36,33,34,42,38,41,39,40,2,3|-1,1,1,1,-1,1,1,1,1,1,1,1,1,1,1,1,1,1,1,1,1,1,1,1,1,1,1,1,1,1,1,1,1,1,1,1,1,1,1,1,1,-1,-1|./seeds/seed_004.json
24,17,23,19,26,14,32,25,27,21,31,1,30,15,20,29,22,28,18,35,36,13,33,16,34,37,5,9,12,8,4,39,38,42,10,2,7,41,11,40,0,3,6|1,1,1,1,1,1,1,1,1,1,1,-1,1,1,1,1,1,1,1,1,1,-1,1,1,1,1,-1,-1,1,1,-1,1,1,1,-1,1,-1,1,-1,1,-1,-1,1|./seeds/seed_007.json
1,17,24,19,23,25,26,21,14,27,31,29,15,32,30,5,33,13,18,35,20,36,22,28,16,34,37,9,2,8,12,10,7,11,39,0,42,4,38,41,40,3,6|-1,1,1,1,1,1,1,1,1,1,1,1,1,1,1,-1,1,-1,1,1,1,1,1,1,1,1,1,-1,1,1,1,-1,-1,-1,1,-1,1,-1,1,1,1,1,1|./seeds/seed_004.json
1,17,24,19,23,25,26,14,21,32,29,27,15,31,30,33,20,35,18,13,5,36,22,28,16,37,34,9,2,8,12,10,7,0,39,11,42,4,38,41,3,40,6|-1,1,1,1,1,1,1,1,1,1,1,1,1,1,1,1,1,1,1,-1,-1,1,1,1,1,1,1,-1,1,1,1,-1,-1,-1,1,-1,1,-1,1,1,1,1,1|./seeds/seed_002.json
23,24,17,26,19,25,14,31,27,32,21,18,20,30,29,15,33,35,28,16,36,34,22,37,2,8,12,1,6,13,39,38,3,41,40,0,42,11,4,10,5,9,7|1,1,1,1,1,1,1,1,1,1,1,1,1,1,1,1,1,1,1,1,1,1,1,1,1,1,1,-1,1,-1,1,1,1,1,1,1,1,1,1,1,-1,-1,1|./seeds/seed_010.json
1,42,13,41,39,11,40,34,38,29,21,32,27,0,22,10,31,15,9,37,12,30,16,20,8,3,19,35,14,5,24,33,28,2,17,18,23,36,4,26,6,25,7|-1,-1,1,-1,-1,1,-1,-1,-1,1,1,1,1,-1,1,1,1,1,1,-1,1,1,-1,1,1,-1,1,-1,1,1,1,-1,1,-1,1,-1,1,-1,1,1,-1,1,1|./seeds/seed_008.json
1,0,13,11,10,9,42,12,39,41,40,3,29,8,21,27,32,34,5,2,38,22,31,15,7,19,30,20,6,24,37,14,28,16,17,33,35,23,26,18,25,36,4|-1,-1,1,1,1,1,-1,1,-1,-1,-1,-1,1,1,1,1,1,-1,1,-1,-1,1,1,1,1,1,1,1,1,1,-1,1,1,-1,1,-1,-1,1,1,-1,1,-1,-1|./seeds/seed_003.json
0,4,1,10,2,5,11,3,9,7,6,13,8,12,26,28,42,20,16,14,41,34,24,39,23,25,18,31,30,19,32,27,17,21,29,38,37,22,40,36,35,33,15|-1,-1,-1,-1,-1,-1,-1,-1,-1,-1,-1,-1,-1,-1,-1,-1,-1,-1,-1,-1,-1,-1,-1,-1,-1,-1,-1,-1,-1,-1,-1,-1,-1,-1,-1,-1,-1,-1,-1,-1,-1,-1,-1|./seeds/seed_004.json
0,4,1,2,10,5,3,11,9,6,13,7,8,12,26,42,28,20,41,39,16,34,14,24,25,23,18,30,19,27,38,17,31,32,37,29,40,21,22,36,33,35,15|-1,-1,-1,-1,-1,-1,-1,-1,-1,-1,-1,-1,-1,-1,-1,-1,-1,-1,-1,-1,-1,-1,-1,-1,-1,-1,-1,-1,-1,-1,-1,-1,-1,-1,-1,-1,-1,-1,-1,-1,-1,-1,-1|./seeds/seed_002.json
1,0,13,9,11,2,10,3,5,7,6,18,34,12,8,37,25,26,30,23,19,35,33,15,24,14,17,29,20,40,38,21,32,16,36,31,42,41,39,28,4,22,27|-1,-1,1,1,1,-1,1,-1,1,1,1,-1,-1,1,1,-1,-1,-1,-1,-1,-1,-1,-1,-1,-1,-1,-1,-1,-1,-1,-1,-1,-1,-1,-1,-1,-1,-1,-1,-1,-1,-1,-1|./seeds/seed_000.json
1,0,13,17,19,23,24,18,25,34,26,14,2,30,29,21,32,37,27,31,15,35,16,28,9,20,22,33,3,36,39,42,5,40,11,38,12,8,41,4,10,7,6|-1,-1,1,-1,-1,-1,-1,-1,-1,-1,-1,-1,-1,-1,-1,-1,-1,-1,-1,-1,-1,-1,-1,-1,1,-1,-1,-1,-1,-1,-1,-1,1,-1,1,-1,-1,-1,-1,-1,1,1,-1|./seeds/seed_010.json
2,3,4,0,5,10,1,9,11,13,6,7,8,12,37,28,42,18,17,20,19,23,39,25,38,16,35,34,24,26,31,41,30,40,14,22,27,29,21,15,33,32,36|-1,-1,-1,-1,-1,-1,-1,-1,-1,-1,-1,-1,-1,-1,-1,-1,-1,-1,-1,-1,-1,-1,-1,-1,-1,-1,-1,-1,-1,-1,-1,-1,-1,-1,-1,-1,-1,-1,-1,-1,-1,-1,-1|./seeds/seed_002.json
2,3,4,11,28,10,19,0,14,23,24,17,30,9,6,31,27,21,22,12,20,5,8,18,7,16,29,25,26,32,13,35,37,15,34,42,33,39,38,41,36,40,1|-1,-1,-1,-1,-1,-1,-1,-1,-1,-1,-1,-1,-1,-1,-1,-1,-1,-1,-1,-1,-1,-1,-1,-1,-1,-1,-1,-1,-1,-1,-1,-1,-1,-1,-1,-1,-1,-1,-1,-1,-1,-1,-1|./seeds/seed_010.json
0,1,2,3,15,36,25,24,19,23,4,8,12,35,33,26,5,37,42,41,18,40,39,17,38,27,21,29,32,7,14,30,31,22,9,10,11,16,34,6,20,28,13|-1,-1,-1,-1,1,1,1,1,1,1,-1,1,1,1,1,1,-1,1,-1,-1,1,-1,-1,1,-1,1,1,1,1,-1,1,1,1,1,-1,1,1,-1,1,-1,1,-1,-1|./seeds/seed_002.json
0,1,2,3,15,36,25,19,24,23,4,8,35,12,26,33,5,37,42,41,18,40,39,17,38,27,21,29,32,7,14,30,31,9,22,10,11,16,6,34,20,28,13|-1,-1,-1,-1,1,1,1,1,1,1,-1,1,1,1,1,1,-1,1,-1,-1,1,-1,-1,1,-1,1,1,1,1,-1,1,1,1,-1,1,1,1,-1,-1,1,1,-1,-1|./seeds/seed_003.json
1,0,3,2,32,27,21,29,19,42,15,24,30,31,4,22,17,39,40,14,41,20,23,38,12,25,26,28,8,36,5,11,33,7,18,34,35,9,37,6,10,16,13|-1,-1,-1,-1,1,1,1,1,1,-1,1,1,1,1,-1,1,1,-1,-1,1,-1,1,1,-1,1,1,1,1,1,1,-1,1,1,-1,1,-1,1,-1,1,-1,1,-1,-1|./seeds/seed_006.json
1,0,3,2,27,32,21,29,19,4,42,24,31,30,15,22,17,39,14,40,20,41,38,23,12,26,28,25,8,36,5,11,7,34,33,18,35,9,6,37,10,16,13|-1,-1,-1,-1,1,1,1,1,1,-1,-1,1,1,1,1,1,1,-1,1,-1,1,-1,-1,1,1,1,1,1,1,1,-1,1,-1,-1,1,1,1,-1,-1,1,1,-1,-1|./seeds/seed_003.json
0,1,4,5,10,2,11,7,6,3,9,8,42,26,13,41,16,20,28,39,12,14,34,24,30,27,18,31,38,23,17,25,40,21,32,19,29,22,37,36,35,33,15|-1,-1,-1,-1,-1,-1,-1,-1,-1,-1,-1,-1,-1,-1,-1,-1,-1,-1,-1,-1,-1,-1,-1,-1,-1,-1,-1,-1,-1,-1,-1,-1,-1,-1,-1,-1,-1,-1,-1,-1,-1,-1,-1|./seeds/seed_001.json
0,11,10,5,14,28,4,23,32,19,20,31,21,17,6,27,9,24,22,30,7,8,16,29,12,2,18,26,13,25,42,34,3,41,39,15,38,37,35,33,36,40,1|-1,-1,-1,-1,-1,-1,-1,-1,-1,-1,-1,-1,-1,-1,-1,-1,-1,-1,-1,-1,-1,-1,-1,-1,-1,-1,-1,-1,-1,-1,-1,-1,-1,-1,-1,-1,-1,-1,-1,-1,-1,-1,-1|./seeds/seed_010.json
3,1,2,0,4,32,21,29,42,27,31,15,19,22,39,14,30,41,40,38,24,23,20,17,5,28,26,25,12,7,9,36,34,8,18,11,6,33,10,16,35,37,13|-1,-1,-1,-1,-1,1,1,1,-1,1,1,1,1,1,-1,1,1,-1,-1,-1,1,1,1,1,-1,1,1,1,1,-1,-1,1,-1,1,1,1,-1,1,-1,-1,1,-1,-1|./seeds/seed_001.json
3,2,1,0,4,32,21,42,29,27,15,19,41,31,39,38,40,22,30,14,5,24,23,20,17,28,26,7,9,25,12,34,36,8,6,18,10,33,16,13,11,37,35|-1,-1,-1,-1,-1,1,1,-1,1,1,1,1,-1,1,-1,-1,-1,1,1,1,-1,1,1,1,1,1,1,-1,-1,1,1,-1,1,1,-1,1,-1,1,-1,-1,1,-1,1|./seeds/seed_000.json
2,10,4,0,3,11,24,17,14,19,5,23,12,28,9,22,27,30,8,6,31,21,20,18,29,7,16,26,32,25,13,15,34,37,35,42,33,39,36,38,40,41,1|-1,-1,-1,-1,-1,-1,-1,-1,-1,-1,-1,-1,-1,-1,-1,-1,-1,-1,-1,-1,-1,-1,-1,-1,-1,-1,-1,-1,-1,-1,-1,-1,-1,-1,-1,-1,-1,-1,-1,-1,-1,-1,-1|./seeds/seed_010.json
2,3,0,4,1,5,10,11,13,9,12,7,6,8,17,42,23,16,39,24,40,18,28,34,19,26,30,14,25,31,22,37,20,35,21,38,29,33,15,27,41,36,32|-1,-1,-1,-1,-1,-1,-1,-1,-1,-1,-1,-1,-1,-1,-1,-1,-1,-1,-1,-1,-1,-1,-1,-1,-1,-1,-1,-1,-1,-1,-1,-1,-1,-1,-1,-1,-1,-1,-1,-1,-1,-1,-1|./seeds/seed_002.json
1,3,2,0,28,4,20,22,16,27,21,32,31,30,17,29,14,42,6,41,40,39,23,19,38,24,7,34,26,18,9,11,25,36,5,13,35,15,33,8,37,12,10|-1,-1,-1,-1,1,-1,1,1,1,1,1,1,1,1,1,1,1,1,1,1,1,1,1,1,1,1,1,1,1,1,1,1,1,-1,1,-1,1,-1,1,-1,-1,-1,1|./seeds/seed_007.json
1,0,3,2,4,28,22,27,20,16,21,32,30,29,17,31,42,14,6,7,38,40,19,41,39,23,24,9,34,26,11,18,36,25,5,15,37,10,12,35,33,8,13|-1,-1,-1,-1,-1,1,1,1,1,1,1,1,1,1,1,1,1,1,1,1,1,1,1,1,1,1,1,1,1,1,1,1,-1,1,1,-1,-1,1,1,1,1,1,-1|./seeds/seed_002.json
2,3,4,0,5,10,11,9,1,13,6,7,12,16,8,23,42,38,24,37,18,26,14,28,34,20,27,19,35,40,25,39,22,32,30,17,29,33,21,31,41,15,36|1,1,1,1,1,1,1,1,1,1,1,1,1,1,1,1,1,1,1,1,1,1,1,1,1,1,1,1,1,1,1,1,1,1,1,1,1,1,1,1,1,1,1|./seeds/seed_003.json
2,3,4,0,1,5,10,11,42,9,16,38,18,13,6,7,37,40,34,23,39,12,35,8,24,33,26,14,41,25,30,28,20,27,22,19,17,29,15,31,21,32,36|1,1,1,1,1,1,1,1,1,1,1,1,1,1,1,1,1,1,1,1,1,1,1,1,1,1,1,1,1,1,1,1,1,1,1,1,1,1,1,1,1,1,1|./seeds/seed_000.json
2,10,4,0,3,11,24,17,14,19,5,23,12,28,9,22,27,30,8,6,31,21,20,18,29,7,16,26,32,25,13,15,34,37,35,42,33,39,36,38,40,41,1|-1,-1,-1,-1,-1,-1,-1,-1,-1,-1,-1,-1,-1,-1,-1,-1,-1,-1,-1,-1,-1,-1,-1,-1,-1,-1,-1,-1,-1,-1,-1,-1,-1,-1,-1,-1,-1,-1,-1,-1,-1,-1,-1|./seeds/seed_010.json
2,3,0,4,1,5,10,13,42,7,11,40,9,39,34,6,8,12,18,16,17,30,28,23,38,26,37,41,35,24,33,25,22,31,14,19,21,36,20,15,29,27,32|-1,-1,-1,-1,-1,-1,-1,-1,-1,-1,-1,-1,-1,-1,-1,-1,-1,-1,-1,-1,-1,-1,-1,-1,-1,-1,-1,-1,-1,-1,-1,-1,-1,-1,-1,-1,-1,-1,-1,-1,-1,-1,-1|./seeds/seed_000.json
1,0,2,3,4,5,39,42,10,40,34,38,18,7,41,37,11,9,16,26,13,8,6,35,12,14,25,23,15,19,30,36,33,31,24,20,17,28,27,22,32,21,29|-1,-1,-1,-1,-1,-1,-1,-1,-1,-1,-1,-1,-1,-1,-1,-1,-1,-1,-1,-1,-1,-1,-1,-1,-1,-1,-1,-1,-1,-1,-1,-1,-1,-1,-1,-1,-1,-1,-1,-1,1,1,1|./seeds/seed_000.json
2,0,3,4,10,1,5,11,9,6,12,7,8,18,16,23,19,13,17,34,39,42,28,24,26,14,37,25,31,38,27,30,35,40,20,41,21,32,22,15,29,33,36|-1,-1,-1,-1,-1,-1,-1,-1,-1,-1,-1,-1,-1,-1,-1,-1,-1,-1,-1,-1,-1,-1,-1,-1,-1,-1,-1,-1,-1,-1,-1,-1,-1,-1,-1,-1,-1,-1,-1,-1,-1,-1,-1|./seeds/seed_008.json
2,3,4,11,10,5,9,12,19,7,8,23,6,13,18,17,31,24,26,27,14,20,28,29,32,22,16,21,35,25,30,37,15,34,39,36,33,38,42,0,40,41,1|1,1,1,1,1,1,1,1,1,1,1,1,1,1,1,1,1,1,1,1,1,1,1,1,1,1,1,1,1,1,1,1,1,1,1,1,1,1,1,1,1,1,1|./seeds/seed_009.json
2,3,4,11,5,10,9,19,12,7,23,8,13,6,17,18,24,31,26,27,20,14,28,29,32,16,22,21,35,25,30,37,15,34,39,33,36,38,42,40,0,41,1|1,1,1,1,1,1,1,1,1,1,1,1,1,1,1,1,1,1,1,1,1,1,1,1,1,1,1,1,1,1,1,1,1,1,1,1,1,1,1,1,1,1,1|./seeds/seed_008.json
0,13,4,42,10,41,8,11,12,1,40,39,28,16,38,9,15,20,36,30,27,31,21,32,3,22,5,14,34,17,37,29,33,25,35,23,7,2,19,26,24,6,18|-1,1,1,-1,1,-1,1,1,1,-1,-1,-1,-1,-1,-1,1,1,-1,1,-1,-1,-1,-1,-1,1,-1,1,-1,-1,-1,1,-1,1,1,1,-1,1,1,1,1,-1,-1,1|./seeds/seed_007.json
0,42,41,40,39,28,4,16,13,38,36,15,8,1,12,20,30,22,10,32,21,31,27,3,14,11,37,17,29,7,6,33,35,34,25,9,23,5,19,26,18,2,24|-1,-1,-1,-1,-1,-1,1,-1,1,-1,1,1,1,-1,1,-1,-1,-1,1,-1,-1,-1,-1,1,-1,1,1,-1,-1,-1,-1,1,1,-1,1,1,-1,-1,1,1,1,1,-1|./seeds/seed_010.json
13,5,9,0,10,19,11,24,17,25,23,2,32,4,29,7,26,14,21,18,31,35,22,28,30,20,16,27,15,33,37,34,36,6,3,42,39,38,1,41,8,40,12|-1,-1,-1,1,-1,1,-1,1,1,1,1,1,1,-1,1,-1,1,1,1,1,1,1,1,1,1,1,1,1,1,1,1,1,1,-1,1,1,1,1,1,1,-1,1,-1|./seeds/seed_001.json
13,5,9,0,10,11,7,19,24,17,25,4,23,26,2,32,35,29,14,18,21,20,15,31,16,30,22,27,28,37,33,36,6,34,1,39,42,3,12,8,38,41,40|-1,-1,-1,1,-1,-1,-1,1,1,1,1,-1,1,1,1,1,1,1,1,1,1,1,1,1,1,1,1,1,1,1,1,1,-1,1,1,1,1,1,-1,-1,1,1,1|./seeds/seed_004.json
2,3,10,9,13,11,7,6,12,8,14,17,21,27,28,19,23,30,4,31,24,5,22,29,16,1,32,18,41,20,25,34,42,36,15,26,39,37,40,35,38,33,0|1,1,-1,-1,-1,-1,-1,-1,-1,-1,-1,-1,-1,-1,-1,-1,-1,-1,1,-1,-1,-1,-1,-1,-1,1,-1,-1,-1,-1,-1,-1,-1,-1,-1,-1,-1,-1,-1,-1,-1,-1,-1|./seeds/seed_000.json
9,11,10,13,6,7,12,3,8,17,1,28,21,31,14,27,5,30,19,23,22,29,24,2,32,16,20,18,25,26,41,34,42,15,39,40,35,36,38,37,33,0,4|-1,-1,-1,-1,-1,-1,-1,1,-1,-1,1,-1,-1,-1,-1,-1,-1,-1,-1,-1,-1,-1,-1,1,-1,-1,-1,-1,-1,-1,-1,-1,-1,-1,-1,-1,-1,-1,-1,-1,-1,-1,1|./seeds/seed_007.json
11,1,9,10,6,7,13,12,8,17,27,31,5,21,32,19,14,28,22,23,20,30,29,24,16,26,3,25,2,18,34,15,38,35,42,33,37,39,41,36,40,0,4|1,-1,1,1,1,1,1,1,1,1,1,1,1,1,1,1,1,1,1,1,1,1,1,1,1,1,-1,1,-1,1,1,1,1,1,1,1,1,1,1,1,1,-1,-1|./seeds/seed_007.json
2,3,1,11,10,9,13,6,7,8,12,27,5,0,21,17,19,28,14,22,30,23,31,32,24,20,26,29,16,25,18,4,42,15,34,33,37,35,39,36,38,41,40|-1,-1,-1,1,1,1,1,1,1,1,1,1,1,-1,1,1,1,1,1,1,1,1,1,1,1,1,1,1,1,1,1,-1,1,1,1,1,1,1,1,1,1,1,1|./seeds/seed_000.json
1,4,0,16,3,28,42,22,20,31,38,21,32,27,39,40,30,41,17,2,14,6,29,7,36,24,15,23,19,34,12,8,5,13,37,10,9,26,33,18,35,11,25|-1,-1,-1,1,-1,1,1,1,1,1,1,1,1,1,1,1,1,1,1,-1,1,1,1,1,-1,1,-1,1,1,1,-1,-1,1,-1,-1,-1,1,1,-1,1,-1,-1,-1|./seeds/seed_001.json
1,4,16,0,28,42,3,22,20,31,27,21,32,39,38,40,30,17,41,14,29,6,7,2,23,24,36,19,15,5,34,12,9,37,8,13,26,18,33,10,35,25,11|-1,-1,1,-1,1,1,-1,1,1,1,1,1,1,1,1,1,1,1,1,1,1,1,1,-1,1,1,-1,1,-1,1,1,-1,1,-1,-1,-1,1,1,-1,-1,-1,1,1|./seeds/seed_005.txt
2,3,4,5,10,11,9,8,6,12,13,7,19,23,28,17,26,24,27,22,20,18,25,37,35,16,31,29,14,15,21,32,30,33,38,39,36,42,34,40,41,1,0|-1,-1,-1,-1,-1,-1,-1,-1,-1,-1,-1,-1,-1,-1,-1,-1,-1,-1,-1,-1,-1,-1,-1,-1,-1,-1,-1,-1,-1,-1,-1,-1,-1,-1,-1,-1,-1,-1,-1,-1,-1,1,1|./seeds/seed_002.json
2,3,4,11,10,8,23,12,9,6,28,19,5,14,27,17,31,24,20,21,7,22,30,26,29,18,16,32,25,13,37,35,15,34,36,33,38,40,0,39,42,41,1|-1,-1,-1,-1,-1,-1,-1,-1,-1,-1,-1,-1,-1,-1,-1,-1,-1,-1,-1,-1,-1,-1,-1,-1,-1,-1,-1,-1,-1,-1,-1,-1,-1,-1,-1,-1,-1,-1,-1,-1,-1,-1,-1|./seeds/seed_010.json
4,28,16,1,3,42,20,22,31,39,32,38,27,40,21,30,41,17,14,0,2,6,29,7,23,24,19,36,34,15,13,8,12,5,18,10,37,26,9,33,11,25,35|-1,1,1,-1,-1,1,1,1,1,1,1,1,1,1,1,1,1,1,1,-1,-1,1,1,1,1,1,1,-1,1,-1,-1,-1,-1,1,1,-1,-1,1,1,-1,-1,1,-1|./seeds/seed_007.json
4,1,3,0,16,42,28,20,39,22,38,40,27,31,21,41,32,17,30,2,14,6,7,29,36,15,23,24,34,19,8,12,13,5,10,37,9,18,33,26,11,35,25|-1,-1,-1,-1,1,1,1,1,1,1,1,1,1,1,1,1,1,1,1,-1,1,1,1,1,-1,-1,1,1,1,1,-1,-1,-1,1,-1,-1,1,1,-1,1,-1,-1,-1|./seeds/seed_006.json
1,11,0,13,10,9,7,12,6,8,5,19,17,21,27,3,29,28,23,32,2,31,22,24,14,20,18,25,16,30,26,15,35,36,37,33,4,34,42,39,40,41,38|-1,1,-1,1,1,1,1,1,1,1,1,1,1,1,1,-1,1,1,1,1,-1,1,1,1,1,1,1,1,1,1,1,1,1,1,1,1,1,1,1,1,1,1,1|./seeds/seed_006.json
1,0,11,13,10,9,7,12,6,8,5,19,17,21,27,29,28,32,23,3,24,2,22,31,14,20,30,16,18,26,25,15,35,36,37,42,33,39,34,41,38,40,4|-1,-1,1,1,1,1,1,1,1,1,1,1,1,1,1,1,1,1,1,-1,1,-1,1,1,1,1,1,1,1,1,1,1,1,1,1,1,1,1,1,1,1,1,1|./seeds/seed_002.json
1,0,11,13,10,9,7,12,6,8,5,19,17,21,27,29,28,32,23,3,24,2,22,31,14,20,30,16,18,26,25,15,35,36,37,42,33,39,34,41,38,40,4|-1,-1,1,1,1,1,1,1,1,1,1,1,1,1,1,1,1,1,1,-1,1,-1,1,1,1,1,1,1,1,1,1,1,1,1,1,1,1,1,1,1,1,1,1|./seeds/seed_002.json
1,11,0,10,13,9,7,6,12,8,5,27,21,28,17,32,19,29,3,22,23,24,31,14,30,20,2,16,18,26,25,15,35,36,37,42,33,34,39,41,38,4,40|-1,1,-1,1,1,1,1,1,1,1,1,1,1,1,1,1,1,1,-1,1,1,1,1,1,1,1,-1,1,1,1,1,1,1,1,1,1,1,1,1,1,1,1,1|./seeds/seed_005.txt
0,1,2,10,14,7,17,16,3,28,6,34,20,24,11,31,38,30,42,18,23,39,27,8,19,32,29,13,25,40,12,22,9,26,37,35,41,21,33,15,36,5,4|1,1,1,1,1,1,1,1,1,1,1,1,1,1,1,1,1,1,1,1,1,1,1,1,1,1,1,1,1,1,1,1,1,1,1,1,1,1,1,1,1,1,-1|./seeds/seed_003.json
0,1,2,14,10,7,16,28,11,17,23,31,6,20,27,24,32,30,18,19,29,22,34,8,9,13,25,12,21,38,42,39,26,40,3,41,35,37,33,15,5,36,4|1,1,1,1,1,1,1,1,1,1,1,1,1,1,1,1,1,1,1,1,1,1,1,1,1,1,1,1,1,1,1,1,1,1,1,1,1,1,1,1,1,1,1|./seeds/seed_005.txt
2,3,4,0,1,5,10,11,13,9,7,12,6,8,17,23,18,16,34,28,24,42,40,39,26,25,19,31,30,14,22,21,37,35,20,38,33,27,15,41,29,32,36|-1,-1,-1,-1,-1,-1,-1,-1,-1,-1,-1,-1,-1,-1,-1,-1,-1,-1,-1,-1,-1,-1,-1,-1,-1,-1,-1,-1,-1,-1,-1,-1,-1,-1,-1,-1,-1,-1,-1,-1,-1,-1,-1|./seeds/seed_006.json
2,10,4,0,3,11,24,17,14,19,5,23,12,28,9,22,27,30,8,6,31,21,20,18,29,7,16,26,32,25,13,15,34,37,35,42,33,39,36,38,40,41,1|-1,-1,-1,-1,-1,-1,-1,-1,-1,-1,-1,-1,-1,-1,-1,-1,-1,-1,-1,-1,-1,-1,-1,-1,-1,-1,-1,-1,-1,-1,-1,-1,-1,-1,-1,-1,-1,-1,-1,-1,-1,-1,-1|./seeds/seed_010.json
3,1,32,22,2,21,0,4,27,28,29,37,31,20,35,34,36,30,14,33,42,17,18,8,41,39,10,40,25,12,38,23,24,19,7,26,6,15,9,13,16,5,11|-1,-1,1,1,-1,1,-1,-1,1,1,1,-1,1,1,-1,-1,-1,1,1,-1,-1,1,-1,-1,-1,-1,-1,-1,-1,-1,-1,1,1,1,-1,-1,-1,-1,-1,-1,1,-1,1|./seeds/seed_009.json
1,0,3,2,4,32,21,22,27,29,28,20,31,30,17,14,23,19,24,34,37,42,41,40,36,39,11,35,16,38,6,33,26,13,12,9,15,7,18,10,25,5,8|-1,-1,-1,-1,-1,1,1,1,1,1,1,1,1,1,1,1,1,1,1,-1,-1,-1,-1,-1,-1,-1,1,-1,1,-1,1,-1,1,1,1,1,1,1,-1,-1,1,-1,-1|./seeds/seed_001.json
1,3,0,2,4,23,32,22,21,19,27,17,29,28,24,30,31,14,20,26,25,15,16,18,35,12,33,8,36,37,6,34,5,11,7,42,10,41,38,39,40,9,13|-1,-1,-1,-1,-1,1,1,1,1,1,1,1,1,1,1,1,1,1,1,1,1,1,1,1,1,1,1,1,1,1,1,1,-1,1,1,1,1,1,1,1,1,1,-1|./seeds/seed_000.json
1,3,0,2,21,23,32,19,22,17,27,4,14,29,31,28,24,30,20,26,25,16,15,18,12,35,8,33,36,37,11,6,34,7,10,42,5,41,38,39,40,9,13|-1,-1,-1,-1,1,1,1,1,1,1,1,-1,1,1,1,1,1,1,1,1,1,1,1,1,1,1,1,1,1,1,1,1,1,1,1,1,-1,1,1,1,1,1,1|./seeds/seed_001.json
1,11,0,13,10,9,7,12,6,8,5,19,17,21,27,3,29,28,23,32,2,31,22,24,14,20,18,25,16,30,26,15,35,36,37,33,4,34,42,39,40,41,38|-1,1,-1,1,1,1,1,1,1,1,1,1,1,1,1,-1,1,1,1,1,-1,1,1,1,1,1,1,1,1,1,1,1,1,1,1,1,1,1,1,1,1,1,1|./seeds/seed_006.json
1,11,0,10,13,9,7,6,12,8,5,27,21,28,17,32,19,29,3,22,23,24,31,14,30,20,2,16,18,26,25,15,35,36,37,42,33,34,39,41,38,4,40|-1,1,-1,1,1,1,1,1,1,1,1,1,1,1,1,1,1,1,-1,1,1,1,1,1,1,1,-1,1,1,1,1,1,1,1,1,1,1,1,1,1,1,1,1|./seeds/seed_005.txt
2,3,4,0,5,10,11,9,13,1,7,12,6,8,16,23,42,18,24,37,26,28,38,14,27,35,25,34,19,20,29,32,22,39,30,17,33,21,40,31,15,41,36|1,1,1,1,1,1,1,1,1,1,1,1,1,1,1,1,1,1,1,1,1,1,1,1,1,1,1,1,1,1,1,1,1,1,1,1,1,1,1,1,1,1,1|./seeds/seed_004.json
2,3,4,0,5,11,10,9,13,6,7,12,8,16,23,14,28,1,27,18,24,22,42,20,19,38,29,26,17,25,30,21,37,34,31,39,32,40,35,41,15,33,36|1,1,1,1,1,1,1,1,1,1,1,1,1,1,1,1,1,1,1,1,1,1,1,1,1,1,1,1,1,1,1,1,1,1,1,1,1,1,1,1,1,1,1|./seeds/seed_007.json
1,0,2,3,4,5,39,42,10,40,34,38,18,7,41,37,11,9,16,26,13,8,6,35,12,14,25,23,15,19,30,36,33,31,24,20,17,28,27,22,32,21,29|-1,-1,-1,-1,-1,-1,-1,-1,-1,-1,-1,-1,-1,-1,-1,-1,-1,-1,-1,-1,-1,-1,-1,-1,-1,-1,-1,-1,-1,-1,-1,-1,-1,-1,-1,-1,-1,-1,-1,-1,1,1,1|./seeds/seed_000.json
2,0,1,3,4,5,10,11,9,39,7,6,18,38,40,42,12,13,16,8,26,34,37,23,14,31,41,28,19,30,25,24,35,20,27,15,17,22,21,32,36,29,33|-1,-1,-1,-1,-1,-1,-1,-1,-1,-1,-1,-1,-1,-1,-1,-1,-1,-1,-1,-1,-1,-1,-1,-1,-1,-1,-1,-1,-1,-1,-1,-1,-1,-1,-1,-1,-1,-1,-1,-1,-1,-1,-1|./seeds/seed_005.txt
1,0,13,17,19,23,24,18,25,34,26,14,2,30,29,21,32,37,27,31,15,35,16,28,9,20,22,33,3,36,39,42,5,40,11,38,12,8,41,4,10,7,6|-1,-1,1,-1,-1,-1,-1,-1,-1,-1,-1,-1,-1,-1,-1,-1,-1,-1,-1,-1,-1,-1,-1,-1,1,-1,-1,-1,-1,-1,-1,-1,1,-1,1,-1,-1,-1,-1,-1,1,1,-1|./seeds/seed_010.json
1,0,13,9,11,10,5,2,7,3,6,18,34,26,23,24,25,12,19,37,30,35,14,17,8,15,29,33,20,32,36,21,16,31,40,28,38,22,42,39,27,41,4|-1,-1,1,1,1,1,1,-1,1,-1,1,-1,-1,-1,-1,-1,-1,1,-1,-1,-1,-1,-1,-1,1,-1,-1,-1,-1,-1,-1,-1,-1,-1,-1,-1,-1,-1,-1,-1,-1,-1,-1|./seeds/seed_005.txt
2,3,4,11,10,9,12,5,23,8,6,7,19,17,14,24,28,27,20,26,31,18,13,22,16,30,29,21,25,37,35,32,15,36,34,33,0,39,38,40,42,41,1|-1,-1,-1,-1,-1,-1,-1,-1,-1,-1,-1,-1,-1,-1,-1,-1,-1,-1,-1,-1,-1,-1,-1,-1,-1,-1,-1,-1,-1,-1,-1,-1,-1,-1,-1,-1,-1,-1,-1,-1,-1,-1,-1|./seeds/seed_009.json
2,3,4,5,10,8,11,6,9,12,19,23,7,17,26,13,24,37,28,27,35,18,22,25,16,20,31,15,14,33,21,29,36,39,42,30,34,32,38,40,0,41,1|-1,-1,-1,-1,-1,-1,-1,-1,-1,-1,-1,-1,-1,-1,-1,-1,-1,-1,-1,-1,-1,-1,-1,-1,-1,-1,-1,-1,-1,-1,-1,-1,-1,-1,-1,-1,-1,-1,-1,-1,1,-1,1|./seeds/seed_001.json
2,10,4,0,3,11,24,17,14,19,5,23,12,28,9,22,27,30,8,6,31,21,20,18,29,7,16,26,32,25,13,15,34,37,35,42,33,39,36,38,40,41,1|-1,-1,-1,-1,-1,-1,-1,-1,-1,-1,-1,-1,-1,-1,-1,-1,-1,-1,-1,-1,-1,-1,-1,-1,-1,-1,-1,-1,-1,-1,-1,-1,-1,-1,-1,-1,-1,-1,-1,-1,-1,-1,-1|./seeds/seed_010.json
2,3,4,0,5,1,10,11,13,9,7,12,6,8,17,16,42,28,23,18,24,39,34,40,30,19,26,14,31,22,25,21,20,35,37,38,27,41,29,33,15,32,36|-1,-1,-1,-1,-1,-1,-1,-1,-1,-1,-1,-1,-1,-1,-1,-1,-1,-1,-1,-1,-1,-1,-1,-1,-1,-1,-1,-1,-1,-1,-1,-1,-1,-1,-1,-1,-1,-1,-1,-1,-1,-1,-1|./seeds/seed_004.json
1,24,19,23,17,27,32,21,25,26,14,0,31,22,29,30,18,20,15,36,28,35,37,33,12,3,16,8,34,2,13,5,6,42,38,9,39,11,4,41,10,7,40|-1,1,1,1,1,1,1,1,1,1,1,-1,1,1,1,1,1,1,1,1,1,1,1,1,1,-1,1,1,1,-1,-1,-1,1,1,1,-1,1,1,-1,1,1,-1,1|./seeds/seed_003.json
24,32,17,23,19,31,21,14,27,1,29,22,30,20,25,26,28,18,15,36,12,8,33,16,35,37,34,6,11,0,3,10,42,38,39,13,7,4,41,40,5,9,2|1,1,1,1,1,1,1,1,1,-1,1,1,1,1,1,1,1,1,1,1,1,1,1,1,1,1,1,1,1,-1,-1,1,1,1,1,-1,1,1,1,1,1,-1,1|./seeds/seed_009.json
2,3,4,11,10,0,5,23,6,9,12,7,16,8,14,19,24,28,17,18,27,13,26,20,29,30,21,25,22,32,35,37,34,31,38,42,39,15,33,40,41,36,1|1,1,1,1,1,1,1,1,1,1,1,1,1,1,1,1,1,1,1,1,1,1,1,1,1,1,1,1,1,1,1,1,1,1,1,1,1,1,1,1,1,1,1|./seeds/seed_009.json
2,3,4,0,5,1,10,11,16,9,6,23,42,13,18,12,26,37,24,7,8,38,35,14,34,40,39,27,25,33,20,22,19,28,17,30,21,29,31,32,15,41,36|1,1,1,1,1,1,1,1,1,1,1,1,1,1,1,1,1,1,1,1,1,1,1,1,1,1,1,1,1,1,1,1,1,1,1,1,1,1,1,1,1,1,1|./seeds/seed_001.json
2,3,4,11,10,9,5,12,8,23,6,7,19,17,28,24,13,20,18,26,14,31,16,27,30,22,25,21,29,37,32,35,34,15,36,33,38,40,39,42,0,41,1|-1,-1,-1,-1,-1,-1,-1,-1,-1,-1,-1,-1,-1,-1,-1,-1,-1,-1,-1,-1,-1,-1,-1,-1,-1,-1,-1,-1,-1,-1,-1,-1,-1,-1,-1,-1,-1,-1,-1,-1,-1,-1,-1|./seeds/seed_008.json
2,3,4,5,10,8,11,6,9,12,7,13,37,35,23,19,28,18,24,26,17,25,16,22,33,27,42,15,39,20,31,38,36,34,40,14,21,29,41,30,0,32,1|-1,-1,-1,-1,-1,-1,-1,-1,-1,-1,-1,-1,-1,-1,-1,-1,-1,-1,-1,-1,-1,-1,-1,-1,-1,-1,-1,-1,-1,-1,-1,-1,-1,-1,-1,-1,-1,-1,-1,-1,1,-1,-1|./seeds/seed_000.json
2,3,4,10,5,11,9,13,12,8,7,6,23,19,17,16,37,26,20,30,24,28,35,25,42,14,15,18,27,31,39,22,29,34,21,32,38,40,36,33,1,0,41|-1,-1,-1,-1,-1,-1,-1,-1,-1,-1,-1,-1,-1,-1,-1,-1,-1,-1,-1,-1,-1,-1,-1,-1,-1,-1,-1,-1,-1,-1,-1,-1,-1,-1,-1,-1,-1,-1,-1,-1,1,-1,-1|./seeds/seed_002.json
2,3,4,10,5,11,9,13,12,8,7,6,19,23,17,16,31,27,26,28,24,20,14,30,37,25,15,18,35,1,22,42,29,21,32,39,34,40,38,36,0,33,41|-1,-1,-1,-1,-1,-1,-1,-1,-1,-1,-1,-1,-1,-1,-1,-1,-1,-1,-1,-1,-1,-1,-1,-1,-1,-1,-1,-1,-1,1,-1,-1,-1,-1,-1,-1,-1,-1,-1,-1,-1,-1,-1|./seeds/seed_005.txt
0,1,2,10,14,7,16,17,28,11,8,24,34,6,30,18,3,31,23,19,20,25,12,32,27,13,39,42,9,38,22,29,26,40,35,37,21,33,41,36,15,5,4|1,1,1,1,1,1,1,1,1,1,1,1,1,1,1,1,1,1,1,1,1,1,1,1,1,1,1,1,1,1,1,1,1,1,1,1,1,1,1,1,1,1,1|./seeds/seed_004.json
0,10,2,11,6,7,13,9,16,14,28,8,17,27,24,31,23,12,30,18,32,19,20,5,29,21,22,34,25,3,26,38,42,39,1,37,40,35,41,33,15,4,36|1,1,1,1,1,1,1,1,1,1,1,1,1,1,1,1,1,1,1,1,1,1,1,1,1,1,1,1,1,1,1,1,1,1,1,1,1,1,1,1,1,1,1|./seeds/seed_007.json
0,1,2,10,14,7,17,16,3,28,6,34,20,24,11,31,38,30,42,18,23,39,27,8,19,32,29,13,25,40,12,22,9,26,37,35,41,21,33,15,36,5,4|1,1,1,1,1,1,1,1,1,1,1,1,1,1,1,1,1,1,1,1,1,1,1,1,1,1,1,1,1,1,1,1,1,1,1,1,1,1,1,1,1,1,-1|./seeds/seed_003.json
0,1,2,14,10,16,7,17,6,34,28,30,42,31,18,20,11,24,27,23,19,8,39,32,38,25,3,29,40,22,12,13,9,26,41,21,37,35,33,15,36,5,4|1,1,1,1,1,1,1,1,1,1,1,1,1,1,1,1,1,1,1,1,1,1,1,1,1,1,1,1,1,1,1,1,1,1,1,1,1,1,1,1,1,1,-1|./seeds/seed_001.json
2,1,0,3,4,5,10,11,9,39,13,7,12,8,42,38,18,6,37,40,26,34,16,35,41,23,19,25,14,15,24,28,31,20,36,17,30,33,27,29,22,21,32|-1,-1,-1,-1,-1,-1,-1,-1,-1,-1,-1,-1,-1,-1,-1,-1,-1,-1,-1,-1,-1,-1,-1,-1,-1,-1,-1,-1,-1,-1,-1,-1,-1,-1,-1,-1,-1,-1,-1,-1,-1,-1,-1|./seeds/seed_002.json
1,0,2,3,4,5,10,39,42,40,18,34,38,37,11,7,9,26,41,12,6,16,13,8,35,23,14,25,31,19,15,30,20,33,24,36,17,28,27,22,29,21,32|-1,-1,-1,-1,-1,-1,-1,-1,-1,-1,-1,-1,-1,-1,-1,-1,-1,-1,-1,-1,-1,-1,-1,-1,-1,-1,-1,-1,-1,-1,-1,-1,-1,-1,-1,-1,-1,-1,-1,-1,-1,-1,-1|./seeds/seed_001.json
2,3,0,4,1,5,10,11,13,9,7,12,42,6,8,34,17,40,39,23,16,18,24,28,30,26,19,22,25,37,35,14,31,38,20,33,21,41,15,29,27,36,32|-1,-1,-1,-1,-1,-1,-1,-1,-1,-1,-1,-1,-1,-1,-1,-1,-1,-1,-1,-1,-1,-1,-1,-1,-1,-1,-1,-1,-1,-1,-1,-1,-1,-1,-1,-1,-1,-1,-1,-1,-1,-1,-1|./seeds/seed_001.json
2,4,3,10,0,5,12,9,11,23,17,24,8,6,19,7,14,28,18,13,30,16,27,26,22,20,21,31,25,34,29,37,32,35,15,42,39,33,40,36,38,41,1|-1,-1,-1,-1,-1,-1,-1,-1,-1,-1,-1,-1,-1,-1,-1,-1,-1,-1,-1,-1,-1,-1,-1,-1,-1,-1,-1,-1,-1,-1,-1,-1,-1,-1,-1,-1,-1,-1,-1,-1,-1,-1,-1|./seeds/seed_009.json
1,11,9,10,13,7,12,6,17,8,21,28,5,19,29,27,32,22,31,14,23,24,30,0,20,16,3,26,18,25,2,35,15,36,34,42,37,39,33,41,40,38,4|-1,1,1,1,1,1,1,1,1,1,1,1,1,1,1,1,1,1,1,1,1,1,1,-1,1,1,-1,1,1,1,-1,1,1,1,1,1,1,1,1,1,1,1,1|./seeds/seed_007.json
1,0,11,13,10,9,7,12,6,8,5,19,17,21,27,29,28,32,23,3,24,2,22,31,14,20,30,16,18,26,25,15,35,36,37,42,33,39,34,41,38,40,4|-1,-1,1,1,1,1,1,1,1,1,1,1,1,1,1,1,1,1,1,-1,1,-1,1,1,1,1,1,1,1,1,1,1,1,1,1,1,1,1,1,1,1,1,1|./seeds/seed_002.json
13,5,9,0,10,11,4,7,19,17,24,25,23,2,35,29,18,26,32,14,21,20,31,15,16,22,27,28,30,33,37,36,6,34,1,39,42,3,38,12,8,41,40|-1,-1,-1,1,-1,-1,-1,-1,1,1,1,1,1,1,1,1,1,1,1,1,1,1,1,1,1,1,1,1,1,1,1,1,-1,1,1,1,1,1,1,-1,-1,1,1|./seeds/seed_002.json
24,13,23,19,17,25,32,14,18,26,31,21,29,27,30,20,16,28,35,22,15,9,37,5,33,36,34,0,2,4,42,10,11,7,39,38,41,12,8,40,1,6,3|1,-1,1,1,1,1,1,1,1,1,1,1,1,1,1,1,1,1,1,1,1,-1,1,-1,1,1,1,1,1,-1,1,-1,-1,-1,1,1,1,1,1,1,1,-1,-1|./seeds/seed_008.json
42,21,32,29,39,1,41,3,27,15,31,40,38,19,22,30,0,14,24,2,7,9,5,20,23,4,17,34,26,28,6,25,36,12,10,8,16,13,18,11,37,35,33|-1,1,1,1,-1,-1,-1,-1,1,1,1,-1,-1,1,1,1,-1,1,1,-1,-1,-1,-1,1,1,-1,1,-1,1,1,-1,1,1,1,-1,1,-1,-1,1,1,-1,-1,1|./seeds/seed_008.json
3,2,1,0,4,32,21,42,29,27,15,19,41,31,39,38,40,22,30,14,5,24,23,20,17,28,26,7,9,25,12,34,36,8,6,18,10,33,16,13,11,37,35|-1,-1,-1,-1,-1,1,1,-1,1,1,1,1,-1,1,-1,-1,-1,1,1,1,-1,1,1,1,1,1,1,-1,-1,1,1,-1,1,1,-1,1,-1,1,-1,-1,1,-1,1|./seeds/seed_000.json
3,2,9,10,11,13,6,7,12,8,14,17,19,21,27,28,1,31,29,23,5,30,24,22,16,32,20,18,4,25,41,15,36,34,26,42,39,37,40,35,33,38,0|1,1,-1,-1,-1,-1,-1,-1,-1,-1,-1,-1,-1,-1,-1,-1,1,-1,-1,-1,-1,-1,-1,-1,-1,-1,-1,-1,1,-1,-1,-1,-1,-1,-1,-1,-1,-1,-1,-1,-1,-1,-1|./seeds/seed_002.json
3,2,10,9,11,13,6,7,12,14,8,17,21,28,27,22,31,19,23,24,29,30,16,1,32,5,4,18,20,25,41,15,34,26,42,36,35,39,37,40,33,38,0|1,1,-1,-1,-1,-1,-1,-1,-1,-1,-1,-1,-1,-1,-1,-1,-1,-1,-1,-1,-1,-1,-1,1,-1,-1,1,-1,-1,-1,-1,-1,-1,-1,-1,-1,-1,-1,-1,-1,-1,-1,-1|./seeds/seed_001.json
2,3,4,10,5,11,9,13,12,8,6,7,19,23,37,17,16,26,15,35,42,25,24,31,18,20,30,14,27,28,39,34,22,29,21,36,40,38,33,0,32,1,41|-1,-1,-1,-1,-1,-1,-1,-1,-1,-1,-1,-1,-1,-1,-1,-1,-1,-1,-1,-1,-1,-1,-1,-1,-1,-1,-1,-1,-1,-1,-1,-1,-1,-1,-1,-1,-1,-1,-1,-1,-1,1,-1|./seeds/seed_001.json
2,3,4,10,11,9,5,8,6,12,7,13,23,19,17,20,14,18,24,16,28,26,31,30,25,35,37,32,21,27,29,0,22,15,42,34,36,39,33,38,40,41,1|-1,-1,-1,-1,-1,-1,-1,-1,-1,-1,-1,-1,-1,-1,-1,-1,-1,-1,-1,-1,-1,-1,-1,-1,-1,-1,-1,-1,-1,-1,-1,-1,-1,-1,-1,-1,-1,-1,-1,-1,-1,-1,1|./seeds/seed_008.json
1,17,24,19,23,25,26,14,21,32,29,27,15,31,30,33,20,35,18,13,5,36,22,28,16,37,34,9,2,8,12,10,7,0,39,11,42,4,38,41,3,40,6|-1,1,1,1,1,1,1,1,1,1,1,1,1,1,1,1,1,1,1,-1,-1,1,1,1,1,1,1,-1,1,1,1,-1,-1,-1,1,-1,1,-1,1,1,1,1,1|./seeds/seed_002.json
1,17,24,23,19,25,26,21,31,29,32,27,14,30,33,15,35,13,18,20,5,36,22,28,16,34,37,9,2,0,8,12,39,10,7,11,42,38,4,41,3,40,6|-1,1,1,1,1,1,1,1,1,1,1,1,1,1,1,1,1,-1,1,1,-1,1,1,1,1,1,1,-1,1,-1,1,1,1,-1,-1,-1,1,1,-1,1,1,1,1|./seeds/seed_001.json
1,3,0,2,4,32,21,22,27,29,28,31,20,30,14,17,23,34,37,19,24,42,36,35,10,41,39,33,40,5,38,8,16,13,18,15,9,26,7,12,11,25,6|-1,-1,-1,-1,-1,1,1,1,1,1,1,1,1,1,1,1,1,-1,-1,1,1,-1,-1,-1,-1,-1,-1,-1,-1,-1,-1,-1,1,-1,-1,1,-1,1,-1,-1,1,-1,1|./seeds/seed_007.json
1,0,3,2,4,32,22,21,29,27,28,31,20,30,17,14,19,23,24,34,37,42,40,41,36,39,35,38,11,33,16,26,6,9,15,13,12,18,7,10,5,25,8|-1,-1,-1,-1,-1,1,1,1,1,1,1,1,1,1,1,1,1,1,1,-1,-1,-1,-1,-1,-1,-1,-1,-1,1,-1,1,1,1,1,1,1,1,-1,1,-1,-1,1,-1|./seeds/seed_003.json
2,3,4,5,10,11,9,13,12,6,8,7,19,28,23,42,17,18,27,38,20,31,39,22,25,26,16,40,37,21,34,14,32,24,35,15,29,30,33,41,0,1,36|1,1,1,1,1,1,1,1,1,1,1,1,1,1,1,1,1,1,1,1,1,1,1,1,1,1,1,1,1,1,1,1,1,1,1,1,1,1,1,1,1,-1,1|./seeds/seed_002.json
2,3,4,5,10,11,9,12,8,6,13,23,19,7,42,18,28,17,27,38,16,40,20,39,26,31,22,25,34,37,14,24,21,35,32,15,30,33,29,41,0,36,1|1,1,1,1,1,1,1,1,1,1,1,1,1,1,1,1,1,1,1,1,1,1,1,1,1,1,1,1,1,1,1,1,1,1,1,1,1,1,1,1,1,1,-1|./seeds/seed_001.json
1,0,19,24,23,17,21,32,27,25,26,30,22,14,31,29,3,18,15,36,28,20,35,37,33,2,12,8,34,16,5,13,9,4,6,38,42,7,39,11,40,41,10|-1,-1,1,1,1,1,1,1,1,1,1,1,1,1,1,1,-1,1,1,1,1,1,1,1,1,-1,1,1,1,1,-1,-1,-1,-1,1,1,1,-1,1,1,-1,1,-1|./seeds/seed_000.json
1,24,19,23,17,27,32,21,25,26,14,0,31,22,29,30,18,20,15,36,28,35,37,33,12,3,16,8,34,2,13,5,6,42,38,9,39,11,4,41,10,7,40|-1,1,1,1,1,1,1,1,1,1,1,-1,1,1,1,1,1,1,1,1,1,1,1,1,1,-1,1,1,1,-1,-1,-1,1,1,1,-1,1,1,-1,1,1,-1,1|./seeds/seed_003.json
1,3,0,2,4,32,21,22,27,29,28,31,20,30,14,17,23,34,37,19,24,42,36,35,10,41,39,33,40,5,38,8,16,13,18,15,9,26,7,12,11,25,6|-1,-1,-1,-1,-1,1,1,1,1,1,1,1,1,1,1,1,1,-1,-1,1,1,-1,-1,-1,-1,-1,-1,-1,-1,-1,-1,-1,1,-1,-1,1,-1,1,-1,-1,1,-1,1|./seeds/seed_007.json
1,0,3,2,4,32,22,21,29,27,28,31,20,30,17,14,19,23,24,34,37,42,40,41,36,39,35,38,11,33,16,26,6,9,15,13,12,18,7,10,5,25,8|-1,-1,-1,-1,-1,1,1,1,1,1,1,1,1,1,1,1,1,1,1,-1,-1,-1,-1,-1,-1,-1,-1,-1,1,-1,1,1,1,1,1,1,1,-1,1,-1,-1,1,-1|./seeds/seed_003.json
1,24,19,23,17,27,32,21,25,26,14,0,31,22,29,30,18,20,15,36,28,35,37,33,12,3,16,8,34,2,13,5,6,42,38,9,39,11,4,41,10,7,40|-1,1,1,1,1,1,1,1,1,1,1,-1,1,1,1,1,1,1,1,1,1,1,1,1,1,-1,1,1,1,-1,-1,-1,1,1,1,-1,1,1,-1,1,1,-1,1|./seeds/seed_003.json
1,24,19,23,17,27,25,21,26,32,14,31,29,22,30,0,20,15,18,36,28,35,33,37,12,3,8,16,34,2,5,13,6,11,9,38,39,42,4,10,41,7,40|-1,1,1,1,1,1,1,1,1,1,1,1,1,1,1,-1,1,1,1,1,1,1,1,1,1,-1,1,1,1,-1,-1,-1,1,1,-1,1,1,1,-1,1,1,1,1|./seeds/seed_006.json
1,11,9,10,13,7,12,6,17,8,21,28,5,19,29,27,32,22,31,14,23,24,30,0,20,16,3,26,18,25,2,35,15,36,34,42,37,39,33,41,40,38,4|-1,1,1,1,1,1,1,1,1,1,1,1,1,1,1,1,1,1,1,1,1,1,1,-1,1,1,-1,1,1,1,-1,1,1,1,1,1,1,1,1,1,1,1,1|./seeds/seed_007.json
1,0,11,13,10,9,3,2,7,6,12,8,5,17,27,21,19,22,23,29,28,24,31,32,14,30,16,18,20,26,25,15,35,36,42,37,33,39,34,41,40,38,4|-1,-1,1,1,1,1,-1,-1,1,1,1,1,1,1,1,1,1,1,1,1,1,1,1,1,1,1,1,1,1,1,1,1,1,1,1,1,1,1,1,1,1,1,-1|./seeds/seed_000.json
2,3,4,5,10,11,9,13,6,12,7,8,23,19,28,27,42,17,31,20,18,22,16,21,38,40,32,14,26,39,24,25,1,29,30,34,35,37,15,41,0,33,36|1,1,1,1,1,1,1,1,1,1,1,1,1,1,1,1,1,1,1,1,1,1,1,1,1,1,1,1,1,1,1,1,-1,1,1,1,1,1,1,1,1,1,1|./seeds/seed_005.txt
2,3,4,5,10,11,9,13,6,12,8,7,19,28,23,42,17,18,38,27,20,31,39,40,22,16,26,25,37,21,34,14,24,32,35,29,30,15,33,41,0,1,36|1,1,1,1,1,1,1,1,1,1,1,1,1,1,1,1,1,1,1,1,1,1,1,1,1,1,1,1,1,1,1,1,1,1,1,1,1,1,1,1,1,-1,1|./seeds/seed_003.json
0,2,1,3,4,5,10,11,7,42,6,34,39,40,18,9,12,41,16,13,38,8,28,37,35,25,36,20,14,23,26,31,24,19,17,15,33,30,27,22,21,29,32|1,1,1,1,1,1,1,1,1,1,1,1,1,1,1,1,1,1,1,1,1,1,1,1,1,1,1,1,1,1,1,1,1,1,1,1,1,1,1,1,1,1,1|./seeds/seed_004.json
0,1,2,3,4,5,42,39,40,41,34,38,6,10,7,18,16,11,37,35,28,36,9,14,8,26,25,13,12,23,33,30,17,20,31,15,24,19,27,22,21,29,32|1,1,1,1,1,1,1,1,1,1,1,1,1,1,1,1,1,1,1,1,1,1,1,1,1,1,1,1,1,1,1,1,1,1,1,1,1,1,1,1,1,1,1|./seeds/seed_000.json
1,17,24,19,23,25,26,21,14,29,27,31,32,15,30,33,35,18,20,13,5,36,22,28,16,37,34,9,2,8,12,0,10,7,39,11,42,4,38,41,3,40,6|-1,1,1,1,1,1,1,1,1,1,1,1,1,1,1,1,1,1,1,-1,-1,1,1,1,1,1,1,-1,1,1,1,-1,-1,-1,1,-1,1,-1,1,1,1,1,1|./seeds/seed_003.json
23,24,17,26,19,25,14,31,27,32,21,18,20,30,29,15,33,35,28,16,36,34,22,37,2,8,12,1,6,13,39,38,3,41,40,0,42,11,4,10,5,9,7|1,1,1,1,1,1,1,1,1,1,1,1,1,1,1,1,1,1,1,1,1,1,1,1,1,1,1,-1,1,-1,1,1,1,1,1,1,1,1,1,1,-1,-1,1|./seeds/seed_010.json
11,9,10,7,13,6,5,31,22,14,1,27,28,17,21,32,20,19,23,29,30,24,12,8,16,26,25,18,38,34,15,42,39,41,3,35,40,37,33,4,36,2,0|1,1,1,1,1,1,1,1,1,1,-1,1,1,1,1,1,1,1,1,1,1,1,1,1,1,1,1,1,1,1,1,1,1,1,-1,1,1,1,1,1,1,-1,1|./seeds/seed_009.json
1,11,10,9,13,7,6,12,8,3,5,2,27,21,19,17,22,14,23,32,28,31,24,20,30,26,29,25,16,0,18,15,34,35,33,37,36,42,38,39,41,40,4|-1,1,1,1,1,1,1,1,1,-1,1,-1,1,1,1,1,1,1,1,1,1,1,1,1,1,1,1,1,1,-1,1,1,1,1,1,1,1,1,1,1,1,1,-1|./seeds/seed_004.json
1,3,0,2,4,32,21,22,27,29,28,31,20,30,14,17,23,34,37,19,24,42,36,35,10,41,39,33,40,5,38,8,16,13,18,15,9,26,7,12,11,25,6|-1,-1,-1,-1,-1,1,1,1,1,1,1,1,1,1,1,1,1,-1,-1,1,1,-1,-1,-1,-1,-1,-1,-1,-1,-1,-1,-1,1,-1,-1,1,-1,1,-1,-1,1,-1,1|./seeds/seed_007.json
1,0,3,2,4,32,21,22,27,29,28,31,20,30,17,14,19,23,24,34,37,42,40,41,39,35,38,11,36,16,33,26,15,6,9,12,13,18,7,25,10,5,8|-1,-1,-1,-1,-1,1,1,1,1,1,1,1,1,1,1,1,1,1,1,-1,-1,-1,-1,-1,-1,-1,-1,1,-1,1,-1,1,1,1,1,1,1,-1,1,1,-1,-1,1|./seeds/seed_004.json
1,0,3,2,4,32,21,22,27,29,28,31,20,30,14,17,19,23,34,24,37,42,41,40,39,38,35,36,33,11,26,16,15,6,12,5,10,9,18,25,13,7,8|-1,-1,-1,-1,-1,1,1,1,1,1,1,1,1,1,1,1,1,1,-1,1,-1,-1,-1,-1,-1,-1,-1,-1,-1,1,1,1,1,1,1,-1,-1,1,-1,1,1,1,-1|./seeds/seed_006.json
1,0,3,2,4,32,22,21,27,29,28,20,31,30,17,14,19,23,24,34,37,41,40,42,39,38,36,16,35,11,6,26,33,9,7,13,12,5,10,18,15,25,8|-1,-1,-1,-1,-1,1,1,1,1,1,1,1,1,1,1,1,1,1,1,-1,-1,-1,-1,-1,-1,-1,-1,1,-1,1,1,1,-1,1,1,1,1,-1,-1,-1,1,1,1|./seeds/seed_000.json
1,0,13,9,11,2,10,5,3,7,6,18,34,26,25,37,12,30,24,23,19,35,33,15,14,8,17,29,20,21,32,16,40,31,42,36,38,28,39,41,22,27,4|-1,-1,1,1,1,-1,1,1,-1,1,1,-1,-1,-1,-1,-1,1,-1,-1,-1,-1,-1,-1,-1,-1,1,-1,-1,-1,-1,-1,-1,-1,-1,-1,-1,-1,-1,-1,-1,-1,-1,-1|./seeds/seed_001.json
1,0,13,9,11,10,5,2,7,3,6,18,34,26,12,8,37,23,24,19,25,35,15,30,14,17,33,36,29,40,20,16,21,32,31,42,38,41,28,39,22,27,4|-1,-1,1,1,1,1,1,-1,1,-1,1,-1,-1,-1,1,1,-1,-1,-1,-1,-1,-1,-1,-1,-1,-1,-1,-1,-1,-1,-1,-1,-1,-1,-1,-1,-1,-1,-1,-1,-1,-1,-1|./seeds/seed_002.json
1,24,19,23,17,27,21,32,25,0,14,26,31,29,22,30,20,18,15,36,28,35,37,33,12,16,8,3,34,2,13,5,6,9,42,38,39,11,4,41,10,7,40|-1,1,1,1,1,1,1,1,1,-1,1,1,1,1,1,1,1,1,1,1,1,1,1,1,1,1,1,-1,1,-1,-1,-1,1,-1,1,1,1,1,-1,1,1,-1,1|./seeds/seed_002.json
1,24,19,23,17,27,25,21,26,32,14,31,29,22,30,0,20,15,18,36,28,35,33,37,12,3,8,16,34,2,5,13,6,11,9,38,39,42,4,10,41,7,40|-1,1,1,1,1,1,1,1,1,1,1,1,1,1,1,-1,1,1,1,1,1,1,1,1,1,-1,1,1,1,-1,-1,-1,1,1,-1,1,1,1,-1,1,1,1,1|./seeds/seed_006.json
0,1,2,3,10,7,14,16,11,17,34,6,23,18,8,24,31,25,28,12,20,19,13,30,27,32,9,39,29,35,22,40,26,38,42,37,33,21,41,15,36,5,4|1,1,1,1,1,1,1,1,1,1,1,1,1,1,1,1,1,1,1,1,1,1,1,1,1,1,1,1,1,1,1,1,1,1,1,1,1,1,1,1,1,1,1|./seeds/seed_006.json
0,1,2,10,14,7,3,16,17,34,6,28,42,24,18,20,23,31,11,27,38,30,39,8,25,19,32,13,12,29,40,22,26,9,37,35,41,21,33,36,15,4,5|1,1,1,1,1,1,1,1,1,1,1,1,1,1,1,1,1,1,1,1,1,1,1,1,1,1,1,1,1,1,1,1,1,1,1,1,1,1,1,1,1,-1,1|./seeds/seed_002.json
4,28,16,1,3,42,20,22,31,39,32,38,27,40,21,30,41,17,14,0,2,6,29,7,23,24,19,36,34,15,13,8,12,5,18,10,37,26,9,33,11,25,35|-1,1,1,-1,-1,1,1,1,1,1,1,1,1,1,1,1,1,1,1,-1,-1,1,1,1,1,1,1,-1,1,-1,-1,-1,-1,1,1,-1,-1,1,1,-1,-1,1,-1|./seeds/seed_007.json
1,4,16,0,42,3,28,22,20,39,38,27,31,21,40,32,41,30,17,14,6,29,2,7,36,24,23,15,19,34,8,12,13,5,10,9,37,18,26,33,11,35,25|-1,-1,1,-1,1,-1,1,1,1,1,1,1,1,1,1,1,1,1,1,1,1,1,-1,1,-1,1,1,-1,1,1,-1,-1,-1,1,-1,1,-1,1,1,-1,-1,-1,-1|./seeds/seed_004.json
2,3,4,5,10,11,9,8,6,12,13,7,19,23,28,17,26,24,27,22,20,18,25,37,35,16,31,29,14,15,21,32,30,33,38,39,36,42,34,40,41,1,0|-1,-1,-1,-1,-1,-1,-1,-1,-1,-1,-1,-1,-1,-1,-1,-1,-1,-1,-1,-1,-1,-1,-1,-1,-1,-1,-1,-1,-1,-1,-1,-1,-1,-1,-1,-1,-1,-1,-1,-1,-1,1,1|./seeds/seed_002.json
2,3,4,11,10,9,12,5,23,8,6,7,19,17,14,24,28,27,20,26,31,18,13,22,16,30,29,21,25,37,35,32,15,36,34,33,0,39,38,40,42,41,1|-1,-1,-1,-1,-1,-1,-1,-1,-1,-1,-1,-1,-1,-1,-1,-1,-1,-1,-1,-1,-1,-1,-1,-1,-1,-1,-1,-1,-1,-1,-1,-1,-1,-1,-1,-1,-1,-1,-1,-1,-1,-1,-1|./seeds/seed_009.json
2,3,1,11,10,9,13,6,7,8,12,27,5,0,21,17,19,28,14,22,30,23,31,32,24,20,26,29,16,25,18,4,42,15,34,33,37,35,39,36,38,41,40|-1,-1,-1,1,1,1,1,1,1,1,1,1,1,-1,1,1,1,1,1,1,1,1,1,1,1,1,1,1,1,1,1,-1,1,1,1,1,1,1,1,1,1,1,1|./seeds/seed_000.json
1,11,10,9,13,6,7,12,8,3,2,5,27,17,19,21,14,28,23,22,32,31,24,20,0,29,30,26,25,16,18,15,34,35,36,42,37,33,38,39,4,41,40|-1,1,1,1,1,1,1,1,1,-1,-1,1,1,1,1,1,1,1,1,1,1,1,1,1,-1,1,1,1,1,1,1,1,1,1,1,1,1,1,1,1,-1,1,1|./seeds/seed_002.json
2,3,4,5,11,10,9,13,6,7,8,12,23,28,19,17,42,0,20,27,18,31,22,14,38,16,21,32,40,26,25,34,24,39,30,29,37,35,41,15,33,36,1|1,1,1,1,1,1,1,1,1,1,1,1,1,1,1,1,1,1,1,1,1,1,1,1,1,1,1,1,1,1,1,1,1,1,1,1,1,1,1,1,1,1,-1|./seeds/seed_007.json
2,3,4,5,10,11,9,13,6,12,7,8,23,19,28,27,42,17,31,20,18,22,16,21,38,40,32,14,26,39,24,25,1,29,30,34,35,37,15,41,0,33,36|1,1,1,1,1,1,1,1,1,1,1,1,1,1,1,1,1,1,1,1,1,1,1,1,1,1,1,1,1,1,1,1,-1,1,1,1,1,1,1,1,1,1,1|./seeds/seed_005.txt
9,5,13,7,3,11,2,1,6,10,42,15,36,28,39,16,41,38,22,40,37,4,0,35,33,25,27,20,31,30,21,32,26,29,18,12,14,17,8,24,19,23,34|1,1,1,1,-1,1,-1,-1,1,1,1,-1,-1,1,1,1,1,1,1,1,-1,-1,-1,-1,-1,-1,1,1,1,1,1,1,-1,1,-1,1,1,1,1,-1,-1,-1,1|./seeds/seed_003.json
9,13,5,7,3,2,11,1,6,10,42,15,36,39,16,28,38,41,0,4,40,37,22,35,33,25,27,20,31,21,30,32,26,29,18,24,12,17,14,8,19,23,34|1,1,1,1,-1,-1,1,-1,1,1,1,-1,-1,1,1,1,1,1,-1,-1,1,-1,1,-1,-1,-1,1,1,1,1,1,1,-1,1,-1,-1,1,1,1,1,-1,-1,1|./seeds/seed_002.json
1,11,0,13,10,9,7,12,6,8,5,19,17,21,27,3,29,28,23,32,2,31,22,24,14,20,18,25,16,30,26,15,35,36,37,33,4,34,42,39,40,41,38|-1,1,-1,1,1,1,1,1,1,1,1,1,1,1,1,-1,1,1,1,1,-1,1,1,1,1,1,1,1,1,1,1,1,1,1,1,1,1,1,1,1,1,1,1|./seeds/seed_006.json
1,0,11,13,10,9,3,2,7,6,12,8,5,17,27,21,19,22,23,29,28,24,31,32,14,30,16,18,20,26,25,15,35,36,42,37,33,39,34,41,40,38,4|-1,-1,1,1,1,1,-1,-1,1,1,1,1,1,1,1,1,1,1,1,1,1,1,1,1,1,1,1,1,1,1,1,1,1,1,1,1,1,1,1,1,1,1,-1|./seeds/seed_000.json
2,3,4,0,5,1,10,11,13,9,7,12,6,8,17,16,42,28,23,18,24,39,34,40,30,19,26,14,31,22,25,21,20,35,37,38,27,41,29,33,15,32,36|-1,-1,-1,-1,-1,-1,-1,-1,-1,-1,-1,-1,-1,-1,-1,-1,-1,-1,-1,-1,-1,-1,-1,-1,-1,-1,-1,-1,-1,-1,-1,-1,-1,-1,-1,-1,-1,-1,-1,-1,-1,-1,-1|./seeds/seed_004.json
2,3,0,4,5,1,10,11,9,13,7,6,12,8,17,16,28,23,24,42,18,30,19,34,14,39,31,22,40,21,26,20,27,25,29,37,38,35,41,32,15,33,36|-1,-1,-1,-1,-1,-1,-1,-1,-1,-1,-1,-1,-1,-1,-1,-1,-1,-1,-1,-1,-1,-1,-1,-1,-1,-1,-1,-1,-1,-1,-1,-1,-1,-1,-1,-1,-1,-1,-1,-1,-1,-1,-1|./seeds/seed_005.txt
1,17,23,19,24,25,26,13,5,29,33,21,30,31,14,27,32,15,35,36,18,20,22,28,9,34,16,37,2,0,11,10,7,8,4,39,42,12,38,41,3,40,6|-1,1,1,1,1,1,1,-1,-1,1,1,1,1,1,1,1,1,1,1,1,1,1,1,1,-1,1,1,1,1,-1,-1,-1,-1,1,-1,1,1,1,1,1,1,1,-1|./seeds/seed_000.json
1,17,24,23,19,25,26,21,31,29,32,27,14,30,33,15,35,13,18,20,5,36,22,28,16,34,37,9,2,0,8,12,39,10,7,11,42,38,4,41,3,40,6|-1,1,1,1,1,1,1,1,1,1,1,1,1,1,1,1,1,-1,1,1,-1,1,1,1,1,1,1,-1,1,-1,1,1,1,-1,-1,-1,1,1,-1,1,1,1,1|./seeds/seed_001.json
5,13,9,17,19,2,23,24,25,26,35,11,21,30,29,10,15,18,7,14,31,20,32,33,36,22,37,27,3,4,34,28,16,6,1,0,38,42,41,39,40,12,8|-1,-1,-1,1,1,1,1,1,1,1,1,-1,1,1,1,-1,1,1,-1,1,1,1,1,1,1,1,1,1,1,-1,1,1,1,-1,-1,1,1,1,1,1,1,1,1|./seeds/seed_006.json
13,5,2,9,23,17,19,24,3,26,25,30,21,29,35,11,18,15,32,14,27,31,10,22,7,33,37,20,34,36,28,1,16,4,6,42,38,40,39,41,0,12,8|-1,-1,1,-1,1,1,1,1,1,1,1,1,1,1,1,-1,1,1,1,1,1,1,-1,1,-1,1,1,1,1,1,1,-1,1,-1,-1,1,1,1,1,1,1,1,1|./seeds/seed_001.json
1,4,0,16,28,42,3,22,20,39,38,27,21,31,40,32,41,30,17,29,14,6,7,2,36,23,15,24,19,34,8,5,12,37,13,9,10,18,26,33,11,35,25|-1,-1,-1,1,1,1,-1,1,1,1,1,1,1,1,1,1,1,1,1,1,1,1,1,-1,-1,1,-1,1,1,1,-1,1,-1,-1,-1,1,-1,1,1,-1,-1,-1,-1|./seeds/seed_003.json
28,42,16,4,39,20,22,38,40,3,41,31,1,32,21,27,30,7,14,6,36,17,15,29,5,12,8,37,0,2,23,34,9,33,13,35,24,25,10,19,11,18,26|1,1,1,-1,1,1,1,1,1,-1,1,1,-1,1,1,1,1,1,1,1,-1,1,-1,1,1,-1,-1,-1,-1,-1,1,1,1,-1,-1,-1,1,-1,-1,1,-1,1,1|./seeds/seed_008.json
0,2,1,3,4,5,10,11,42,6,7,40,39,34,9,41,38,16,18,28,13,8,12,37,20,35,23,14,25,17,36,26,31,24,19,15,30,33,27,22,29,21,32|1,1,1,1,1,1,1,1,1,1,1,1,1,1,1,1,1,1,1,1,1,1,1,1,1,1,1,1,1,1,1,1,1,1,1,1,1,1,1,1,1,1,1|./seeds/seed_003.json
0,2,1,3,4,5,10,11,6,7,42,28,40,39,18,9,34,16,41,12,38,8,20,14,13,23,24,31,35,25,17,26,37,36,19,27,30,15,21,22,33,29,32|1,1,1,1,1,1,1,1,1,1,1,1,1,1,1,1,1,1,1,1,1,1,1,1,1,1,1,1,1,1,1,1,1,1,1,1,1,1,1,1,1,1,1|./seeds/seed_005.txt
1,0,3,2,23,17,19,32,21,27,14,4,29,24,22,31,28,20,30,26,25,15,18,16,12,35,8,33,36,37,34,6,11,10,7,42,5,38,41,39,9,40,13|-1,-1,-1,-1,1,1,1,1,1,1,1,-1,1,1,1,1,1,1,1,1,1,1,1,1,1,1,1,1,1,1,1,1,1,1,1,1,-1,1,1,1,1,1,1|./seeds/seed_003.json
1,0,3,2,19,23,32,17,21,27,24,14,22,29,31,28,20,25,26,4,30,15,18,16,12,35,33,8,36,37,11,34,6,7,10,5,42,41,9,38,39,40,13|-1,-1,-1,-1,1,1,1,1,1,1,1,1,1,1,1,1,1,1,1,-1,1,1,1,1,1,1,1,1,1,1,1,1,1,1,1,-1,1,1,1,1,1,1,1|./seeds/seed_006.json
42,16,28,39,40,38,41,20,22,4,7,6,31,32,15,36,1,21,27,5,3,30,17,14,29,37,9,12,8,33,34,35,25,0,23,2,24,13,19,10,11,26,18|1,1,1,1,1,1,1,1,1,-1,1,1,1,1,-1,-1,-1,1,1,1,-1,1,1,1,1,-1,1,-1,-1,-1,1,-1,-1,-1,1,-1,1,-1,1,-1,1,-1,1|./seeds/seed_010.json
4,28,16,1,3,42,20,22,31,39,32,38,27,40,21,30,41,17,14,0,2,6,29,7,23,24,19,36,34,15,13,8,12,5,18,10,37,26,9,33,11,25,35|-1,1,1,-1,-1,1,1,1,1,1,1,1,1,1,1,1,1,1,1,-1,-1,1,1,1,1,1,1,-1,1,-1,-1,-1,-1,1,1,-1,-1,1,1,-1,-1,1,-1|./seeds/seed_007.json
1,0,3,2,32,27,21,29,19,22,31,30,24,15,17,42,14,20,4,23,39,28,40,41,38,12,26,25,8,11,36,18,33,5,34,35,7,10,37,16,9,13,6|-1,-1,-1,-1,1,1,1,1,1,1,1,1,1,1,1,-1,1,1,-1,1,-1,1,-1,-1,-1,1,1,1,1,1,1,1,1,-1,-1,1,-1,1,1,1,-1,1,1|./seeds/seed_005.txt
1,0,3,2,32,27,21,29,19,4,22,30,42,31,24,15,39,17,40,41,14,20,38,23,12,26,25,28,8,11,5,36,7,33,18,34,9,35,6,37,10,13,16|-1,-1,-1,-1,1,1,1,1,1,-1,1,1,-1,1,1,1,-1,1,-1,-1,1,1,-1,1,1,1,1,1,1,1,-1,1,-1,1,1,-1,-1,1,-1,1,1,-1,-1|./seeds/seed_001.json
1,0,3,2,32,27,21,29,19,22,31,30,24,15,17,42,14,20,4,23,39,28,40,41,38,12,26,25,8,11,36,18,33,5,34,35,7,10,37,16,9,13,6|-1,-1,-1,-1,1,1,1,1,1,1,1,1,1,1,1,-1,1,1,-1,1,-1,1,-1,-1,-1,1,1,1,1,1,1,1,1,-1,-1,1,-1,1,1,1,-1,1,1|./seeds/seed_005.txt
1,0,3,2,32,27,21,29,19,22,30,31,4,24,42,15,14,17,20,23,39,41,40,28,38,26,25,5,12,36,7,8,9,34,11,18,33,13,35,6,10,37,16|-1,-1,-1,-1,1,1,1,1,1,1,1,1,-1,1,-1,1,1,1,1,1,-1,-1,-1,1,-1,1,1,-1,1,1,-1,1,-1,-1,1,1,1,-1,1,-1,-1,1,1|./seeds/seed_007.json
1,42,13,41,39,11,40,34,38,29,21,32,27,0,22,10,31,15,9,37,12,30,16,20,8,3,19,35,14,5,24,33,28,2,17,18,23,36,4,26,6,25,7|-1,-1,1,-1,-1,1,-1,-1,-1,1,1,1,1,-1,1,1,1,1,1,-1,1,1,-1,1,1,-1,1,-1,1,1,1,-1,1,-1,1,-1,1,-1,1,1,-1,1,1|./seeds/seed_008.json
1,13,0,11,10,9,42,12,41,8,21,39,29,3,40,27,32,5,2,38,34,22,31,15,7,19,30,20,6,24,14,28,17,37,23,16,33,26,35,25,4,18,36|-1,1,-1,1,1,1,-1,1,-1,1,1,-1,1,-1,-1,1,1,1,-1,-1,-1,1,1,1,1,1,1,1,1,1,1,1,1,-1,1,-1,-1,1,-1,1,1,-1,1|./seeds/seed_004.json
2,3,4,0,5,10,9,11,1,13,6,7,8,12,28,37,42,17,18,20,23,25,19,16,39,38,35,34,24,31,26,30,22,41,14,40,27,29,21,15,33,32,36|-1,-1,-1,-1,-1,-1,-1,-1,-1,-1,-1,-1,-1,-1,-1,-1,-1,-1,-1,-1,-1,-1,-1,-1,-1,-1,-1,-1,-1,-1,-1,-1,-1,-1,-1,-1,-1,-1,-1,-1,-1,-1,-1|./seeds/seed_003.json
2,3,4,0,5,9,11,10,7,13,6,8,12,28,23,19,17,14,42,16,31,20,18,27,1,24,22,30,37,25,35,26,21,34,38,39,40,41,29,32,33,15,36|-1,-1,-1,-1,-1,-1,-1,-1,-1,-1,-1,-1,-1,-1,-1,-1,-1,-1,-1,-1,-1,-1,-1,-1,-1,-1,-1,-1,-1,-1,-1,-1,-1,-1,-1,-1,-1,-1,-1,-1,-1,-1,-1|./seeds/seed_007.json
2,3,4,5,11,10,9,12,8,13,7,6,19,17,26,23,18,25,27,24,20,29,37,31,16,14,35,28,15,32,30,39,22,21,33,34,36,38,42,40,41,1,0|1,1,1,1,1,1,1,1,1,1,1,1,1,1,1,1,1,1,1,1,1,1,1,1,1,1,1,1,1,1,1,1,1,1,1,1,1,1,1,1,1,-1,-1|./seeds/seed_006.json
2,3,4,5,10,11,12,9,8,7,13,19,6,26,18,23,17,37,35,27,24,15,39,16,29,20,31,25,22,14,28,33,30,34,42,21,36,38,0,32,40,41,1|1,1,1,1,1,1,1,1,1,1,1,1,1,1,1,1,1,1,1,1,1,1,1,1,1,1,1,1,1,1,1,1,1,1,1,1,1,1,-1,1,1,1,-1|./seeds/seed_001.json
1,0,13,9,11,10,5,2,7,3,6,18,34,26,35,8,37,19,12,25,24,23,15,14,30,33,17,36,29,21,32,20,16,40,31,28,38,22,42,27,39,41,4|-1,-1,1,1,1,1,1,-1,1,-1,1,-1,-1,-1,-1,1,-1,-1,1,-1,-1,-1,-1,-1,-1,-1,-1,-1,-1,-1,-1,-1,-1,-1,-1,-1,-1,-1,-1,-1,-1,-1,-1|./seeds/seed_004.json
1,13,0,23,24,25,18,19,17,26,2,34,37,14,9,35,30,21,15,29,16,36,31,32,33,3,28,27,5,20,11,22,42,39,40,38,41,10,12,8,7,4,6|-1,1,-1,-1,-1,-1,-1,-1,-1,-1,-1,-1,-1,-1,1,-1,-1,-1,-1,-1,-1,-1,-1,-1,-1,-1,-1,-1,1,-1,1,-1,-1,-1,-1,-1,-1,1,-1,-1,1,-1,-1|./seeds/seed_009.json
1,17,24,23,19,25,26,21,31,29,32,27,14,30,33,15,35,13,18,20,5,36,22,28,16,34,37,9,2,0,8,12,39,10,7,11,42,38,4,41,3,40,6|-1,1,1,1,1,1,1,1,1,1,1,1,1,1,1,1,1,-1,1,1,-1,1,1,1,1,1,1,-1,1,-1,1,1,1,-1,-1,-1,1,1,-1,1,1,1,1|./seeds/seed_001.json
24,17,23,19,26,14,32,25,27,21,31,1,30,15,20,29,22,28,18,35,36,13,33,16,34,37,5,9,12,8,4,39,38,42,10,2,7,41,11,40,0,3,6|1,1,1,1,1,1,1,1,1,1,1,-1,1,1,1,1,1,1,1,1,1,-1,1,1,1,1,-1,-1,1,1,-1,1,1,1,-1,1,-1,1,-1,1,-1,-1,1|./seeds/seed_007.json
1,13,42,11,41,39,40,34,38,32,21,29,27,22,10,31,0,9,15,20,12,30,37,5,8,19,14,16,24,28,35,33,3,17,18,23,4,2,26,7,36,6,25|-1,1,-1,1,-1,-1,-1,-1,-1,1,1,1,1,1,1,1,-1,1,1,1,1,1,-1,1,1,1,1,-1,1,1,-1,-1,-1,1,-1,1,1,-1,1,1,-1,1,1|./seeds/seed_010.json
1,42,13,41,39,11,40,34,38,29,21,32,27,0,22,10,31,15,9,37,12,30,16,20,8,3,19,35,14,5,24,33,28,2,17,18,23,36,4,26,6,25,7|-1,-1,1,-1,-1,1,-1,-1,-1,1,1,1,1,-1,1,1,1,1,1,-1,1,1,-1,1,1,-1,1,-1,1,1,1,-1,1,-1,1,-1,1,-1,1,1,-1,1,1|./seeds/seed_008.json
36,5,0,15,42,35,7,25,39,28,9,41,40,37,33,38,16,6,12,22,1,13,26,18,8,32,20,31,27,19,30,21,23,24,14,29,17,11,4,10,3,2,34|1,-1,-1,1,-1,1,-1,1,-1,-1,-1,-1,-1,1,1,-1,-1,-1,1,-1,-1,-1,1,1,1,-1,-1,-1,-1,1,-1,-1,1,1,-1,-1,-1,-1,-1,-1,1,-1,1|./seeds/seed_010.json
0,1,36,15,5,25,4,19,35,33,42,24,26,23,37,2,18,41,7,39,12,3,40,9,8,38,13,17,6,21,14,29,27,31,30,16,10,34,32,28,11,22,20|-1,-1,1,1,-1,1,-1,1,1,1,-1,1,1,1,1,-1,1,-1,-1,-1,1,-1,-1,-1,1,-1,-1,1,-1,1,1,1,1,1,1,-1,-1,1,1,-1,-1,1,1|./seeds/seed_006.json
1,0,3,2,4,28,22,27,20,16,21,32,30,29,17,31,42,14,6,7,38,40,19,41,39,23,24,9,34,26,11,18,36,25,5,15,37,10,12,35,33,8,13|-1,-1,-1,-1,-1,1,1,1,1,1,1,1,1,1,1,1,1,1,1,1,1,1,1,1,1,1,1,1,1,1,1,1,-1,1,1,-1,-1,1,1,1,1,1,-1|./seeds/seed_002.json
1,3,28,20,22,2,16,21,0,27,32,4,31,30,29,42,14,17,39,40,38,41,7,6,36,5,23,24,19,15,9,37,34,8,12,11,26,33,13,35,18,10,25|-1,-1,1,1,1,-1,1,1,-1,1,1,-1,1,1,1,1,1,1,1,1,1,1,1,1,-1,1,1,1,1,-1,1,-1,1,-1,-1,1,1,-1,-1,-1,1,-1,-1|./seeds/seed_008.json
24,17,23,19,25,14,30,21,31,26,27,32,18,20,29,22,15,35,37,33,28,36,13,2,34,16,5,9,8,12,3,42,0,39,41,40,38,6,4,1,7,11,10|1,1,1,1,1,1,1,1,1,1,1,1,1,1,1,1,1,1,1,1,1,1,-1,1,1,1,-1,-1,1,1,1,1,1,1,1,1,1,1,-1,-1,-1,-1,-1|./seeds/seed_009.json
13,5,2,9,23,17,19,24,3,26,25,30,21,29,35,11,18,15,32,14,27,31,10,22,7,33,37,20,34,36,28,1,16,4,6,42,38,40,39,41,0,12,8|-1,-1,1,-1,1,1,1,1,1,1,1,1,1,1,1,-1,1,1,1,1,1,1,-1,1,-1,1,1,1,1,1,1,-1,1,-1,-1,1,1,1,1,1,1,1,1|./seeds/seed_001.json
1,0,13,9,11,10,5,2,7,3,6,18,34,26,23,24,25,12,19,37,30,35,14,17,8,15,29,33,20,32,36,21,16,31,40,28,38,22,42,39,27,41,4|-1,-1,1,1,1,1,1,-1,1,-1,1,-1,-1,-1,-1,-1,-1,1,-1,-1,-1,-1,-1,-1,1,-1,-1,-1,-1,-1,-1,-1,-1,-1,-1,-1,-1,-1,-1,-1,-1,-1,-1|./seeds/seed_005.txt
1,0,13,9,11,10,5,2,7,3,6,18,34,26,12,37,8,19,25,35,24,23,15,33,30,36,17,14,29,21,16,40,32,20,31,38,28,42,39,22,27,41,4|-1,-1,1,1,1,1,1,-1,1,-1,1,-1,-1,-1,1,-1,1,-1,-1,-1,-1,-1,-1,-1,-1,-1,-1,-1,-1,-1,-1,-1,-1,-1,-1,-1,-1,-1,-1,-1,-1,-1,-1|./seeds/seed_006.json
0,4,10,5,11,1,7,6,2,13,9,8,16,3,12,14,34,17,23,20,26,31,21,24,27,30,41,42,28,19,18,25,22,38,29,37,39,40,32,35,15,33,36|-1,-1,-1,-1,-1,-1,-1,-1,-1,-1,-1,-1,-1,-1,-1,-1,-1,-1,-1,-1,-1,-1,-1,-1,-1,-1,-1,-1,-1,-1,-1,-1,-1,-1,-1,-1,-1,-1,-1,-1,-1,-1,-1|./seeds/seed_005.txt
0,1,4,10,5,2,7,3,11,6,34,42,13,41,16,9,8,12,26,38,17,37,18,30,14,23,40,39,24,31,20,21,25,28,19,27,22,33,35,36,29,15,32|-1,-1,-1,-1,-1,-1,-1,-1,-1,-1,-1,-1,-1,-1,-1,-1,-1,-1,-1,-1,-1,-1,-1,-1,-1,-1,-1,-1,-1,-1,-1,-1,-1,-1,-1,-1,-1,-1,-1,-1,-1,-1,-1|./seeds/seed_000.json
0,1,36,15,5,25,4,19,35,33,42,24,26,23,37,2,18,41,7,39,12,3,40,9,8,38,13,17,6,21,14,29,27,31,30,16,10,34,32,28,11,22,20|-1,-1,1,1,-1,1,-1,1,1,1,-1,1,1,1,1,-1,1,-1,-1,-1,1,-1,-1,-1,1,-1,-1,1,-1,1,1,1,1,1,1,-1,-1,1,1,-1,-1,1,1|./seeds/seed_006.json
0,1,36,15,25,5,35,33,19,4,42,24,37,23,26,12,40,39,7,18,41,9,2,38,8,3,13,6,17,21,14,27,29,31,30,16,10,28,34,11,22,32,20|-1,-1,1,1,1,-1,1,1,1,-1,-1,1,1,1,1,1,-1,-1,-1,1,-1,-1,-1,-1,1,-1,-1,-1,1,1,1,1,1,1,1,-1,-1,-1,1,-1,1,1,1|./seeds/seed_002.json
1,9,7,5,13,11,6,10,3,28,0,16,2,22,42,41,20,39,30,32,36,40,38,31,27,15,21,37,29,17,14,33,4,35,12,23,25,8,26,19,24,18,34|-1,1,1,1,1,1,1,1,-1,1,-1,1,-1,1,1,1,1,1,1,1,-1,1,1,1,1,-1,1,-1,1,1,1,-1,-1,-1,1,1,-1,1,-1,1,1,-1,-1|./seeds/seed_007.json
1,0,9,13,3,5,7,11,6,2,10,28,36,16,42,22,39,41,15,20,32,37,27,31,4,40,38,33,21,30,29,25,35,8,17,12,14,18,26,34,23,19,24|-1,-1,1,1,-1,1,1,1,1,-1,1,1,-1,1,1,1,1,1,-1,1,1,-1,1,1,-1,1,1,-1,1,1,1,-1,-1,1,1,1,1,-1,-1,-1,1,1,-1|./seeds/seed_001.json
0,1,2,3,4,5,42,39,40,34,10,6,38,18,7,41,11,16,28,37,35,9,14,23,36,25,8,12,17,20,13,26,24,31,19,15,33,30,22,27,21,29,32|1,1,1,1,1,1,1,1,1,1,1,1,1,1,1,1,1,1,1,1,1,1,1,1,1,1,1,1,1,1,1,1,1,1,1,1,1,1,1,1,1,1,1|./seeds/seed_001.json
0,2,1,3,4,5,10,11,6,7,42,28,40,39,18,9,34,16,41,12,38,8,20,14,13,23,24,31,35,25,17,26,37,36,19,27,30,15,21,22,33,29,32|1,1,1,1,1,1,1,1,1,1,1,1,1,1,1,1,1,1,1,1,1,1,1,1,1,1,1,1,1,1,1,1,1,1,1,1,1,1,1,1,1,1,1|./seeds/seed_005.txt
1,11,10,13,9,0,7,12,6,8,5,19,17,21,27,28,29,32,23,22,24,31,14,3,30,16,20,18,2,26,25,15,35,36,37,33,4,42,34,39,38,41,40|-1,1,1,1,1,-1,1,1,1,1,1,1,1,1,1,1,1,1,1,1,1,1,1,-1,1,1,1,1,-1,1,1,1,1,1,1,1,1,1,1,1,1,1,1|./seeds/seed_004.json
1,11,0,10,13,9,7,6,12,8,5,27,21,28,17,32,19,29,3,22,23,24,31,14,30,20,2,16,18,26,25,15,35,36,37,42,33,34,39,41,38,4,40|-1,1,-1,1,1,1,1,1,1,1,1,1,1,1,1,1,1,1,-1,1,1,1,1,1,1,1,-1,1,1,1,1,1,1,1,1,1,1,1,1,1,1,1,1|./seeds/seed_005.txt
9,5,13,7,3,11,2,1,6,10,42,15,36,28,39,16,41,38,22,40,37,4,0,35,33,25,27,20,31,30,21,32,26,29,18,12,14,17,8,24,19,23,34|1,1,1,1,-1,1,-1,-1,1,1,1,-1,-1,1,1,1,1,1,1,1,-1,-1,-1,-1,-1,-1,1,1,1,1,1,1,-1,1,-1,1,1,1,1,-1,-1,-1,1|./seeds/seed_003.json
9,5,7,13,3,1,11,6,2,10,42,28,36,15,16,41,39,38,40,22,27,20,0,31,37,4,33,21,35,30,32,25,29,14,17,12,8,26,18,24,34,23,19|1,1,1,1,-1,-1,1,1,-1,1,1,1,-1,-1,1,1,1,1,1,1,1,1,-1,1,-1,-1,-1,1,-1,1,1,-1,1,1,1,1,1,-1,-1,-1,1,1,-1|./seeds/seed_005.txt
1,0,3,2,32,27,21,29,19,15,30,42,22,24,31,17,14,4,39,40,41,23,20,38,12,26,25,28,8,36,5,11,7,33,18,34,35,9,6,37,10,16,13|-1,-1,-1,-1,1,1,1,1,1,1,1,-1,1,1,1,1,1,-1,-1,-1,-1,1,1,-1,1,1,1,1,1,1,-1,1,-1,1,1,-1,1,-1,-1,1,1,-1,-1|./seeds/seed_004.json
1,0,3,2,32,27,21,29,19,42,15,24,30,31,4,22,17,39,40,14,41,20,23,38,12,25,26,28,8,36,5,11,33,7,18,34,35,9,37,6,10,16,13|-1,-1,-1,-1,1,1,1,1,1,-1,1,1,1,1,-1,1,1,-1,-1,1,-1,1,1,-1,1,1,1,1,1,1,-1,1,1,-1,1,-1,1,-1,1,-1,1,-1,-1|./seeds/seed_006.json
0,1,2,10,7,16,6,14,39,3,11,42,28,34,31,41,18,17,38,20,23,8,9,24,13,27,19,32,22,25,30,12,40,21,26,37,35,29,33,5,36,15,4|-1,-1,-1,-1,-1,-1,-1,-1,-1,-1,-1,-1,-1,-1,-1,-1,-1,-1,-1,-1,-1,-1,-1,-1,-1,-1,-1,-1,-1,-1,-1,-1,-1,-1,-1,-1,-1,-1,-1,-1,-1,-1,1|./seeds/seed_002.json
0,10,7,16,6,11,9,24,28,23,17,27,2,14,8,19,31,20,5,18,21,32,22,12,30,42,34,26,25,13,39,38,41,29,35,40,3,37,33,1,4,15,36|-1,-1,-1,-1,-1,-1,-1,-1,-1,-1,-1,-1,-1,-1,-1,-1,-1,-1,-1,-1,-1,-1,-1,-1,-1,-1,-1,-1,-1,-1,-1,-1,-1,-1,-1,-1,-1,-1,-1,-1,-1,-1,-1|./seeds/seed_008.json
1,11,0,10,13,9,5,8,12,6,7,4,19,23,27,17,29,28,21,31,30,22,24,32,20,25,26,14,16,18,15,36,37,35,33,34,42,38,41,39,40,2,3|-1,1,-1,1,1,1,1,1,1,1,1,1,1,1,1,1,1,1,1,1,1,1,1,1,1,1,1,1,1,1,1,1,1,1,1,1,1,1,1,1,1,-1,-1|./seeds/seed_003.json
11,10,9,5,13,8,31,4,30,19,6,28,12,21,23,7,27,14,20,24,17,22,29,32,1,16,26,25,18,35,37,15,2,36,34,42,38,41,33,40,39,3,0|1,1,1,1,1,1,1,1,1,1,1,1,1,1,1,1,1,1,1,1,1,1,1,1,-1,1,1,1,1,1,1,1,1,1,1,1,1,1,1,1,1,1,-1|./seeds/seed_010.json
24,23,17,19,14,26,25,21,31,32,27,30,29,20,15,22,28,18,33,36,35,16,1,37,13,34,8,12,5,2,9,39,38,41,6,42,7,10,40,4,0,11,3|1,1,1,1,1,1,1,1,1,1,1,1,1,1,1,1,1,1,1,1,1,1,-1,1,-1,1,1,1,-1,1,-1,1,1,1,1,1,-1,-1,1,-1,1,-1,1|./seeds/seed_008.json
1,17,24,19,23,25,26,21,14,27,31,29,15,32,30,5,33,13,18,35,20,36,22,28,16,34,37,9,2,8,12,10,7,11,39,0,42,4,38,41,40,3,6|-1,1,1,1,1,1,1,1,1,1,1,1,1,1,1,-1,1,-1,1,1,1,1,1,1,1,1,1,-1,1,1,1,-1,-1,-1,1,-1,1,-1,1,1,1,1,1|./seeds/seed_004.json
1,11,10,0,13,9,5,8,12,7,6,4,19,23,21,27,17,28,31,29,30,24,25,22,26,20,32,14,16,18,15,35,36,37,33,34,42,38,41,39,40,2,3|-1,1,1,-1,1,1,1,1,1,1,1,1,1,1,1,1,1,1,1,1,1,1,1,1,1,1,1,1,1,1,1,1,1,1,1,1,1,1,1,1,1,-1,-1|./seeds/seed_006.json
1,11,10,13,0,9,5,8,12,7,6,4,19,23,21,27,28,17,29,31,22,30,24,32,26,25,20,14,16,18,15,35,37,36,33,34,42,38,41,39,40,2,3|-1,1,1,1,-1,1,1,1,1,1,1,1,1,1,1,1,1,1,1,1,1,1,1,1,1,1,1,1,1,1,1,1,1,1,1,1,1,1,1,1,1,-1,-1|./seeds/seed_004.json
2,3,4,5,10,11,8,9,6,12,7,13,23,19,27,28,17,24,22,20,26,31,16,18,25,14,37,21,35,29,32,15,30,39,36,33,42,38,40,34,1,41,0|-1,-1,-1,-1,-1,-1,-1,-1,-1,-1,-1,-1,-1,-1,-1,-1,-1,-1,-1,-1,-1,-1,-1,-1,-1,-1,-1,-1,-1,-1,-1,-1,-1,-1,-1,-1,-1,-1,-1,-1,1,-1,1|./seeds/seed_005.txt
2,3,4,11,10,9,12,5,23,8,6,7,19,17,14,24,28,27,20,26,31,18,13,22,16,30,29,21,25,37,35,32,15,36,34,33,0,39,38,40,42,41,1|-1,-1,-1,-1,-1,-1,-1,-1,-1,-1,-1,-1,-1,-1,-1,-1,-1,-1,-1,-1,-1,-1,-1,-1,-1,-1,-1,-1,-1,-1,-1,-1,-1,-1,-1,-1,-1,-1,-1,-1,-1,-1,-1|./seeds/seed_009.json
0,1,4,10,5,2,7,3,11,6,34,42,13,41,16,9,8,12,26,38,17,37,18,30,14,23,40,39,24,31,20,21,25,28,19,27,22,33,35,36,29,15,32|-1,-1,-1,-1,-1,-1,-1,-1,-1,-1,-1,-1,-1,-1,-1,-1,-1,-1,-1,-1,-1,-1,-1,-1,-1,-1,-1,-1,-1,-1,-1,-1,-1,-1,-1,-1,-1,-1,-1,-1,-1,-1,-1|./seeds/seed_000.json
0,4,1,10,5,2,11,3,7,6,13,9,8,12,34,16,14,26,17,41,42,20,23,18,31,38,24,37,30,19,21,25,27,28,39,40,22,29,33,35,15,32,36|-1,-1,-1,-1,-1,-1,-1,-1,-1,-1,-1,-1,-1,-1,-1,-1,-1,-1,-1,-1,-1,-1,-1,-1,-1,-1,-1,-1,-1,-1,-1,-1,-1,-1,-1,-1,-1,-1,-1,-1,-1,-1,-1|./seeds/seed_003.json
0,1,2,5,7,6,10,14,9,11,16,42,8,34,23,31,30,13,3,22,19,27,38,41,28,39,29,40,21,18,12,17,26,25,24,20,37,32,15,36,35,33,4|-1,-1,-1,-1,-1,-1,-1,-1,-1,-1,-1,-1,-1,-1,-1,-1,-1,-1,-1,-1,-1,-1,-1,-1,-1,-1,-1,-1,-1,-1,-1,-1,-1,-1,-1,-1,-1,-1,-1,-1,-1,-1,-1|./seeds/seed_001.json
0,1,2,5,9,7,10,3,6,11,8,13,16,14,23,19,42,28,31,34,12,30,22,39,27,18,24,41,29,26,25,21,38,20,40,17,37,4,32,35,15,33,36|-1,-1,-1,-1,-1,-1,-1,-1,-1,-1,-1,-1,-1,-1,-1,-1,-1,-1,-1,-1,-1,-1,-1,-1,-1,-1,-1,-1,-1,-1,-1,-1,-1,-1,-1,-1,-1,-1,-1,-1,-1,-1,-1|./seeds/seed_006.json
1,0,3,2,4,32,22,21,27,29,28,20,31,30,17,14,19,23,24,34,37,41,40,42,39,38,36,16,35,11,6,26,33,9,7,13,12,5,10,18,15,25,8|-1,-1,-1,-1,-1,1,1,1,1,1,1,1,1,1,1,1,1,1,1,-1,-1,-1,-1,-1,-1,-1,-1,1,-1,1,1,1,-1,1,1,1,1,-1,-1,-1,1,1,1|./seeds/seed_000.json
1,0,3,2,4,32,22,21,29,27,28,31,20,30,17,14,19,23,24,34,37,42,40,41,36,39,35,38,11,33,16,26,6,9,15,13,12,18,7,10,5,25,8|-1,-1,-1,-1,-1,1,1,1,1,1,1,1,1,1,1,1,1,1,1,-1,-1,-1,-1,-1,-1,-1,-1,-1,1,-1,1,1,1,1,1,1,1,-1,1,-1,-1,1,-1|./seeds/seed_003.json
1,0,3,2,23,19,17,32,4,21,27,14,29,24,22,31,28,20,30,26,25,15,16,18,12,35,33,36,8,37,34,6,11,5,42,10,7,38,41,39,40,9,13|-1,-1,-1,-1,1,1,1,1,-1,1,1,1,1,1,1,1,1,1,1,1,1,1,1,1,1,1,1,1,1,1,1,1,1,-1,1,1,1,1,1,1,1,1,-1|./seeds/seed_002.json
1,3,0,2,32,23,21,22,17,19,27,14,29,28,31,24,20,30,26,25,4,16,18,15,12,35,8,6,33,11,36,37,34,7,10,42,41,9,38,39,40,13,5|-1,-1,-1,-1,1,1,1,1,1,1,1,1,1,1,1,1,1,1,1,1,-1,1,1,1,1,1,1,1,1,1,1,1,1,1,1,1,1,1,1,1,1,1,-1|./seeds/seed_005.txt
1,0,3,2,4,28,22,27,16,20,21,32,29,30,31,17,42,14,6,7,38,41,19,39,40,23,24,9,34,11,26,18,25,5,36,10,15,12,35,33,37,8,13|-1,-1,-1,-1,-1,1,1,1,1,1,1,1,1,1,1,1,1,1,1,1,1,1,1,1,1,1,1,1,1,1,1,1,1,1,-1,1,-1,1,1,1,-1,1,1|./seeds/seed_004.json
1,0,3,2,4,28,27,22,20,16,21,32,17,31,29,30,14,42,6,7,41,38,40,39,19,23,24,9,34,11,26,18,25,5,36,12,10,35,15,37,33,13,8|-1,-1,-1,-1,-1,1,1,1,1,1,1,1,1,1,1,1,1,1,1,1,1,1,1,1,1,1,1,1,1,1,1,1,1,1,-1,1,1,1,-1,-1,1,1,1|./seeds/seed_006.json
1,0,3,2,4,32,21,22,27,29,28,31,20,30,17,14,19,23,24,34,37,42,40,41,39,35,38,11,36,16,33,26,15,6,9,12,13,18,7,25,10,5,8|-1,-1,-1,-1,-1,1,1,1,1,1,1,1,1,1,1,1,1,1,1,-1,-1,-1,-1,-1,-1,-1,-1,1,-1,1,-1,1,1,1,1,1,1,-1,1,1,-1,-1,1|./seeds/seed_004.json
1,0,3,2,4,32,21,22,27,29,28,20,31,30,17,14,23,19,24,34,37,42,41,40,36,39,11,35,16,38,6,33,26,13,12,9,15,7,18,10,25,5,8|-1,-1,-1,-1,-1,1,1,1,1,1,1,1,1,1,1,1,1,1,1,-1,-1,-1,-1,-1,-1,-1,1,-1,1,-1,1,-1,1,1,1,1,1,1,-1,-1,1,-1,-1|./seeds/seed_001.json
2,3,4,10,11,5,9,13,7,8,6,12,23,17,19,0,20,14,28,16,26,31,18,25,24,30,22,37,29,35,32,27,42,21,39,15,34,40,36,38,33,41,1|-1,-1,-1,-1,-1,-1,-1,-1,-1,-1,-1,-1,-1,-1,-1,-1,-1,-1,-1,-1,-1,-1,-1,-1,-1,-1,-1,-1,-1,-1,-1,-1,-1,-1,-1,-1,-1,-1,-1,-1,-1,-1,1|./seeds/seed_007.json
2,3,4,10,11,8,19,23,17,9,14,5,12,20,31,6,24,28,21,18,29,7,22,30,27,32,26,25,13,16,15,35,37,36,34,0,39,33,42,38,40,41,1|-1,-1,-1,-1,-1,-1,-1,-1,-1,-1,-1,-1,-1,-1,-1,-1,-1,-1,-1,-1,-1,-1,-1,-1,-1,-1,-1,-1,-1,-1,-1,-1,-1,-1,-1,-1,-1,-1,-1,-1,-1,-1,1|./seeds/seed_010.json
2,3,4,5,10,11,9,8,6,12,13,7,23,19,17,28,24,25,27,20,18,26,16,31,37,22,35,14,21,29,32,30,15,33,38,36,34,39,42,40,41,1,0|-1,-1,-1,-1,-1,-1,-1,-1,-1,-1,-1,-1,-1,-1,-1,-1,-1,-1,-1,-1,-1,-1,-1,-1,-1,-1,-1,-1,-1,-1,-1,-1,-1,-1,-1,-1,-1,-1,-1,-1,-1,1,1|./seeds/seed_006.json
2,3,4,11,10,5,9,12,8,6,7,23,28,13,17,19,22,20,14,24,31,16,27,18,26,29,25,30,21,32,35,37,38,15,0,34,33,40,39,42,36,41,1|-1,-1,-1,-1,-1,-1,-1,-1,-1,-1,-1,-1,-1,-1,-1,-1,-1,-1,-1,-1,-1,-1,-1,-1,-1,-1,-1,-1,-1,-1,-1,-1,-1,-1,-1,-1,-1,-1,-1,-1,-1,-1,-1|./seeds/seed_007.json
2,3,0,4,1,5,10,11,13,9,7,12,42,6,8,34,17,40,39,23,16,18,24,28,30,26,19,22,25,37,35,14,31,38,20,33,21,41,15,29,27,36,32|-1,-1,-1,-1,-1,-1,-1,-1,-1,-1,-1,-1,-1,-1,-1,-1,-1,-1,-1,-1,-1,-1,-1,-1,-1,-1,-1,-1,-1,-1,-1,-1,-1,-1,-1,-1,-1,-1,-1,-1,-1,-1,-1|./seeds/seed_001.json
2,3,4,0,5,1,10,11,13,9,7,12,6,8,17,16,42,28,23,18,24,39,34,40,30,19,26,14,31,22,25,21,20,35,37,38,27,41,29,33,15,32,36|-1,-1,-1,-1,-1,-1,-1,-1,-1,-1,-1,-1,-1,-1,-1,-1,-1,-1,-1,-1,-1,-1,-1,-1,-1,-1,-1,-1,-1,-1,-1,-1,-1,-1,-1,-1,-1,-1,-1,-1,-1,-1,-1|./seeds/seed_004.json
1,0,11,13,10,9,3,2,7,6,12,8,5,17,27,21,19,22,23,29,28,24,31,32,14,30,16,18,20,26,25,15,35,36,42,37,33,39,34,41,40,38,4|-1,-1,1,1,1,1,-1,-1,1,1,1,1,1,1,1,1,1,1,1,1,1,1,1,1,1,1,1,1,1,1,1,1,1,1,1,1,1,1,1,1,1,1,-1|./seeds/seed_000.json
1,11,0,13,10,9,7,12,6,8,5,17,19,27,21,28,29,32,23,3,22,24,31,14,2,20,30,16,18,26,25,15,35,36,37,42,33,39,34,38,41,4,40|-1,1,-1,1,1,1,1,1,1,1,1,1,1,1,1,1,1,1,1,-1,1,1,1,1,-1,1,1,1,1,1,1,1,1,1,1,1,1,1,1,1,1,1,1|./seeds/seed_003.json
2,0,3,4,1,5,10,9,11,7,13,6,12,8,39,16,18,42,23,38,34,19,40,26,28,37,14,31,24,25,27,17,20,41,30,35,22,15,33,21,36,32,29|-1,-1,-1,-1,-1,-1,-1,-1,-1,-1,-1,-1,-1,-1,-1,-1,-1,-1,-1,-1,-1,-1,-1,-1,-1,-1,-1,-1,-1,-1,-1,-1,-1,-1,-1,-1,-1,-1,-1,-1,-1,-1,-1|./seeds/seed_007.json
1,0,2,3,4,5,10,39,42,40,18,34,38,37,11,7,9,26,41,12,6,16,13,8,35,23,14,25,31,19,15,30,20,33,24,36,17,28,27,22,29,21,32|-1,-1,-1,-1,-1,-1,-1,-1,-1,-1,-1,-1,-1,-1,-1,-1,-1,-1,-1,-1,-1,-1,-1,-1,-1,-1,-1,-1,-1,-1,-1,-1,-1,-1,-1,-1,-1,-1,-1,-1,-1,-1,-1|./seeds/seed_001.json
2,3,10,9,13,11,7,6,12,8,14,17,21,27,28,19,23,30,4,31,24,5,22,29,16,1,32,18,41,20,25,34,42,36,15,26,39,37,40,35,38,33,0|1,1,-1,-1,-1,-1,-1,-1,-1,-1,-1,-1,-1,-1,-1,-1,-1,-1,1,-1,-1,-1,-1,-1,-1,1,-1,-1,-1,-1,-1,-1,-1,-1,-1,-1,-1,-1,-1,-1,-1,-1,-1|./seeds/seed_000.json
3,2,9,10,11,13,6,7,12,8,14,17,19,21,27,28,1,31,29,23,5,30,24,22,16,32,20,18,4,25,41,15,36,34,26,42,39,37,40,35,33,38,0|1,1,-1,-1,-1,-1,-1,-1,-1,-1,-1,-1,-1,-1,-1,-1,1,-1,-1,-1,-1,-1,-1,-1,-1,-1,-1,-1,1,-1,-1,-1,-1,-1,-1,-1,-1,-1,-1,-1,-1,-1,-1|./seeds/seed_002.json
2,3,4,10,5,11,9,13,12,8,7,6,19,23,17,16,31,27,26,28,24,20,14,30,37,25,15,18,35,1,22,42,29,21,32,39,34,40,38,36,0,33,41|-1,-1,-1,-1,-1,-1,-1,-1,-1,-1,-1,-1,-1,-1,-1,-1,-1,-1,-1,-1,-1,-1,-1,-1,-1,-1,-1,-1,-1,1,-1,-1,-1,-1,-1,-1,-1,-1,-1,-1,-1,-1,-1|./seeds/seed_005.txt
2,3,4,10,5,11,9,13,8,12,6,7,19,23,17,16,26,37,20,28,30,25,31,24,14,35,18,15,42,27,22,29,21,32,34,39,38,33,36,1,40,0,41|-1,-1,-1,-1,-1,-1,-1,-1,-1,-1,-1,-1,-1,-1,-1,-1,-1,-1,-1,-1,-1,-1,-1,-1,-1,-1,-1,-1,-1,-1,-1,-1,-1,-1,-1,-1,-1,-1,-1,1,-1,-1,-1|./seeds/seed_004.json
2,3,4,0,5,10,9,11,1,13,6,7,8,12,28,37,42,17,18,20,23,25,19,16,39,38,35,34,24,31,26,30,22,41,14,40,27,29,21,15,33,32,36|-1,-1,-1,-1,-1,-1,-1,-1,-1,-1,-1,-1,-1,-1,-1,-1,-1,-1,-1,-1,-1,-1,-1,-1,-1,-1,-1,-1,-1,-1,-1,-1,-1,-1,-1,-1,-1,-1,-1,-1,-1,-1,-1|./seeds/seed_003.json
2,3,4,0,1,5,9,10,42,7,6,11,37,13,8,39,41,18,28,40,38,34,12,35,16,25,30,23,20,26,17,22,19,31,24,15,33,14,21,27,29,36,32|-1,-1,-1,-1,-1,-1,-1,-1,-1,-1,-1,-1,-1,-1,-1,-1,-1,-1,-1,-1,-1,-1,-1,-1,-1,-1,-1,-1,-1,-1,-1,-1,-1,-1,-1,-1,-1,-1,-1,-1,-1,-1,-1|./seeds/seed_000.json
2,3,4,0,11,10,9,5,6,12,23,7,19,8,28,17,24,14,18,30,13,16,31,27,20,21,22,26,35,25,34,37,29,32,15,42,39,33,38,41,40,36,1|-1,-1,-1,-1,-1,-1,-1,-1,-1,-1,-1,-1,-1,-1,-1,-1,-1,-1,-1,-1,-1,-1,-1,-1,-1,-1,-1,-1,-1,-1,-1,-1,-1,-1,-1,-1,-1,-1,-1,-1,-1,-1,-1|./seeds/seed_009.json
2,3,4,0,5,10,1,9,11,13,6,7,8,12,37,28,42,18,17,20,19,23,39,25,38,16,35,34,24,26,31,41,30,40,14,22,27,29,21,15,33,32,36|-1,-1,-1,-1,-1,-1,-1,-1,-1,-1,-1,-1,-1,-1,-1,-1,-1,-1,-1,-1,-1,-1,-1,-1,-1,-1,-1,-1,-1,-1,-1,-1,-1,-1,-1,-1,-1,-1,-1,-1,-1,-1,-1|./seeds/seed_002.json
2,3,4,0,5,10,1,9,11,13,6,7,8,12,37,28,42,18,17,20,19,23,39,25,38,16,35,34,24,26,31,41,30,40,14,22,27,29,21,15,33,32,36|-1,-1,-1,-1,-1,-1,-1,-1,-1,-1,-1,-1,-1,-1,-1,-1,-1,-1,-1,-1,-1,-1,-1,-1,-1,-1,-1,-1,-1,-1,-1,-1,-1,-1,-1,-1,-1,-1,-1,-1,-1,-1,-1|./seeds/seed_002.json
2,3,4,0,11,10,9,5,6,12,23,7,19,8,28,17,24,14,18,30,13,16,31,27,20,21,22,26,35,25,34,37,29,32,15,42,39,33,38,41,40,36,1|-1,-1,-1,-1,-1,-1,-1,-1,-1,-1,-1,-1,-1,-1,-1,-1,-1,-1,-1,-1,-1,-1,-1,-1,-1,-1,-1,-1,-1,-1,-1,-1,-1,-1,-1,-1,-1,-1,-1,-1,-1,-1,-1|./seeds/seed_009.json
1,0,3,2,32,4,21,22,29,27,28,31,20,30,17,14,19,23,24,34,37,42,16,36,11,35,41,40,39,6,26,38,33,9,15,7,13,12,25,18,10,5,8|-1,-1,-1,-1,1,-1,1,1,1,1,1,1,1,1,1,1,1,1,1,-1,-1,-1,1,-1,1,-1,-1,-1,-1,1,1,-1,-1,1,1,1,1,1,1,-1,-1,1,1|./seeds/seed_005.txt
1,0,3,2,4,32,22,21,27,29,28,20,31,30,17,14,19,23,24,34,37,41,40,42,39,38,36,16,35,11,6,26,33,9,7,13,12,5,10,18,15,25,8|-1,-1,-1,-1,-1,1,1,1,1,1,1,1,1,1,1,1,1,1,1,-1,-1,-1,-1,-1,-1,-1,-1,1,-1,1,1,1,-1,1,1,1,1,-1,-1,-1,1,1,1|./seeds/seed_000.json
1,9,0,13,5,7,11,6,10,3,2,28,42,36,22,16,39,41,20,15,38,32,37,27,31,30,40,21,33,29,8,12,35,17,25,4,14,26,18,34,23,19,24|-1,1,-1,1,1,1,1,1,1,-1,-1,1,1,-1,1,1,1,1,1,-1,1,1,-1,1,1,1,1,1,-1,1,1,1,-1,1,-1,-1,1,-1,-1,-1,1,1,-1|./seeds/seed_003.json
1,9,7,5,13,11,6,10,3,28,0,16,2,22,42,41,20,39,30,32,36,40,38,31,27,15,21,37,29,17,14,33,4,35,12,23,25,8,26,19,24,18,34|-1,1,1,1,1,1,1,1,-1,1,-1,1,-1,1,1,1,1,1,1,1,-1,1,1,1,1,-1,1,-1,1,1,1,-1,-1,-1,1,1,-1,1,-1,1,1,-1,-1|./seeds/seed_007.json
11,1,9,10,6,7,13,12,8,17,27,31,5,21,32,19,14,28,22,23,20,30,29,24,16,26,3,25,2,18,34,15,38,35,42,33,37,39,41,36,40,0,4|1,-1,1,1,1,1,1,1,1,1,1,1,1,1,1,1,1,1,1,1,1,1,1,1,1,1,-1,1,-1,1,1,1,1,1,1,1,1,1,1,1,1,-1,-1|./seeds/seed_007.json
2,3,1,11,10,9,13,6,7,8,12,27,5,0,21,17,19,28,14,22,30,23,31,32,24,20,26,29,16,25,18,4,42,15,34,33,37,35,39,36,38,41,40|-1,-1,-1,1,1,1,1,1,1,1,1,1,1,-1,1,1,1,1,1,1,1,1,1,1,1,1,1,1,1,1,1,-1,1,1,1,1,1,1,1,1,1,1,1|./seeds/seed_000.json
0,1,36,15,5,25,19,35,4,33,42,24,26,23,37,7,39,18,12,41,40,9,38,8,2,3,13,6,17,21,14,29,27,30,31,16,10,28,34,32,11,22,20|-1,-1,1,1,-1,1,1,1,-1,1,-1,1,1,1,1,-1,-1,1,1,-1,-1,-1,-1,1,-1,-1,-1,-1,1,1,1,1,1,1,1,-1,-1,-1,1,1,-1,1,1|./seeds/seed_004.json
0,5,36,15,1,25,35,4,9,7,33,42,13,19,37,2,26,24,41,39,40,23,18,6,3,38,12,8,10,11,28,17,16,14,29,21,34,31,30,20,27,32,22|-1,-1,1,1,-1,1,1,-1,-1,-1,1,-1,-1,1,1,-1,1,1,-1,-1,-1,1,1,-1,-1,-1,1,1,-1,-1,-1,1,-1,1,1,1,1,1,1,-1,1,1,-1|./seeds/seed_007.json
1,24,19,23,17,27,25,21,26,32,14,31,29,22,30,0,20,15,18,36,28,35,33,37,12,3,8,16,34,2,5,13,6,11,9,38,39,42,4,10,41,7,40|-1,1,1,1,1,1,1,1,1,1,1,1,1,1,1,-1,1,1,1,1,1,1,1,1,1,-1,1,1,1,-1,-1,-1,1,1,-1,1,1,1,-1,1,1,1,1|./seeds/seed_006.json
1,24,19,23,17,27,21,32,25,14,26,31,22,29,30,0,15,18,20,36,28,35,33,37,12,3,8,16,34,2,5,13,6,9,42,38,11,39,10,41,4,7,40|-1,1,1,1,1,1,1,1,1,1,1,1,1,1,1,-1,1,1,1,1,1,1,1,1,1,-1,1,1,1,-1,-1,-1,1,-1,1,1,1,1,1,1,-1,-1,1|./seeds/seed_004.json
1,9,13,0,5,7,11,6,10,3,2,28,16,36,42,39,41,22,20,15,40,27,32,38,37,21,31,33,30,12,8,29,35,17,14,25,4,26,18,23,34,24,19|-1,1,1,-1,1,1,1,1,1,-1,-1,1,1,-1,1,1,1,1,1,-1,1,1,1,1,-1,1,1,-1,1,1,1,1,-1,1,1,-1,-1,-1,-1,1,-1,-1,1|./seeds/seed_006.json
1,9,0,5,7,13,11,6,10,3,2,28,16,22,42,39,27,41,20,32,31,36,21,38,30,40,29,15,17,37,14,33,12,8,35,4,25,23,19,24,18,26,34|-1,1,-1,1,1,1,1,1,1,-1,-1,1,1,1,1,1,1,1,1,1,1,-1,1,1,1,1,1,-1,1,-1,1,-1,1,1,-1,-1,-1,1,1,1,-1,-1,-1|./seeds/seed_005.txt
2,3,4,5,11,10,9,13,6,7,8,12,23,28,19,17,42,0,20,27,18,31,22,14,38,16,21,32,40,26,25,34,24,39,30,29,37,35,41,15,33,36,1|1,1,1,1,1,1,1,1,1,1,1,1,1,1,1,1,1,1,1,1,1,1,1,1,1,1,1,1,1,1,1,1,1,1,1,1,1,1,1,1,1,1,-1|./seeds/seed_007.json
2,3,4,5,10,9,6,42,11,13,8,12,7,23,19,38,18,40,39,28,17,27,16,34,37,0,26,25,31,22,20,41,33,30,15,35,21,14,24,32,29,36,1|1,1,1,1,1,1,1,1,1,1,1,1,1,1,1,1,1,1,1,1,1,1,1,1,1,1,1,1,1,1,1,1,1,1,1,1,1,1,1,1,1,1,1|./seeds/seed_000.json
2,0,3,4,1,5,10,9,11,7,13,6,12,8,39,16,18,42,23,38,34,19,40,26,28,37,14,31,24,25,27,17,20,41,30,35,22,15,33,21,36,32,29|-1,-1,-1,-1,-1,-1,-1,-1,-1,-1,-1,-1,-1,-1,-1,-1,-1,-1,-1,-1,-1,-1,-1,-1,-1,-1,-1,-1,-1,-1,-1,-1,-1,-1,-1,-1,-1,-1,-1,-1,-1,-1,-1|./seeds/seed_007.json
2,0,1,3,4,5,10,11,9,39,7,6,18,38,40,42,12,13,16,8,26,34,37,23,14,31,41,28,19,30,25,24,35,20,27,15,17,22,21,32,36,29,33|-1,-1,-1,-1,-1,-1,-1,-1,-1,-1,-1,-1,-1,-1,-1,-1,-1,-1,-1,-1,-1,-1,-1,-1,-1,-1,-1,-1,-1,-1,-1,-1,-1,-1,-1,-1,-1,-1,-1,-1,-1,-1,-1|./seeds/seed_005.txt
1,28,3,20,16,42,22,7,40,39,21,27,32,6,2,0,31,41,38,30,14,5,29,17,4,9,36,15,23,34,11,24,37,19,33,35,12,8,10,26,25,18,13|-1,1,-1,1,1,1,1,1,1,1,1,1,1,1,-1,-1,1,1,1,1,1,1,1,1,-1,1,-1,-1,1,1,1,1,-1,1,-1,-1,-1,-1,1,1,-1,1,1|./seeds/seed_010.json
1,0,3,2,28,4,22,27,20,21,32,16,31,29,30,17,14,6,42,7,23,19,24,41,38,39,40,9,11,26,34,5,18,25,36,10,12,35,37,8,13,33,15|-1,-1,-1,-1,1,-1,1,1,1,1,1,1,1,1,1,1,1,1,1,1,1,1,1,1,1,1,1,1,1,1,1,1,1,1,-1,1,1,1,-1,1,1,1,-1|./seeds/seed_005.txt
1,3,0,2,42,21,32,29,4,15,27,19,31,39,41,30,40,14,22,38,24,23,20,17,5,26,28,25,7,36,12,9,34,8,6,18,33,11,10,16,35,13,37|-1,-1,-1,-1,-1,1,1,1,-1,1,1,1,1,-1,-1,1,-1,1,1,-1,1,1,1,1,-1,1,1,1,-1,1,1,-1,-1,1,-1,1,1,1,-1,-1,1,-1,-1|./seeds/seed_006.json
42,21,32,29,39,1,41,3,27,15,31,40,38,19,22,30,0,14,24,2,7,9,5,20,23,4,17,34,26,28,6,25,36,12,10,8,16,13,18,11,37,35,33|-1,1,1,1,-1,-1,-1,-1,1,1,1,-1,-1,1,1,1,-1,1,1,-1,-1,-1,-1,1,1,-1,1,-1,1,1,-1,1,1,1,-1,1,-1,-1,1,1,-1,-1,1|./seeds/seed_008.json
1,0,3,2,4,28,22,27,20,21,32,16,29,30,31,17,14,42,6,7,19,41,24,38,23,40,39,9,26,11,34,36,18,5,25,37,15,10,33,12,35,8,13|-1,-1,-1,-1,-1,1,1,1,1,1,1,1,1,1,1,1,1,1,1,1,1,1,1,1,1,1,1,1,1,1,1,-1,1,1,1,-1,-1,1,1,1,1,1,1|./seeds/seed_001.json
1,0,3,2,4,28,22,27,20,16,21,32,30,29,17,31,42,14,6,7,38,41,40,39,19,23,24,9,34,11,26,18,36,5,25,15,37,10,35,12,33,8,13|-1,-1,-1,-1,-1,1,1,1,1,1,1,1,1,1,1,1,1,1,1,1,1,1,1,1,1,1,1,1,1,1,1,1,-1,1,1,-1,-1,1,1,1,1,1,1|./seeds/seed_003.json
2,3,4,5,10,11,9,13,12,6,7,8,19,23,28,18,17,42,27,20,31,25,38,26,16,22,39,40,14,34,21,37,35,32,24,15,29,33,30,0,41,36,1|1,1,1,1,1,1,1,1,1,1,1,1,1,1,1,1,1,1,1,1,1,1,1,1,1,1,1,1,1,1,1,1,1,1,1,1,1,1,1,1,1,1,-1|./seeds/seed_006.json
2,3,4,5,10,11,9,6,7,13,23,8,12,19,28,17,27,20,18,42,16,14,31,22,32,24,0,21,38,30,40,26,34,29,35,25,39,37,41,15,33,36,1|1,1,1,1,1,1,1,1,1,1,1,1,1,1,1,1,1,1,1,1,1,1,1,1,1,1,1,1,1,1,1,1,1,1,1,1,1,1,1,1,1,1,-1|./seeds/seed_008.json
2,3,4,5,10,11,12,9,8,7,13,19,6,26,18,23,17,37,35,27,24,15,39,16,29,20,31,25,22,14,28,33,30,34,42,21,36,38,0,32,40,41,1|1,1,1,1,1,1,1,1,1,1,1,1,1,1,1,1,1,1,1,1,1,1,1,1,1,1,1,1,1,1,1,1,1,1,1,1,1,1,-1,1,1,1,-1|./seeds/seed_001.json
2,3,4,5,11,10,9,12,8,13,7,6,19,17,26,23,18,25,27,24,20,29,37,31,16,14,35,28,15,32,30,39,22,21,33,34,36,38,42,40,41,1,0|1,1,1,1,1,1,1,1,1,1,1,1,1,1,1,1,1,1,1,1,1,1,1,1,1,1,1,1,1,1,1,1,1,1,1,1,1,1,1,1,1,-1,-1|./seeds/seed_006.json
1,0,3,2,27,32,21,29,19,4,42,24,31,30,15,22,17,14,39,40,20,41,23,38,12,26,25,28,8,36,5,11,7,34,33,18,35,9,6,37,10,16,13|-1,-1,-1,-1,1,1,1,1,1,-1,-1,1,1,1,1,1,1,1,-1,-1,1,-1,1,-1,1,1,1,1,1,1,-1,1,-1,-1,1,1,1,-1,-1,1,1,-1,-1|./seeds/seed_002.json
1,0,3,2,32,27,21,29,19,42,15,24,30,31,4,22,17,39,40,14,41,20,23,38,12,25,26,28,8,36,5,11,33,7,18,34,35,9,37,6,10,16,13|-1,-1,-1,-1,1,1,1,1,1,-1,1,1,1,1,-1,1,1,-1,-1,1,-1,1,1,-1,1,1,1,1,1,1,-1,1,1,-1,1,-1,1,-1,1,-1,1,-1,-1|./seeds/seed_006.json
2,1,0,3,4,5,10,11,9,7,13,39,8,38,6,12,18,42,40,26,37,34,16,41,35,23,19,14,25,24,15,31,20,28,17,30,36,33,27,29,22,32,21|-1,-1,-1,-1,-1,-1,-1,-1,-1,-1,-1,-1,-1,-1,-1,-1,-1,-1,-1,-1,-1,-1,-1,-1,-1,-1,-1,-1,-1,-1,-1,-1,-1,-1,-1,-1,-1,-1,-1,-1,-1,-1,-1|./seeds/seed_003.json
2,3,0,1,4,5,10,11,9,7,13,12,39,8,6,18,37,26,40,34,38,42,16,35,23,41,25,19,14,24,28,20,31,15,33,17,30,36,27,22,29,32,21|-1,-1,-1,-1,-1,-1,-1,-1,-1,-1,-1,-1,-1,-1,-1,-1,-1,-1,-1,-1,-1,-1,-1,-1,-1,-1,-1,-1,-1,-1,-1,-1,-1,-1,-1,-1,-1,-1,-1,-1,-1,-1,-1|./seeds/seed_006.json
0,2,3,1,36,15,25,5,4,19,35,26,33,8,24,42,39,12,23,37,18,41,40,38,9,7,14,17,21,29,13,31,27,32,30,6,16,34,28,20,11,10,22|-1,-1,-1,-1,1,1,1,-1,-1,1,1,1,1,1,1,-1,-1,1,1,1,1,-1,-1,-1,-1,-1,1,1,1,1,-1,1,1,1,1,-1,-1,1,-1,1,1,1,1|./seeds/seed_006.json
0,2,1,3,36,15,25,4,5,19,42,26,33,8,35,39,12,40,24,41,23,37,18,38,14,9,17,7,21,29,27,32,16,13,31,6,30,34,28,11,10,20,22|-1,-1,-1,-1,1,1,1,-1,-1,1,-1,1,1,1,1,-1,1,-1,1,-1,1,1,1,-1,1,-1,1,-1,1,1,1,1,-1,-1,1,-1,1,1,-1,1,1,1,1|./seeds/seed_000.json
0,42,41,40,39,28,4,16,13,38,36,15,8,1,12,20,30,22,10,32,21,31,27,3,14,11,37,17,29,7,6,33,35,34,25,9,23,5,19,26,18,2,24|-1,-1,-1,-1,-1,-1,1,-1,1,-1,1,1,1,-1,1,-1,-1,-1,1,-1,-1,-1,-1,1,-1,1,1,-1,-1,-1,-1,1,1,-1,1,1,-1,-1,1,1,1,1,-1|./seeds/seed_010.json
0,13,1,10,11,4,8,9,12,5,41,42,40,39,15,38,16,36,28,7,6,37,33,30,20,25,34,31,32,19,3,22,26,27,21,14,24,35,18,17,29,2,23|-1,1,-1,1,1,1,1,1,1,1,-1,-1,-1,-1,1,-1,-1,1,-1,1,1,1,1,-1,-1,1,-1,-1,-1,1,1,-1,1,-1,-1,-1,1,1,1,-1,-1,-1,1|./seeds/seed_006.json
0,1,36,15,5,25,4,19,35,33,42,24,26,23,37,2,18,41,7,39,12,3,40,9,8,38,13,17,6,21,14,29,27,31,30,16,10,34,32,28,11,22,20|-1,-1,1,1,-1,1,-1,1,1,1,-1,1,1,1,1,-1,1,-1,-1,-1,1,-1,-1,-1,1,-1,-1,1,-1,1,1,1,1,1,1,-1,-1,1,1,-1,-1,1,1|./seeds/seed_006.json
0,1,36,15,5,25,19,35,4,33,42,24,26,23,37,7,39,18,12,41,40,9,38,8,2,3,13,6,17,21,14,29,27,30,31,16,10,28,34,32,11,22,20|-1,-1,1,1,-1,1,1,1,-1,1,-1,1,1,1,1,-1,-1,1,1,-1,-1,-1,-1,1,-1,-1,-1,-1,1,1,1,1,1,1,1,-1,-1,-1,1,1,-1,1,1|./seeds/seed_004.json
0,1,4,5,2,10,11,3,7,6,42,9,8,41,39,13,26,34,16,38,28,12,20,40,18,30,24,14,25,23,27,31,17,37,21,29,32,19,36,22,33,35,15|-1,-1,-1,-1,-1,-1,-1,-1,-1,-1,-1,-1,-1,-1,-1,-1,-1,-1,-1,-1,-1,-1,-1,-1,-1,-1,-1,-1,-1,-1,-1,-1,-1,-1,-1,-1,-1,-1,-1,-1,-1,-1,-1|./seeds/seed_000.json
0,4,1,2,10,5,3,11,9,6,13,7,8,12,26,42,28,20,41,39,16,34,14,24,25,23,18,30,19,27,38,17,31,32,37,29,40,21,22,36,33,35,15|-1,-1,-1,-1,-1,-1,-1,-1,-1,-1,-1,-1,-1,-1,-1,-1,-1,-1,-1,-1,-1,-1,-1,-1,-1,-1,-1,-1,-1,-1,-1,-1,-1,-1,-1,-1,-1,-1,-1,-1,-1,-1,-1|./seeds/seed_002.json
0,10,11,6,5,23,7,8,14,9,28,16,19,21,2,24,27,31,17,29,26,30,12,22,18,20,32,34,42,25,13,41,38,3,39,4,37,40,1,35,15,33,36|-1,-1,-1,-1,-1,-1,-1,-1,-1,-1,-1,-1,-1,-1,-1,-1,-1,-1,-1,-1,-1,-1,-1,-1,-1,-1,-1,-1,-1,-1,-1,-1,-1,-1,-1,-1,-1,-1,-1,-1,-1,-1,-1|./seeds/seed_009.json
0,1,2,5,7,6,10,14,9,11,16,42,8,34,23,31,30,13,3,22,19,27,38,41,28,39,29,40,21,18,12,17,26,25,24,20,37,32,15,36,35,33,4|-1,-1,-1,-1,-1,-1,-1,-1,-1,-1,-1,-1,-1,-1,-1,-1,-1,-1,-1,-1,-1,-1,-1,-1,-1,-1,-1,-1,-1,-1,-1,-1,-1,-1,-1,-1,-1,-1,-1,-1,-1,-1,-1|./seeds/seed_001.json
2,4,3,10,0,5,12,9,11,23,17,24,8,6,19,7,14,28,18,13,30,16,27,26,22,20,21,31,25,34,29,37,32,35,15,42,39,33,40,36,38,41,1|-1,-1,-1,-1,-1,-1,-1,-1,-1,-1,-1,-1,-1,-1,-1,-1,-1,-1,-1,-1,-1,-1,-1,-1,-1,-1,-1,-1,-1,-1,-1,-1,-1,-1,-1,-1,-1,-1,-1,-1,-1,-1,-1|./seeds/seed_009.json
2,3,0,4,1,5,10,11,13,9,12,7,6,8,17,42,23,16,39,24,40,18,28,34,19,26,30,14,25,31,22,37,20,35,21,38,29,33,15,27,41,36,32|-1,-1,-1,-1,-1,-1,-1,-1,-1,-1,-1,-1,-1,-1,-1,-1,-1,-1,-1,-1,-1,-1,-1,-1,-1,-1,-1,-1,-1,-1,-1,-1,-1,-1,-1,-1,-1,-1,-1,-1,-1,-1,-1|./seeds/seed_002.json
13,19,24,17,23,9,5,25,14,32,27,18,20,31,21,29,26,16,28,30,22,35,15,37,4,36,34,33,10,11,7,0,42,2,39,38,41,40,6,12,1,8,3|-1,1,1,1,1,-1,-1,1,1,1,1,1,1,1,1,1,1,1,1,1,1,1,1,1,-1,1,1,1,-1,-1,-1,1,1,1,1,1,1,1,-1,1,-1,1,-1|./seeds/seed_007.json
13,5,9,0,10,11,4,7,19,17,24,25,23,2,35,29,18,26,32,14,21,20,31,15,16,22,27,28,30,33,37,36,6,34,1,39,42,3,38,12,8,41,40|-1,-1,-1,1,-1,-1,-1,-1,1,1,1,1,1,1,1,1,1,1,1,1,1,1,1,1,1,1,1,1,1,1,1,1,-1,1,1,1,1,1,1,-1,-1,1,1|./seeds/seed_002.json
24,17,23,19,26,14,32,25,27,21,31,1,30,15,20,29,22,28,18,35,36,13,33,16,34,37,5,9,12,8,4,39,38,42,10,2,7,41,11,40,0,3,6|1,1,1,1,1,1,1,1,1,1,1,-1,1,1,1,1,1,1,1,1,1,-1,1,1,1,1,-1,-1,1,1,-1,1,1,1,-1,1,-1,1,-1,1,-1,-1,1|./seeds/seed_007.json
17,1,19,24,23,25,26,14,21,5,32,15,27,33,29,31,13,30,35,18,36,20,22,28,37,16,34,9,8,2,12,10,7,11,4,39,0,42,41,38,3,40,6|1,-1,1,1,1,1,1,1,1,-1,1,1,1,1,1,1,-1,1,1,1,1,1,1,1,1,1,1,-1,1,1,1,-1,-1,-1,-1,1,-1,1,1,1,-1,1,1|./seeds/seed_006.json
0,1,36,15,5,25,35,33,42,4,19,37,26,7,40,41,23,12,24,39,9,18,38,8,2,13,3,6,16,28,21,17,10,14,29,11,34,27,30,31,20,32,22|-1,-1,1,1,-1,1,1,1,-1,-1,1,1,1,-1,-1,-1,1,1,1,-1,-1,1,-1,1,-1,-1,-1,-1,-1,-1,1,1,-1,1,1,-1,1,1,1,1,-1,1,1|./seeds/seed_005.txt
0,1,36,15,25,5,35,33,19,4,42,24,37,23,26,12,40,39,7,18,41,9,2,38,8,3,13,6,17,21,14,27,29,31,30,16,10,28,34,11,22,32,20|-1,-1,1,1,1,-1,1,1,1,-1,-1,1,1,1,1,1,-1,-1,-1,1,-1,-1,-1,-1,1,-1,-1,-1,1,1,1,1,1,1,1,-1,-1,-1,1,-1,1,1,1|./seeds/seed_002.json
1,0,3,2,19,23,32,17,21,27,14,24,22,29,31,28,30,26,20,25,4,15,18,16,35,12,33,8,36,37,11,34,6,10,7,5,42,38,41,39,9,40,13|-1,-1,-1,-1,1,1,1,1,1,1,1,1,1,1,1,1,1,1,1,1,-1,1,1,1,1,1,1,1,1,1,1,1,1,1,1,-1,1,1,1,1,1,1,1|./seeds/seed_004.json
1,0,3,2,19,23,32,17,21,27,24,14,22,29,31,28,20,25,26,4,30,15,18,16,12,35,33,8,36,37,11,34,6,7,10,5,42,41,9,38,39,40,13|-1,-1,-1,-1,1,1,1,1,1,1,1,1,1,1,1,1,1,1,1,-1,1,1,1,1,1,1,1,1,1,1,1,1,1,1,1,-1,1,1,1,1,1,1,1|./seeds/seed_006.json
1,0,11,13,10,9,7,12,6,8,5,19,17,21,27,29,28,32,23,3,24,2,22,31,14,20,30,16,18,26,25,15,35,36,37,42,33,39,34,41,38,40,4|-1,-1,1,1,1,1,1,1,1,1,1,1,1,1,1,1,1,1,1,-1,1,-1,1,1,1,1,1,1,1,1,1,1,1,1,1,1,1,1,1,1,1,1,1|./seeds/seed_002.json
1,0,11,13,10,9,3,2,7,6,12,8,5,17,27,21,19,22,23,29,28,24,31,32,14,30,16,18,20,26,25,15,35,36,42,37,33,39,34,41,40,38,4|-1,-1,1,1,1,1,-1,-1,1,1,1,1,1,1,1,1,1,1,1,1,1,1,1,1,1,1,1,1,1,1,1,1,1,1,1,1,1,1,1,1,1,1,-1|./seeds/seed_000.json
0,14,27,23,28,31,24,30,17,10,16,21,19,22,32,20,29,11,6,18,26,8,2,7,12,25,9,34,5,38,13,35,42,37,39,15,33,40,3,41,36,4,1|1,1,1,1,1,1,1,1,1,1,1,1,1,1,1,1,1,1,1,1,1,1,1,1,1,1,1,1,1,1,1,1,1,1,1,1,1,1,1,1,1,1,1|./seeds/seed_010.json
0,1,2,10,14,7,3,16,17,34,6,28,42,24,18,20,23,31,11,27,38,30,39,8,25,19,32,13,12,29,40,22,26,9,37,35,41,21,33,36,15,4,5|1,1,1,1,1,1,1,1,1,1,1,1,1,1,1,1,1,1,1,1,1,1,1,1,1,1,1,1,1,1,1,1,1,1,1,1,1,1,1,1,1,-1,1|./seeds/seed_002.json
5,13,9,17,19,2,23,24,25,26,35,11,21,30,29,10,15,18,7,14,31,20,32,33,36,22,37,27,3,4,34,28,16,6,1,0,38,42,41,39,40,12,8|-1,-1,-1,1,1,1,1,1,1,1,1,-1,1,1,1,-1,1,1,-1,1,1,1,1,1,1,1,1,1,1,-1,1,1,1,-1,-1,1,1,1,1,1,1,1,1|./seeds/seed_006.json
5,13,9,2,17,19,23,24,26,25,35,11,29,21,15,30,18,14,31,7,3,10,32,36,37,20,22,33,27,34,28,4,16,1,6,42,38,0,39,41,40,12,8|-1,-1,-1,1,1,1,1,1,1,1,1,-1,1,1,1,1,1,1,1,-1,1,-1,1,1,1,1,1,1,1,1,1,-1,1,-1,-1,1,1,1,1,1,1,1,1|./seeds/seed_004.json
2,3,4,5,10,11,9,13,12,6,8,7,19,28,23,42,17,18,27,38,20,31,39,22,25,26,16,40,37,21,34,14,32,24,35,15,29,30,33,41,0,1,36|1,1,1,1,1,1,1,1,1,1,1,1,1,1,1,1,1,1,1,1,1,1,1,1,1,1,1,1,1,1,1,1,1,1,1,1,1,1,1,1,1,-1,1|./seeds/seed_002.json
2,3,4,5,10,11,9,6,7,13,23,8,12,19,28,17,27,20,18,42,16,14,31,22,32,24,0,21,38,30,40,26,34,29,35,25,39,37,41,15,33,36,1|1,1,1,1,1,1,1,1,1,1,1,1,1,1,1,1,1,1,1,1,1,1,1,1,1,1,1,1,1,1,1,1,1,1,1,1,1,1,1,1,1,1,-1|./seeds/seed_008.json
1,3,0,2,42,4,41,34,40,39,38,16,35,6,18,37,33,23,17,26,28,25,36,7,20,13,24,19,14,30,22,15,9,31,12,32,27,5,8,21,29,11,10|-1,-1,-1,-1,1,-1,1,1,1,1,1,1,1,1,1,1,1,1,1,1,1,1,1,1,1,-1,1,1,1,1,1,-1,1,1,1,1,1,-1,1,1,1,-1,1|./seeds/seed_007.json
1,0,2,3,42,4,41,39,40,38,16,34,6,35,23,18,7,37,17,33,26,28,9,36,25,19,12,24,20,22,10,11,8,14,30,27,15,32,31,21,5,29,13|-1,-1,-1,-1,1,-1,1,1,1,1,1,1,1,1,1,1,1,1,1,1,1,1,1,1,1,1,1,1,1,1,1,1,1,1,1,1,-1,1,1,1,1,1,-1|./seeds/seed_004.json
0,14,23,24,16,6,10,17,28,27,31,19,30,11,18,2,20,21,8,12,32,22,7,26,25,29,34,9,35,38,13,5,42,39,37,3,40,33,41,36,15,4,1|1,1,1,1,1,1,1,1,1,1,1,1,1,1,1,1,1,1,1,1,1,1,1,1,1,1,1,1,1,1,1,1,1,1,1,1,1,1,1,1,1,1,1|./seeds/seed_009.json
0,10,2,11,6,7,13,9,16,14,28,8,17,27,24,31,23,12,30,18,32,19,20,5,29,21,22,34,25,3,26,38,42,39,1,37,40,35,41,33,15,4,36|1,1,1,1,1,1,1,1,1,1,1,1,1,1,1,1,1,1,1,1,1,1,1,1,1,1,1,1,1,1,1,1,1,1,1,1,1,1,1,1,1,1,1|./seeds/seed_007.json
17,19,23,13,24,21,26,5,14,25,30,31,29,18,9,27,22,15,20,32,35,33,28,36,37,16,34,2,4,11,10,7,1,42,38,3,39,41,40,12,8,0,6|1,1,1,-1,1,1,1,-1,1,1,1,1,1,1,-1,1,1,1,1,1,1,1,1,1,1,1,1,1,-1,-1,-1,-1,-1,1,1,1,1,1,1,1,1,1,1|./seeds/seed_007.json
24,23,19,17,25,26,21,14,31,30,27,18,15,29,32,13,20,35,22,33,5,36,37,28,9,34,16,2,12,8,4,3,7,41,39,11,1,42,10,40,38,0,6|1,1,1,1,1,1,1,1,1,1,1,1,1,1,1,-1,1,1,1,1,-1,1,1,1,-1,1,1,1,1,1,-1,1,-1,1,1,-1,-1,1,-1,1,1,1,1|./seeds/seed_008.json
0,2,1,3,4,5,10,11,6,7,42,28,40,39,18,9,34,16,41,12,38,8,20,14,13,23,24,31,35,25,17,26,37,36,19,27,30,15,21,22,33,29,32|1,1,1,1,1,1,1,1,1,1,1,1,1,1,1,1,1,1,1,1,1,1,1,1,1,1,1,1,1,1,1,1,1,1,1,1,1,1,1,1,1,1,1|./seeds/seed_005.txt
0,2,3,4,11,10,5,28,19,23,24,17,27,12,6,16,14,8,31,22,18,20,21,7,30,9,25,29,26,1,32,34,37,15,35,42,13,36,33,38,41,39,40|1,1,1,1,1,1,1,1,1,1,1,1,1,1,1,1,1,1,1,1,1,1,1,1,1,1,1,1,1,1,1,1,1,1,1,1,1,1,1,1,1,1,1|./seeds/seed_010.json
1,0,2,3,4,5,39,42,10,40,34,38,18,7,41,37,11,9,16,26,13,8,6,35,12,14,25,23,15,19,30,36,33,31,24,20,17,28,27,22,32,21,29|-1,-1,-1,-1,-1,-1,-1,-1,-1,-1,-1,-1,-1,-1,-1,-1,-1,-1,-1,-1,-1,-1,-1,-1,-1,-1,-1,-1,-1,-1,-1,-1,-1,-1,-1,-1,-1,-1,-1,-1,1,1,1|./seeds/seed_000.json
2,1,0,3,4,5,10,11,9,7,13,39,8,38,6,12,18,42,40,26,37,34,16,41,35,23,19,14,25,24,15,31,20,28,17,30,36,33,27,29,22,32,21|-1,-1,-1,-1,-1,-1,-1,-1,-1,-1,-1,-1,-1,-1,-1,-1,-1,-1,-1,-1,-1,-1,-1,-1,-1,-1,-1,-1,-1,-1,-1,-1,-1,-1,-1,-1,-1,-1,-1,-1,-1,-1,-1|./seeds/seed_003.json
1,0,11,10,13,9,5,8,12,6,7,4,19,23,27,29,21,17,28,31,24,30,22,25,32,26,20,14,16,18,15,36,37,35,33,34,42,38,41,39,40,2,3|-1,-1,1,1,1,1,1,1,1,1,1,1,1,1,1,1,1,1,1,1,1,1,1,1,1,1,1,1,1,1,1,1,1,1,1,1,1,1,1,1,1,-1,1|./seeds/seed_002.json
1,11,10,13,0,9,5,8,12,7,6,4,19,23,21,27,28,17,29,31,22,30,24,32,26,25,20,14,16,18,15,35,37,36,33,34,42,38,41,39,40,2,3|-1,1,1,1,-1,1,1,1,1,1,1,1,1,1,1,1,1,1,1,1,1,1,1,1,1,1,1,1,1,1,1,1,1,1,1,1,1,1,1,1,1,-1,-1|./seeds/seed_004.json
2,0,3,4,1,10,11,12,5,9,6,18,8,23,19,7,16,17,24,14,34,26,25,28,31,39,37,30,27,35,13,20,38,42,21,22,15,32,40,33,41,29,36|-1,-1,-1,-1,-1,-1,-1,-1,-1,-1,-1,-1,-1,-1,-1,-1,-1,-1,-1,-1,-1,-1,-1,-1,-1,-1,-1,-1,-1,-1,-1,-1,-1,-1,-1,-1,-1,-1,-1,-1,-1,-1,-1|./seeds/seed_009.json
2,1,0,3,4,5,10,11,9,39,13,7,12,8,42,38,18,6,37,40,26,34,16,35,41,23,19,25,14,15,24,28,31,20,36,17,30,33,27,29,22,21,32|-1,-1,-1,-1,-1,-1,-1,-1,-1,-1,-1,-1,-1,-1,-1,-1,-1,-1,-1,-1,-1,-1,-1,-1,-1,-1,-1,-1,-1,-1,-1,-1,-1,-1,-1,-1,-1,-1,-1,-1,-1,-1,-1|./seeds/seed_002.json
1,11,0,10,13,9,5,8,12,6,7,4,19,23,27,17,29,28,21,31,30,22,24,32,20,25,26,14,16,18,15,36,37,35,33,34,42,38,41,39,40,2,3|-1,1,-1,1,1,1,1,1,1,1,1,1,1,1,1,1,1,1,1,1,1,1,1,1,1,1,1,1,1,1,1,1,1,1,1,1,1,1,1,1,1,-1,-1|./seeds/seed_003.json
11,10,1,9,13,5,8,12,6,7,19,30,28,23,31,17,21,27,22,29,4,14,32,0,24,20,16,26,25,18,35,15,37,33,36,34,38,41,42,40,39,3,2|1,1,-1,1,1,1,1,1,1,1,1,1,1,1,1,1,1,1,1,1,1,1,1,-1,1,1,1,1,1,1,1,1,1,1,1,1,1,1,1,1,1,-1,1|./seeds/seed_007.json
13,5,2,9,23,17,19,24,3,26,25,30,21,29,35,11,18,15,32,14,27,31,10,22,7,33,37,20,34,36,28,1,16,4,6,42,38,40,39,41,0,12,8|-1,-1,1,-1,1,1,1,1,1,1,1,1,1,1,1,-1,1,1,1,1,1,1,-1,1,-1,1,1,1,1,1,1,-1,1,-1,-1,1,1,1,1,1,1,1,1|./seeds/seed_001.json
13,5,17,23,2,9,24,19,26,21,29,25,30,32,14,31,18,22,35,15,27,20,11,3,28,33,10,36,37,34,7,1,16,4,42,38,40,41,39,6,0,12,8|-1,-1,1,1,1,-1,1,1,1,1,1,1,1,1,1,1,1,1,1,1,1,1,-1,1,1,1,-1,1,1,1,-1,-1,1,-1,1,1,1,1,1,-1,1,1,1|./seeds/seed_005.txt
1,0,3,2,19,23,32,17,21,27,14,24,22,29,31,28,30,26,20,25,4,15,18,16,35,12,33,8,36,37,11,34,6,10,7,5,42,38,41,39,9,40,13|-1,-1,-1,-1,1,1,1,1,1,1,1,1,1,1,1,1,1,1,1,1,-1,1,1,1,1,1,1,1,1,1,1,1,1,1,1,-1,1,1,1,1,1,1,1|./seeds/seed_004.json
1,3,32,23,17,21,19,14,27,22,24,31,28,29,30,2,20,0,26,25,4,16,18,15,35,12,33,8,36,37,34,6,11,42,7,38,40,41,39,10,5,9,13|-1,-1,1,1,1,1,1,1,1,1,1,1,1,1,1,-1,1,-1,1,1,-1,1,1,1,1,1,1,1,1,1,1,1,1,1,1,1,1,1,1,1,-1,1,-1|./seeds/seed_007.json
1,17,23,19,24,25,26,13,5,29,33,21,30,31,14,27,32,15,35,36,18,20,22,28,9,34,16,37,2,0,11,10,7,8,4,39,42,12,38,41,3,40,6|-1,1,1,1,1,1,1,-1,-1,1,1,1,1,1,1,1,1,1,1,1,1,1,1,1,-1,1,1,1,1,-1,-1,-1,-1,1,-1,1,1,1,1,1,1,1,-1|./seeds/seed_000.json
1,24,17,23,19,25,21,26,29,31,32,14,27,30,20,22,15,28,18,33,35,36,16,13,34,37,5,9,2,8,12,0,39,42,38,10,4,7,41,11,6,40,3|-1,1,1,1,1,1,1,1,1,1,1,1,1,1,1,1,1,1,1,1,1,1,1,-1,1,1,-1,-1,1,1,1,-1,1,1,1,-1,-1,-1,1,-1,1,1,1|./seeds/seed_005.txt
0,13,1,10,11,4,12,8,9,5,41,42,40,39,15,38,16,28,36,7,6,37,30,20,33,3,25,31,34,32,22,27,21,14,19,17,26,35,29,24,18,23,2|-1,1,-1,1,1,1,1,1,1,1,-1,-1,-1,-1,1,-1,-1,-1,1,1,1,1,-1,-1,1,1,1,-1,-1,-1,-1,-1,-1,-1,1,-1,1,1,-1,1,1,1,-1|./seeds/seed_004.json
0,1,13,10,4,11,12,8,9,41,42,40,39,5,38,28,16,15,36,30,20,31,32,37,21,7,22,33,34,27,14,29,17,6,25,3,35,26,2,19,18,23,24|-1,-1,1,1,1,1,1,1,1,-1,-1,-1,-1,1,-1,-1,-1,1,1,-1,-1,-1,-1,1,-1,1,-1,1,-1,-1,-1,-1,-1,1,1,1,1,1,-1,1,1,-1,1|./seeds/seed_001.json
3,1,2,0,32,21,42,29,15,4,27,19,31,39,41,40,38,14,30,22,24,23,5,20,17,26,28,7,25,12,36,9,8,34,18,6,33,11,10,16,35,13,37|-1,-1,-1,-1,1,1,-1,1,1,-1,1,1,1,-1,-1,-1,-1,1,1,1,1,1,-1,1,1,1,1,-1,1,1,1,-1,1,-1,1,-1,1,1,-1,-1,1,-1,-1|./seeds/seed_004.json
3,1,2,0,4,32,21,42,29,27,15,31,19,39,40,14,38,41,30,22,24,23,5,20,17,28,26,7,25,9,12,36,34,8,6,18,33,10,16,11,13,35,37|-1,-1,-1,-1,-1,1,1,-1,1,1,1,1,1,-1,-1,1,-1,-1,1,1,1,1,-1,1,1,1,1,-1,1,-1,1,1,-1,1,-1,1,1,-1,-1,1,-1,1,-1|./seeds/seed_002.json
2,3,0,4,5,1,10,11,9,13,7,6,12,8,17,16,28,23,24,42,18,30,19,34,14,39,31,22,40,21,26,20,27,25,29,37,38,35,41,32,15,33,36|-1,-1,-1,-1,-1,-1,-1,-1,-1,-1,-1,-1,-1,-1,-1,-1,-1,-1,-1,-1,-1,-1,-1,-1,-1,-1,-1,-1,-1,-1,-1,-1,-1,-1,-1,-1,-1,-1,-1,-1,-1,-1,-1|./seeds/seed_005.txt
2,3,4,0,1,5,10,11,13,9,7,12,6,8,17,23,18,16,34,28,24,42,40,39,26,25,19,31,30,14,22,21,37,35,20,38,33,27,15,41,29,32,36|-1,-1,-1,-1,-1,-1,-1,-1,-1,-1,-1,-1,-1,-1,-1,-1,-1,-1,-1,-1,-1,-1,-1,-1,-1,-1,-1,-1,-1,-1,-1,-1,-1,-1,-1,-1,-1,-1,-1,-1,-1,-1,-1|./seeds/seed_006.json
1,0,11,13,10,9,3,2,7,6,12,8,5,17,27,21,19,22,23,29,28,24,31,32,14,30,16,18,20,26,25,15,35,36,42,37,33,39,34,41,40,38,4|-1,-1,1,1,1,1,-1,-1,1,1,1,1,1,1,1,1,1,1,1,1,1,1,1,1,1,1,1,1,1,1,1,1,1,1,1,1,1,1,1,1,1,1,-1|./seeds/seed_000.json
1,0,11,10,13,9,7,12,6,3,2,8,5,27,17,21,19,22,23,28,29,24,32,14,31,16,30,20,18,26,25,15,35,36,37,42,33,39,34,41,38,40,4|-1,-1,1,1,1,1,1,1,1,-1,-1,1,1,1,1,1,1,1,1,1,1,1,1,1,1,1,1,1,1,1,1,1,1,1,1,1,1,1,1,1,1,1,1|./seeds/seed_001.json
9,10,11,13,6,7,31,5,14,22,21,28,27,30,29,17,20,23,32,8,19,12,24,16,18,1,26,25,3,41,0,34,42,15,39,38,40,2,36,35,37,33,4|-1,-1,-1,-1,-1,-1,-1,-1,-1,-1,-1,-1,-1,-1,-1,-1,-1,-1,-1,-1,-1,-1,-1,-1,-1,1,-1,-1,1,-1,-1,-1,-1,-1,-1,-1,-1,1,-1,-1,-1,-1,-1|./seeds/seed_008.json
9,11,10,13,7,6,31,5,14,28,17,21,23,22,27,30,19,32,29,20,16,8,12,24,18,41,26,25,42,39,34,0,38,40,1,15,3,36,37,35,33,4,2|-1,-1,-1,-1,-1,-1,-1,-1,-1,-1,-1,-1,-1,-1,-1,-1,-1,-1,-1,-1,-1,-1,-1,-1,-1,-1,-1,-1,-1,-1,-1,-1,-1,-1,1,-1,1,-1,-1,-1,-1,-1,1|./seeds/seed_010.json
2,3,4,0,11,10,9,5,6,7,12,13,23,28,8,19,16,17,14,18,24,30,20,27,31,21,34,25,26,42,22,35,37,39,29,38,41,32,40,15,33,36,1|-1,-1,-1,-1,-1,-1,-1,-1,-1,-1,-1,-1,-1,-1,-1,-1,-1,-1,-1,-1,-1,-1,-1,-1,-1,-1,-1,-1,-1,-1,-1,-1,-1,-1,-1,-1,-1,-1,-1,-1,-1,-1,-1|./seeds/seed_008.json
2,3,4,0,11,10,9,5,6,12,23,7,19,8,28,17,24,14,18,30,13,16,31,27,20,21,22,26,35,25,34,37,29,32,15,42,39,33,38,41,40,36,1|-1,-1,-1,-1,-1,-1,-1,-1,-1,-1,-1,-1,-1,-1,-1,-1,-1,-1,-1,-1,-1,-1,-1,-1,-1,-1,-1,-1,-1,-1,-1,-1,-1,-1,-1,-1,-1,-1,-1,-1,-1,-1,-1|./seeds/seed_009.json
3,1,32,22,2,21,0,4,27,28,29,37,31,20,35,34,36,30,14,33,42,17,18,8,41,39,10,40,25,12,38,23,24,19,7,26,6,15,9,13,16,5,11|-1,-1,1,1,-1,1,-1,-1,1,1,1,-1,1,1,-1,-1,-1,1,1,-1,-1,1,-1,-1,-1,-1,-1,-1,-1,-1,-1,1,1,1,-1,-1,-1,-1,-1,-1,1,-1,1|./seeds/seed_009.json
1,0,3,2,4,32,22,21,27,29,28,20,31,30,17,14,19,23,24,34,37,41,40,42,39,38,36,16,35,11,6,26,33,9,7,13,12,5,10,18,15,25,8|-1,-1,-1,-1,-1,1,1,1,1,1,1,1,1,1,1,1,1,1,1,-1,-1,-1,-1,-1,-1,-1,-1,1,-1,1,1,1,-1,1,1,1,1,-1,-1,-1,1,1,1|./seeds/seed_000.json
0,4,5,1,11,10,2,7,9,6,8,13,3,28,20,12,26,14,16,24,42,31,27,23,41,17,30,39,32,18,34,21,19,25,29,22,38,40,37,36,35,15,33|-1,-1,-1,-1,-1,-1,-1,-1,-1,-1,-1,-1,-1,-1,-1,-1,-1,-1,-1,-1,-1,-1,-1,-1,-1,-1,-1,-1,-1,-1,-1,-1,-1,-1,-1,-1,-1,-1,-1,-1,-1,-1,-1|./seeds/seed_005.txt
0,4,1,10,2,5,11,3,9,7,6,13,8,12,26,28,42,20,16,14,41,34,24,39,23,25,18,31,30,19,32,27,17,21,29,38,37,22,40,36,35,33,15|-1,-1,-1,-1,-1,-1,-1,-1,-1,-1,-1,-1,-1,-1,-1,-1,-1,-1,-1,-1,-1,-1,-1,-1,-1,-1,-1,-1,-1,-1,-1,-1,-1,-1,-1,-1,-1,-1,-1,-1,-1,-1,-1|./seeds/seed_004.json
1,3,32,21,2,0,29,42,31,27,19,15,30,4,22,24,39,14,41,23,38,17,20,40,5,28,26,7,9,25,34,36,12,8,6,18,10,13,33,11,35,16,37|-1,-1,1,1,-1,-1,1,-1,1,1,1,1,1,-1,1,1,-1,1,-1,1,-1,1,1,-1,-1,1,1,-1,-1,1,-1,1,1,1,-1,1,-1,-1,1,1,1,-1,-1|./seeds/seed_007.json
42,32,21,29,39,41,27,1,31,3,40,15,38,22,30,19,14,0,24,2,20,34,7,23,17,9,4,5,28,26,6,25,12,36,8,11,16,35,10,37,18,13,33|-1,1,1,1,-1,-1,1,-1,1,-1,-1,1,-1,1,1,1,1,-1,1,-1,1,-1,-1,1,1,-1,-1,-1,1,1,-1,1,1,1,1,1,-1,-1,-1,-1,1,-1,-1|./seeds/seed_009.json
1,0,2,3,42,4,41,39,40,6,34,38,16,35,23,7,33,18,37,17,28,26,9,19,12,25,24,36,20,10,8,27,11,22,14,30,31,32,15,21,5,13,29|-1,-1,-1,-1,1,-1,1,1,1,1,1,1,1,1,1,1,1,1,1,1,1,1,1,1,1,1,1,1,1,1,1,1,1,1,1,1,1,1,-1,1,1,-1,1|./seeds/seed_001.json
1,0,2,3,42,4,41,39,40,38,34,16,6,35,23,18,37,7,33,17,26,28,36,25,19,9,12,24,20,22,10,14,11,27,8,30,31,32,21,15,5,29,13|-1,-1,-1,-1,1,-1,1,1,1,1,1,1,1,1,1,1,1,1,1,1,1,1,1,1,1,1,1,1,1,1,1,1,1,1,1,1,1,1,1,-1,1,1,-1|./seeds/seed_002.json
1,32,21,14,22,31,28,27,23,24,17,29,30,19,20,3,26,25,16,2,18,0,15,4,12,8,11,35,33,36,6,37,34,7,10,38,42,39,40,41,9,5,13|-1,1,1,1,1,1,1,1,1,1,1,1,1,1,1,-1,1,1,1,-1,1,-1,1,-1,1,1,1,1,1,1,1,1,1,1,1,1,1,1,1,1,1,1,-1|./seeds/seed_008.json
1,32,28,21,27,14,31,22,23,17,24,30,29,20,19,3,26,16,25,2,18,11,0,8,12,6,15,4,7,35,37,33,10,34,36,42,38,5,39,9,40,41,13|-1,1,1,1,1,1,1,1,1,1,1,1,1,1,1,-1,1,1,1,-1,1,1,-1,1,1,1,1,-1,1,1,1,1,1,1,1,1,1,1,1,1,1,1,1|./seeds/seed_009.json
1,11,10,9,13,7,6,12,8,5,3,2,27,19,21,17,23,22,32,28,14,31,0,20,24,30,29,26,25,16,18,15,34,35,33,37,36,42,38,39,41,40,4|-1,1,1,1,1,1,1,1,1,1,-1,-1,1,1,1,1,1,1,1,1,1,1,-1,1,1,1,1,1,1,1,1,1,1,1,1,1,1,1,1,1,1,1,-1|./seeds/seed_006.json
11,9,10,13,7,6,5,22,31,1,14,27,21,32,17,20,28,23,29,12,30,19,8,24,16,26,25,18,38,15,34,3,39,42,41,35,33,37,40,4,36,2,0|1,1,1,1,1,1,1,1,1,-1,1,1,1,1,1,1,1,1,1,1,1,1,1,1,1,1,1,1,1,1,1,-1,1,1,1,1,1,1,1,1,1,-1,1|./seeds/seed_008.json
9,13,7,5,3,11,1,2,6,10,42,15,36,16,28,39,41,38,40,22,0,37,27,25,33,35,20,31,4,30,21,32,26,12,29,18,8,14,24,17,19,23,34|1,1,1,1,-1,1,-1,-1,1,1,1,-1,-1,1,1,1,1,1,1,1,-1,-1,1,-1,-1,-1,1,1,-1,1,1,1,-1,1,1,-1,1,1,-1,1,-1,-1,1|./seeds/seed_004.json
9,5,7,13,3,1,11,6,2,10,42,28,36,15,16,41,39,38,40,22,27,20,0,31,37,4,33,21,35,30,32,25,29,14,17,12,8,26,18,24,34,23,19|1,1,1,1,-1,-1,1,1,-1,1,1,1,-1,-1,1,1,1,1,1,1,1,1,-1,1,-1,-1,-1,1,-1,1,1,-1,1,1,1,1,1,-1,-1,-1,1,1,-1|./seeds/seed_005.txt
0,1,4,10,5,2,7,3,11,6,34,42,13,41,16,9,8,12,26,38,17,37,18,30,14,23,40,39,24,31,20,21,25,28,19,27,22,33,35,36,29,15,32|-1,-1,-1,-1,-1,-1,-1,-1,-1,-1,-1,-1,-1,-1,-1,-1,-1,-1,-1,-1,-1,-1,-1,-1,-1,-1,-1,-1,-1,-1,-1,-1,-1,-1,-1,-1,-1,-1,-1,-1,-1,-1,-1|./seeds/seed_000.json
4,0,10,5,11,2,7,9,6,13,3,8,16,12,17,34,23,14,20,27,26,31,30,1,19,28,42,21,18,24,22,41,29,25,38,40,37,32,39,35,15,33,36|-1,-1,-1,-1,-1,-1,-1,-1,-1,-1,-1,-1,-1,-1,-1,-1,-1,-1,-1,-1,-1,-1,-1,-1,-1,-1,-1,-1,-1,-1,-1,-1,-1,-1,-1,-1,-1,-1,-1,-1,-1,-1,-1|./seeds/seed_007.json
2,3,0,4,5,1,10,11,9,13,7,6,12,8,17,16,28,23,24,42,18,30,19,34,14,39,31,22,40,21,26,20,27,25,29,37,38,35,41,32,15,33,36|-1,-1,-1,-1,-1,-1,-1,-1,-1,-1,-1,-1,-1,-1,-1,-1,-1,-1,-1,-1,-1,-1,-1,-1,-1,-1,-1,-1,-1,-1,-1,-1,-1,-1,-1,-1,-1,-1,-1,-1,-1,-1,-1|./seeds/seed_005.txt
2,4,3,10,0,5,12,9,11,23,17,24,8,6,19,7,14,28,18,13,30,16,27,26,22,20,21,31,25,34,29,37,32,35,15,42,39,33,40,36,38,41,1|-1,-1,-1,-1,-1,-1,-1,-1,-1,-1,-1,-1,-1,-1,-1,-1,-1,-1,-1,-1,-1,-1,-1,-1,-1,-1,-1,-1,-1,-1,-1,-1,-1,-1,-1,-1,-1,-1,-1,-1,-1,-1,-1|./seeds/seed_009.json
3,1,2,0,4,32,21,42,29,27,15,31,19,39,40,14,38,41,30,22,24,23,5,20,17,28,26,7,25,9,12,36,34,8,6,18,33,10,16,11,13,35,37|-1,-1,-1,-1,-1,1,1,-1,1,1,1,1,1,-1,-1,1,-1,-1,1,1,1,1,-1,1,1,1,1,-1,1,-1,1,1,-1,1,-1,1,1,-1,-1,1,-1,1,-1|./seeds/seed_002.json
3,2,1,0,4,32,21,42,29,27,15,19,41,31,39,38,40,22,30,14,5,24,23,20,17,28,26,7,9,25,12,34,36,8,6,18,10,33,16,13,11,37,35|-1,-1,-1,-1,-1,1,1,-1,1,1,1,1,-1,1,-1,-1,-1,1,1,1,-1,1,1,1,1,1,1,-1,-1,1,1,-1,1,1,-1,1,-1,1,-1,-1,1,-1,1|./seeds/seed_000.json
1,0,3,2,4,28,22,27,20,16,21,32,30,29,17,31,42,14,6,7,38,40,19,41,39,23,24,9,34,26,11,18,36,25,5,15,37,10,12,35,33,8,13|-1,-1,-1,-1,-1,1,1,1,1,1,1,1,1,1,1,1,1,1,1,1,1,1,1,1,1,1,1,1,1,1,1,1,-1,1,1,-1,-1,1,1,1,1,1,-1|./seeds/seed_002.json
1,3,2,0,28,4,20,22,16,27,21,32,31,30,17,29,14,42,6,41,40,39,23,19,38,24,7,34,26,18,9,11,25,36,5,13,35,15,33,8,37,12,10|-1,-1,-1,-1,1,-1,1,1,1,1,1,1,1,1,1,1,1,1,1,1,1,1,1,1,1,1,1,1,1,1,1,1,1,-1,1,-1,1,-1,1,-1,-1,-1,1|./seeds/seed_007.json
1,0,3,2,32,27,21,29,19,22,30,31,4,24,42,15,14,17,20,23,39,41,40,28,38,26,25,5,12,36,7,8,9,34,11,18,33,13,35,6,10,37,16|-1,-1,-1,-1,1,1,1,1,1,1,1,1,-1,1,-1,1,1,1,1,1,-1,-1,-1,1,-1,1,1,-1,1,1,-1,1,-1,-1,1,1,1,-1,1,-1,-1,1,1|./seeds/seed_007.json
1,0,3,2,27,32,21,29,19,4,42,24,31,30,15,22,17,39,14,40,20,41,38,23,12,26,28,25,8,36,5,11,7,34,33,18,35,9,6,37,10,16,13|-1,-1,-1,-1,1,1,1,1,1,-1,-1,1,1,1,1,1,1,-1,1,-1,1,-1,-1,1,1,1,1,1,1,1,-1,1,-1,-1,1,1,1,-1,-1,1,1,-1,-1|./seeds/seed_003.json
11,9,10,7,13,6,5,14,31,17,23,22,28,27,19,12,20,32,21,8,29,30,1,24,16,26,25,18,38,34,42,39,41,35,15,4,37,40,33,36,3,0,2|1,1,1,1,1,1,1,1,1,1,1,1,1,1,1,1,1,1,1,1,1,1,-1,1,1,1,1,1,1,1,1,1,1,1,1,1,1,1,1,1,-1,1,-1|./seeds/seed_010.json
11,9,10,7,13,6,5,31,22,14,1,27,28,17,21,32,20,19,23,29,30,24,12,8,16,26,25,18,38,34,15,42,39,41,3,35,40,37,33,4,36,2,0|1,1,1,1,1,1,1,1,1,1,-1,1,1,1,1,1,1,1,1,1,1,1,1,1,1,1,1,1,1,1,1,1,1,1,-1,1,1,1,1,1,1,-1,1|./seeds/seed_009.json
0,13,4,42,10,41,8,11,12,1,40,39,28,16,38,9,15,20,36,30,27,31,21,32,3,22,5,14,34,17,37,29,33,25,35,23,7,2,19,26,24,6,18|-1,1,1,-1,1,-1,1,1,1,-1,-1,-1,-1,-1,-1,1,1,-1,1,-1,-1,-1,-1,-1,1,-1,1,-1,-1,-1,1,-1,1,1,1,-1,1,1,1,1,-1,-1,1|./seeds/seed_007.json
42,41,0,4,13,39,40,28,16,38,8,15,12,10,36,1,3,20,11,30,22,31,17,32,21,27,14,34,9,29,6,37,7,33,23,25,35,2,5,24,18,26,19|-1,-1,-1,1,1,-1,-1,-1,-1,-1,1,1,1,1,1,-1,1,-1,1,-1,-1,-1,-1,-1,-1,-1,-1,-1,1,-1,-1,1,-1,1,-1,1,1,1,1,-1,-1,-1,1|./seeds/seed_008.json
2,3,4,0,5,11,10,9,13,7,6,12,23,16,24,8,18,14,28,42,20,27,1,22,26,38,19,30,25,21,29,32,17,37,35,31,40,34,39,33,15,41,36|1,1,1,1,1,1,1,1,1,1,1,1,1,1,1,1,1,1,1,1,1,1,1,1,1,1,1,1,1,1,1,1,1,1,1,1,1,1,1,1,1,1,1|./seeds/seed_005.txt
2,3,4,0,5,1,10,11,16,9,6,23,42,13,18,12,26,37,24,7,8,38,35,14,34,40,39,27,25,33,20,22,19,28,17,30,21,29,31,32,15,41,36|1,1,1,1,1,1,1,1,1,1,1,1,1,1,1,1,1,1,1,1,1,1,1,1,1,1,1,1,1,1,1,1,1,1,1,1,1,1,1,1,1,1,1|./seeds/seed_001.json
11,1,9,13,10,7,5,6,28,12,21,14,22,31,19,29,23,24,27,17,8,20,32,30,16,26,18,4,25,35,36,15,34,41,42,39,37,38,0,40,33,3,2|1,-1,1,1,1,1,1,1,1,1,1,1,1,1,1,1,1,1,1,1,1,1,1,1,1,1,1,1,1,1,1,1,1,1,1,1,1,1,-1,1,1,-1,-1|./seeds/seed_010.json
1,11,9,10,13,7,12,6,17,8,21,28,5,19,29,27,32,22,31,14,23,24,30,0,20,16,3,26,18,25,2,35,15,36,34,42,37,39,33,41,40,38,4|-1,1,1,1,1,1,1,1,1,1,1,1,1,1,1,1,1,1,1,1,1,1,1,-1,1,1,-1,1,1,1,-1,1,1,1,1,1,1,1,1,1,1,1,1|./seeds/seed_007.json
0,1,2,14,10,16,7,17,6,34,28,30,42,31,18,20,11,24,27,23,19,8,39,32,38,25,3,29,40,22,12,13,9,26,41,21,37,35,33,15,36,5,4|1,1,1,1,1,1,1,1,1,1,1,1,1,1,1,1,1,1,1,1,1,1,1,1,1,1,1,1,1,1,1,1,1,1,1,1,1,1,1,1,1,1,-1|./seeds/seed_001.json
0,1,2,10,14,7,16,17,28,11,8,24,34,6,30,18,3,31,23,19,20,25,12,32,27,13,39,42,9,38,22,29,26,40,35,37,21,33,41,36,15,5,4|1,1,1,1,1,1,1,1,1,1,1,1,1,1,1,1,1,1,1,1,1,1,1,1,1,1,1,1,1,1,1,1,1,1,1,1,1,1,1,1,1,1,1|./seeds/seed_004.json
1,24,17,23,19,25,21,26,29,31,32,14,27,30,20,22,15,28,18,33,35,36,16,13,34,37,5,9,2,8,12,0,39,42,38,10,4,7,41,11,6,40,3|-1,1,1,1,1,1,1,1,1,1,1,1,1,1,1,1,1,1,1,1,1,1,1,-1,1,1,-1,-1,1,1,1,-1,1,1,1,-1,-1,-1,1,-1,1,1,1|./seeds/seed_005.txt
1,17,23,19,24,25,26,13,5,29,33,21,30,31,14,27,32,15,35,36,18,20,22,28,9,34,16,37,2,0,11,10,7,8,4,39,42,12,38,41,3,40,6|-1,1,1,1,1,1,1,-1,-1,1,1,1,1,1,1,1,1,1,1,1,1,1,1,1,-1,1,1,1,1,-1,-1,-1,-1,1,-1,1,1,1,1,1,1,1,-1|./seeds/seed_000.json
0,10,7,11,9,6,16,2,13,5,28,8,27,31,14,24,17,12,21,20,23,32,22,19,42,18,30,34,41,26,3,39,38,25,1,29,37,40,35,33,36,15,4|-1,-1,-1,-1,-1,-1,-1,-1,-1,-1,-1,-1,-1,-1,-1,-1,-1,-1,-1,-1,-1,-1,-1,-1,-1,-1,-1,-1,-1,-1,-1,-1,-1,-1,-1,-1,-1,-1,-1,-1,-1,-1,-1|./seeds/seed_007.json
0,1,2,7,10,16,3,11,6,9,34,18,14,28,8,31,23,20,13,27,42,17,24,19,39,12,41,32,25,30,22,38,21,37,26,40,35,33,5,29,36,15,4|-1,-1,-1,-1,-1,-1,-1,-1,-1,-1,-1,-1,-1,-1,-1,-1,-1,-1,-1,-1,-1,-1,-1,-1,-1,-1,-1,-1,-1,-1,-1,-1,-1,-1,-1,-1,-1,-1,-1,-1,-1,-1,-1|./seeds/seed_006.json
0,2,3,4,11,10,5,28,19,23,24,17,27,12,6,16,14,8,31,22,18,20,21,7,30,9,25,29,26,1,32,34,37,15,35,42,13,36,33,38,41,39,40|1,1,1,1,1,1,1,1,1,1,1,1,1,1,1,1,1,1,1,1,1,1,1,1,1,1,1,1,1,1,1,1,1,1,1,1,1,1,1,1,1,1,1|./seeds/seed_010.json
0,1,2,3,4,5,42,39,40,34,10,6,38,18,7,41,11,16,28,37,35,9,14,23,36,25,8,12,17,20,13,26,24,31,19,15,33,30,22,27,21,29,32|1,1,1,1,1,1,1,1,1,1,1,1,1,1,1,1,1,1,1,1,1,1,1,1,1,1,1,1,1,1,1,1,1,1,1,1,1,1,1,1,1,1,1|./seeds/seed_001.json
42,1,41,38,39,40,0,2,3,34,4,16,6,15,7,35,37,9,18,21,29,5,33,28,13,26,27,32,31,19,17,23,10,12,8,30,11,24,20,14,22,36,25|1,-1,1,1,1,1,-1,-1,-1,1,-1,1,1,-1,1,1,1,1,1,-1,-1,1,1,1,-1,1,-1,-1,-1,-1,1,1,1,-1,-1,-1,-1,-1,1,-1,-1,1,1|./seeds/seed_009.json
1,0,2,3,42,4,41,39,38,40,34,16,6,35,23,18,7,37,33,17,26,28,9,36,25,19,12,20,24,22,10,14,11,8,30,27,21,31,32,15,5,13,29|-1,-1,-1,-1,1,-1,1,1,1,1,1,1,1,1,1,1,1,1,1,1,1,1,1,1,1,1,1,1,1,1,1,1,1,1,1,1,1,1,1,-1,1,-1,1|./seeds/seed_003.json
0,1,4,5,2,10,11,3,7,6,42,9,8,41,39,13,26,34,16,38,28,12,20,40,18,30,24,14,25,23,27,31,17,37,21,29,32,19,36,22,33,35,15|-1,-1,-1,-1,-1,-1,-1,-1,-1,-1,-1,-1,-1,-1,-1,-1,-1,-1,-1,-1,-1,-1,-1,-1,-1,-1,-1,-1,-1,-1,-1,-1,-1,-1,-1,-1,-1,-1,-1,-1,-1,-1,-1|./seeds/seed_000.json
0,4,10,11,5,6,9,7,2,23,8,28,12,19,14,20,16,17,21,24,18,26,31,32,27,30,3,13,22,34,29,25,42,41,39,35,38,37,15,33,40,36,1|-1,-1,-1,-1,-1,-1,-1,-1,-1,-1,-1,-1,-1,-1,-1,-1,-1,-1,-1,-1,-1,-1,-1,-1,-1,-1,-1,-1,-1,-1,-1,-1,-1,-1,-1,-1,-1,-1,-1,-1,-1,-1,-1|./seeds/seed_009.json
0,4,2,1,5,3,10,11,9,7,6,13,8,12,26,16,20,28,23,41,42,34,24,39,14,25,18,31,19,30,32,27,29,17,21,37,22,38,40,35,33,36,15|-1,-1,-1,-1,-1,-1,-1,-1,-1,-1,-1,-1,-1,-1,-1,-1,-1,-1,-1,-1,-1,-1,-1,-1,-1,-1,-1,-1,-1,-1,-1,-1,-1,-1,-1,-1,-1,-1,-1,-1,-1,-1,-1|./seeds/seed_006.json
0,4,1,2,5,10,11,3,9,6,7,13,8,12,26,42,41,28,20,16,39,34,14,24,23,25,18,38,27,19,17,30,31,32,29,37,40,21,22,36,33,35,15|-1,-1,-1,-1,-1,-1,-1,-1,-1,-1,-1,-1,-1,-1,-1,-1,-1,-1,-1,-1,-1,-1,-1,-1,-1,-1,-1,-1,-1,-1,-1,-1,-1,-1,-1,-1,-1,-1,-1,-1,-1,-1,-1|./seeds/seed_003.json
2,3,4,0,5,10,9,11,1,13,6,7,8,12,28,37,42,17,18,20,23,25,19,16,39,38,35,34,24,31,26,30,22,41,14,40,27,29,21,15,33,32,36|-1,-1,-1,-1,-1,-1,-1,-1,-1,-1,-1,-1,-1,-1,-1,-1,-1,-1,-1,-1,-1,-1,-1,-1,-1,-1,-1,-1,-1,-1,-1,-1,-1,-1,-1,-1,-1,-1,-1,-1,-1,-1,-1|./seeds/seed_003.json
2,3,4,0,5,1,10,9,11,6,7,13,42,28,12,8,37,18,16,20,17,23,25,39,38,24,35,30,22,19,26,31,34,14,41,40,27,21,15,29,33,32,36|-1,-1,-1,-1,-1,-1,-1,-1,-1,-1,-1,-1,-1,-1,-1,-1,-1,-1,-1,-1,-1,-1,-1,-1,-1,-1,-1,-1,-1,-1,-1,-1,-1,-1,-1,-1,-1,-1,-1,-1,-1,-1,-1|./seeds/seed_001.json
2,3,4,5,11,10,12,9,8,13,7,6,19,26,17,18,23,29,24,27,37,25,20,31,35,15,16,14,28,32,22,39,30,33,21,36,34,42,38,1,0,40,41|1,1,1,1,1,1,1,1,1,1,1,1,1,1,1,1,1,1,1,1,1,1,1,1,1,1,1,1,1,1,1,1,1,1,1,1,1,1,1,-1,-1,1,1|./seeds/seed_002.json
2,3,4,11,10,5,9,12,19,7,8,23,6,13,18,17,31,24,26,27,14,20,28,29,32,22,16,21,35,25,30,37,15,34,39,36,33,38,42,0,40,41,1|1,1,1,1,1,1,1,1,1,1,1,1,1,1,1,1,1,1,1,1,1,1,1,1,1,1,1,1,1,1,1,1,1,1,1,1,1,1,1,1,1,1,1|./seeds/seed_009.json
1,11,9,10,13,7,12,6,17,8,21,28,5,19,29,27,32,22,31,14,23,24,30,0,20,16,3,26,18,25,2,35,15,36,34,42,37,39,33,41,40,38,4|-1,1,1,1,1,1,1,1,1,1,1,1,1,1,1,1,1,1,1,1,1,1,1,-1,1,1,-1,1,1,1,-1,1,1,1,1,1,1,1,1,1,1,1,1|./seeds/seed_007.json
11,1,9,13,10,7,5,6,28,12,21,14,22,31,19,29,23,24,27,17,8,20,32,30,16,26,18,4,25,35,36,15,34,41,42,39,37,38,0,40,33,3,2|1,-1,1,1,1,1,1,1,1,1,1,1,1,1,1,1,1,1,1,1,1,1,1,1,1,1,1,1,1,1,1,1,1,1,1,1,1,1,-1,1,1,-1,-1|./seeds/seed_010.json
1,9,0,13,5,7,11,6,10,3,2,28,42,36,22,16,39,41,20,15,38,32,37,27,31,30,40,21,33,29,8,12,35,17,25,4,14,26,18,34,23,19,24|-1,1,-1,1,1,1,1,1,1,-1,-1,1,1,-1,1,1,1,1,1,-1,1,1,-1,1,1,1,1,1,-1,1,1,1,-1,1,-1,-1,1,-1,-1,-1,1,1,-1|./seeds/seed_003.json
1,9,0,13,5,7,11,6,10,3,2,28,42,36,16,22,39,41,15,20,38,37,32,40,33,27,31,21,30,12,8,29,35,4,25,17,14,26,18,34,23,19,24|-1,1,-1,1,1,1,1,1,1,-1,-1,1,1,-1,1,1,1,1,-1,1,1,-1,1,1,-1,1,1,1,1,1,1,1,-1,-1,-1,1,1,-1,-1,-1,1,1,-1|./seeds/seed_002.json
9,5,7,13,3,1,11,6,2,10,42,28,36,15,16,41,39,38,40,22,27,20,0,31,37,4,33,21,35,30,32,25,29,14,17,12,8,26,18,24,34,23,19|1,1,1,1,-1,-1,1,1,-1,1,1,1,-1,-1,1,1,1,1,1,1,1,1,-1,1,-1,-1,-1,1,-1,1,1,-1,1,1,1,1,1,-1,-1,-1,1,1,-1|./seeds/seed_005.txt
9,13,5,7,3,2,11,1,6,10,42,15,36,39,16,28,38,41,0,4,40,37,22,35,33,25,27,20,31,21,30,32,26,29,18,24,12,17,14,8,19,23,34|1,1,1,1,-1,-1,1,-1,1,1,1,-1,-1,1,1,1,1,1,-1,-1,1,-1,1,-1,-1,-1,1,1,1,1,1,1,-1,1,-1,-1,1,1,1,1,-1,-1,1|./seeds/seed_002.json
1,0,11,10,13,9,5,8,12,6,7,4,19,23,27,29,21,17,28,31,24,30,22,25,32,26,20,14,16,18,15,36,37,35,33,34,42,38,41,39,40,2,3|-1,-1,1,1,1,1,1,1,1,1,1,1,1,1,1,1,1,1,1,1,1,1,1,1,1,1,1,1,1,1,1,1,1,1,1,1,1,1,1,1,1,-1,1|./seeds/seed_002.json
1,11,10,13,0,9,5,8,12,7,6,4,19,23,21,27,28,17,29,31,22,30,24,32,26,25,20,14,16,18,15,35,37,36,33,34,42,38,41,39,40,2,3|-1,1,1,1,-1,1,1,1,1,1,1,1,1,1,1,1,1,1,1,1,1,1,1,1,1,1,1,1,1,1,1,1,1,1,1,1,1,1,1,1,1,-1,-1|./seeds/seed_004.json
4,10,0,11,5,6,9,23,7,17,2,19,16,14,12,8,31,20,24,27,30,26,34,21,18,13,28,3,29,25,22,32,42,37,35,41,38,15,40,39,33,36,1|-1,-1,-1,-1,-1,-1,-1,-1,-1,-1,-1,-1,-1,-1,-1,-1,-1,-1,-1,-1,-1,-1,-1,-1,-1,-1,-1,-1,-1,-1,-1,-1,-1,-1,-1,-1,-1,-1,-1,-1,-1,-1,-1|./seeds/seed_009.json
0,4,10,1,11,2,5,3,13,6,7,9,8,12,34,16,26,14,17,23,18,42,31,41,20,37,24,30,25,19,28,21,27,38,39,22,29,35,33,40,32,15,36|-1,-1,-1,-1,-1,-1,-1,-1,-1,-1,-1,-1,-1,-1,-1,-1,-1,-1,-1,-1,-1,-1,-1,-1,-1,-1,-1,-1,-1,-1,-1,-1,-1,-1,-1,-1,-1,-1,-1,-1,-1,-1,-1|./seeds/seed_004.json
1,0,19,24,23,17,21,32,27,25,26,30,22,14,31,29,3,18,15,36,28,20,35,37,33,2,12,8,34,16,5,13,9,4,6,38,42,7,39,11,40,41,10|-1,-1,1,1,1,1,1,1,1,1,1,1,1,1,1,1,-1,1,1,1,1,1,1,1,1,-1,1,1,1,1,-1,-1,-1,-1,1,1,1,-1,1,1,-1,1,-1|./seeds/seed_000.json
1,24,19,23,17,27,21,32,25,14,26,31,22,29,30,0,15,18,20,36,28,35,33,37,12,3,8,16,34,2,5,13,6,9,42,38,11,39,10,41,4,7,40|-1,1,1,1,1,1,1,1,1,1,1,1,1,1,1,-1,1,1,1,1,1,1,1,1,1,-1,1,1,1,-1,-1,-1,1,-1,1,1,1,1,1,1,-1,-1,1|./seeds/seed_004.json
1,0,3,2,4,32,22,21,29,27,28,31,20,30,17,14,19,23,24,34,37,42,40,41,36,39,35,38,11,33,16,26,6,9,15,13,12,18,7,10,5,25,8|-1,-1,-1,-1,-1,1,1,1,1,1,1,1,1,1,1,1,1,1,1,-1,-1,-1,-1,-1,-1,-1,-1,-1,1,-1,1,1,1,1,1,1,1,-1,1,-1,-1,1,-1|./seeds/seed_003.json
3,1,32,22,21,0,2,4,29,27,28,31,20,37,34,30,35,14,36,42,17,33,10,41,8,39,40,18,23,12,38,24,19,25,7,9,6,13,5,11,26,16,15|-1,-1,1,1,1,-1,-1,-1,1,1,1,1,1,-1,-1,1,-1,1,-1,-1,1,-1,-1,-1,-1,-1,-1,-1,1,-1,-1,1,1,-1,-1,-1,-1,-1,-1,-1,-1,1,-1|./seeds/seed_008.json
0,2,3,1,36,15,25,5,4,35,19,33,26,42,39,8,12,37,24,41,40,38,18,23,9,7,14,17,21,13,29,6,27,16,31,32,28,30,34,20,11,22,10|-1,-1,-1,-1,1,1,1,-1,-1,1,1,1,1,-1,-1,1,1,1,1,-1,-1,-1,1,1,-1,-1,1,1,1,-1,1,-1,1,-1,1,1,-1,1,1,1,1,-1,-1|./seeds/seed_002.json
2,0,3,5,36,1,15,25,4,42,9,33,35,19,26,39,7,41,37,24,38,8,40,13,18,23,12,6,14,17,16,29,28,10,21,11,32,34,27,31,30,22,20|-1,-1,-1,-1,1,-1,1,1,-1,-1,-1,1,1,1,1,-1,-1,-1,1,1,-1,1,-1,-1,1,1,1,-1,1,1,-1,1,-1,-1,1,-1,1,1,1,1,1,-1,-1|./seeds/seed_007.json
2,3,4,5,10,11,9,6,7,13,23,8,12,19,28,17,27,20,18,42,16,14,31,22,32,24,0,21,38,30,40,26,34,29,35,25,39,37,41,15,33,36,1|1,1,1,1,1,1,1,1,1,1,1,1,1,1,1,1,1,1,1,1,1,1,1,1,1,1,1,1,1,1,1,1,1,1,1,1,1,1,1,1,1,1,-1|./seeds/seed_008.json
2,3,4,5,10,9,6,42,11,13,8,12,7,23,19,38,18,40,39,28,17,27,16,34,37,0,26,25,31,22,20,41,33,30,15,35,21,14,24,32,29,36,1|1,1,1,1,1,1,1,1,1,1,1,1,1,1,1,1,1,1,1,1,1,1,1,1,1,1,1,1,1,1,1,1,1,1,1,1,1,1,1,1,1,1,1|./seeds/seed_000.json
1,0,3,2,4,28,22,27,20,16,21,32,30,29,17,31,42,14,6,7,38,40,19,41,39,23,24,9,34,26,11,18,36,25,5,15,37,10,12,35,33,8,13|-1,-1,-1,-1,-1,1,1,1,1,1,1,1,1,1,1,1,1,1,1,1,1,1,1,1,1,1,1,1,1,1,1,1,-1,1,1,-1,-1,1,1,1,1,1,-1|./seeds/seed_002.json
1,0,3,2,4,28,22,27,20,21,32,16,29,30,31,17,14,42,6,7,19,41,24,38,23,40,39,9,26,11,34,36,18,5,25,37,15,10,33,12,35,8,13|-1,-1,-1,-1,-1,1,1,1,1,1,1,1,1,1,1,1,1,1,1,1,1,1,1,1,1,1,1,1,1,1,1,-1,1,1,1,-1,-1,1,1,1,1,1,1|./seeds/seed_001.json
2,3,4,10,11,9,5,8,12,6,7,23,17,13,19,14,20,18,24,26,16,28,31,25,30,21,29,32,35,27,22,37,0,15,34,36,33,39,42,38,40,41,1|-1,-1,-1,-1,-1,-1,-1,-1,-1,-1,-1,-1,-1,-1,-1,-1,-1,-1,-1,-1,-1,-1,-1,-1,-1,-1,-1,-1,-1,-1,-1,-1,-1,-1,-1,-1,-1,-1,-1,-1,-1,-1,1|./seeds/seed_009.json
2,3,4,10,5,11,9,13,12,8,7,6,19,23,17,16,31,27,26,28,24,20,14,30,37,25,15,18,35,1,22,42,29,21,32,39,34,40,38,36,0,33,41|-1,-1,-1,-1,-1,-1,-1,-1,-1,-1,-1,-1,-1,-1,-1,-1,-1,-1,-1,-1,-1,-1,-1,-1,-1,-1,-1,-1,-1,1,-1,-1,-1,-1,-1,-1,-1,-1,-1,-1,-1,-1,-1|./seeds/seed_005.txt
13,5,2,9,17,19,23,24,25,26,21,29,35,11,3,30,18,15,32,14,31,27,10,20,7,22,37,33,36,28,34,4,16,1,6,42,38,41,40,39,0,12,8|-1,-1,1,-1,1,1,1,1,1,1,1,1,1,-1,1,1,1,1,1,1,1,1,-1,1,-1,1,1,1,1,1,1,-1,1,-1,-1,1,1,1,1,1,1,1,1|./seeds/seed_002.json
5,13,9,17,19,2,23,24,25,26,35,11,21,30,29,10,15,18,7,14,31,20,32,33,36,22,37,27,3,4,34,28,16,6,1,0,38,42,41,39,40,12,8|-1,-1,-1,1,1,1,1,1,1,1,1,-1,1,1,1,-1,1,1,-1,1,1,1,1,1,1,1,1,1,1,-1,1,1,1,-1,-1,1,1,1,1,1,1,1,1|./seeds/seed_006.json
0,4,1,10,2,5,11,3,9,7,6,13,8,12,26,28,42,20,16,14,41,34,24,39,23,25,18,31,30,19,32,27,17,21,29,38,37,22,40,36,35,33,15|-1,-1,-1,-1,-1,-1,-1,-1,-1,-1,-1,-1,-1,-1,-1,-1,-1,-1,-1,-1,-1,-1,-1,-1,-1,-1,-1,-1,-1,-1,-1,-1,-1,-1,-1,-1,-1,-1,-1,-1,-1,-1,-1|./seeds/seed_004.json
0,11,10,5,14,28,4,23,32,19,20,31,21,17,6,27,9,24,22,30,7,8,16,29,12,2,18,26,13,25,42,34,3,41,39,15,38,37,35,33,36,40,1|-1,-1,-1,-1,-1,-1,-1,-1,-1,-1,-1,-1,-1,-1,-1,-1,-1,-1,-1,-1,-1,-1,-1,-1,-1,-1,-1,-1,-1,-1,-1,-1,-1,-1,-1,-1,-1,-1,-1,-1,-1,-1,-1|./seeds/seed_010.json
0,1,2,3,4,5,42,39,40,41,34,38,6,10,7,18,16,11,37,35,28,36,9,14,8,26,25,13,12,23,33,30,17,20,31,15,24,19,27,22,21,29,32|1,1,1,1,1,1,1,1,1,1,1,1,1,1,1,1,1,1,1,1,1,1,1,1,1,1,1,1,1,1,1,1,1,1,1,1,1,1,1,1,1,1,1|./seeds/seed_000.json
0,2,1,3,4,5,10,11,7,6,18,34,9,42,40,12,39,13,8,16,35,41,28,37,25,23,38,36,20,26,14,31,19,24,17,15,33,30,27,22,29,21,32|1,1,1,1,1,1,1,1,1,1,1,1,1,1,1,1,1,1,1,1,1,1,1,1,1,1,1,1,1,1,1,1,1,1,1,1,1,1,1,1,1,1,1|./seeds/seed_006.json
1,0,3,2,32,27,21,29,19,22,30,31,4,24,42,15,14,17,20,23,39,41,40,28,38,26,25,5,12,36,7,8,9,34,11,18,33,13,35,6,10,37,16|-1,-1,-1,-1,1,1,1,1,1,1,1,1,-1,1,-1,1,1,1,1,1,-1,-1,-1,1,-1,1,1,-1,1,1,-1,1,-1,-1,1,1,1,-1,1,-1,-1,1,1|./seeds/seed_007.json
1,42,0,32,21,27,29,39,41,3,31,15,22,19,40,24,30,38,2,14,20,23,17,7,4,34,28,9,26,5,25,6,12,36,8,11,16,13,10,18,33,37,35|-1,-1,-1,1,1,1,1,-1,-1,-1,1,1,1,1,-1,1,1,-1,-1,1,1,1,1,-1,-1,-1,1,-1,1,-1,1,-1,1,1,1,1,-1,-1,-1,1,1,-1,-1|./seeds/seed_008.json
1,0,13,9,11,2,10,3,5,7,6,18,34,12,8,37,25,26,30,23,19,35,33,15,24,14,17,29,20,40,38,21,32,16,36,31,42,41,39,28,4,22,27|-1,-1,1,1,1,-1,1,-1,1,1,1,-1,-1,1,1,-1,-1,-1,-1,-1,-1,-1,-1,-1,-1,-1,-1,-1,-1,-1,-1,-1,-1,-1,-1,-1,-1,-1,-1,-1,-1,-1,-1|./seeds/seed_000.json
1,0,13,9,11,10,5,2,7,3,6,18,34,26,35,8,37,19,12,25,24,23,15,14,30,33,17,36,29,21,32,20,16,40,31,28,38,22,42,27,39,41,4|-1,-1,1,1,1,1,1,-1,1,-1,1,-1,-1,-1,-1,1,-1,-1,1,-1,-1,-1,-1,-1,-1,-1,-1,-1,-1,-1,-1,-1,-1,-1,-1,-1,-1,-1,-1,-1,-1,-1,-1|./seeds/seed_004.json
0,10,7,16,6,11,9,24,28,23,17,27,2,14,8,19,31,20,5,18,21,32,22,12,30,42,34,26,25,13,39,38,41,29,35,40,3,37,33,1,4,15,36|-1,-1,-1,-1,-1,-1,-1,-1,-1,-1,-1,-1,-1,-1,-1,-1,-1,-1,-1,-1,-1,-1,-1,-1,-1,-1,-1,-1,-1,-1,-1,-1,-1,-1,-1,-1,-1,-1,-1,-1,-1,-1,-1|./seeds/seed_008.json
0,27,14,11,21,10,31,17,16,23,24,28,19,7,6,20,32,22,30,18,29,5,2,8,9,12,25,26,34,42,38,13,39,41,37,33,15,35,3,40,4,36,1|-1,-1,-1,-1,-1,-1,-1,-1,-1,-1,-1,-1,-1,-1,-1,-1,-1,-1,-1,-1,-1,-1,-1,-1,-1,-1,-1,-1,-1,-1,-1,-1,-1,-1,-1,-1,-1,-1,-1,-1,-1,-1,-1|./seeds/seed_010.json
2,3,4,11,10,5,9,12,19,7,8,23,6,13,18,17,31,24,26,27,14,20,28,29,32,22,16,21,35,25,30,37,15,34,39,36,33,38,42,0,40,41,1|1,1,1,1,1,1,1,1,1,1,1,1,1,1,1,1,1,1,1,1,1,1,1,1,1,1,1,1,1,1,1,1,1,1,1,1,1,1,1,1,1,1,1|./seeds/seed_009.json
2,3,4,5,10,11,9,8,12,7,13,6,26,19,18,37,35,39,23,17,15,16,42,29,27,33,24,25,31,30,34,36,38,20,0,22,28,14,21,32,41,40,1|1,1,1,1,1,1,1,1,1,1,1,1,1,1,1,1,1,1,1,1,1,1,1,1,1,1,1,1,1,1,1,1,1,1,-1,1,1,1,1,1,1,1,1|./seeds/seed_000.json
2,3,4,10,11,9,5,8,12,6,7,23,17,13,19,14,20,18,24,26,16,28,31,25,30,21,29,32,35,27,22,37,0,15,34,36,33,39,42,38,40,41,1|-1,-1,-1,-1,-1,-1,-1,-1,-1,-1,-1,-1,-1,-1,-1,-1,-1,-1,-1,-1,-1,-1,-1,-1,-1,-1,-1,-1,-1,-1,-1,-1,-1,-1,-1,-1,-1,-1,-1,-1,-1,-1,1|./seeds/seed_009.json
2,3,4,10,5,11,9,13,12,8,7,6,23,19,17,16,37,26,20,30,24,28,35,25,42,14,15,18,27,31,39,22,29,34,21,32,38,40,36,33,1,0,41|-1,-1,-1,-1,-1,-1,-1,-1,-1,-1,-1,-1,-1,-1,-1,-1,-1,-1,-1,-1,-1,-1,-1,-1,-1,-1,-1,-1,-1,-1,-1,-1,-1,-1,-1,-1,-1,-1,-1,-1,1,-1,-1|./seeds/seed_002.json
24,23,17,19,14,26,25,21,31,32,27,30,29,20,15,22,28,18,33,36,35,16,1,37,13,34,8,12,5,2,9,39,38,41,6,42,7,10,40,4,0,11,3|1,1,1,1,1,1,1,1,1,1,1,1,1,1,1,1,1,1,1,1,1,1,-1,1,-1,1,1,1,-1,1,-1,1,1,1,1,1,-1,-1,1,-1,1,-1,1|./seeds/seed_008.json
1,17,23,19,24,25,26,13,5,29,33,21,30,31,14,27,32,15,35,36,18,20,22,28,9,34,16,37,2,0,11,10,7,8,4,39,42,12,38,41,3,40,6|-1,1,1,1,1,1,1,-1,-1,1,1,1,1,1,1,1,1,1,1,1,1,1,1,1,-1,1,1,1,1,-1,-1,-1,-1,1,-1,1,1,1,1,1,1,1,-1|./seeds/seed_000.json
9,5,7,13,3,1,11,6,2,10,42,28,36,15,16,41,39,38,40,22,27,20,0,31,37,4,33,21,35,30,32,25,29,14,17,12,8,26,18,24,34,23,19|1,1,1,1,-1,-1,1,1,-1,1,1,1,-1,-1,1,1,1,1,1,1,1,1,-1,1,-1,-1,-1,1,-1,1,1,-1,1,1,1,1,1,-1,-1,-1,1,1,-1|./seeds/seed_005.txt
5,9,7,13,36,42,15,6,3,28,11,1,16,41,40,39,38,37,22,10,33,20,25,35,31,2,27,30,32,21,29,4,26,14,18,17,8,12,24,19,23,34,0|1,1,1,1,-1,1,-1,1,-1,1,1,-1,1,1,1,1,1,-1,1,1,-1,1,-1,-1,1,-1,1,1,1,1,1,-1,-1,1,-1,1,-1,-1,-1,-1,-1,1,-1|./seeds/seed_009.json
1,0,3,2,4,32,22,21,27,29,28,20,31,30,17,14,19,23,24,34,37,41,40,42,39,38,36,16,35,11,6,26,33,9,7,13,12,5,10,18,15,25,8|-1,-1,-1,-1,-1,1,1,1,1,1,1,1,1,1,1,1,1,1,1,-1,-1,-1,-1,-1,-1,-1,-1,1,-1,1,1,1,-1,1,1,1,1,-1,-1,-1,1,1,1|./seeds/seed_000.json
1,0,3,2,4,32,22,21,29,27,28,31,20,30,17,14,19,23,24,34,37,42,40,41,36,39,35,38,11,33,16,26,6,9,15,13,12,18,7,10,5,25,8|-1,-1,-1,-1,-1,1,1,1,1,1,1,1,1,1,1,1,1,1,1,-1,-1,-1,-1,-1,-1,-1,-1,-1,1,-1,1,1,1,1,1,1,1,-1,1,-1,-1,1,-1|./seeds/seed_003.json
4,28,16,1,3,42,20,22,31,39,32,38,27,40,21,30,41,17,14,0,2,6,29,7,23,24,19,36,34,15,13,8,12,5,18,10,37,26,9,33,11,25,35|-1,1,1,-1,-1,1,1,1,1,1,1,1,1,1,1,1,1,1,1,-1,-1,1,1,1,1,1,1,-1,1,-1,-1,-1,-1,1,1,-1,-1,1,1,-1,-1,1,-1|./seeds/seed_007.json
1,4,0,16,3,28,42,22,20,31,38,21,32,27,39,40,30,41,17,2,14,6,29,7,36,24,15,23,19,34,12,8,5,13,37,10,9,26,33,18,35,11,25|-1,-1,-1,1,-1,1,1,1,1,1,1,1,1,1,1,1,1,1,1,-1,1,1,1,1,-1,1,-1,1,1,1,-1,-1,1,-1,-1,-1,1,1,-1,1,-1,-1,-1|./seeds/seed_001.json
42,1,41,40,0,38,39,34,2,3,6,16,15,4,7,35,21,29,37,18,32,9,27,33,31,22,5,13,26,30,14,19,36,23,11,24,28,10,25,20,17,8,12|1,-1,1,1,-1,1,1,1,-1,-1,1,1,-1,-1,1,1,-1,-1,1,1,-1,1,-1,1,-1,-1,1,-1,1,-1,-1,-1,1,1,-1,-1,1,1,1,-1,1,-1,1|./seeds/seed_010.json
42,1,0,39,40,3,41,38,2,34,4,16,6,35,15,7,18,37,13,33,28,26,23,29,21,11,17,9,20,8,27,32,25,36,5,12,31,19,10,14,22,24,30|1,-1,-1,1,1,-1,1,1,-1,1,-1,1,1,1,-1,1,1,1,-1,1,1,1,1,-1,-1,-1,1,1,1,-1,-1,-1,1,1,1,-1,-1,-1,-1,1,1,1,1|./seeds/seed_008.json
2,3,4,0,5,11,10,9,13,6,7,12,8,16,23,14,28,1,27,18,24,22,42,20,19,38,29,26,17,25,30,21,37,34,31,39,32,40,35,41,15,33,36|1,1,1,1,1,1,1,1,1,1,1,1,1,1,1,1,1,1,1,1,1,1,1,1,1,1,1,1,1,1,1,1,1,1,1,1,1,1,1,1,1,1,1|./seeds/seed_007.json
2,3,4,0,5,1,10,11,16,9,6,23,42,13,18,12,26,37,24,7,8,38,35,14,34,40,39,27,25,33,20,22,19,28,17,30,21,29,31,32,15,41,36|1,1,1,1,1,1,1,1,1,1,1,1,1,1,1,1,1,1,1,1,1,1,1,1,1,1,1,1,1,1,1,1,1,1,1,1,1,1,1,1,1,1,1|./seeds/seed_001.json
0,2,3,1,36,15,25,5,4,33,42,8,35,39,26,12,19,41,24,40,37,18,38,23,9,7,14,17,21,29,27,13,16,32,31,6,28,30,34,11,10,20,22|-1,-1,-1,-1,1,1,1,-1,-1,1,-1,1,1,-1,1,1,1,-1,1,-1,1,1,-1,1,-1,-1,1,1,1,1,1,-1,-1,1,1,-1,-1,1,1,1,1,1,-1|./seeds/seed_001.json
0,2,3,1,36,15,25,5,4,19,35,26,33,8,42,39,24,12,37,18,23,41,38,40,9,7,14,17,21,29,13,27,32,31,6,16,34,30,28,20,11,10,22|-1,-1,-1,-1,1,1,1,-1,-1,1,1,1,1,1,-1,-1,1,1,1,1,1,-1,-1,-1,-1,-1,1,1,1,1,-1,1,1,1,-1,-1,1,1,-1,1,1,1,1|./seeds/seed_004.json
13,5,9,0,10,11,7,19,24,17,25,4,23,26,2,32,35,29,14,18,21,20,15,31,16,30,22,27,28,37,33,36,6,34,1,39,42,3,12,8,38,41,40|-1,-1,-1,1,-1,-1,-1,1,1,1,1,-1,1,1,1,1,1,1,1,1,1,1,1,1,1,1,1,1,1,1,1,1,-1,1,1,1,1,1,-1,-1,1,1,1|./seeds/seed_004.json
13,5,9,0,10,19,11,24,17,25,23,2,32,4,29,7,26,14,21,18,31,35,22,28,30,20,16,27,15,33,37,34,36,6,3,42,39,38,1,41,8,40,12|-1,-1,-1,1,-1,1,-1,1,1,1,1,1,1,-1,1,-1,1,1,1,1,1,1,1,1,1,1,1,1,1,1,1,1,1,-1,1,1,1,1,1,1,-1,1,-1|./seeds/seed_001.json
2,3,4,5,10,9,6,42,11,13,8,12,7,23,19,38,18,40,39,28,17,27,16,34,37,0,26,25,31,22,20,41,33,30,15,35,21,14,24,32,29,36,1|1,1,1,1,1,1,1,1,1,1,1,1,1,1,1,1,1,1,1,1,1,1,1,1,1,1,1,1,1,1,1,1,1,1,1,1,1,1,1,1,1,1,1|./seeds/seed_000.json
2,3,4,5,10,11,9,13,6,12,7,8,23,19,28,27,42,17,31,20,18,22,16,21,38,40,32,14,26,39,24,25,1,29,30,34,35,37,15,41,0,33,36|1,1,1,1,1,1,1,1,1,1,1,1,1,1,1,1,1,1,1,1,1,1,1,1,1,1,1,1,1,1,1,1,-1,1,1,1,1,1,1,1,1,1,1|./seeds/seed_005.txt
1,3,0,2,32,23,21,22,17,19,27,14,29,28,31,24,20,30,26,25,4,16,18,15,12,35,8,6,33,11,36,37,34,7,10,42,41,9,38,39,40,13,5|-1,-1,-1,-1,1,1,1,1,1,1,1,1,1,1,1,1,1,1,1,1,-1,1,1,1,1,1,1,1,1,1,1,1,1,1,1,1,1,1,1,1,1,1,-1|./seeds/seed_005.txt
1,3,32,23,17,21,19,14,27,22,24,31,28,29,30,2,20,0,26,25,4,16,18,15,35,12,33,8,36,37,34,6,11,42,7,38,40,41,39,10,5,9,13|-1,-1,1,1,1,1,1,1,1,1,1,1,1,1,1,-1,1,-1,1,1,-1,1,1,1,1,1,1,1,1,1,1,1,1,1,1,1,1,1,1,1,-1,1,-1|./seeds/seed_007.json
1,0,3,2,23,17,19,32,21,27,14,4,29,24,22,31,28,20,30,26,25,15,18,16,12,35,8,33,36,37,34,6,11,10,7,42,5,38,41,39,9,40,13|-1,-1,-1,-1,1,1,1,1,1,1,1,-1,1,1,1,1,1,1,1,1,1,1,1,1,1,1,1,1,1,1,1,1,1,1,1,1,-1,1,1,1,1,1,1|./seeds/seed_003.json
1,3,0,2,21,23,32,19,22,17,27,4,14,29,31,28,24,30,20,26,25,16,15,18,12,35,8,33,36,37,11,6,34,7,10,42,5,41,38,39,40,9,13|-1,-1,-1,-1,1,1,1,1,1,1,1,-1,1,1,1,1,1,1,1,1,1,1,1,1,1,1,1,1,1,1,1,1,1,1,1,1,-1,1,1,1,1,1,1|./seeds/seed_001.json
0,1,36,15,5,25,19,35,4,33,42,24,26,23,37,7,39,18,12,41,40,9,38,8,2,3,13,6,17,21,14,29,27,30,31,16,10,28,34,32,11,22,20|-1,-1,1,1,-1,1,1,1,-1,1,-1,1,1,1,1,-1,-1,1,1,-1,-1,-1,-1,1,-1,-1,-1,-1,1,1,1,1,1,1,1,-1,-1,-1,1,1,-1,1,1|./seeds/seed_004.json
0,1,36,15,5,25,42,4,19,33,35,26,24,23,12,39,40,37,41,38,7,2,18,9,8,3,13,6,17,16,21,27,14,28,31,29,10,30,11,34,20,32,22|-1,-1,1,1,-1,1,-1,-1,1,1,1,1,1,1,1,-1,-1,1,-1,-1,-1,-1,1,-1,1,-1,-1,-1,1,-1,1,1,1,-1,1,1,-1,1,-1,1,-1,1,1|./seeds/seed_000.json
0,1,42,5,15,36,41,40,39,7,2,38,9,25,6,24,33,3,19,16,26,35,37,23,4,12,18,8,13,28,29,10,17,21,11,20,14,27,32,34,30,31,22|-1,-1,-1,-1,1,1,-1,-1,-1,-1,-1,-1,-1,1,-1,1,1,-1,1,-1,1,1,1,1,-1,1,1,1,-1,-1,1,-1,1,1,-1,-1,1,1,1,-1,1,1,1|./seeds/seed_008.json
0,1,2,3,15,36,4,25,19,24,23,42,8,5,12,41,40,33,35,26,39,37,18,38,17,27,21,7,29,32,14,9,16,30,10,31,22,6,28,11,34,13,20|-1,-1,-1,-1,1,1,-1,1,1,1,1,-1,1,-1,1,-1,-1,1,1,1,-1,1,1,-1,1,1,1,-1,1,1,1,-1,-1,1,1,1,1,-1,-1,1,1,-1,1|./seeds/seed_000.json
42,41,0,4,13,39,40,28,16,38,8,15,12,10,36,1,3,20,11,30,22,31,17,32,21,27,14,34,9,29,6,37,7,33,23,25,35,2,5,24,18,26,19|-1,-1,-1,1,1,-1,-1,-1,-1,-1,1,1,1,1,1,-1,1,-1,1,-1,-1,-1,-1,-1,-1,-1,-1,-1,1,-1,-1,1,-1,1,-1,1,1,1,1,-1,-1,-1,1|./seeds/seed_008.json
0,13,1,10,11,4,12,8,9,5,41,42,40,39,15,38,16,28,36,7,6,37,30,20,33,3,25,31,34,32,22,27,21,14,19,17,26,35,29,24,18,23,2|-1,1,-1,1,1,1,1,1,1,1,-1,-1,-1,-1,1,-1,-1,-1,1,1,1,1,-1,-1,1,1,1,-1,-1,-1,-1,-1,-1,-1,1,-1,1,1,-1,1,1,1,-1|./seeds/seed_004.json
2,3,4,0,5,11,10,9,13,7,6,12,23,16,24,8,18,14,28,42,20,27,1,22,26,38,19,30,25,21,29,32,17,37,35,31,40,34,39,33,15,41,36|1,1,1,1,1,1,1,1,1,1,1,1,1,1,1,1,1,1,1,1,1,1,1,1,1,1,1,1,1,1,1,1,1,1,1,1,1,1,1,1,1,1,1|./seeds/seed_005.txt
2,3,4,0,1,5,10,11,42,9,16,38,18,13,6,7,37,40,34,23,39,12,35,8,24,33,26,14,41,25,30,28,20,27,22,19,17,29,15,31,21,32,36|1,1,1,1,1,1,1,1,1,1,1,1,1,1,1,1,1,1,1,1,1,1,1,1,1,1,1,1,1,1,1,1,1,1,1,1,1,1,1,1,1,1,1|./seeds/seed_000.json
0,13,1,10,4,11,12,8,9,5,42,41,40,39,38,16,15,28,36,7,30,20,6,37,33,3,34,22,31,32,21,27,25,17,14,29,26,19,35,24,18,23,2|-1,1,-1,1,1,1,1,1,1,1,-1,-1,-1,-1,-1,-1,1,-1,1,1,-1,-1,1,1,1,1,-1,-1,-1,-1,-1,-1,1,-1,-1,-1,1,1,1,1,1,-1,-1|./seeds/seed_003.json
0,13,1,10,4,11,12,8,9,41,42,40,39,5,38,28,16,15,36,30,20,32,31,21,22,37,27,7,34,14,3,33,17,29,6,25,35,19,23,26,2,18,24|-1,1,-1,1,1,1,1,1,1,-1,-1,-1,-1,1,-1,-1,-1,1,1,-1,-1,-1,-1,-1,-1,1,-1,1,-1,-1,1,1,-1,-1,1,1,1,1,-1,1,-1,1,1|./seeds/seed_005.txt
0,13,1,10,11,4,12,8,9,5,41,42,40,39,15,38,16,28,36,7,6,37,30,20,33,3,25,31,34,32,22,27,21,14,19,17,26,35,29,24,18,23,2|-1,1,-1,1,1,1,1,1,1,1,-1,-1,-1,-1,1,-1,-1,-1,1,1,1,1,-1,-1,1,1,1,-1,-1,-1,-1,-1,-1,-1,1,-1,1,1,-1,1,1,1,-1|./seeds/seed_004.json
0,42,41,40,39,28,4,16,13,38,36,15,8,1,12,20,30,22,10,32,21,31,27,3,14,11,37,17,29,7,6,33,35,34,25,9,23,5,19,26,18,2,24|-1,-1,-1,-1,-1,-1,1,-1,1,-1,1,1,1,-1,1,-1,-1,-1,1,-1,-1,-1,-1,1,-1,1,1,-1,-1,-1,-1,1,1,-1,1,1,-1,-1,1,1,1,1,-1|./seeds/seed_010.json
13,5,17,23,2,9,24,19,26,21,29,25,30,32,14,31,18,22,35,15,27,20,11,3,28,33,10,36,37,34,7,1,16,4,42,38,40,41,39,6,0,12,8|-1,-1,1,1,1,-1,1,1,1,1,1,1,1,1,1,1,1,1,1,1,1,1,-1,1,1,1,-1,1,1,1,-1,-1,1,-1,1,1,1,1,1,-1,1,1,1|./seeds/seed_005.txt
13,5,2,9,11,17,3,23,19,24,10,26,7,35,25,30,29,21,18,15,32,33,14,27,31,37,22,20,34,36,28,4,1,16,6,38,42,40,0,41,39,8,12|-1,-1,1,-1,-1,1,1,1,1,1,-1,1,-1,1,1,1,1,1,1,1,1,1,1,1,1,1,1,1,1,1,1,-1,-1,1,-1,1,1,1,1,1,1,-1,-1|./seeds/seed_000.json
0,27,14,11,21,10,31,17,16,23,24,28,19,7,6,20,32,22,30,18,29,5,2,8,9,12,25,26,34,42,38,13,39,41,37,33,15,35,3,40,4,36,1|-1,-1,-1,-1,-1,-1,-1,-1,-1,-1,-1,-1,-1,-1,-1,-1,-1,-1,-1,-1,-1,-1,-1,-1,-1,-1,-1,-1,-1,-1,-1,-1,-1,-1,-1,-1,-1,-1,-1,-1,-1,-1,-1|./seeds/seed_010.json
0,1,7,10,16,2,6,39,28,42,14,31,34,11,9,38,18,41,20,17,23,8,22,24,30,3,27,32,21,13,40,19,25,12,35,26,37,29,33,5,36,15,4|-1,-1,-1,-1,-1,-1,-1,-1,-1,-1,-1,-1,-1,-1,-1,-1,-1,-1,-1,-1,-1,-1,-1,-1,-1,-1,-1,-1,-1,-1,-1,-1,-1,-1,-1,-1,-1,-1,-1,-1,-1,-1,1|./seeds/seed_001.json
2,3,4,5,11,10,9,12,8,13,7,6,19,26,17,18,23,24,29,27,31,20,37,25,35,16,14,28,15,22,39,32,30,21,33,34,36,42,38,1,0,40,41|1,1,1,1,1,1,1,1,1,1,1,1,1,1,1,1,1,1,1,1,1,1,1,1,1,1,1,1,1,1,1,1,1,1,1,1,1,1,1,-1,-1,1,1|./seeds/seed_003.json
2,3,4,5,11,10,9,12,13,7,8,6,19,23,27,17,18,26,24,31,20,29,16,28,22,14,32,37,25,35,15,39,21,30,1,34,42,38,33,36,40,41,0|1,1,1,1,1,1,1,1,1,1,1,1,1,1,1,1,1,1,1,1,1,1,1,1,1,1,1,1,1,1,1,1,1,1,-1,1,1,1,1,1,1,1,-1|./seeds/seed_005.txt
13,5,9,0,10,11,7,19,24,17,25,4,23,26,2,32,35,29,14,18,21,20,15,31,16,30,22,27,28,37,33,36,6,34,1,39,42,3,12,8,38,41,40|-1,-1,-1,1,-1,-1,-1,1,1,1,1,-1,1,1,1,1,1,1,1,1,1,1,1,1,1,1,1,1,1,1,1,1,-1,1,1,1,1,1,-1,-1,1,1,1|./seeds/seed_004.json
13,5,9,0,10,11,7,19,25,4,24,17,23,26,35,2,29,14,32,15,18,31,21,20,30,37,27,16,33,22,36,28,34,6,1,3,39,12,42,8,38,41,40|-1,-1,-1,1,-1,-1,-1,1,1,-1,1,1,1,1,1,1,1,1,1,1,1,1,1,1,1,1,1,1,1,1,1,1,1,-1,1,1,1,-1,1,-1,1,1,1|./seeds/seed_006.json
1,0,3,2,4,32,22,21,27,29,28,20,31,30,17,14,19,23,24,34,37,41,40,42,39,38,36,16,35,11,6,26,33,9,7,13,12,5,10,18,15,25,8|-1,-1,-1,-1,-1,1,1,1,1,1,1,1,1,1,1,1,1,1,1,-1,-1,-1,-1,-1,-1,-1,-1,1,-1,1,1,1,-1,1,1,1,1,-1,-1,-1,1,1,1|./seeds/seed_000.json
1,3,0,2,4,32,21,22,27,29,28,31,20,30,14,17,23,34,37,19,24,42,36,35,10,41,39,33,40,5,38,8,16,13,18,15,9,26,7,12,11,25,6|-1,-1,-1,-1,-1,1,1,1,1,1,1,1,1,1,1,1,1,-1,-1,1,1,-1,-1,-1,-1,-1,-1,-1,-1,-1,-1,-1,1,-1,-1,1,-1,1,-1,-1,1,-1,1|./seeds/seed_007.json
1,4,0,16,3,28,42,22,20,31,38,21,32,27,39,40,30,41,17,2,14,6,29,7,36,24,15,23,19,34,12,8,5,13,37,10,9,26,33,18,35,11,25|-1,-1,-1,1,-1,1,1,1,1,1,1,1,1,1,1,1,1,1,1,-1,1,1,1,1,-1,1,-1,1,1,1,-1,-1,1,-1,-1,-1,1,1,-1,1,-1,-1,-1|./seeds/seed_001.json
4,1,3,0,16,42,28,20,39,22,38,40,27,31,21,41,32,17,30,2,14,6,7,29,36,15,23,24,34,19,8,12,13,5,10,37,9,18,33,26,11,35,25|-1,-1,-1,-1,1,1,1,1,1,1,1,1,1,1,1,1,1,1,1,-1,1,1,1,1,-1,-1,1,1,1,1,-1,-1,-1,1,-1,-1,1,1,-1,1,-1,-1,-1|./seeds/seed_006.json
2,3,4,11,19,10,5,12,17,23,8,27,9,24,31,14,18,6,7,20,32,26,28,22,21,29,13,16,30,25,35,15,37,34,36,33,38,39,42,0,41,40,1|1,1,1,1,1,1,1,1,1,1,1,1,1,1,1,1,1,1,1,1,1,1,1,1,1,1,1,1,1,1,1,1,1,1,1,1,1,1,1,1,1,1,-1|./seeds/seed_010.json
2,3,4,5,10,11,12,9,8,7,13,19,6,26,18,23,17,37,35,27,24,15,39,16,29,20,31,25,22,14,28,33,30,34,42,21,36,38,0,32,40,41,1|1,1,1,1,1,1,1,1,1,1,1,1,1,1,1,1,1,1,1,1,1,1,1,1,1,1,1,1,1,1,1,1,1,1,1,1,1,1,-1,1,1,1,-1|./seeds/seed_001.json
3,1,32,22,2,21,0,4,27,28,29,37,31,20,35,34,36,30,14,33,42,17,18,8,41,39,10,40,25,12,38,23,24,19,7,26,6,15,9,13,16,5,11|-1,-1,1,1,-1,1,-1,-1,1,1,1,-1,1,1,-1,-1,-1,1,1,-1,-1,1,-1,-1,-1,-1,-1,-1,-1,-1,-1,1,1,1,-1,-1,-1,-1,-1,-1,1,-1,1|./seeds/seed_009.json
3,1,32,22,21,0,2,4,29,27,28,31,20,37,34,30,35,14,36,42,17,33,10,41,8,39,40,18,23,12,38,24,19,25,7,9,6,13,5,11,26,16,15|-1,-1,1,1,1,-1,-1,-1,1,1,1,1,1,-1,-1,1,-1,1,-1,-1,1,-1,-1,-1,-1,-1,-1,-1,1,-1,-1,1,1,-1,-1,-1,-1,-1,-1,-1,-1,1,-1|./seeds/seed_008.json
11,9,10,7,13,6,5,31,22,14,1,27,28,17,21,32,20,19,23,29,30,24,12,8,16,26,25,18,38,34,15,42,39,41,3,35,40,37,33,4,36,2,0|1,1,1,1,1,1,1,1,1,1,-1,1,1,1,1,1,1,1,1,1,1,1,1,1,1,1,1,1,1,1,1,1,1,1,-1,1,1,1,1,1,1,-1,1|./seeds/seed_009.json
11,1,10,9,13,6,7,12,8,3,2,5,27,17,19,21,14,28,22,23,32,31,20,24,30,29,26,0,25,16,18,15,34,42,35,38,33,37,36,39,41,4,40|1,-1,1,1,1,1,1,1,1,-1,-1,1,1,1,1,1,1,1,1,1,1,1,1,1,1,1,1,-1,1,1,1,1,1,1,1,1,1,1,1,1,1,-1,1|./seeds/seed_003.json
2,3,4,0,5,9,11,10,7,13,6,8,12,28,23,19,17,14,42,16,31,20,18,27,1,24,22,30,37,25,35,26,21,34,38,39,40,41,29,32,33,15,36|-1,-1,-1,-1,-1,-1,-1,-1,-1,-1,-1,-1,-1,-1,-1,-1,-1,-1,-1,-1,-1,-1,-1,-1,-1,-1,-1,-1,-1,-1,-1,-1,-1,-1,-1,-1,-1,-1,-1,-1,-1,-1,-1|./seeds/seed_007.json
2,3,4,0,5,11,10,9,13,7,6,8,12,1,28,18,37,23,17,20,42,19,25,35,31,16,24,14,30,39,38,26,34,22,27,21,41,40,29,15,33,32,36|-1,-1,-1,-1,-1,-1,-1,-1,-1,-1,-1,-1,-1,-1,-1,-1,-1,-1,-1,-1,-1,-1,-1,-1,-1,-1,-1,-1,-1,-1,-1,-1,-1,-1,-1,-1,-1,-1,-1,-1,-1,-1,-1|./seeds/seed_004.json
11,10,13,5,9,8,4,30,1,6,31,12,21,7,19,29,27,28,14,22,20,17,23,32,24,16,26,25,18,15,35,37,0,36,33,38,2,34,42,40,41,39,3|1,1,1,1,1,1,1,1,-1,1,1,1,1,1,1,1,1,1,1,1,1,1,1,1,1,1,1,1,1,1,1,1,-1,1,1,1,1,1,1,1,1,1,1|./seeds/seed_008.json
1,0,11,10,13,9,5,8,12,6,7,4,19,23,27,29,21,17,28,31,24,30,22,25,32,26,20,14,16,18,15,36,37,35,33,34,42,38,41,39,40,2,3|-1,-1,1,1,1,1,1,1,1,1,1,1,1,1,1,1,1,1,1,1,1,1,1,1,1,1,1,1,1,1,1,1,1,1,1,1,1,1,1,1,1,-1,1|./seeds/seed_002.json
1,17,24,19,23,25,26,14,21,32,29,27,15,31,30,33,20,35,18,13,5,36,22,28,16,37,34,9,2,8,12,10,7,0,39,11,42,4,38,41,3,40,6|-1,1,1,1,1,1,1,1,1,1,1,1,1,1,1,1,1,1,1,-1,-1,1,1,1,1,1,1,-1,1,1,1,-1,-1,-1,1,-1,1,-1,1,1,1,1,1|./seeds/seed_002.json
24,23,17,19,14,26,25,21,31,32,27,30,29,20,15,22,28,18,33,36,35,16,1,37,13,34,8,12,5,2,9,39,38,41,6,42,7,10,40,4,0,11,3|1,1,1,1,1,1,1,1,1,1,1,1,1,1,1,1,1,1,1,1,1,1,-1,1,-1,1,1,1,-1,1,-1,1,1,1,1,1,-1,-1,1,-1,1,-1,1|./seeds/seed_008.json
2,3,4,5,10,11,9,8,6,12,13,7,19,23,28,17,26,24,27,22,20,18,25,37,35,16,31,29,14,15,21,32,30,33,38,39,36,42,34,40,41,1,0|-1,-1,-1,-1,-1,-1,-1,-1,-1,-1,-1,-1,-1,-1,-1,-1,-1,-1,-1,-1,-1,-1,-1,-1,-1,-1,-1,-1,-1,-1,-1,-1,-1,-1,-1,-1,-1,-1,-1,-1,-1,1,1|./seeds/seed_002.json
2,3,4,11,10,5,9,12,8,6,7,23,28,13,17,19,22,20,14,24,31,16,27,18,26,29,25,30,21,32,35,37,38,15,0,34,33,40,39,42,36,41,1|-1,-1,-1,-1,-1,-1,-1,-1,-1,-1,-1,-1,-1,-1,-1,-1,-1,-1,-1,-1,-1,-1,-1,-1,-1,-1,-1,-1,-1,-1,-1,-1,-1,-1,-1,-1,-1,-1,-1,-1,-1,-1,-1|./seeds/seed_007.json
5,9,1,7,13,6,11,28,36,42,39,41,10,15,16,22,3,40,38,37,20,33,32,35,30,21,27,31,25,0,2,29,14,17,26,18,23,12,8,4,24,34,19|1,1,-1,1,1,1,1,1,-1,1,1,1,1,-1,1,1,-1,1,1,-1,1,-1,1,-1,1,1,1,1,-1,-1,-1,1,1,1,-1,-1,1,-1,-1,-1,-1,-1,-1|./seeds/seed_010.json
1,9,13,0,5,7,11,10,6,3,2,28,16,42,22,36,39,41,20,15,38,27,32,40,30,31,37,21,8,33,12,29,35,17,25,14,26,4,18,23,34,19,24|-1,1,1,-1,1,1,1,1,1,-1,-1,1,1,1,1,-1,1,1,1,-1,1,1,1,1,1,1,-1,1,1,-1,1,1,-1,1,-1,1,-1,-1,-1,1,-1,1,-1|./seeds/seed_004.json
2,0,3,4,1,10,11,12,5,9,6,18,8,23,19,7,16,17,24,14,34,26,25,28,31,39,37,30,27,35,13,20,38,42,21,22,15,32,40,33,41,29,36|-1,-1,-1,-1,-1,-1,-1,-1,-1,-1,-1,-1,-1,-1,-1,-1,-1,-1,-1,-1,-1,-1,-1,-1,-1,-1,-1,-1,-1,-1,-1,-1,-1,-1,-1,-1,-1,-1,-1,-1,-1,-1,-1|./seeds/seed_009.json
1,0,2,3,4,5,39,42,10,40,34,38,18,7,41,37,11,9,16,26,13,8,6,35,12,14,25,23,15,19,30,36,33,31,24,20,17,28,27,22,32,21,29|-1,-1,-1,-1,-1,-1,-1,-1,-1,-1,-1,-1,-1,-1,-1,-1,-1,-1,-1,-1,-1,-1,-1,-1,-1,-1,-1,-1,-1,-1,-1,-1,-1,-1,-1,-1,-1,-1,-1,-1,1,1,1|./seeds/seed_000.json
1,3,32,22,37,28,21,20,35,36,0,27,29,31,2,34,4,30,33,14,18,42,17,25,8,12,10,39,41,15,23,40,26,38,24,5,16,19,11,13,7,9,6|-1,-1,1,1,-1,1,1,1,-1,-1,-1,1,1,1,-1,-1,-1,1,-1,1,-1,-1,1,-1,-1,-1,-1,-1,-1,-1,1,-1,-1,-1,1,1,1,1,1,1,1,1,1|./seeds/seed_010.json
1,0,3,2,4,32,22,21,29,27,28,31,20,30,17,14,19,23,24,34,37,42,40,41,36,39,35,38,11,33,16,26,6,9,15,13,12,18,7,10,5,25,8|-1,-1,-1,-1,-1,1,1,1,1,1,1,1,1,1,1,1,1,1,1,-1,-1,-1,-1,-1,-1,-1,-1,-1,1,-1,1,1,1,1,1,1,1,-1,1,-1,-1,1,-1|./seeds/seed_003.json
4,1,3,0,16,42,28,20,39,22,38,40,27,31,21,41,32,17,30,2,14,6,7,29,36,15,23,24,34,19,8,12,13,5,10,37,9,18,33,26,11,35,25|-1,-1,-1,-1,1,1,1,1,1,1,1,1,1,1,1,1,1,1,1,-1,1,1,1,1,-1,-1,1,1,1,1,-1,-1,-1,1,-1,-1,1,1,-1,1,-1,-1,-1|./seeds/seed_006.json
4,28,16,1,3,42,20,22,31,39,32,38,27,40,21,30,41,17,14,0,2,6,29,7,23,24,19,36,34,15,13,8,12,5,18,10,37,26,9,33,11,25,35|-1,1,1,-1,-1,1,1,1,1,1,1,1,1,1,1,1,1,1,1,-1,-1,1,1,1,1,1,1,-1,1,-1,-1,-1,-1,1,1,-1,-1,1,1,-1,-1,1,-1|./seeds/seed_007.json
1,0,3,2,4,28,22,27,20,21,32,16,30,29,31,17,14,6,42,7,19,38,41,40,39,23,24,36,9,11,26,34,37,15,5,25,18,13,8,10,12,33,35|-1,-1,-1,-1,-1,1,1,1,1,1,1,1,1,1,1,1,1,1,1,1,1,1,1,1,1,1,1,-1,1,1,1,1,-1,-1,1,1,1,1,-1,1,1,1,-1|./seeds/seed_000.json
1,0,3,2,4,28,22,27,20,21,32,16,29,30,31,17,14,42,6,7,19,41,24,38,23,40,39,9,26,11,34,36,18,5,25,37,15,10,33,12,35,8,13|-1,-1,-1,-1,-1,1,1,1,1,1,1,1,1,1,1,1,1,1,1,1,1,1,1,1,1,1,1,1,1,1,1,-1,1,1,1,-1,-1,1,1,1,1,1,1|./seeds/seed_001.json
0,4,2,1,5,3,10,11,9,7,6,13,8,12,26,16,20,28,23,41,42,34,24,39,14,25,18,31,19,30,32,27,29,17,21,37,22,38,40,35,33,36,15|-1,-1,-1,-1,-1,-1,-1,-1,-1,-1,-1,-1,-1,-1,-1,-1,-1,-1,-1,-1,-1,-1,-1,-1,-1,-1,-1,-1,-1,-1,-1,-1,-1,-1,-1,-1,-1,-1,-1,-1,-1,-1,-1|./seeds/seed_006.json
0,4,1,2,5,10,11,3,9,6,7,13,8,12,26,42,41,28,20,16,39,34,14,24,23,25,18,38,27,19,17,30,31,32,29,37,40,21,22,36,33,35,15|-1,-1,-1,-1,-1,-1,-1,-1,-1,-1,-1,-1,-1,-1,-1,-1,-1,-1,-1,-1,-1,-1,-1,-1,-1,-1,-1,-1,-1,-1,-1,-1,-1,-1,-1,-1,-1,-1,-1,-1,-1,-1,-1|./seeds/seed_003.json
2,3,4,0,11,10,9,5,6,12,23,7,19,8,28,17,24,14,18,30,13,16,31,27,20,21,22,26,35,25,34,37,29,32,15,42,39,33,38,41,40,36,1|-1,-1,-1,-1,-1,-1,-1,-1,-1,-1,-1,-1,-1,-1,-1,-1,-1,-1,-1,-1,-1,-1,-1,-1,-1,-1,-1,-1,-1,-1,-1,-1,-1,-1,-1,-1,-1,-1,-1,-1,-1,-1,-1|./seeds/seed_009.json
2,3,4,0,5,10,11,9,13,6,7,28,8,12,20,24,23,42,31,17,18,22,19,16,1,37,27,14,25,30,26,39,35,21,38,29,34,40,41,15,32,33,36|-1,-1,-1,-1,-1,-1,-1,-1,-1,-1,-1,-1,-1,-1,-1,-1,-1,-1,-1,-1,-1,-1,-1,-1,-1,-1,-1,-1,-1,-1,-1,-1,-1,-1,-1,-1,-1,-1,-1,-1,-1,-1,-1|./seeds/seed_005.txt
0,1,2,3,4,5,10,42,11,6,40,39,7,34,41,38,9,18,16,8,12,28,13,37,35,20,36,25,23,17,26,14,19,31,24,15,30,33,27,29,22,21,32|1,1,1,1,1,1,1,1,1,1,1,1,1,1,1,1,1,1,1,1,1,1,1,1,1,1,1,1,1,1,1,1,1,1,1,1,1,1,1,1,1,1,1|./seeds/seed_002.json
0,2,3,4,11,10,5,28,19,23,24,17,27,12,6,16,14,8,31,22,18,20,21,7,30,9,25,29,26,1,32,34,37,15,35,42,13,36,33,38,41,39,40|1,1,1,1,1,1,1,1,1,1,1,1,1,1,1,1,1,1,1,1,1,1,1,1,1,1,1,1,1,1,1,1,1,1,1,1,1,1,1,1,1,1,1|./seeds/seed_010.json
2,3,4,0,1,5,10,11,42,9,16,38,18,13,6,7,37,40,34,23,39,12,35,8,24,33,26,14,41,25,30,28,20,27,22,19,17,29,15,31,21,32,36|1,1,1,1,1,1,1,1,1,1,1,1,1,1,1,1,1,1,1,1,1,1,1,1,1,1,1,1,1,1,1,1,1,1,1,1,1,1,1,1,1,1,1|./seeds/seed_000.json
2,3,4,0,5,11,10,9,13,7,6,12,23,16,24,8,18,14,28,42,20,27,1,22,26,38,19,30,25,21,29,32,17,37,35,31,40,34,39,33,15,41,36|1,1,1,1,1,1,1,1,1,1,1,1,1,1,1,1,1,1,1,1,1,1,1,1,1,1,1,1,1,1,1,1,1,1,1,1,1,1,1,1,1,1,1|./seeds/seed_005.txt
3,9,2,13,5,7,11,1,6,10,42,15,36,0,4,39,16,28,41,38,22,40,37,27,35,33,25,20,30,31,21,32,26,29,18,14,12,17,8,24,19,23,34|-1,1,-1,1,1,1,1,-1,1,1,1,-1,-1,-1,-1,1,1,1,1,1,1,1,-1,1,-1,-1,-1,1,1,1,1,1,-1,1,-1,1,1,1,1,-1,-1,-1,1|./seeds/seed_000.json
9,13,7,5,3,11,1,2,6,10,42,15,36,16,28,39,41,38,40,22,0,37,27,25,33,35,20,31,4,30,21,32,26,12,29,18,8,14,24,17,19,23,34|1,1,1,1,-1,1,-1,-1,1,1,1,-1,-1,1,1,1,1,1,1,1,-1,-1,1,-1,-1,-1,1,1,-1,1,1,1,-1,1,1,-1,1,1,-1,1,-1,-1,1|./seeds/seed_004.json
1,9,0,5,7,13,11,6,10,3,2,28,16,22,42,39,27,41,20,32,31,36,21,38,30,40,29,15,17,37,14,33,12,8,35,4,25,23,19,24,18,26,34|-1,1,-1,1,1,1,1,1,1,-1,-1,1,1,1,1,1,1,1,1,1,1,-1,1,1,1,1,1,-1,1,-1,1,-1,1,1,-1,-1,-1,1,1,1,-1,-1,-1|./seeds/seed_005.txt
1,9,13,0,5,7,11,10,6,3,2,28,16,42,22,36,39,41,20,15,38,27,32,40,30,31,37,21,8,33,12,29,35,17,25,14,26,4,18,23,34,19,24|-1,1,1,-1,1,1,1,1,1,-1,-1,1,1,1,1,-1,1,1,1,-1,1,1,1,1,1,1,-1,1,1,-1,1,1,-1,1,-1,1,-1,-1,-1,1,-1,1,-1|./seeds/seed_004.json
2,3,4,0,5,1,10,9,11,6,7,13,42,28,12,8,37,18,16,20,17,23,25,39,38,24,35,30,22,19,26,31,34,14,41,40,27,21,15,29,33,32,36|-1,-1,-1,-1,-1,-1,-1,-1,-1,-1,-1,-1,-1,-1,-1,-1,-1,-1,-1,-1,-1,-1,-1,-1,-1,-1,-1,-1,-1,-1,-1,-1,-1,-1,-1,-1,-1,-1,-1,-1,-1,-1,-1|./seeds/seed_001.json
2,3,4,0,5,10,11,9,13,6,7,28,8,12,20,24,23,42,31,17,18,22,19,16,1,37,27,14,25,30,26,39,35,21,38,29,34,40,41,15,32,33,36|-1,-1,-1,-1,-1,-1,-1,-1,-1,-1,-1,-1,-1,-1,-1,-1,-1,-1,-1,-1,-1,-1,-1,-1,-1,-1,-1,-1,-1,-1,-1,-1,-1,-1,-1,-1,-1,-1,-1,-1,-1,-1,-1|./seeds/seed_005.txt
1,23,28,32,14,21,24,17,31,27,20,19,29,22,30,26,16,25,11,8,18,3,12,6,7,15,34,10,35,37,33,0,2,36,40,42,39,5,38,9,41,4,13|-1,1,1,1,1,1,1,1,1,1,1,1,1,1,1,1,1,1,1,1,1,-1,1,1,1,1,1,1,1,1,1,-1,-1,1,1,1,1,1,1,1,1,-1,1|./seeds/seed_010.json
1,0,3,2,23,17,19,32,21,27,14,4,29,24,22,31,28,20,30,26,25,15,18,16,12,35,8,33,36,37,34,6,11,10,7,42,5,38,41,39,9,40,13|-1,-1,-1,-1,1,1,1,1,1,1,1,-1,1,1,1,1,1,1,1,1,1,1,1,1,1,1,1,1,1,1,1,1,1,1,1,1,-1,1,1,1,1,1,1|./seeds/seed_003.json
36,42,5,39,15,9,0,41,2,40,7,25,38,37,6,1,33,16,26,8,35,3,28,13,12,19,24,18,4,23,20,22,11,10,30,27,32,31,14,21,34,17,29|1,-1,-1,-1,1,-1,-1,-1,-1,-1,-1,1,-1,1,-1,-1,1,-1,1,1,1,-1,-1,-1,1,1,1,1,-1,1,-1,-1,-1,-1,-1,-1,-1,-1,1,-1,-1,1,1|./seeds/seed_009.json
0,2,3,1,36,15,25,5,4,19,35,26,33,8,24,42,39,12,23,37,18,41,40,38,9,7,14,17,21,29,13,31,27,32,30,6,16,34,28,20,11,10,22|-1,-1,-1,-1,1,1,1,-1,-1,1,1,1,1,1,1,-1,-1,1,1,1,1,-1,-1,-1,-1,-1,1,1,1,1,-1,1,1,1,1,-1,-1,1,-1,1,1,1,1|./seeds/seed_006.json
1,11,10,13,0,9,5,8,12,7,6,4,19,23,21,27,28,17,29,31,22,30,24,32,26,25,20,14,16,18,15,35,37,36,33,34,42,38,41,39,40,2,3|-1,1,1,1,-1,1,1,1,1,1,1,1,1,1,1,1,1,1,1,1,1,1,1,1,1,1,1,1,1,1,1,1,1,1,1,1,1,1,1,1,1,-1,-1|./seeds/seed_004.json
1,0,11,10,9,13,5,8,12,6,7,19,4,21,23,27,17,22,31,28,24,29,30,20,16,25,32,26,14,18,15,37,36,35,33,42,34,2,3,38,41,39,40|-1,-1,1,1,1,1,1,1,1,1,1,1,1,1,1,1,1,1,1,1,1,1,1,1,1,1,1,1,1,1,1,1,1,1,1,1,1,-1,-1,1,1,1,1|./seeds/seed_001.json
2,3,4,5,11,10,9,12,8,13,7,6,19,26,17,18,23,24,29,27,31,20,37,25,35,16,14,28,15,22,39,32,30,21,33,34,36,42,38,1,0,40,41|1,1,1,1,1,1,1,1,1,1,1,1,1,1,1,1,1,1,1,1,1,1,1,1,1,1,1,1,1,1,1,1,1,1,1,1,1,1,1,-1,-1,1,1|./seeds/seed_003.json
2,3,4,11,10,5,9,12,19,7,8,23,6,13,18,17,31,24,26,27,14,20,28,29,32,22,16,21,35,25,30,37,15,34,39,36,33,38,42,0,40,41,1|1,1,1,1,1,1,1,1,1,1,1,1,1,1,1,1,1,1,1,1,1,1,1,1,1,1,1,1,1,1,1,1,1,1,1,1,1,1,1,1,1,1,1|./seeds/seed_009.json
2,3,4,0,5,11,10,9,13,6,7,12,8,16,23,14,28,1,27,18,24,22,42,20,19,38,29,26,17,25,30,21,37,34,31,39,32,40,35,41,15,33,36|1,1,1,1,1,1,1,1,1,1,1,1,1,1,1,1,1,1,1,1,1,1,1,1,1,1,1,1,1,1,1,1,1,1,1,1,1,1,1,1,1,1,1|./seeds/seed_007.json
2,3,4,0,1,5,10,11,42,9,16,38,18,13,6,7,37,40,34,23,39,12,35,8,24,33,26,14,41,25,30,28,20,27,22,19,17,29,15,31,21,32,36|1,1,1,1,1,1,1,1,1,1,1,1,1,1,1,1,1,1,1,1,1,1,1,1,1,1,1,1,1,1,1,1,1,1,1,1,1,1,1,1,1,1,1|./seeds/seed_000.json
13,5,9,0,10,19,11,24,17,25,23,2,32,4,29,7,26,14,21,18,31,35,22,28,30,20,16,27,15,33,37,34,36,6,3,42,39,38,1,41,8,40,12|-1,-1,-1,1,-1,1,-1,1,1,1,1,1,1,-1,1,-1,1,1,1,1,1,1,1,1,1,1,1,1,1,1,1,1,1,-1,1,1,1,1,1,1,-1,1,-1|./seeds/seed_001.json
13,5,9,0,10,11,19,2,4,7,24,25,17,23,32,29,26,14,18,21,35,20,15,31,22,30,27,33,28,16,37,6,34,36,3,1,39,42,12,8,38,41,40|-1,-1,-1,1,-1,-1,1,1,-1,-1,1,1,1,1,1,1,1,1,1,1,1,1,1,1,1,1,1,1,1,1,1,-1,1,1,1,1,1,1,-1,-1,1,1,1|./seeds/seed_000.json
11,10,9,5,13,8,31,4,30,19,6,28,12,21,23,7,27,14,20,24,17,22,29,32,1,16,26,25,18,35,37,15,2,36,34,42,38,41,33,40,39,3,0|1,1,1,1,1,1,1,1,1,1,1,1,1,1,1,1,1,1,1,1,1,1,1,1,-1,1,1,1,1,1,1,1,1,1,1,1,1,1,1,1,1,1,-1|./seeds/seed_010.json
1,0,11,10,9,13,5,8,12,6,7,19,4,21,23,27,17,22,31,28,24,29,30,20,16,25,32,26,14,18,15,37,36,35,33,42,34,2,3,38,41,39,40|-1,-1,1,1,1,1,1,1,1,1,1,1,1,1,1,1,1,1,1,1,1,1,1,1,1,1,1,1,1,1,1,1,1,1,1,1,1,-1,-1,1,1,1,1|./seeds/seed_001.json
1,0,3,2,4,28,22,27,20,21,32,16,30,29,31,17,14,6,42,7,19,38,41,40,39,23,24,36,9,11,26,34,37,15,5,25,18,13,8,10,12,33,35|-1,-1,-1,-1,-1,1,1,1,1,1,1,1,1,1,1,1,1,1,1,1,1,1,1,1,1,1,1,-1,1,1,1,1,-1,-1,1,1,1,1,-1,1,1,1,-1|./seeds/seed_000.json
1,0,3,2,4,28,22,27,16,20,21,32,29,30,31,17,42,14,6,7,38,41,19,39,40,23,24,9,34,11,26,18,25,5,36,10,15,12,35,33,37,8,13|-1,-1,-1,-1,-1,1,1,1,1,1,1,1,1,1,1,1,1,1,1,1,1,1,1,1,1,1,1,1,1,1,1,1,1,1,-1,1,-1,1,1,1,-1,1,1|./seeds/seed_004.json
2,3,4,10,5,11,9,13,8,12,6,7,37,42,35,23,16,15,19,30,0,17,26,39,25,34,18,40,31,24,28,36,20,33,14,38,27,41,29,22,21,32,1|-1,-1,-1,-1,-1,-1,-1,-1,-1,-1,-1,-1,-1,-1,-1,-1,-1,-1,-1,-1,-1,-1,-1,-1,-1,-1,-1,-1,-1,-1,-1,-1,-1,-1,-1,-1,-1,-1,-1,-1,-1,-1,1|./seeds/seed_000.json
2,3,4,10,11,9,5,8,6,12,7,13,23,19,17,20,14,18,24,16,28,26,31,30,25,35,37,32,21,27,29,0,22,15,42,34,36,39,33,38,40,41,1|-1,-1,-1,-1,-1,-1,-1,-1,-1,-1,-1,-1,-1,-1,-1,-1,-1,-1,-1,-1,-1,-1,-1,-1,-1,-1,-1,-1,-1,-1,-1,-1,-1,-1,-1,-1,-1,-1,-1,-1,-1,-1,1|./seeds/seed_008.json
1,0,3,2,4,32,21,22,27,29,28,20,31,30,17,14,23,19,24,34,37,42,41,40,36,39,11,35,16,38,6,33,26,13,12,9,15,7,18,10,25,5,8|-1,-1,-1,-1,-1,1,1,1,1,1,1,1,1,1,1,1,1,1,1,-1,-1,-1,-1,-1,-1,-1,1,-1,1,-1,1,-1,1,1,1,1,1,1,-1,-1,1,-1,-1|./seeds/seed_001.json
1,0,3,2,4,32,22,21,29,27,28,31,20,30,17,14,19,23,24,34,37,42,40,41,36,39,35,38,11,33,16,26,6,9,15,13,12,18,7,10,5,25,8|-1,-1,-1,-1,-1,1,1,1,1,1,1,1,1,1,1,1,1,1,1,-1,-1,-1,-1,-1,-1,-1,-1,-1,1,-1,1,1,1,1,1,1,1,-1,1,-1,-1,1,-1|./seeds/seed_003.json
4,0,10,5,11,2,7,9,6,13,3,8,16,12,17,34,23,14,20,27,26,31,30,1,19,28,42,21,18,24,22,41,29,25,38,40,37,32,39,35,15,33,36|-1,-1,-1,-1,-1,-1,-1,-1,-1,-1,-1,-1,-1,-1,-1,-1,-1,-1,-1,-1,-1,-1,-1,-1,-1,-1,-1,-1,-1,-1,-1,-1,-1,-1,-1,-1,-1,-1,-1,-1,-1,-1,-1|./seeds/seed_007.json
4,10,0,11,5,6,9,23,7,17,2,19,16,14,12,8,31,20,24,27,30,26,34,21,18,13,28,3,29,25,22,32,42,37,35,41,38,15,40,39,33,36,1|-1,-1,-1,-1,-1,-1,-1,-1,-1,-1,-1,-1,-1,-1,-1,-1,-1,-1,-1,-1,-1,-1,-1,-1,-1,-1,-1,-1,-1,-1,-1,-1,-1,-1,-1,-1,-1,-1,-1,-1,-1,-1,-1|./seeds/seed_009.json
1,11,10,13,0,9,5,8,12,7,6,4,19,23,21,27,28,17,29,31,22,30,24,32,26,25,20,14,16,18,15,35,37,36,33,34,42,38,41,39,40,2,3|-1,1,1,1,-1,1,1,1,1,1,1,1,1,1,1,1,1,1,1,1,1,1,1,1,1,1,1,1,1,1,1,1,1,1,1,1,1,1,1,1,1,-1,-1|./seeds/seed_004.json
11,10,5,9,13,8,4,6,30,31,7,28,1,12,19,22,21,27,29,14,17,20,23,32,24,16,26,25,18,35,37,15,36,42,38,34,0,33,2,40,41,39,3|1,1,1,1,1,1,1,1,1,1,1,1,-1,1,1,1,1,1,1,1,1,1,1,1,1,1,1,1,1,1,1,1,1,1,1,1,-1,1,1,1,1,1,1|./seeds/seed_009.json
1,17,24,19,23,25,26,14,21,32,29,27,15,31,30,33,20,35,18,13,5,36,22,28,16,37,34,9,2,8,12,10,7,0,39,11,42,4,38,41,3,40,6|-1,1,1,1,1,1,1,1,1,1,1,1,1,1,1,1,1,1,1,-1,-1,1,1,1,1,1,1,-1,1,1,1,-1,-1,-1,1,-1,1,-1,1,1,1,1,1|./seeds/seed_002.json
1,17,23,19,24,25,26,13,5,29,33,21,30,31,14,27,32,15,35,36,18,20,22,28,9,34,16,37,2,0,11,10,7,8,4,39,42,12,38,41,3,40,6|-1,1,1,1,1,1,1,-1,-1,1,1,1,1,1,1,1,1,1,1,1,1,1,1,1,-1,1,1,1,1,-1,-1,-1,-1,1,-1,1,1,1,1,1,1,1,-1|./seeds/seed_000.json
9,11,10,13,6,7,31,14,5,28,22,21,27,30,23,17,32,19,20,29,8,16,12,24,18,1,26,25,41,42,3,34,39,40,38,15,0,37,35,36,2,33,4|-1,-1,-1,-1,-1,-1,-1,-1,-1,-1,-1,-1,-1,-1,-1,-1,-1,-1,-1,-1,-1,-1,-1,-1,-1,1,-1,-1,-1,-1,1,-1,-1,-1,-1,-1,-1,-1,-1,-1,1,-1,-1|./seeds/seed_009.json
2,3,10,9,13,11,7,6,12,8,14,17,21,27,28,19,23,30,4,31,24,5,22,29,16,1,32,18,41,20,25,34,42,36,15,26,39,37,40,35,38,33,0|1,1,-1,-1,-1,-1,-1,-1,-1,-1,-1,-1,-1,-1,-1,-1,-1,-1,1,-1,-1,-1,-1,-1,-1,1,-1,-1,-1,-1,-1,-1,-1,-1,-1,-1,-1,-1,-1,-1,-1,-1,-1|./seeds/seed_000.json
1,24,17,23,19,25,21,26,29,31,32,14,27,30,20,22,15,28,18,33,35,36,16,13,34,37,5,9,2,8,12,0,39,42,38,10,4,7,41,11,6,40,3|-1,1,1,1,1,1,1,1,1,1,1,1,1,1,1,1,1,1,1,1,1,1,1,-1,1,1,-1,-1,1,1,1,-1,1,1,1,-1,-1,-1,1,-1,1,1,1|./seeds/seed_005.txt
1,17,24,19,23,25,26,14,21,32,29,27,15,31,30,33,20,35,18,13,5,36,22,28,16,37,34,9,2,8,12,10,7,0,39,11,42,4,38,41,3,40,6|-1,1,1,1,1,1,1,1,1,1,1,1,1,1,1,1,1,1,1,-1,-1,1,1,1,1,1,1,-1,1,1,1,-1,-1,-1,1,-1,1,-1,1,1,1,1,1|./seeds/seed_002.json
1,11,10,9,13,7,6,12,8,3,5,2,27,21,19,17,22,14,23,32,28,31,24,20,30,26,29,25,16,0,18,15,34,35,33,37,36,42,38,39,41,40,4|-1,1,1,1,1,1,1,1,1,-1,1,-1,1,1,1,1,1,1,1,1,1,1,1,1,1,1,1,1,1,-1,1,1,1,1,1,1,1,1,1,1,1,1,-1|./seeds/seed_004.json
11,1,9,10,6,7,13,12,8,17,27,31,5,21,32,19,14,28,22,23,20,30,29,24,16,26,3,25,2,18,34,15,38,35,42,33,37,39,41,36,40,0,4|1,-1,1,1,1,1,1,1,1,1,1,1,1,1,1,1,1,1,1,1,1,1,1,1,1,1,-1,1,-1,1,1,1,1,1,1,1,1,1,1,1,1,-1,-1|./seeds/seed_007.json
2,3,4,5,10,11,9,8,6,12,13,7,19,23,28,17,24,22,26,16,27,18,25,20,31,37,35,29,14,21,30,32,15,33,38,39,34,36,42,40,41,1,0|-1,-1,-1,-1,-1,-1,-1,-1,-1,-1,-1,-1,-1,-1,-1,-1,-1,-1,-1,-1,-1,-1,-1,-1,-1,-1,-1,-1,-1,-1,-1,-1,-1,-1,-1,-1,-1,-1,-1,-1,-1,1,1|./seeds/seed_004.json
2,3,4,5,10,11,9,8,6,12,13,7,19,23,28,17,26,24,27,22,20,18,25,37,35,16,31,29,14,15,21,32,30,33,38,39,36,42,34,40,41,1,0|-1,-1,-1,-1,-1,-1,-1,-1,-1,-1,-1,-1,-1,-1,-1,-1,-1,-1,-1,-1,-1,-1,-1,-1,-1,-1,-1,-1,-1,-1,-1,-1,-1,-1,-1,-1,-1,-1,-1,-1,-1,1,1|./seeds/seed_002.json
1,0,11,10,9,13,5,8,12,6,7,19,4,21,23,27,17,22,31,28,24,29,30,20,16,25,32,26,14,18,15,37,36,35,33,42,34,2,3,38,41,39,40|-1,-1,1,1,1,1,1,1,1,1,1,1,1,1,1,1,1,1,1,1,1,1,1,1,1,1,1,1,1,1,1,1,1,1,1,1,1,-1,-1,1,1,1,1|./seeds/seed_001.json
11,10,1,9,13,5,8,12,6,7,19,30,28,23,31,17,21,27,22,29,4,14,32,0,24,20,16,26,25,18,35,15,37,33,36,34,38,41,42,40,39,3,2|1,1,-1,1,1,1,1,1,1,1,1,1,1,1,1,1,1,1,1,1,1,1,1,-1,1,1,1,1,1,1,1,1,1,1,1,1,1,1,1,1,1,-1,1|./seeds/seed_007.json
1,42,13,41,11,39,40,34,29,32,21,38,27,0,22,31,10,15,30,9,20,37,3,19,12,14,16,8,5,35,28,24,33,2,17,18,23,26,36,6,4,25,7|-1,-1,1,-1,1,-1,-1,-1,1,1,1,-1,1,-1,1,1,1,1,1,1,1,-1,-1,1,1,1,-1,1,1,-1,1,1,-1,-1,1,-1,1,1,-1,-1,1,1,1|./seeds/seed_009.json
1,13,42,11,41,39,40,34,38,32,21,29,27,22,10,31,0,9,15,20,12,30,37,5,8,19,14,16,24,28,35,33,3,17,18,23,4,2,26,7,36,6,25|-1,1,-1,1,-1,-1,-1,-1,-1,1,1,1,1,1,1,1,-1,1,1,1,1,1,-1,1,1,1,1,-1,1,1,-1,-1,-1,1,-1,1,1,-1,1,1,-1,1,1|./seeds/seed_010.json
1,0,2,3,42,4,41,39,40,38,16,34,6,35,23,18,7,37,17,33,26,28,9,36,25,19,12,24,20,22,10,11,8,14,30,27,15,32,31,21,5,29,13|-1,-1,-1,-1,1,-1,1,1,1,1,1,1,1,1,1,1,1,1,1,1,1,1,1,1,1,1,1,1,1,1,1,1,1,1,1,1,-1,1,1,1,1,1,-1|./seeds/seed_004.json
1,0,2,3,42,4,41,39,38,40,34,16,6,35,23,18,7,37,33,17,26,28,9,36,25,19,12,20,24,22,10,14,11,8,30,27,21,31,32,15,5,13,29|-1,-1,-1,-1,1,-1,1,1,1,1,1,1,1,1,1,1,1,1,1,1,1,1,1,1,1,1,1,1,1,1,1,1,1,1,1,1,1,1,1,-1,1,-1,1|./seeds/seed_003.json
13,5,2,9,17,19,23,24,25,26,21,29,35,11,3,30,18,15,32,14,31,27,10,20,7,22,37,33,36,28,34,4,16,1,6,42,38,41,40,39,0,12,8|-1,-1,1,-1,1,1,1,1,1,1,1,1,1,-1,1,1,1,1,1,1,1,1,-1,1,-1,1,1,1,1,1,1,-1,1,-1,-1,1,1,1,1,1,1,1,1|./seeds/seed_002.json
23,24,17,19,25,26,31,14,21,30,18,2,27,29,32,20,15,35,33,37,22,34,36,28,12,16,3,13,8,5,9,0,41,6,39,40,42,38,1,7,10,4,11|1,1,1,1,1,1,1,1,1,1,1,1,1,1,1,1,1,1,1,1,1,1,1,1,1,1,1,-1,1,-1,-1,1,1,1,1,1,1,1,-1,-1,1,-1,1|./seeds/seed_010.json
1,0,13,9,11,10,5,2,7,3,6,18,34,26,12,37,8,19,25,35,24,23,15,33,30,36,17,14,29,21,16,40,32,20,31,38,28,42,39,22,27,41,4|-1,-1,1,1,1,1,1,-1,1,-1,1,-1,-1,-1,1,-1,1,-1,-1,-1,-1,-1,-1,-1,-1,-1,-1,-1,-1,-1,-1,-1,-1,-1,-1,-1,-1,-1,-1,-1,-1,-1,-1|./seeds/seed_006.json
13,1,0,24,23,18,19,25,17,26,34,9,37,35,14,2,30,15,5,16,21,36,29,11,32,33,31,28,27,20,42,3,22,39,10,40,38,41,7,12,8,4,6|1,-1,-1,-1,-1,-1,-1,-1,-1,-1,-1,1,-1,-1,-1,-1,-1,-1,1,-1,-1,-1,-1,1,-1,-1,-1,-1,-1,-1,-1,-1,-1,-1,1,-1,-1,-1,1,-1,-1,-1,1|./seeds/seed_008.json
1,0,11,13,10,9,7,12,6,8,5,19,17,21,27,29,28,32,23,3,24,2,22,31,14,20,30,16,18,26,25,15,35,36,37,42,33,39,34,41,38,40,4|-1,-1,1,1,1,1,1,1,1,1,1,1,1,1,1,1,1,1,1,-1,1,-1,1,1,1,1,1,1,1,1,1,1,1,1,1,1,1,1,1,1,1,1,1|./seeds/seed_002.json
1,11,0,13,10,9,7,12,6,8,5,19,17,21,27,3,29,28,23,32,2,31,22,24,14,20,18,25,16,30,26,15,35,36,37,33,4,34,42,39,40,41,38|-1,1,-1,1,1,1,1,1,1,1,1,1,1,1,1,-1,1,1,1,1,-1,1,1,1,1,1,1,1,1,1,1,1,1,1,1,1,1,1,1,1,1,1,1|./seeds/seed_006.json
2,3,4,5,10,11,9,13,12,6,7,8,19,23,28,18,17,42,27,20,31,25,38,26,16,22,39,40,14,34,21,37,35,32,24,15,29,33,30,0,41,36,1|1,1,1,1,1,1,1,1,1,1,1,1,1,1,1,1,1,1,1,1,1,1,1,1,1,1,1,1,1,1,1,1,1,1,1,1,1,1,1,1,1,1,-1|./seeds/seed_006.json
2,3,4,5,10,11,6,9,23,19,7,8,12,28,17,18,13,20,27,31,14,22,24,42,21,16,32,30,26,0,29,34,25,35,40,38,39,37,15,41,33,36,1|1,1,1,1,1,1,1,1,1,1,1,1,1,1,1,1,1,1,1,1,1,1,1,1,1,1,1,1,1,1,1,1,1,1,1,1,1,1,1,1,1,1,-1|./seeds/seed_009.json
24,23,17,19,14,26,25,21,31,32,27,30,29,20,15,22,28,18,33,36,35,16,1,37,13,34,8,12,5,2,9,39,38,41,6,42,7,10,40,4,0,11,3|1,1,1,1,1,1,1,1,1,1,1,1,1,1,1,1,1,1,1,1,1,1,-1,1,-1,1,1,1,-1,1,-1,1,1,1,1,1,-1,-1,1,-1,1,-1,1|./seeds/seed_008.json
1,24,17,23,19,25,21,26,29,31,32,14,27,30,20,22,15,28,18,33,35,36,16,13,34,37,5,9,2,8,12,0,39,42,38,10,4,7,41,11,6,40,3|-1,1,1,1,1,1,1,1,1,1,1,1,1,1,1,1,1,1,1,1,1,1,1,-1,1,1,-1,-1,1,1,1,-1,1,1,1,-1,-1,-1,1,-1,1,1,1|./seeds/seed_005.txt
1,0,3,2,32,27,21,29,19,22,31,30,24,15,17,42,14,20,4,23,39,28,40,41,38,12,26,25,8,11,36,18,33,5,34,35,7,10,37,16,9,13,6|-1,-1,-1,-1,1,1,1,1,1,1,1,1,1,1,1,-1,1,1,-1,1,-1,1,-1,-1,-1,1,1,1,1,1,1,1,1,-1,-1,1,-1,1,1,1,-1,1,1|./seeds/seed_005.txt
1,0,3,2,32,27,21,29,19,4,22,30,42,31,24,15,39,17,40,41,14,20,38,23,12,26,25,28,8,11,5,36,7,33,18,34,9,35,6,37,10,13,16|-1,-1,-1,-1,1,1,1,1,1,-1,1,1,-1,1,1,1,-1,1,-1,-1,1,1,-1,1,1,1,1,1,1,1,-1,1,-1,1,1,-1,-1,1,-1,1,1,-1,-1|./seeds/seed_001.json
0,1,2,5,10,6,7,9,11,42,14,3,8,16,13,19,34,31,41,38,28,23,22,39,12,30,24,27,29,17,21,40,18,20,26,25,37,32,15,35,33,36,4|-1,-1,-1,-1,-1,-1,-1,-1,-1,-1,-1,-1,-1,-1,-1,-1,-1,-1,-1,-1,-1,-1,-1,-1,-1,-1,-1,-1,-1,-1,-1,-1,-1,-1,-1,-1,-1,-1,-1,-1,-1,-1,-1|./seeds/seed_003.json
0,1,2,5,9,7,10,3,6,11,8,13,16,14,23,19,42,28,31,34,12,30,22,39,27,18,24,41,29,26,25,21,38,20,40,17,37,4,32,35,15,33,36|-1,-1,-1,-1,-1,-1,-1,-1,-1,-1,-1,-1,-1,-1,-1,-1,-1,-1,-1,-1,-1,-1,-1,-1,-1,-1,-1,-1,-1,-1,-1,-1,-1,-1,-1,-1,-1,-1,-1,-1,-1,-1,-1|./seeds/seed_006.json
1,0,3,2,27,32,21,29,19,4,42,24,31,30,15,22,17,14,39,40,20,41,23,38,12,26,25,28,8,36,5,11,7,34,33,18,35,9,6,37,10,16,13|-1,-1,-1,-1,1,1,1,1,1,-1,-1,1,1,1,1,1,1,1,-1,-1,1,-1,1,-1,1,1,1,1,1,1,-1,1,-1,-1,1,1,1,-1,-1,1,1,-1,-1|./seeds/seed_002.json
1,0,3,2,4,32,27,21,29,42,19,30,22,24,39,41,31,40,15,38,17,20,14,23,12,26,5,25,28,8,36,11,7,34,9,33,18,35,6,13,16,37,10|-1,-1,-1,-1,-1,1,1,1,1,-1,1,1,1,1,-1,-1,1,-1,1,-1,1,1,1,1,1,1,-1,1,1,1,1,1,-1,-1,-1,1,1,1,-1,-1,-1,1,-1|./seeds/seed_000.json
2,3,4,0,5,10,11,9,13,6,7,28,8,12,20,24,23,42,31,17,18,22,19,16,1,37,27,14,25,30,26,39,35,21,38,29,34,40,41,15,32,33,36|-1,-1,-1,-1,-1,-1,-1,-1,-1,-1,-1,-1,-1,-1,-1,-1,-1,-1,-1,-1,-1,-1,-1,-1,-1,-1,-1,-1,-1,-1,-1,-1,-1,-1,-1,-1,-1,-1,-1,-1,-1,-1,-1|./seeds/seed_005.txt
2,3,4,0,5,10,1,9,11,13,6,7,8,12,37,28,42,18,17,20,19,23,39,25,38,16,35,34,24,26,31,41,30,40,14,22,27,29,21,15,33,32,36|-1,-1,-1,-1,-1,-1,-1,-1,-1,-1,-1,-1,-1,-1,-1,-1,-1,-1,-1,-1,-1,-1,-1,-1,-1,-1,-1,-1,-1,-1,-1,-1,-1,-1,-1,-1,-1,-1,-1,-1,-1,-1,-1|./seeds/seed_002.json
0,13,1,10,4,11,12,8,9,5,41,42,40,39,38,15,16,28,36,7,30,6,37,20,33,3,34,22,32,31,21,27,25,17,14,26,29,19,35,24,18,2,23|-1,1,-1,1,1,1,1,1,1,1,-1,-1,-1,-1,-1,1,-1,-1,1,1,-1,1,1,-1,1,1,-1,-1,-1,-1,-1,-1,1,-1,-1,1,-1,1,1,1,1,-1,-1|./seeds/seed_002.json
0,1,13,10,4,11,12,8,9,41,42,40,39,5,38,28,16,15,36,30,20,31,32,37,21,7,22,33,34,27,14,29,17,6,25,3,35,26,2,19,18,23,24|-1,-1,1,1,1,1,1,1,1,-1,-1,-1,-1,1,-1,-1,-1,1,1,-1,-1,-1,-1,1,-1,1,-1,1,-1,-1,-1,-1,-1,1,1,1,1,1,-1,1,1,-1,1|./seeds/seed_001.json
3,1,2,0,4,32,21,42,29,15,27,31,19,39,14,40,38,41,22,30,24,23,20,5,17,28,26,7,25,9,12,36,34,8,6,18,33,11,10,16,13,35,37|-1,-1,-1,-1,-1,1,1,-1,1,1,1,1,1,-1,1,-1,-1,-1,1,1,1,1,1,-1,1,1,1,-1,1,-1,1,1,-1,1,-1,1,1,1,-1,-1,-1,1,-1|./seeds/seed_003.json
3,1,2,0,32,21,29,27,31,19,42,15,4,14,30,22,24,39,23,41,40,20,17,38,28,26,25,5,12,36,7,8,9,34,11,18,33,6,35,10,37,16,13|-1,-1,-1,-1,1,1,1,1,1,1,-1,1,-1,1,1,1,1,-1,1,-1,-1,1,1,-1,1,1,1,-1,1,1,-1,1,-1,-1,1,1,1,-1,1,-1,-1,-1,-1|./seeds/seed_005.txt
1,0,2,3,42,4,41,39,40,38,34,16,6,35,23,18,37,7,33,17,26,28,36,25,19,9,12,24,20,22,10,14,11,27,8,30,31,32,21,15,5,29,13|-1,-1,-1,-1,1,-1,1,1,1,1,1,1,1,1,1,1,1,1,1,1,1,1,1,1,1,1,1,1,1,1,1,1,1,1,1,1,1,1,1,-1,1,1,-1|./seeds/seed_002.json
1,0,2,3,42,4,41,39,40,6,34,38,16,35,23,7,33,18,37,17,28,26,9,19,12,25,24,36,20,10,8,27,11,22,14,30,31,32,15,21,5,13,29|-1,-1,-1,-1,1,-1,1,1,1,1,1,1,1,1,1,1,1,1,1,1,1,1,1,1,1,1,1,1,1,1,1,1,1,1,1,1,1,1,-1,1,1,-1,1|./seeds/seed_001.json
1,0,13,9,11,10,5,2,7,3,6,18,34,26,12,8,37,23,24,19,25,35,15,30,14,17,33,36,29,40,20,16,21,32,31,42,38,41,28,39,22,27,4|-1,-1,1,1,1,1,1,-1,1,-1,1,-1,-1,-1,1,1,-1,-1,-1,-1,-1,-1,-1,-1,-1,-1,-1,-1,-1,-1,-1,-1,-1,-1,-1,-1,-1,-1,-1,-1,-1,-1,-1|./seeds/seed_002.json
1,0,13,17,19,23,24,18,25,34,26,14,2,30,29,21,32,37,27,31,15,35,16,28,9,20,22,33,3,36,39,42,5,40,11,38,12,8,41,4,10,7,6|-1,-1,1,-1,-1,-1,-1,-1,-1,-1,-1,-1,-1,-1,-1,-1,-1,-1,-1,-1,-1,-1,-1,-1,1,-1,-1,-1,-1,-1,-1,-1,1,-1,1,-1,-1,-1,-1,-1,1,1,-1|./seeds/seed_010.json
2,3,4,0,1,5,10,11,13,9,7,12,6,8,17,23,18,16,34,28,24,42,40,39,26,25,19,31,30,14,22,21,37,35,20,38,33,27,15,41,29,32,36|-1,-1,-1,-1,-1,-1,-1,-1,-1,-1,-1,-1,-1,-1,-1,-1,-1,-1,-1,-1,-1,-1,-1,-1,-1,-1,-1,-1,-1,-1,-1,-1,-1,-1,-1,-1,-1,-1,-1,-1,-1,-1,-1|./seeds/seed_006.json
2,3,0,4,1,5,10,13,42,7,11,40,9,39,34,6,8,12,18,16,17,30,28,23,38,26,37,41,35,24,33,25,22,31,14,19,21,36,20,15,29,27,32|-1,-1,-1,-1,-1,-1,-1,-1,-1,-1,-1,-1,-1,-1,-1,-1,-1,-1,-1,-1,-1,-1,-1,-1,-1,-1,-1,-1,-1,-1,-1,-1,-1,-1,-1,-1,-1,-1,-1,-1,-1,-1,-1|./seeds/seed_000.json
9,11,10,13,6,7,31,14,5,28,22,21,27,30,23,17,32,19,20,29,8,16,12,24,18,1,26,25,41,42,3,34,39,40,38,15,0,37,35,36,2,33,4|-1,-1,-1,-1,-1,-1,-1,-1,-1,-1,-1,-1,-1,-1,-1,-1,-1,-1,-1,-1,-1,-1,-1,-1,-1,1,-1,-1,-1,-1,1,-1,-1,-1,-1,-1,-1,-1,-1,-1,1,-1,-1|./seeds/seed_009.json
3,2,9,10,11,13,6,7,12,8,14,28,21,17,27,31,1,23,5,19,22,29,24,30,32,16,20,18,25,41,15,26,34,42,36,4,39,35,38,37,40,33,0|1,1,-1,-1,-1,-1,-1,-1,-1,-1,-1,-1,-1,-1,-1,-1,1,-1,-1,-1,-1,-1,-1,-1,-1,-1,-1,-1,-1,-1,-1,-1,-1,-1,-1,1,-1,-1,-1,-1,-1,-1,-1|./seeds/seed_005.txt
1,11,10,9,13,6,7,12,3,8,27,2,5,17,21,14,22,28,19,31,23,32,24,20,29,30,26,16,25,0,18,15,34,35,37,42,33,38,36,39,41,40,4|-1,1,1,1,1,1,1,1,-1,1,1,-1,1,1,1,1,1,1,1,1,1,1,1,1,1,1,1,1,1,-1,1,1,1,1,1,1,1,1,1,1,1,1,-1|./seeds/seed_005.txt
11,1,10,9,13,6,7,12,8,3,2,5,27,17,19,21,14,28,22,23,32,31,20,24,30,29,26,0,25,16,18,15,34,42,35,38,33,37,36,39,41,4,40|1,-1,1,1,1,1,1,1,1,-1,-1,1,1,1,1,1,1,1,1,1,1,1,1,1,1,1,1,-1,1,1,1,1,1,1,1,1,1,1,1,1,1,-1,1|./seeds/seed_003.json
13,5,9,0,10,19,11,24,17,25,23,2,32,4,29,7,26,14,21,18,31,35,22,28,30,20,16,27,15,33,37,34,36,6,3,42,39,38,1,41,8,40,12|-1,-1,-1,1,-1,1,-1,1,1,1,1,1,1,-1,1,-1,1,1,1,1,1,1,1,1,1,1,1,1,1,1,1,1,1,-1,1,1,1,1,1,1,-1,1,-1|./seeds/seed_001.json
13,5,9,0,10,11,4,7,19,17,24,25,23,2,35,29,18,26,32,14,21,20,31,15,16,22,27,28,30,33,37,36,6,34,1,39,42,3,38,12,8,41,40|-1,-1,-1,1,-1,-1,-1,-1,1,1,1,1,1,1,1,1,1,1,1,1,1,1,1,1,1,1,1,1,1,1,1,1,-1,1,1,1,1,1,1,-1,-1,1,1|./seeds/seed_002.json
36,5,0,15,42,35,7,25,39,28,9,41,40,37,33,38,16,6,12,22,1,13,26,18,8,32,20,31,27,19,30,21,23,24,14,29,17,11,4,10,3,2,34|1,-1,-1,1,-1,1,-1,1,-1,-1,-1,-1,-1,1,1,-1,-1,-1,1,-1,-1,-1,1,1,1,-1,-1,-1,-1,1,-1,-1,1,1,-1,-1,-1,-1,-1,-1,1,-1,1|./seeds/seed_010.json
5,36,42,15,7,9,0,41,40,39,6,38,25,35,13,33,37,16,1,19,26,28,24,4,18,12,23,10,8,11,20,2,22,31,32,3,34,30,27,29,17,21,14|-1,1,-1,1,-1,-1,-1,-1,-1,-1,-1,-1,1,1,-1,1,1,-1,-1,1,1,-1,1,-1,1,1,1,-1,1,-1,-1,-1,-1,-1,-1,-1,-1,-1,-1,1,-1,-1,-1|./seeds/seed_008.json
0,1,2,3,4,5,42,39,40,41,34,38,6,10,7,18,16,11,37,35,28,36,9,14,8,26,25,13,12,23,33,30,17,20,31,15,24,19,27,22,21,29,32|1,1,1,1,1,1,1,1,1,1,1,1,1,1,1,1,1,1,1,1,1,1,1,1,1,1,1,1,1,1,1,1,1,1,1,1,1,1,1,1,1,1,1|./seeds/seed_000.json
0,2,1,3,4,5,10,11,7,42,6,34,39,40,18,9,12,41,16,13,38,8,28,37,35,25,36,20,14,23,26,31,24,19,17,15,33,30,27,22,21,29,32|1,1,1,1,1,1,1,1,1,1,1,1,1,1,1,1,1,1,1,1,1,1,1,1,1,1,1,1,1,1,1,1,1,1,1,1,1,1,1,1,1,1,1|./seeds/seed_004.json
2,0,1,3,4,5,10,11,9,39,7,6,18,38,40,42,12,13,16,8,26,34,37,23,14,31,41,28,19,30,25,24,35,20,27,15,17,22,21,32,36,29,33|-1,-1,-1,-1,-1,-1,-1,-1,-1,-1,-1,-1,-1,-1,-1,-1,-1,-1,-1,-1,-1,-1,-1,-1,-1,-1,-1,-1,-1,-1,-1,-1,-1,-1,-1,-1,-1,-1,-1,-1,-1,-1,-1|./seeds/seed_005.txt
2,3,0,1,4,5,10,11,9,7,13,12,39,8,6,18,37,26,40,34,38,42,16,35,23,41,25,19,14,24,28,20,31,15,33,17,30,36,27,22,29,32,21|-1,-1,-1,-1,-1,-1,-1,-1,-1,-1,-1,-1,-1,-1,-1,-1,-1,-1,-1,-1,-1,-1,-1,-1,-1,-1,-1,-1,-1,-1,-1,-1,-1,-1,-1,-1,-1,-1,-1,-1,-1,-1,-1|./seeds/seed_006.json
2,3,0,4,1,5,10,11,13,9,12,7,6,8,17,42,23,16,39,24,40,18,28,34,19,26,30,14,25,31,22,37,20,35,21,38,29,33,15,27,41,36,32|-1,-1,-1,-1,-1,-1,-1,-1,-1,-1,-1,-1,-1,-1,-1,-1,-1,-1,-1,-1,-1,-1,-1,-1,-1,-1,-1,-1,-1,-1,-1,-1,-1,-1,-1,-1,-1,-1,-1,-1,-1,-1,-1|./seeds/seed_002.json
2,3,0,4,1,5,10,11,13,9,7,12,6,8,17,42,23,28,16,39,40,18,34,24,19,30,26,14,22,31,25,20,37,21,38,35,29,27,33,41,15,32,36|-1,-1,-1,-1,-1,-1,-1,-1,-1,-1,-1,-1,-1,-1,-1,-1,-1,-1,-1,-1,-1,-1,-1,-1,-1,-1,-1,-1,-1,-1,-1,-1,-1,-1,-1,-1,-1,-1,-1,-1,-1,-1,-1|./seeds/seed_003.json
2,3,4,10,5,11,9,13,8,12,7,6,19,23,16,17,26,25,37,20,28,14,18,24,31,35,15,30,42,27,29,34,21,22,32,39,0,38,36,33,40,1,41|-1,-1,-1,-1,-1,-1,-1,-1,-1,-1,-1,-1,-1,-1,-1,-1,-1,-1,-1,-1,-1,-1,-1,-1,-1,-1,-1,-1,-1,-1,-1,-1,-1,-1,-1,-1,-1,-1,-1,-1,-1,1,-1|./seeds/seed_006.json
2,3,4,10,5,11,9,13,8,12,6,7,19,23,17,16,26,37,20,28,30,25,31,24,14,35,18,15,42,27,22,29,21,32,34,39,38,33,36,1,40,0,41|-1,-1,-1,-1,-1,-1,-1,-1,-1,-1,-1,-1,-1,-1,-1,-1,-1,-1,-1,-1,-1,-1,-1,-1,-1,-1,-1,-1,-1,-1,-1,-1,-1,-1,-1,-1,-1,-1,-1,1,-1,-1,-1|./seeds/seed_004.json
4,10,0,11,5,6,9,23,7,17,2,19,16,14,12,8,31,20,24,27,30,26,34,21,18,13,28,3,29,25,22,32,42,37,35,41,38,15,40,39,33,36,1|-1,-1,-1,-1,-1,-1,-1,-1,-1,-1,-1,-1,-1,-1,-1,-1,-1,-1,-1,-1,-1,-1,-1,-1,-1,-1,-1,-1,-1,-1,-1,-1,-1,-1,-1,-1,-1,-1,-1,-1,-1,-1,-1|./seeds/seed_009.json
0,1,4,10,5,2,7,3,11,6,34,42,13,41,16,9,8,12,26,38,17,37,18,30,14,23,40,39,24,31,20,21,25,28,19,27,22,33,35,36,29,15,32|-1,-1,-1,-1,-1,-1,-1,-1,-1,-1,-1,-1,-1,-1,-1,-1,-1,-1,-1,-1,-1,-1,-1,-1,-1,-1,-1,-1,-1,-1,-1,-1,-1,-1,-1,-1,-1,-1,-1,-1,-1,-1,-1|./seeds/seed_000.json
24,23,17,19,14,26,25,21,31,32,27,30,29,20,15,22,28,18,33,36,35,16,1,37,13,34,8,12,5,2,9,39,38,41,6,42,7,10,40,4,0,11,3|1,1,1,1,1,1,1,1,1,1,1,1,1,1,1,1,1,1,1,1,1,1,-1,1,-1,1,1,1,-1,1,-1,1,1,1,1,1,-1,-1,1,-1,1,-1,1|./seeds/seed_008.json
1,24,17,23,19,25,21,26,29,31,32,14,27,30,20,22,15,28,18,33,35,36,16,13,34,37,5,9,2,8,12,0,39,42,38,10,4,7,41,11,6,40,3|-1,1,1,1,1,1,1,1,1,1,1,1,1,1,1,1,1,1,1,1,1,1,1,-1,1,1,-1,-1,1,1,1,-1,1,1,1,-1,-1,-1,1,-1,1,1,1|./seeds/seed_005.txt
5,9,7,13,36,42,6,15,28,3,11,41,16,39,40,22,38,37,1,20,33,25,10,35,31,27,32,2,30,21,29,14,26,4,18,17,8,12,19,24,0,23,34|1,1,1,1,-1,1,1,-1,1,-1,1,1,1,1,1,1,1,-1,-1,1,-1,-1,1,-1,1,1,1,-1,1,1,1,1,-1,-1,-1,1,-1,-1,-1,-1,1,-1,1|./seeds/seed_010.json
3,9,2,13,5,7,11,1,6,10,42,15,36,28,4,0,16,39,41,38,22,40,37,33,25,35,27,20,31,21,30,32,26,29,18,14,17,12,8,24,23,19,34|-1,1,-1,1,1,1,1,-1,1,1,1,-1,-1,1,-1,-1,1,1,1,1,1,1,-1,-1,-1,-1,1,1,1,1,1,1,-1,1,-1,1,1,1,1,-1,-1,-1,-1|./seeds/seed_001.json
5,9,1,7,13,6,11,28,36,42,39,41,10,15,16,22,3,40,38,37,20,33,32,35,30,21,27,31,25,0,2,29,14,17,26,18,23,12,8,4,24,34,19|1,1,-1,1,1,1,1,1,-1,1,1,1,1,-1,1,1,-1,1,1,-1,1,-1,1,-1,1,1,1,1,-1,-1,-1,1,1,1,-1,-1,1,-1,-1,-1,-1,-1,-1|./seeds/seed_010.json
1,9,13,0,5,7,11,6,10,3,2,28,16,36,42,39,41,22,20,15,40,27,32,38,37,21,31,33,30,12,8,29,35,17,14,25,4,26,18,23,34,24,19|-1,1,1,-1,1,1,1,1,1,-1,-1,1,1,-1,1,1,1,1,1,-1,1,1,1,1,-1,1,1,-1,1,1,1,1,-1,1,1,-1,-1,-1,-1,1,-1,-1,1|./seeds/seed_006.json
1,0,13,11,2,3,42,10,9,41,39,40,38,34,12,21,8,29,27,32,5,22,15,7,31,37,16,33,6,24,30,35,19,4,20,14,17,28,18,26,23,36,25|-1,-1,1,1,-1,-1,-1,1,1,-1,-1,-1,-1,-1,1,1,1,1,1,1,1,1,1,1,1,-1,-1,-1,1,1,1,-1,1,-1,1,1,1,1,-1,1,1,-1,1|./seeds/seed_000.json
1,0,13,11,10,42,3,9,2,41,39,12,40,38,34,21,29,27,8,32,22,5,15,31,7,19,37,30,20,24,16,6,14,17,33,28,35,23,26,4,18,25,36|-1,-1,1,1,1,-1,-1,1,-1,-1,-1,1,-1,-1,-1,1,1,1,1,1,1,1,1,1,1,1,-1,1,1,1,-1,1,1,1,-1,1,-1,1,1,-1,-1,1,-1|./seeds/seed_001.json
1,0,13,9,11,10,5,2,7,3,6,18,34,26,12,8,37,23,24,19,25,35,15,30,14,17,33,36,29,40,20,16,21,32,31,42,38,41,28,39,22,27,4|-1,-1,1,1,1,1,1,-1,1,-1,1,-1,-1,-1,1,1,-1,-1,-1,-1,-1,-1,-1,-1,-1,-1,-1,-1,-1,-1,-1,-1,-1,-1,-1,-1,-1,-1,-1,-1,-1,-1,-1|./seeds/seed_002.json
1,0,13,17,19,23,24,18,25,34,26,14,2,30,29,21,32,37,27,31,15,35,16,28,9,20,22,33,3,36,39,42,5,40,11,38,12,8,41,4,10,7,6|-1,-1,1,-1,-1,-1,-1,-1,-1,-1,-1,-1,-1,-1,-1,-1,-1,-1,-1,-1,-1,-1,-1,-1,1,-1,-1,-1,-1,-1,-1,-1,1,-1,1,-1,-1,-1,-1,-1,1,1,-1|./seeds/seed_010.json
1,0,13,9,11,10,5,2,7,3,6,18,34,12,8,26,37,35,19,23,25,24,15,30,14,17,33,36,29,16,40,20,21,31,42,32,38,41,28,39,22,27,4|-1,-1,1,1,1,1,1,-1,1,-1,1,-1,-1,1,1,-1,-1,-1,-1,-1,-1,-1,-1,-1,-1,-1,-1,-1,-1,-1,-1,-1,-1,-1,-1,-1,-1,-1,-1,-1,-1,-1,-1|./seeds/seed_003.json
13,1,0,24,23,18,19,25,17,26,34,9,37,35,14,2,30,15,5,16,21,36,29,11,32,33,31,28,27,20,42,3,22,39,10,40,38,41,7,12,8,4,6|1,-1,-1,-1,-1,-1,-1,-1,-1,-1,-1,1,-1,-1,-1,-1,-1,-1,1,-1,-1,-1,-1,1,-1,-1,-1,-1,-1,-1,-1,-1,-1,-1,1,-1,-1,-1,1,-1,-1,-1,1|./seeds/seed_008.json
1,0,13,11,10,9,42,12,39,41,40,3,29,8,21,27,32,34,5,2,38,22,31,15,7,19,30,20,6,24,37,14,28,16,17,33,35,23,26,18,25,36,4|-1,-1,1,1,1,1,-1,1,-1,-1,-1,-1,1,1,1,1,1,-1,1,-1,-1,1,1,1,1,1,1,1,1,1,-1,1,1,-1,1,-1,-1,1,1,-1,1,-1,-1|./seeds/seed_003.json
1,13,0,11,10,9,42,12,3,39,41,8,21,40,2,29,27,32,5,38,34,22,31,7,15,19,30,20,6,24,14,28,17,37,23,16,35,26,33,25,18,36,4|-1,1,-1,1,1,1,-1,1,-1,-1,-1,1,1,-1,-1,1,1,1,1,-1,-1,1,1,1,1,1,1,1,1,1,1,1,1,-1,1,-1,-1,1,-1,1,-1,1,1|./seeds/seed_006.json
2,3,4,5,11,10,9,12,8,13,7,6,19,26,17,18,23,24,29,27,31,20,37,25,35,16,14,28,15,22,39,32,30,21,33,34,36,42,38,1,0,40,41|1,1,1,1,1,1,1,1,1,1,1,1,1,1,1,1,1,1,1,1,1,1,1,1,1,1,1,1,1,1,1,1,1,1,1,1,1,1,1,-1,-1,1,1|./seeds/seed_003.json
2,3,4,11,10,5,9,12,19,7,8,23,6,13,18,17,31,24,26,27,14,20,28,29,32,22,16,21,35,25,30,37,15,34,39,36,33,38,42,0,40,41,1|1,1,1,1,1,1,1,1,1,1,1,1,1,1,1,1,1,1,1,1,1,1,1,1,1,1,1,1,1,1,1,1,1,1,1,1,1,1,1,1,1,1,1|./seeds/seed_009.json
2,3,4,0,5,10,9,11,13,7,6,12,8,1,23,17,16,28,24,14,30,42,22,18,27,31,19,34,26,20,21,39,40,25,37,29,38,32,41,35,15,33,36|-1,-1,-1,-1,-1,-1,-1,-1,-1,-1,-1,-1,-1,-1,-1,-1,-1,-1,-1,-1,-1,-1,-1,-1,-1,-1,-1,-1,-1,-1,-1,-1,-1,-1,-1,-1,-1,-1,-1,-1,-1,-1,-1|./seeds/seed_007.json
2,3,0,4,1,5,10,11,13,9,7,12,42,6,8,34,17,40,39,23,16,18,24,28,30,26,19,22,25,37,35,14,31,38,20,33,21,41,15,29,27,36,32|-1,-1,-1,-1,-1,-1,-1,-1,-1,-1,-1,-1,-1,-1,-1,-1,-1,-1,-1,-1,-1,-1,-1,-1,-1,-1,-1,-1,-1,-1,-1,-1,-1,-1,-1,-1,-1,-1,-1,-1,-1,-1,-1|./seeds/seed_001.json
5,9,7,13,36,42,6,15,28,3,11,41,16,39,40,22,38,37,1,20,33,25,10,35,31,27,32,2,30,21,29,14,26,4,18,17,8,12,19,24,0,23,34|1,1,1,1,-1,1,1,-1,1,-1,1,1,1,1,1,1,1,-1,-1,1,-1,-1,1,-1,1,1,1,-1,1,1,1,1,-1,-1,-1,1,-1,-1,-1,-1,1,-1,1|./seeds/seed_010.json
9,13,7,5,3,11,1,2,6,10,42,15,36,16,28,39,41,38,40,22,0,37,27,25,33,35,20,31,4,30,21,32,26,12,29,18,8,14,24,17,19,23,34|1,1,1,1,-1,1,-1,-1,1,1,1,-1,-1,1,1,1,1,1,1,1,-1,-1,1,-1,-1,-1,1,1,-1,1,1,1,-1,1,1,-1,1,1,-1,1,-1,-1,1|./seeds/seed_004.json
1,17,24,19,23,25,26,21,14,27,31,29,15,32,30,5,33,13,18,35,20,36,22,28,16,34,37,9,2,8,12,10,7,11,39,0,42,4,38,41,40,3,6|-1,1,1,1,1,1,1,1,1,1,1,1,1,1,1,-1,1,-1,1,1,1,1,1,1,1,1,1,-1,1,1,1,-1,-1,-1,1,-1,1,-1,1,1,1,1,1|./seeds/seed_004.json
23,24,17,26,19,25,14,31,27,32,21,18,20,30,29,15,33,35,28,16,36,34,22,37,2,8,12,1,6,13,39,38,3,41,40,0,42,11,4,10,5,9,7|1,1,1,1,1,1,1,1,1,1,1,1,1,1,1,1,1,1,1,1,1,1,1,1,1,1,1,-1,1,-1,1,1,1,1,1,1,1,1,1,1,-1,-1,1|./seeds/seed_010.json
0,2,3,1,36,15,25,5,4,35,19,33,26,42,39,8,12,37,24,41,40,38,18,23,9,7,14,17,21,13,29,6,27,16,31,32,28,30,34,20,11,22,10|-1,-1,-1,-1,1,1,1,-1,-1,1,1,1,1,-1,-1,1,1,1,1,-1,-1,-1,1,1,-1,-1,1,1,1,-1,1,-1,1,-1,1,1,-1,1,1,1,1,-1,-1|./seeds/seed_002.json
0,2,3,1,36,15,25,5,4,33,42,8,35,39,26,12,19,41,24,40,37,18,38,23,9,7,14,17,21,29,27,13,16,32,31,6,28,30,34,11,10,20,22|-1,-1,-1,-1,1,1,1,-1,-1,1,-1,1,1,-1,1,1,1,-1,1,-1,1,1,-1,1,-1,-1,1,1,1,1,1,-1,-1,1,1,-1,-1,1,1,1,1,1,-1|./seeds/seed_001.json
2,3,4,5,10,11,9,13,6,12,8,7,19,28,23,18,42,17,27,31,20,38,16,22,26,25,39,40,21,34,24,14,32,37,35,29,15,30,33,41,0,1,36|1,1,1,1,1,1,1,1,1,1,1,1,1,1,1,1,1,1,1,1,1,1,1,1,1,1,1,1,1,1,1,1,1,1,1,1,1,1,1,1,1,-1,1|./seeds/seed_004.json
2,3,4,5,11,10,9,13,6,7,8,12,23,28,19,17,42,0,20,27,18,31,22,14,38,16,21,32,40,26,25,34,24,39,30,29,37,35,41,15,33,36,1|1,1,1,1,1,1,1,1,1,1,1,1,1,1,1,1,1,1,1,1,1,1,1,1,1,1,1,1,1,1,1,1,1,1,1,1,1,1,1,1,1,1,-1|./seeds/seed_007.json
2,3,4,5,10,11,9,13,6,12,7,8,23,19,28,27,42,17,31,20,18,22,16,21,38,40,32,14,26,39,24,25,1,29,30,34,35,37,15,41,0,33,36|1,1,1,1,1,1,1,1,1,1,1,1,1,1,1,1,1,1,1,1,1,1,1,1,1,1,1,1,1,1,1,1,-1,1,1,1,1,1,1,1,1,1,1|./seeds/seed_005.txt
2,3,4,5,10,9,6,42,11,13,8,12,7,23,19,38,18,40,39,28,17,27,16,34,37,0,26,25,31,22,20,41,33,30,15,35,21,14,24,32,29,36,1|1,1,1,1,1,1,1,1,1,1,1,1,1,1,1,1,1,1,1,1,1,1,1,1,1,1,1,1,1,1,1,1,1,1,1,1,1,1,1,1,1,1,1|./seeds/seed_000.json
13,5,2,9,17,19,23,24,25,26,21,29,35,11,3,30,18,15,32,14,31,27,10,20,7,22,37,33,36,28,34,4,16,1,6,42,38,41,40,39,0,12,8|-1,-1,1,-1,1,1,1,1,1,1,1,1,1,-1,1,1,1,1,1,1,1,1,-1,1,-1,1,1,1,1,1,1,-1,1,-1,-1,1,1,1,1,1,1,1,1|./seeds/seed_002.json
13,5,2,9,17,19,23,24,26,25,35,21,11,29,3,18,30,32,15,31,14,10,20,27,7,22,33,37,36,28,34,4,16,1,42,6,38,40,39,41,0,12,8|-1,-1,1,-1,1,1,1,1,1,1,1,1,-1,1,1,1,1,1,1,1,1,-1,1,1,-1,1,1,1,1,1,1,-1,1,-1,1,-1,1,1,1,1,1,1,1|./seeds/seed_003.json
1,4,0,16,28,3,42,20,22,39,38,27,31,21,40,32,41,30,17,29,14,6,7,2,36,23,24,15,19,34,8,5,12,37,9,13,10,18,26,33,35,11,25|-1,-1,-1,1,1,-1,1,1,1,1,1,1,1,1,1,1,1,1,1,1,1,1,1,-1,-1,1,1,-1,1,1,-1,1,-1,-1,1,-1,-1,1,1,-1,-1,-1,-1|./seeds/seed_002.json
1,4,0,3,16,28,42,22,20,31,21,39,27,38,32,30,40,41,2,17,14,29,6,7,36,15,23,24,19,12,34,8,37,13,10,5,9,26,33,18,35,11,25|-1,-1,-1,-1,1,1,1,1,1,1,1,1,1,1,1,1,1,1,-1,1,1,1,1,1,-1,-1,1,1,1,-1,1,-1,-1,-1,-1,1,1,1,-1,1,-1,-1,-1|./seeds/seed_000.json
1,0,13,11,10,9,42,12,21,29,3,27,32,8,41,39,40,5,22,2,34,38,31,15,7,19,20,30,24,6,14,28,17,37,23,33,16,26,35,25,18,4,36|-1,-1,1,1,1,1,-1,1,1,1,-1,1,1,1,-1,-1,-1,1,1,-1,-1,-1,1,1,1,1,1,1,1,1,1,1,1,-1,1,-1,-1,1,-1,1,-1,-1,1|./seeds/seed_005.txt
1,0,13,11,10,9,42,12,39,41,40,3,29,8,21,27,32,34,5,2,38,22,31,15,7,19,30,20,6,24,37,14,28,16,17,33,35,23,26,18,25,36,4|-1,-1,1,1,1,1,-1,1,-1,-1,-1,-1,1,1,1,1,1,-1,1,-1,-1,1,1,1,1,1,1,1,1,1,-1,1,1,-1,1,-1,-1,1,1,-1,1,-1,-1|./seeds/seed_003.json
0,2,3,1,36,15,25,5,4,19,35,26,33,8,24,42,39,12,23,37,18,41,40,38,9,7,14,17,21,29,13,31,27,32,30,6,16,34,28,20,11,10,22|-1,-1,-1,-1,1,1,1,-1,-1,1,1,1,1,1,1,-1,-1,1,1,1,1,-1,-1,-1,-1,-1,1,1,1,1,-1,1,1,1,1,-1,-1,1,-1,1,1,1,1|./seeds/seed_006.json
36,5,42,15,0,39,25,9,41,7,2,35,38,40,28,37,33,8,16,12,26,1,6,22,18,13,20,19,3,24,27,32,23,31,30,21,4,29,11,14,34,10,17|1,-1,-1,1,-1,-1,1,-1,-1,-1,-1,1,-1,-1,-1,1,1,1,-1,1,1,-1,-1,-1,1,-1,-1,1,-1,1,-1,-1,1,-1,-1,-1,-1,-1,-1,-1,1,-1,-1|./seeds/seed_010.json
0,1,4,5,2,10,11,3,7,6,42,9,8,41,39,13,26,34,16,38,28,12,20,40,18,30,24,14,25,23,27,31,17,37,21,29,32,19,36,22,33,35,15|-1,-1,-1,-1,-1,-1,-1,-1,-1,-1,-1,-1,-1,-1,-1,-1,-1,-1,-1,-1,-1,-1,-1,-1,-1,-1,-1,-1,-1,-1,-1,-1,-1,-1,-1,-1,-1,-1,-1,-1,-1,-1,-1|./seeds/seed_000.json
0,4,5,1,11,10,2,7,9,6,8,13,3,28,20,12,26,14,16,24,42,31,27,23,41,17,30,39,32,18,34,21,19,25,29,22,38,40,37,36,35,15,33|-1,-1,-1,-1,-1,-1,-1,-1,-1,-1,-1,-1,-1,-1,-1,-1,-1,-1,-1,-1,-1,-1,-1,-1,-1,-1,-1,-1,-1,-1,-1,-1,-1,-1,-1,-1,-1,-1,-1,-1,-1,-1,-1|./seeds/seed_005.txt
2,3,0,4,5,1,10,11,9,13,7,6,12,8,17,16,28,23,24,42,18,30,19,34,14,39,31,22,40,21,26,20,27,25,29,37,38,35,41,32,15,33,36|-1,-1,-1,-1,-1,-1,-1,-1,-1,-1,-1,-1,-1,-1,-1,-1,-1,-1,-1,-1,-1,-1,-1,-1,-1,-1,-1,-1,-1,-1,-1,-1,-1,-1,-1,-1,-1,-1,-1,-1,-1,-1,-1|./seeds/seed_005.txt
2,4,3,10,0,5,11,9,12,6,7,8,13,23,17,24,16,19,28,14,18,30,27,26,20,22,31,34,21,25,42,37,29,32,39,40,35,38,15,33,41,36,1|-1,-1,-1,-1,-1,-1,-1,-1,-1,-1,-1,-1,-1,-1,-1,-1,-1,-1,-1,-1,-1,-1,-1,-1,-1,-1,-1,-1,-1,-1,-1,-1,-1,-1,-1,-1,-1,-1,-1,-1,-1,-1,-1|./seeds/seed_008.json
0,1,2,7,5,6,10,42,9,14,16,8,34,3,11,41,38,39,40,13,30,18,31,19,23,22,28,27,29,25,37,21,12,24,26,17,20,33,15,35,36,32,4|-1,-1,-1,-1,-1,-1,-1,-1,-1,-1,-1,-1,-1,-1,-1,-1,-1,-1,-1,-1,-1,-1,-1,-1,-1,-1,-1,-1,-1,-1,-1,-1,-1,-1,-1,-1,-1,-1,-1,-1,-1,-1,-1|./seeds/seed_000.json
0,5,11,10,9,6,7,2,13,8,16,14,28,1,31,23,12,42,27,19,30,22,24,21,29,3,20,17,34,26,41,38,18,39,32,4,40,25,37,15,35,33,36|-1,-1,-1,-1,-1,-1,-1,-1,-1,-1,-1,-1,-1,-1,-1,-1,-1,-1,-1,-1,-1,-1,-1,-1,-1,-1,-1,-1,-1,-1,-1,-1,-1,-1,-1,-1,-1,-1,-1,-1,-1,-1,-1|./seeds/seed_007.json
1,24,23,17,19,27,21,32,31,14,29,22,25,26,30,20,0,28,18,15,36,35,12,33,37,3,16,8,34,6,2,11,38,13,42,10,39,5,41,7,4,9,40|-1,1,1,1,1,1,1,1,1,1,1,1,1,1,1,1,-1,1,1,1,1,1,1,1,1,-1,1,1,1,1,-1,1,1,-1,1,1,1,-1,1,1,-1,-1,1|./seeds/seed_005.txt
23,24,17,19,14,32,31,21,25,27,26,20,30,29,1,22,18,28,12,36,15,8,35,33,37,16,34,6,11,10,4,38,39,42,7,2,40,41,9,0,5,13,3|1,1,1,1,1,1,1,1,1,1,1,1,1,1,-1,1,1,1,1,1,1,1,1,1,1,1,1,1,1,1,1,1,1,1,1,1,1,1,1,-1,1,-1,-1|./seeds/seed_010.json
0,10,7,16,6,11,9,24,28,23,17,27,2,14,8,19,31,20,5,18,21,32,22,12,30,42,34,26,25,13,39,38,41,29,35,40,3,37,33,1,4,15,36|-1,-1,-1,-1,-1,-1,-1,-1,-1,-1,-1,-1,-1,-1,-1,-1,-1,-1,-1,-1,-1,-1,-1,-1,-1,-1,-1,-1,-1,-1,-1,-1,-1,-1,-1,-1,-1,-1,-1,-1,-1,-1,-1|./seeds/seed_008.json
0,1,7,10,16,2,6,39,28,42,14,31,34,11,9,38,18,41,20,17,23,8,22,24,30,3,27,32,21,13,40,19,25,12,35,26,37,29,33,5,36,15,4|-1,-1,-1,-1,-1,-1,-1,-1,-1,-1,-1,-1,-1,-1,-1,-1,-1,-1,-1,-1,-1,-1,-1,-1,-1,-1,-1,-1,-1,-1,-1,-1,-1,-1,-1,-1,-1,-1,-1,-1,-1,-1,1|./seeds/seed_001.json
2,0,3,4,10,5,11,12,1,8,6,23,7,9,19,18,16,24,17,34,28,25,14,20,26,35,27,31,37,36,21,30,42,22,13,33,39,29,41,38,15,32,40|1,1,1,1,1,1,1,1,1,1,1,1,1,1,1,1,1,1,1,1,1,1,1,1,1,1,1,1,1,1,1,1,1,1,1,1,1,1,1,1,1,1,1|./seeds/seed_009.json
0,1,2,3,4,5,10,42,11,6,40,39,7,34,41,38,9,18,16,8,12,28,13,37,35,20,36,25,23,17,26,14,19,31,24,15,30,33,27,29,22,21,32|1,1,1,1,1,1,1,1,1,1,1,1,1,1,1,1,1,1,1,1,1,1,1,1,1,1,1,1,1,1,1,1,1,1,1,1,1,1,1,1,1,1,1|./seeds/seed_002.json
1,0,9,13,3,5,7,11,6,2,10,28,36,16,42,22,39,41,15,20,32,37,27,31,4,40,38,33,21,30,29,25,35,8,17,12,14,18,26,34,23,19,24|-1,-1,1,1,-1,1,1,1,1,-1,1,1,-1,1,1,1,1,1,-1,1,1,-1,1,1,-1,1,1,-1,1,1,1,-1,-1,1,1,1,1,-1,-1,-1,1,1,-1|./seeds/seed_001.json
1,9,0,13,5,7,11,6,10,3,2,28,42,36,22,16,39,41,20,15,38,32,37,27,31,30,40,21,33,29,8,12,35,17,25,4,14,26,18,34,23,19,24|-1,1,-1,1,1,1,1,1,1,-1,-1,1,1,-1,1,1,1,1,1,-1,1,1,-1,1,1,1,1,1,-1,1,1,1,-1,1,-1,-1,1,-1,-1,-1,1,1,-1|./seeds/seed_003.json
0,27,14,11,21,10,31,17,16,23,24,28,19,7,6,20,32,22,30,18,29,5,2,8,9,12,25,26,34,42,38,13,39,41,37,33,15,35,3,40,4,36,1|-1,-1,-1,-1,-1,-1,-1,-1,-1,-1,-1,-1,-1,-1,-1,-1,-1,-1,-1,-1,-1,-1,-1,-1,-1,-1,-1,-1,-1,-1,-1,-1,-1,-1,-1,-1,-1,-1,-1,-1,-1,-1,-1|./seeds/seed_010.json
0,1,7,10,16,2,6,39,28,42,14,31,34,11,9,38,18,41,20,17,23,8,22,24,30,3,27,32,21,13,40,19,25,12,35,26,37,29,33,5,36,15,4|-1,-1,-1,-1,-1,-1,-1,-1,-1,-1,-1,-1,-1,-1,-1,-1,-1,-1,-1,-1,-1,-1,-1,-1,-1,-1,-1,-1,-1,-1,-1,-1,-1,-1,-1,-1,-1,-1,-1,-1,-1,-1,1|./seeds/seed_001.json
4,0,10,5,11,2,7,9,6,13,3,8,16,12,17,34,23,14,20,27,26,31,30,1,19,28,42,21,18,24,22,41,29,25,38,40,37,32,39,35,15,33,36|-1,-1,-1,-1,-1,-1,-1,-1,-1,-1,-1,-1,-1,-1,-1,-1,-1,-1,-1,-1,-1,-1,-1,-1,-1,-1,-1,-1,-1,-1,-1,-1,-1,-1,-1,-1,-1,-1,-1,-1,-1,-1,-1|./seeds/seed_007.json
0,4,10,5,11,1,7,6,2,13,9,8,16,3,12,14,34,17,23,20,26,31,21,24,27,30,41,42,28,19,18,25,22,38,29,37,39,40,32,35,15,33,36|-1,-1,-1,-1,-1,-1,-1,-1,-1,-1,-1,-1,-1,-1,-1,-1,-1,-1,-1,-1,-1,-1,-1,-1,-1,-1,-1,-1,-1,-1,-1,-1,-1,-1,-1,-1,-1,-1,-1,-1,-1,-1,-1|./seeds/seed_005.txt
2,3,4,0,5,10,9,11,1,13,6,7,8,12,28,37,42,17,18,20,23,25,19,16,39,38,35,34,24,31,26,30,22,41,14,40,27,29,21,15,33,32,36|-1,-1,-1,-1,-1,-1,-1,-1,-1,-1,-1,-1,-1,-1,-1,-1,-1,-1,-1,-1,-1,-1,-1,-1,-1,-1,-1,-1,-1,-1,-1,-1,-1,-1,-1,-1,-1,-1,-1,-1,-1,-1,-1|./seeds/seed_003.json
2,3,4,0,11,10,9,5,6,12,23,7,19,8,28,17,24,14,18,30,13,16,31,27,20,21,22,26,35,25,34,37,29,32,15,42,39,33,38,41,40,36,1|-1,-1,-1,-1,-1,-1,-1,-1,-1,-1,-1,-1,-1,-1,-1,-1,-1,-1,-1,-1,-1,-1,-1,-1,-1,-1,-1,-1,-1,-1,-1,-1,-1,-1,-1,-1,-1,-1,-1,-1,-1,-1,-1|./seeds/seed_009.json
2,3,4,10,5,11,9,13,12,8,6,7,19,23,37,17,16,26,15,35,42,25,24,31,18,20,30,14,27,28,39,34,22,29,21,36,40,38,33,0,32,1,41|-1,-1,-1,-1,-1,-1,-1,-1,-1,-1,-1,-1,-1,-1,-1,-1,-1,-1,-1,-1,-1,-1,-1,-1,-1,-1,-1,-1,-1,-1,-1,-1,-1,-1,-1,-1,-1,-1,-1,-1,-1,1,-1|./seeds/seed_001.json
2,3,4,10,5,11,9,13,8,12,7,6,19,23,16,17,26,25,37,20,28,14,18,24,31,35,15,30,42,27,29,34,21,22,32,39,0,38,36,33,40,1,41|-1,-1,-1,-1,-1,-1,-1,-1,-1,-1,-1,-1,-1,-1,-1,-1,-1,-1,-1,-1,-1,-1,-1,-1,-1,-1,-1,-1,-1,-1,-1,-1,-1,-1,-1,-1,-1,-1,-1,-1,-1,1,-1|./seeds/seed_006.json
1,0,3,2,4,28,22,27,20,21,32,16,29,30,31,17,14,42,6,7,19,41,24,38,23,40,39,9,26,11,34,36,18,5,25,37,15,10,33,12,35,8,13|-1,-1,-1,-1,-1,1,1,1,1,1,1,1,1,1,1,1,1,1,1,1,1,1,1,1,1,1,1,1,1,1,1,-1,1,1,1,-1,-1,1,1,1,1,1,1|./seeds/seed_001.json
1,0,3,2,4,28,27,22,20,16,21,32,17,31,29,30,14,42,6,7,41,38,40,39,19,23,24,9,34,11,26,18,25,5,36,12,10,35,15,37,33,13,8|-1,-1,-1,-1,-1,1,1,1,1,1,1,1,1,1,1,1,1,1,1,1,1,1,1,1,1,1,1,1,1,1,1,1,1,1,-1,1,1,1,-1,-1,1,1,1|./seeds/seed_006.json
1,3,0,2,4,32,21,22,27,29,28,31,20,30,14,17,23,34,37,19,24,42,36,35,10,41,39,33,40,5,38,8,16,13,18,15,9,26,7,12,11,25,6|-1,-1,-1,-1,-1,1,1,1,1,1,1,1,1,1,1,1,1,-1,-1,1,1,-1,-1,-1,-1,-1,-1,-1,-1,-1,-1,-1,1,-1,-1,1,-1,1,-1,-1,1,-1,1|./seeds/seed_007.json
1,0,3,2,4,32,21,22,27,29,28,20,31,30,17,14,23,19,24,34,37,42,41,40,36,39,11,35,16,38,6,33,26,13,12,9,15,7,18,10,25,5,8|-1,-1,-1,-1,-1,1,1,1,1,1,1,1,1,1,1,1,1,1,1,-1,-1,-1,-1,-1,-1,-1,1,-1,1,-1,1,-1,1,1,1,1,1,1,-1,-1,1,-1,-1|./seeds/seed_001.json
3,1,2,0,4,32,21,42,29,27,15,31,19,39,40,14,38,41,30,22,24,23,5,20,17,28,26,7,25,9,12,36,34,8,6,18,33,10,16,11,13,35,37|-1,-1,-1,-1,-1,1,1,-1,1,1,1,1,1,-1,-1,1,-1,-1,1,1,1,1,-1,1,1,1,1,-1,1,-1,1,1,-1,1,-1,1,1,-1,-1,1,-1,1,-1|./seeds/seed_002.json
1,3,0,2,42,21,32,29,4,15,27,19,31,39,41,30,40,14,22,38,24,23,20,17,5,26,28,25,7,36,12,9,34,8,6,18,33,11,10,16,35,13,37|-1,-1,-1,-1,-1,1,1,1,-1,1,1,1,1,-1,-1,1,-1,1,1,-1,1,1,1,1,-1,1,1,1,-1,1,1,-1,-1,1,-1,1,1,1,-1,-1,1,-1,-1|./seeds/seed_006.json
0,4,10,11,5,6,9,7,2,23,8,28,12,19,14,20,16,17,21,24,18,26,31,32,27,30,3,13,22,34,29,25,42,41,39,35,38,37,15,33,40,36,1|-1,-1,-1,-1,-1,-1,-1,-1,-1,-1,-1,-1,-1,-1,-1,-1,-1,-1,-1,-1,-1,-1,-1,-1,-1,-1,-1,-1,-1,-1,-1,-1,-1,-1,-1,-1,-1,-1,-1,-1,-1,-1,-1|./seeds/seed_009.json
0,1,4,5,2,10,11,3,7,6,42,9,8,41,39,13,26,34,16,38,28,12,20,40,18,30,24,14,25,23,27,31,17,37,21,29,32,19,36,22,33,35,15|-1,-1,-1,-1,-1,-1,-1,-1,-1,-1,-1,-1,-1,-1,-1,-1,-1,-1,-1,-1,-1,-1,-1,-1,-1,-1,-1,-1,-1,-1,-1,-1,-1,-1,-1,-1,-1,-1,-1,-1,-1,-1,-1|./seeds/seed_000.json
0,2,1,3,4,5,10,11,7,42,6,34,39,40,18,9,12,41,16,13,38,8,28,37,35,25,36,20,14,23,26,31,24,19,17,15,33,30,27,22,21,29,32|1,1,1,1,1,1,1,1,1,1,1,1,1,1,1,1,1,1,1,1,1,1,1,1,1,1,1,1,1,1,1,1,1,1,1,1,1,1,1,1,1,1,1|./seeds/seed_004.json
0,2,1,3,4,5,10,11,42,6,7,40,39,34,9,41,38,16,18,28,13,8,12,37,20,35,23,14,25,17,36,26,31,24,19,15,30,33,27,22,29,21,32|1,1,1,1,1,1,1,1,1,1,1,1,1,1,1,1,1,1,1,1,1,1,1,1,1,1,1,1,1,1,1,1,1,1,1,1,1,1,1,1,1,1,1|./seeds/seed_003.json
0,10,7,11,9,6,16,2,13,5,28,8,27,31,14,24,17,12,21,20,23,32,22,19,42,18,30,34,41,26,3,39,38,25,1,29,37,40,35,33,36,15,4|-1,-1,-1,-1,-1,-1,-1,-1,-1,-1,-1,-1,-1,-1,-1,-1,-1,-1,-1,-1,-1,-1,-1,-1,-1,-1,-1,-1,-1,-1,-1,-1,-1,-1,-1,-1,-1,-1,-1,-1,-1,-1,-1|./seeds/seed_007.json
0,1,2,10,7,16,6,11,14,28,39,17,3,31,9,42,8,34,18,23,38,20,41,24,13,27,19,22,32,30,25,12,40,21,26,37,29,35,33,5,36,15,4|-1,-1,-1,-1,-1,-1,-1,-1,-1,-1,-1,-1,-1,-1,-1,-1,-1,-1,-1,-1,-1,-1,-1,-1,-1,-1,-1,-1,-1,-1,-1,-1,-1,-1,-1,-1,-1,-1,-1,-1,-1,-1,1|./seeds/seed_003.json
1,24,17,23,19,25,21,26,29,31,32,14,27,30,20,22,15,28,18,33,35,36,16,13,34,37,5,9,2,8,12,0,39,42,38,10,4,7,41,11,6,40,3|-1,1,1,1,1,1,1,1,1,1,1,1,1,1,1,1,1,1,1,1,1,1,1,-1,1,1,-1,-1,1,1,1,-1,1,1,1,-1,-1,-1,1,-1,1,1,1|./seeds/seed_005.txt
24,17,23,19,26,14,32,25,27,21,31,1,30,15,20,29,22,28,18,35,36,13,33,16,34,37,5,9,12,8,4,39,38,42,10,2,7,41,11,40,0,3,6|1,1,1,1,1,1,1,1,1,1,1,-1,1,1,1,1,1,1,1,1,1,-1,1,1,1,1,-1,-1,1,1,-1,1,1,1,-1,1,-1,1,-1,1,-1,-1,1|./seeds/seed_007.json
1,0,9,13,3,5,7,11,6,2,10,28,36,16,42,22,39,41,15,20,32,37,27,31,4,40,38,33,21,30,29,25,35,8,17,12,14,18,26,34,23,19,24|-1,-1,1,1,-1,1,1,1,1,-1,1,1,-1,1,1,1,1,1,-1,1,1,-1,1,1,-1,1,1,-1,1,1,1,-1,-1,1,1,1,1,-1,-1,-1,1,1,-1|./seeds/seed_001.json
1,0,9,13,3,5,11,2,7,6,10,28,36,42,15,16,22,39,4,41,37,33,20,32,31,27,30,40,38,25,35,21,8,29,12,17,18,26,34,14,24,23,19|-1,-1,1,1,-1,1,1,-1,1,1,1,1,-1,1,-1,1,1,1,-1,1,-1,-1,1,1,1,1,1,1,1,-1,-1,1,1,1,1,1,-1,-1,-1,1,-1,1,1|./seeds/seed_000.json
1,11,9,13,10,5,7,28,22,21,31,6,14,29,32,27,12,17,19,20,30,24,23,8,16,26,18,25,4,0,15,42,35,39,3,36,37,34,38,41,40,33,2|-1,1,1,1,1,1,1,1,1,1,1,1,1,1,1,1,1,1,1,1,1,1,1,1,1,1,1,1,1,-1,1,1,1,1,-1,1,1,1,1,1,1,1,-1|./seeds/seed_009.json
1,0,11,10,13,9,7,12,6,3,2,8,5,27,17,21,19,22,23,28,29,24,32,14,31,16,30,20,18,26,25,15,35,36,37,42,33,39,34,41,38,40,4|-1,-1,1,1,1,1,1,1,1,-1,-1,1,1,1,1,1,1,1,1,1,1,1,1,1,1,1,1,1,1,1,1,1,1,1,1,1,1,1,1,1,1,1,1|./seeds/seed_001.json
0,36,1,15,5,42,41,39,25,40,35,37,7,38,2,33,16,28,12,9,8,26,6,18,24,19,20,23,22,3,30,13,31,4,27,32,21,14,34,11,10,29,17|-1,1,-1,1,-1,-1,-1,-1,1,-1,1,1,-1,-1,-1,1,-1,-1,1,-1,1,1,-1,1,1,1,-1,1,-1,-1,-1,-1,-1,-1,-1,-1,-1,-1,1,-1,-1,-1,1|./seeds/seed_010.json
0,1,2,3,15,36,5,25,4,24,35,19,42,33,26,23,37,40,41,39,7,18,8,12,9,38,17,29,21,6,32,13,27,14,30,16,31,22,34,28,10,11,20|-1,-1,-1,-1,1,1,-1,1,-1,1,1,1,-1,1,1,1,1,-1,-1,-1,-1,1,1,1,-1,-1,1,1,1,-1,1,-1,1,1,1,-1,1,1,1,-1,-1,-1,1|./seeds/seed_007.json
1,4,0,3,16,28,42,22,20,31,21,39,27,38,32,30,40,41,2,17,14,29,6,7,36,15,23,24,19,12,34,8,37,13,10,5,9,26,33,18,35,11,25|-1,-1,-1,-1,1,1,1,1,1,1,1,1,1,1,1,1,1,1,-1,1,1,1,1,1,-1,-1,1,1,1,-1,1,-1,-1,-1,-1,1,1,1,-1,1,-1,-1,-1|./seeds/seed_000.json
42,16,28,39,40,38,41,20,22,4,7,6,31,32,15,36,1,21,27,5,3,30,17,14,29,37,9,12,8,33,34,35,25,0,23,2,24,13,19,10,11,26,18|1,1,1,1,1,1,1,1,1,-1,1,1,1,1,-1,-1,-1,1,1,1,-1,1,1,1,1,-1,1,-1,-1,-1,1,-1,-1,-1,1,-1,1,-1,1,-1,1,-1,1|./seeds/seed_010.json
2,3,4,11,10,8,23,12,9,6,28,19,5,14,27,17,31,24,20,21,7,22,30,26,29,18,16,32,25,13,37,35,15,34,36,33,38,40,0,39,42,41,1|-1,-1,-1,-1,-1,-1,-1,-1,-1,-1,-1,-1,-1,-1,-1,-1,-1,-1,-1,-1,-1,-1,-1,-1,-1,-1,-1,-1,-1,-1,-1,-1,-1,-1,-1,-1,-1,-1,-1,-1,-1,-1,-1|./seeds/seed_010.json
2,3,4,5,10,11,9,8,6,12,13,7,19,23,28,17,26,27,24,22,20,18,25,37,35,16,31,14,29,21,15,32,30,33,38,39,36,42,34,40,41,1,0|-1,-1,-1,-1,-1,-1,-1,-1,-1,-1,-1,-1,-1,-1,-1,-1,-1,-1,-1,-1,-1,-1,-1,-1,-1,-1,-1,-1,-1,-1,-1,-1,-1,-1,-1,-1,-1,-1,-1,-1,-1,1,1|./seeds/seed_003.json
0,1,2,3,15,36,5,25,4,24,35,19,42,33,26,23,37,40,41,39,7,18,8,12,9,38,17,29,21,6,32,13,27,14,30,16,31,22,34,28,10,11,20|-1,-1,-1,-1,1,1,-1,1,-1,1,1,1,-1,1,1,1,1,-1,-1,-1,-1,1,1,1,-1,-1,1,1,1,-1,1,-1,1,1,1,-1,1,1,1,-1,-1,-1,1|./seeds/seed_007.json
0,36,1,15,5,42,41,39,25,40,35,37,7,38,2,33,16,28,12,9,8,26,6,18,24,19,20,23,22,3,30,13,31,4,27,32,21,14,34,11,10,29,17|-1,1,-1,1,-1,-1,-1,-1,1,-1,1,1,-1,-1,-1,1,-1,-1,1,-1,1,1,-1,1,1,1,-1,1,-1,-1,-1,-1,-1,-1,-1,-1,-1,-1,1,-1,-1,-1,1|./seeds/seed_010.json
0,36,1,15,5,42,41,39,25,40,35,37,7,38,2,33,16,28,12,9,8,26,6,18,24,19,20,23,22,3,30,13,31,4,27,32,21,14,34,11,10,29,17|-1,1,-1,1,-1,-1,-1,-1,1,-1,1,1,-1,-1,-1,1,-1,-1,1,-1,1,1,-1,1,1,1,-1,1,-1,-1,-1,-1,-1,-1,-1,-1,-1,-1,1,-1,-1,-1,1|./seeds/seed_010.json
0,1,2,3,15,36,25,19,24,23,4,8,35,12,26,33,5,37,42,41,18,40,39,17,38,27,21,29,32,7,14,30,31,9,22,10,11,16,6,34,20,28,13|-1,-1,-1,-1,1,1,1,1,1,1,-1,1,1,1,1,1,-1,1,-1,-1,1,-1,-1,1,-1,1,1,1,1,-1,1,1,1,-1,1,1,1,-1,-1,1,1,-1,-1|./seeds/seed_003.json
4,1,3,0,16,42,28,20,39,22,38,40,27,31,21,41,32,17,30,2,14,6,7,29,36,15,23,24,34,19,8,12,13,5,10,37,9,18,33,26,11,35,25|-1,-1,-1,-1,1,1,1,1,1,1,1,1,1,1,1,1,1,1,1,-1,1,1,1,1,-1,-1,1,1,1,1,-1,-1,-1,1,-1,-1,1,1,-1,1,-1,-1,-1|./seeds/seed_006.json
1,4,0,3,16,28,42,22,20,31,21,39,27,38,32,30,40,41,2,17,14,29,6,7,36,15,23,24,19,12,34,8,37,13,10,5,9,26,33,18,35,11,25|-1,-1,-1,-1,1,1,1,1,1,1,1,1,1,1,1,1,1,1,-1,1,1,1,1,1,-1,-1,1,1,1,-1,1,-1,-1,-1,-1,1,1,1,-1,1,-1,-1,-1|./seeds/seed_000.json
11,1,9,10,6,7,13,12,8,17,27,31,5,21,32,19,14,28,22,23,20,30,29,24,16,26,3,25,2,18,34,15,38,35,42,33,37,39,41,36,40,0,4|1,-1,1,1,1,1,1,1,1,1,1,1,1,1,1,1,1,1,1,1,1,1,1,1,1,1,-1,1,-1,1,1,1,1,1,1,1,1,1,1,1,1,-1,-1|./seeds/seed_007.json
1,11,10,9,13,7,6,12,8,5,3,2,27,19,21,17,23,22,32,28,14,31,0,20,24,30,29,26,25,16,18,15,34,35,33,37,36,42,38,39,41,40,4|-1,1,1,1,1,1,1,1,1,1,-1,-1,1,1,1,1,1,1,1,1,1,1,-1,1,1,1,1,1,1,1,1,1,1,1,1,1,1,1,1,1,1,1,-1|./seeds/seed_006.json
2,3,4,0,5,1,10,11,16,9,6,23,42,13,18,12,26,37,24,7,8,38,35,14,34,40,39,27,25,33,20,22,19,28,17,30,21,29,31,32,15,41,36|1,1,1,1,1,1,1,1,1,1,1,1,1,1,1,1,1,1,1,1,1,1,1,1,1,1,1,1,1,1,1,1,1,1,1,1,1,1,1,1,1,1,1|./seeds/seed_001.json
2,3,4,11,5,10,0,9,6,7,12,23,13,8,16,14,28,19,24,17,27,18,20,26,30,25,29,21,32,34,35,37,22,38,42,31,40,39,33,41,15,36,1|1,1,1,1,1,1,1,1,1,1,1,1,1,1,1,1,1,1,1,1,1,1,1,1,1,1,1,1,1,1,1,1,1,1,1,1,1,1,1,1,1,1,1|./seeds/seed_008.json
0,1,2,3,15,36,25,19,24,23,4,8,35,12,26,33,5,37,42,41,18,40,39,17,38,27,21,29,32,7,14,30,31,9,22,10,11,16,6,34,20,28,13|-1,-1,-1,-1,1,1,1,1,1,1,-1,1,1,1,1,1,-1,1,-1,-1,1,-1,-1,1,-1,1,1,1,1,-1,1,1,1,-1,1,1,1,-1,-1,1,1,-1,-1|./seeds/seed_003.json
0,1,2,3,15,36,25,19,24,23,4,8,33,12,26,35,18,5,42,37,41,40,17,39,38,21,29,27,32,14,7,30,31,22,10,9,11,34,16,6,20,28,13|-1,-1,-1,-1,1,1,1,1,1,1,-1,1,1,1,1,1,1,-1,-1,1,-1,-1,1,-1,-1,1,1,1,1,1,-1,1,1,1,1,-1,1,1,-1,-1,1,-1,-1|./seeds/seed_006.json
9,5,13,7,3,1,11,6,2,10,42,15,36,0,16,28,39,41,40,38,37,22,33,25,27,35,20,31,4,21,30,32,26,12,18,8,29,24,14,17,19,23,34|1,1,1,1,-1,-1,1,1,-1,1,1,-1,-1,-1,1,1,1,1,1,1,-1,1,-1,-1,1,-1,1,1,-1,1,1,1,-1,1,-1,1,1,-1,1,1,-1,-1,1|./seeds/seed_006.json
9,7,5,13,11,3,1,6,10,42,2,28,36,15,16,41,39,40,38,22,20,31,37,27,30,33,32,21,35,25,4,29,14,17,26,18,0,8,12,34,23,19,24|1,1,1,1,1,-1,-1,1,1,1,-1,1,-1,-1,1,1,1,1,1,1,1,1,-1,1,1,-1,1,1,-1,-1,-1,1,1,1,-1,-1,-1,1,1,1,1,-1,-1|./seeds/seed_007.json
42,0,41,4,39,40,13,38,28,16,15,8,36,12,10,20,1,30,11,3,22,31,21,27,32,17,14,34,37,6,7,33,29,9,35,25,23,2,24,26,19,18,5|-1,-1,-1,1,-1,-1,1,-1,-1,-1,1,1,1,1,1,-1,-1,-1,1,1,-1,-1,-1,-1,-1,-1,-1,-1,1,-1,-1,1,-1,1,1,1,-1,1,-1,1,1,-1,1|./seeds/seed_009.json
0,13,4,42,10,41,8,11,12,1,40,39,28,16,38,9,15,20,36,30,27,31,21,32,3,22,5,14,34,17,37,29,33,25,35,23,7,2,19,26,24,6,18|-1,1,1,-1,1,-1,1,1,1,-1,-1,-1,-1,-1,-1,1,1,-1,1,-1,-1,-1,-1,-1,1,-1,1,-1,-1,-1,1,-1,1,1,1,-1,1,1,1,1,-1,-1,1|./seeds/seed_007.json
2,3,4,5,10,8,11,6,9,12,7,13,37,35,23,19,28,18,24,26,17,25,16,22,33,27,42,15,39,20,31,38,36,34,40,14,21,29,41,30,0,32,1|-1,-1,-1,-1,-1,-1,-1,-1,-1,-1,-1,-1,-1,-1,-1,-1,-1,-1,-1,-1,-1,-1,-1,-1,-1,-1,-1,-1,-1,-1,-1,-1,-1,-1,-1,-1,-1,-1,-1,-1,1,-1,-1|./seeds/seed_000.json
2,3,4,11,10,9,5,12,8,23,6,7,19,17,28,24,13,20,18,26,14,31,16,27,30,22,25,21,29,37,32,35,34,15,36,33,38,40,39,42,0,41,1|-1,-1,-1,-1,-1,-1,-1,-1,-1,-1,-1,-1,-1,-1,-1,-1,-1,-1,-1,-1,-1,-1,-1,-1,-1,-1,-1,-1,-1,-1,-1,-1,-1,-1,-1,-1,-1,-1,-1,-1,-1,-1,-1|./seeds/seed_008.json
5,36,42,15,7,9,0,41,40,39,6,38,25,35,13,33,37,16,1,19,26,28,24,4,18,12,23,10,8,11,20,2,22,31,32,3,34,30,27,29,17,21,14|-1,1,-1,1,-1,-1,-1,-1,-1,-1,-1,-1,1,1,-1,1,1,-1,-1,1,1,-1,1,-1,1,1,1,-1,1,-1,-1,-1,-1,-1,-1,-1,-1,-1,-1,1,-1,-1,-1|./seeds/seed_008.json
36,5,42,15,7,0,39,41,9,40,38,25,6,35,37,33,16,28,1,13,12,26,19,8,18,24,20,22,4,23,10,32,31,30,11,2,27,21,34,17,14,29,3|1,-1,-1,1,-1,-1,-1,-1,-1,-1,-1,1,-1,1,1,1,-1,-1,-1,-1,1,1,1,1,1,1,-1,-1,-1,1,-1,-1,-1,-1,-1,-1,-1,-1,-1,-1,-1,-1,1|./seeds/seed_009.json
2,3,4,0,5,10,11,1,9,13,6,12,7,16,8,23,42,38,37,18,24,26,34,28,14,35,20,40,19,39,25,27,30,33,32,29,17,22,21,41,15,31,36|1,1,1,1,1,1,1,1,1,1,1,1,1,1,1,1,1,1,1,1,1,1,1,1,1,1,1,1,1,1,1,1,1,1,1,1,1,1,1,1,1,1,1|./seeds/seed_002.json
2,3,4,11,10,0,5,23,6,9,12,7,16,8,14,19,24,28,17,18,27,13,26,20,29,30,21,25,22,32,35,37,34,31,38,42,39,15,33,40,41,36,1|1,1,1,1,1,1,1,1,1,1,1,1,1,1,1,1,1,1,1,1,1,1,1,1,1,1,1,1,1,1,1,1,1,1,1,1,1,1,1,1,1,1,1|./seeds/seed_009.json
1,0,3,2,4,28,27,22,20,16,21,32,17,31,29,30,14,42,6,7,41,38,40,39,19,23,24,9,34,11,26,18,25,5,36,12,10,35,15,37,33,13,8|-1,-1,-1,-1,-1,1,1,1,1,1,1,1,1,1,1,1,1,1,1,1,1,1,1,1,1,1,1,1,1,1,1,1,1,1,-1,1,1,1,-1,-1,1,1,1|./seeds/seed_006.json
1,0,3,2,4,28,22,27,20,16,21,32,30,29,17,31,42,14,6,7,38,41,40,39,19,23,24,9,34,11,26,18,36,5,25,15,37,10,35,12,33,8,13|-1,-1,-1,-1,-1,1,1,1,1,1,1,1,1,1,1,1,1,1,1,1,1,1,1,1,1,1,1,1,1,1,1,1,-1,1,1,-1,-1,1,1,1,1,1,1|./seeds/seed_003.json
24,17,23,19,25,14,30,21,31,26,27,32,18,20,29,22,15,35,37,33,28,36,13,2,34,16,5,9,8,12,3,42,0,39,41,40,38,6,4,1,7,11,10|1,1,1,1,1,1,1,1,1,1,1,1,1,1,1,1,1,1,1,1,1,1,-1,1,1,1,-1,-1,1,1,1,1,1,1,1,1,1,1,-1,-1,-1,-1,-1|./seeds/seed_009.json
17,19,23,13,24,21,26,5,14,25,30,31,29,18,9,27,22,15,20,32,35,33,28,36,37,16,34,2,4,11,10,7,1,42,38,3,39,41,40,12,8,0,6|1,1,1,-1,1,1,1,-1,1,1,1,1,1,1,-1,1,1,1,1,1,1,1,1,1,1,1,1,1,-1,-1,-1,-1,-1,1,1,1,1,1,1,1,1,1,1|./seeds/seed_007.json
2,3,0,4,1,5,10,11,13,9,12,7,6,8,17,42,23,16,39,24,40,18,28,34,19,26,30,14,25,31,22,37,20,35,21,38,29,33,15,27,41,36,32|-1,-1,-1,-1,-1,-1,-1,-1,-1,-1,-1,-1,-1,-1,-1,-1,-1,-1,-1,-1,-1,-1,-1,-1,-1,-1,-1,-1,-1,-1,-1,-1,-1,-1,-1,-1,-1,-1,-1,-1,-1,-1,-1|./seeds/seed_002.json
2,3,4,0,1,5,10,11,13,9,7,12,6,8,17,23,18,16,34,28,24,42,40,39,26,25,19,31,30,14,22,21,37,35,20,38,33,27,15,41,29,32,36|-1,-1,-1,-1,-1,-1,-1,-1,-1,-1,-1,-1,-1,-1,-1,-1,-1,-1,-1,-1,-1,-1,-1,-1,-1,-1,-1,-1,-1,-1,-1,-1,-1,-1,-1,-1,-1,-1,-1,-1,-1,-1,-1|./seeds/seed_006.json
11,10,9,5,13,8,31,4,30,19,6,28,12,21,23,7,27,14,20,24,17,22,29,32,1,16,26,25,18,35,37,15,2,36,34,42,38,41,33,40,39,3,0|1,1,1,1,1,1,1,1,1,1,1,1,1,1,1,1,1,1,1,1,1,1,1,1,-1,1,1,1,1,1,1,1,1,1,1,1,1,1,1,1,1,1,-1|./seeds/seed_010.json
1,11,10,13,0,9,5,8,12,7,6,4,19,23,21,27,28,17,29,31,22,30,24,32,26,25,20,14,16,18,15,35,37,36,33,34,42,38,41,39,40,2,3|-1,1,1,1,-1,1,1,1,1,1,1,1,1,1,1,1,1,1,1,1,1,1,1,1,1,1,1,1,1,1,1,1,1,1,1,1,1,1,1,1,1,-1,-1|./seeds/seed_004.json
1,0,3,2,4,28,22,27,20,21,32,16,30,29,31,17,14,6,42,7,19,38,41,40,39,23,24,36,9,11,26,34,37,15,5,25,18,13,8,10,12,33,35|-1,-1,-1,-1,-1,1,1,1,1,1,1,1,1,1,1,1,1,1,1,1,1,1,1,1,1,1,1,-1,1,1,1,1,-1,-1,1,1,1,1,-1,1,1,1,-1|./seeds/seed_000.json
1,3,28,20,22,2,16,21,0,27,32,4,31,30,29,42,14,17,39,40,38,41,7,6,36,5,23,24,19,15,9,37,34,8,12,11,26,33,13,35,18,10,25|-1,-1,1,1,1,-1,1,1,-1,1,1,-1,1,1,1,1,1,1,1,1,1,1,1,1,-1,1,1,1,1,-1,1,-1,1,-1,-1,1,1,-1,-1,-1,1,-1,-1|./seeds/seed_008.json
1,17,24,19,23,25,26,14,21,32,29,27,15,31,30,33,20,35,18,13,5,36,22,28,16,37,34,9,2,8,12,10,7,0,39,11,42,4,38,41,3,40,6|-1,1,1,1,1,1,1,1,1,1,1,1,1,1,1,1,1,1,1,-1,-1,1,1,1,1,1,1,-1,1,1,1,-1,-1,-1,1,-1,1,-1,1,1,1,1,1|./seeds/seed_002.json
1,17,24,19,23,25,26,21,14,27,31,29,15,32,30,5,33,13,18,35,20,36,22,28,16,34,37,9,2,8,12,10,7,11,39,0,42,4,38,41,40,3,6|-1,1,1,1,1,1,1,1,1,1,1,1,1,1,1,-1,1,-1,1,1,1,1,1,1,1,1,1,-1,1,1,1,-1,-1,-1,1,-1,1,-1,1,1,1,1,1|./seeds/seed_004.json
2,3,4,0,5,11,10,9,13,7,6,12,23,16,24,8,18,14,28,42,20,27,1,22,26,38,19,30,25,21,29,32,17,37,35,31,40,34,39,33,15,41,36|1,1,1,1,1,1,1,1,1,1,1,1,1,1,1,1,1,1,1,1,1,1,1,1,1,1,1,1,1,1,1,1,1,1,1,1,1,1,1,1,1,1,1|./seeds/seed_005.txt
2,3,4,11,10,0,5,23,6,9,12,7,16,8,14,19,24,28,17,18,27,13,26,20,29,30,21,25,22,32,35,37,34,31,38,42,39,15,33,40,41,36,1|1,1,1,1,1,1,1,1,1,1,1,1,1,1,1,1,1,1,1,1,1,1,1,1,1,1,1,1,1,1,1,1,1,1,1,1,1,1,1,1,1,1,1|./seeds/seed_009.json
1,42,32,0,27,21,29,39,41,3,22,31,40,19,15,30,38,2,24,14,20,17,34,23,28,4,7,26,25,9,12,11,5,6,8,36,16,37,10,35,13,18,33|-1,-1,1,-1,1,1,1,-1,-1,-1,1,1,-1,1,1,1,-1,-1,1,1,1,1,-1,1,1,-1,-1,1,1,-1,1,1,-1,-1,1,1,-1,-1,-1,-1,-1,1,1|./seeds/seed_009.json
1,0,3,2,32,27,21,29,19,22,30,31,4,24,42,15,14,17,20,23,39,41,40,28,38,26,25,5,12,36,7,8,9,34,11,18,33,13,35,6,10,37,16|-1,-1,-1,-1,1,1,1,1,1,1,1,1,-1,1,-1,1,1,1,1,1,-1,-1,-1,1,-1,1,1,-1,1,1,-1,1,-1,-1,1,1,1,-1,1,-1,-1,1,1|./seeds/seed_007.json
0,1,36,15,5,25,35,42,33,4,19,37,24,12,23,26,40,41,39,7,8,18,38,9,2,13,3,6,17,21,28,16,27,14,29,34,30,11,31,10,20,32,22|-1,-1,1,1,-1,1,1,-1,1,-1,1,1,1,1,1,1,-1,-1,-1,-1,1,1,-1,-1,-1,-1,-1,-1,1,1,-1,-1,1,1,1,1,1,-1,1,-1,-1,1,1|./seeds/seed_001.json
0,1,36,15,5,25,35,33,42,4,19,37,26,7,40,41,23,12,24,39,9,18,38,8,2,13,3,6,16,28,21,17,10,14,29,11,34,27,30,31,20,32,22|-1,-1,1,1,-1,1,1,1,-1,-1,1,1,1,-1,-1,-1,1,1,1,-1,-1,1,-1,1,-1,-1,-1,-1,-1,-1,1,1,-1,1,1,-1,1,1,1,1,-1,1,1|./seeds/seed_005.txt
