relative_time_sec,total_execs,coverage_seen,coverage_percent,interesting_test_cases,corpus_size,unique_bugs,unique_crashes,validity_bugs,functional_bugs,bonus_bugs
62.000000,3314,1050.000000,1.602173,72,72,187,23,1,137,49
67.000000,3580,1050.000000,1.602173,72,72,206,24,1,150,55
72.000000,3917,1050.000000,1.602173,73,73,228,24,1,168,59
77.000000,4088,1050.000000,1.602173,74,74,240,25,1,177,62
82.000000,4308,1050.000000,1.602173,74,74,250,25,1,183,66
87.000000,4515,1050.000000,1.602173,75,75,266,26,1,193,72
92.000000,4778,1050.000000,1.602173,76,76,281,26,2,201,78
98.000000,5082,1050.000000,1.602173,78,78,304,26,2,217,85
103.000000,5415,1054.000000,1.608276,83,83,321,26,2,232,87
108.000000,5710,1054.000000,1.608276,86,86,339,28,2,246,91
113.000000,5992,1054.000000,1.608276,86,86,354,28,2,257,95
119.000000,6240,1054.000000,1.608276,86,86,377,28,2,271,104
124.000000,6536,1054.000000,1.608276,87,87,388,28,2,280,106
129.000000,6817,1058.000000,1.614380,89,89,406,28,2,297,107
134.000000,7047,1058.000000,1.614380,90,90,416,28,2,304,110
139.000000,7455,1058.000000,1.614380,90,90,435,30,2,318,115
144.000000,8579,1062.000000,1.620483,97,97,456,30,2,334,120
149.000000,10351,1066.000000,1.626587,101,101,471,32,2,346,123
154.000000,11579,1066.000000,1.626587,101,101,485,32,2,357,126
160.000000,11882,1066.000000,1.626587,104,104,517,32,2,388,127
165.000000,12135,1066.000000,1.626587,104,104,543,34,2,412,129
170.000000,12290,1066.000000,1.626587,104,104,554,35,2,423,129
175.000000,12905,1066.000000,1.626587,106,106,562,35,2,427,133
180.000000,13372,1066.000000,1.626587,106,106,575,35,2,434,139
186.000000,13838,1066.000000,1.626587,107,107,586,35,2,443,141
191.000000,14053,1066.000000,1.626587,107,107,594,35,2,445,147
197.000000,14625,1066.000000,1.626587,109,109,618,35,2,467,149
202.000000,15030,1066.000000,1.626587,109,109,647,35,2,493,152
207.000000,15151,1066.000000,1.626587,109,109,650,35,2,495,153
212.000000,15588,1066.000000,1.626587,109,109,664,35,2,504,158
217.000000,16431,1066.000000,1.626587,109,109,680,35,2,513,165
222.000000,16681,1066.000000,1.626587,109,109,688,35,2,519,167
227.000000,16893,1066.000000,1.626587,109,109,702,35,2,533,167
232.000000,17328,1066.000000,1.626587,111,111,726,35,2,552,172
237.000000,17477,1066.000000,1.626587,111,111,735,35,2,561,172
243.000000,17689,1066.000000,1.626587,112,112,747,35,2,573,172
248.000000,18102,1066.000000,1.626587,112,112,763,35,2,582,179
254.000000,18289,1066.000000,1.626587,112,112,780,35,3,598,179
259.000000,18438,1066.000000,1.626587,112,112,782,35,3,600,179
264.000000,18680,1066.000000,1.626587,113,113,800,35,3,616,181
269.000000,19084,1066.000000,1.626587,114,114,834,35,3,648,183
274.000000,19970,1066.000000,1.626587,114,114,845,35,3,654,188
279.000000,20772,1066.000000,1.626587,115,115,863,37,3,668,192
285.000000,21162,1066.000000,1.626587,116,116,877,37,3,677,197
290.000000,21433,1066.000000,1.626587,116,116,881,37,3,680,198
295.000000,21741,1066.000000,1.626587,116,116,885,37,3,682,200
300.000000,22429,1066.000000,1.626587,116,116,888,37,3,683,202
305.000000,22886,1066.000000,1.626587,116,116,891,37,3,686,202
310.000000,23389,1066.000000,1.626587,116,116,902,37,3,696,203
315.000000,24078,1066.000000,1.626587,116,116,916,37,3,701,212
322.000000,24317,1066.000000,1.626587,116,116,925,37,3,710,212
327.000000,24851,1066.000000,1.626587,116,116,935,37,3,717,215
332.000000,25456,1066.000000,1.626587,116,116,950,37,3,729,218
337.000000,26136,1066.000000,1.626587,116,116,962,37,3,737,222
342.000000,27306,1066.000000,1.626587,117,117,978,38,3,748,227
347.000000,28168,1066.000000,1.626587,119,119,998,39,3,763,232
352.000000,28522,1066.000000,1.626587,119,119,1005,39,3,769,233
357.000000,28996,1066.000000,1.626587,119,119,1007,39,3,770,234
362.000000,29229,1066.000000,1.626587,119,119,1009,39,3,771,235
367.000000,29343,1066.000000,1.626587,119,119,1010,39,3,772,235
373.000000,29743,1066.000000,1.626587,119,119,1010,39,3,772,235
378.000000,29861,1066.000000,1.626587,119,119,1011,39,3,773,235
383.000000,30054,1066.000000,1.626587,119,119,1013,39,3,775,235
389.000000,30167,1066.000000,1.626587,119,119,1015,39,3,776,236
394.000000,30290,1066.000000,1.626587,119,119,1018,39,3,779,236
399.000000,30423,1066.000000,1.626587,119,119,1020,39,3,781,236
404.000000,30544,1066.000000,1.626587,119,119,1023,39,3,784,236
409.000000,30683,1066.000000,1.626587,119,119,1024,39,3,785,236
414.000000,30800,1066.000000,1.626587,119,119,1024,39,3,785,236
420.000000,30922,1066.000000,1.626587,119,119,1026,39,3,786,237
425.000000,31017,1066.000000,1.626587,119,119,1027,39,3,787,237
430.000000,31265,1066.000000,1.626587,119,119,1028,40,3,788,237
435.000000,31473,1066.000000,1.626587,119,119,1028,40,3,788,237
440.000000,31589,1066.000000,1.626587,119,119,1029,40,3,788,238
445.000000,31703,1066.000000,1.626587,119,119,1030,40,3,789,238
450.000000,31818,1066.000000,1.626587,119,119,1030,40,3,789,238
457.000000,32036,1066.000000,1.626587,119,119,1032,40,3,790,239
462.000000,32631,1066.000000,1.626587,119,119,1035,40,3,793,239
467.000000,32808,1066.000000,1.626587,119,119,1035,40,3,793,239
472.000000,33453,1066.000000,1.626587,119,119,1042,40,3,798,241
477.000000,34528,1066.000000,1.626587,120,120,1063,40,3,814,246
482.000000,35444,1066.000000,1.626587,120,120,1081,40,3,828,250
487.000000,36392,1066.000000,1.626587,121,121,1104,40,3,845,256
492.000000,37044,1066.000000,1.626587,121,121,1119,40,3,854,262
497.000000,37617,1066.000000,1.626587,121,121,1139,40,4,868,267
502.000000,38573,1066.000000,1.626587,121,121,1152,40,4,879,269
508.000000,39700,1066.000000,1.626587,122,122,1180,40,4,903,273
513.000000,40546,1066.000000,1.626587,122,122,1207,40,4,925,278
518.000000,41082,1066.000000,1.626587,124,124,1238,40,4,935,299
524.000000,41800,1066.000000,1.626587,124,124,1274,40,4,961,309
529.000000,42041,1066.000000,1.626587,124,124,1293,40,4,979,310
534.000000,42285,1066.000000,1.626587,125,125,1307,40,4,993,310
539.000000,42413,1066.000000,1.626587,125,125,1316,40,4,1002,310
545.000000,42630,1066.000000,1.626587,125,125,1338,40,4,1022,312
550.000000,43239,1066.000000,1.626587,125,125,1370,40,4,1050,316
555.000000,43475,1066.000000,1.626587,125,125,1403,40,4,1082,317
560.000000,43620,1066.000000,1.626587,125,125,1421,40,4,1100,317
565.000000,43792,1066.000000,1.626587,125,125,1434,40,4,1111,319
570.000000,43990,1066.000000,1.626587,125,125,1451,40,4,1126,321
575.000000,44438,1066.000000,1.626587,125,125,1464,40,4,1137,323
580.000000,45516,1066.000000,1.626587,125,125,1484,40,4,1154,326
585.000000,46387,1066.000000,1.626587,125,125,1501,40,4,1161,336
592.000000,47768,1066.000000,1.626587,125,125,1533,40,4,1189,340
597.000000,48190,1066.000000,1.626587,125,125,1547,40,4,1197,346
602.000000,48553,1066.000000,1.626587,125,125,1559,40,4,1208,347
607.000000,49303,1066.000000,1.626587,125,125,1578,40,4,1216,358
612.000000,50071,1066.000000,1.626587,125,125,1593,40,4,1225,364
617.000000,50933,1066.000000,1.626587,125,125,1616,40,4,1243,369
622.000000,51671,1066.000000,1.626587,126,126,1641,41,5,1260,376
628.000000,51948,1066.000000,1.626587,126,126,1651,41,5,1268,378
633.000000,52360,1066.000000,1.626587,127,127,1666,41,5,1283,378
638.000000,52646,1066.000000,1.626587,127,127,1690,41,5,1307,378
643.000000,52973,1066.000000,1.626587,127,127,1722,41,5,1336,381
648.000000,53397,1066.000000,1.626587,127,127,1751,41,5,1365,381
653.000000,53797,1066.000000,1.626587,127,127,1760,41,5,1371,384
659.000000,54037,1066.000000,1.626587,127,127,1795,41,5,1406,384
664.000000,54241,1066.000000,1.626587,127,127,1818,41,5,1428,385
670.000000,54458,1066.000000,1.626587,127,127,1842,41,5,1451,386
675.000000,54666,1066.000000,1.626587,127,127,1870,41,5,1479,386
680.000000,55408,1066.000000,1.626587,127,127,1886,41,5,1492,389
685.000000,55952,1066.000000,1.626587,127,127,1901,41,5,1503,393
690.000000,56432,1066.000000,1.626587,127,127,1913,41,5,1514,394
695.000000,56712,1066.000000,1.626587,127,127,1919,41,5,1517,397
700.000000,57623,1066.000000,1.626587,127,127,1933,41,5,1524,404
705.000000,58317,1066.000000,1.626587,127,127,1951,41,5,1536,410
710.000000,58980,1066.000000,1.626587,127,127,1968,41,5,1544,419
716.000000,59177,1066.000000,1.626587,127,127,1991,41,5,1565,421
721.000000,59446,1066.000000,1.626587,127,127,2016,41,5,1587,424
727.000000,59805,1066.000000,1.626587,127,127,2041,41,5,1612,424
732.000000,60670,1066.000000,1.626587,127,127,2051,41,5,1620,426
737.000000,61818,1066.000000,1.626587,127,127,2075,41,5,1640,430
742.000000,62831,1066.000000,1.626587,127,127,2095,41,5,1658,432
747.000000,63106,1066.000000,1.626587,127,127,2111,41,5,1667,439
753.000000,63660,1066.000000,1.626587,128,128,2133,41,5,1679,449
758.000000,64446,1066.000000,1.626587,128,128,2145,41,5,1686,454
763.000000,64748,1066.000000,1.626587,128,128,2152,41,6,1690,456
768.000000,65175,1066.000000,1.626587,128,128,2164,41,6,1700,458
773.000000,65476,1066.000000,1.626587,128,128,2169,41,6,1704,459
778.000000,65743,1066.000000,1.626587,128,128,2176,41,6,1708,462
783.000000,66590,1066.000000,1.626587,128,128,2184,42,6,1712,466
788.000000,67320,1066.000000,1.626587,129,129,2196,42,6,1720,470
795.000000,68016,1066.000000,1.626587,129,129,2210,42,6,1732,472
800.000000,68627,1066.000000,1.626587,129,129,2218,42,6,1735,477
805.000000,69072,1066.000000,1.626587,129,129,2231,42,6,1745,480
810.000000,69385,1066.000000,1.626587,129,129,2243,42,6,1755,482
815.000000,69640,1066.000000,1.626587,129,129,2261,42,6,1770,485
820.000000,69880,1066.000000,1.626587,129,129,2281,42,6,1787,488
825.000000,70266,1066.000000,1.626587,129,129,2294,42,6,1800,488
830.000000,70818,1066.000000,1.626587,129,129,2300,42,6,1805,489
835.000000,71319,1066.000000,1.626587,129,129,2313,42,6,1810,497
841.000000,72030,1066.000000,1.626587,129,129,2330,42,7,1820,503
846.000000,72550,1066.000000,1.626587,129,129,2345,42,7,1828,510
851.000000,72839,1066.000000,1.626587,129,129,2356,42,7,1838,511
856.000000,73505,1066.000000,1.626587,129,129,2366,42,7,1842,517
862.000000,73624,1066.000000,1.626587,129,129,2375,42,7,1850,518
867.000000,73784,1066.000000,1.626587,129,129,2381,42,7,1856,518
873.000000,73943,1066.000000,1.626587,129,129,2392,42,7,1865,520
878.000000,74106,1066.000000,1.626587,129,129,2405,42,7,1877,521
883.000000,74687,1066.000000,1.626587,129,129,2422,43,7,1891,524
888.000000,75187,1066.000000,1.626587,129,129,2434,43,7,1899,528
893.000000,75369,1066.000000,1.626587,129,129,2443,43,7,1906,530
898.000000,75524,1066.000000,1.626587,129,129,2457,43,7,1919,531
903.000000,75911,1066.000000,1.626587,129,129,2475,43,7,1935,533
908.000000,76330,1066.000000,1.626587,129,129,2489,43,7,1947,535
913.000000,76462,1066.000000,1.626587,129,129,2499,43,7,1957,535
919.000000,76615,1066.000000,1.626587,129,129,2514,43,7,1970,537
924.000000,77287,1066.000000,1.626587,129,129,2525,43,7,1978,540
930.000000,77659,1066.000000,1.626587,130,130,2537,43,7,1987,543
935.000000,78220,1066.000000,1.626587,130,130,2545,43,7,1992,546
940.000000,78695,1066.000000,1.626587,130,130,2546,43,7,1992,547
946.000000,79191,1066.000000,1.626587,130,130,2560,43,7,2003,550
951.000000,79368,1066.000000,1.626587,130,130,2569,43,7,2007,555
956.000000,79902,1066.000000,1.626587,130,130,2581,43,7,2013,561
961.000000,80109,1066.000000,1.626587,130,130,2587,43,7,2015,565
966.000000,80888,1066.000000,1.626587,130,130,2595,43,7,2021,567
971.000000,81695,1066.000000,1.626587,130,130,2615,43,7,2034,574
976.000000,82408,1066.000000,1.626587,130,130,2631,43,7,2043,581
981.000000,83149,1066.000000,1.626587,130,130,2646,43,9,2049,588
986.000000,83376,1066.000000,1.626587,130,130,2678,43,9,2078,591
992.000000,83559,1066.000000,1.626587,130,130,2701,43,9,2100,592
998.000000,83909,1066.000000,1.626587,130,130,2731,43,9,2128,594
1003.000000,84618,1066.000000,1.626587,130,130,2742,44,9,2131,602
1008.000000,85756,1066.000000,1.626587,130,130,2778,44,9,2158,611
1013.000000,86736,1066.000000,1.626587,130,130,2790,44,9,2167,614
1018.000000,87640,1066.000000,1.626587,130,130,2809,44,10,2180,619
1023.000000,88645,1066.000000,1.626587,130,130,2826,44,10,2193,623
1028.000000,89626,1066.000000,1.626587,130,130,2848,44,10,2210,628
1034.000000,89995,1066.000000,1.626587,130,130,2872,44,10,2227,635
1039.000000,90238,1066.000000,1.626587,130,130,2897,44,10,2252,635
1044.000000,90502,1066.000000,1.626587,130,130,2927,44,11,2281,635
1049.000000,91032,1066.000000,1.626587,130,130,2943,44,11,2295,637
1054.000000,91979,1066.000000,1.626587,130,130,2958,44,12,2305,641
1059.000000,92712,1066.000000,1.626587,130,130,2973,44,12,2317,644
1065.000000,92934,1066.000000,1.626587,130,130,3018,44,12,2360,646
1070.000000,93120,1066.000000,1.626587,130,130,3037,44,12,2379,646
1075.000000,93591,1066.000000,1.626587,130,130,3059,44,12,2400,647
1080.000000,94706,1066.000000,1.626587,130,130,3074,44,12,2410,652
1085.000000,95541,1066.000000,1.626587,130,130,3083,44,12,2417,654
1091.000000,95701,1066.000000,1.626587,130,130,3097,44,12,2429,656
1096.000000,96713,1066.000000,1.626587,130,130,3117,44,12,2439,666
1101.000000,97158,1066.000000,1.626587,130,130,3125,44,12,2444,669
1106.000000,97791,1066.000000,1.626587,130,130,3145,44,12,2457,676
1111.000000,98006,1066.000000,1.626587,130,130,3174,44,12,2485,677
1116.000000,98247,1066.000000,1.626587,130,130,3202,44,12,2512,678
1121.000000,98732,1066.000000,1.626587,130,130,3227,44,12,2536,679
1126.000000,99535,1066.000000,1.626587,130,130,3250,45,12,2550,688
1133.000000,100070,1066.000000,1.626587,130,130,3275,45,12,2567,696
1138.000000,100863,1066.000000,1.626587,130,130,3291,45,12,2578,701
1143.000000,101685,1066.000000,1.626587,130,130,3306,45,12,2588,706
1148.000000,103002,1066.000000,1.626587,130,130,3329,45,12,2607,710
1154.000000,103690,1066.000000,1.626587,130,130,3353,45,12,2625,716
1159.000000,104265,1066.000000,1.626587,130,130,3361,45,12,2628,721
1164.000000,105091,1066.000000,1.626587,130,130,3377,45,13,2640,724
1169.000000,105492,1066.000000,1.626587,130,130,3388,45,13,2651,724
1174.000000,106187,1066.000000,1.626587,130,130,3410,45,13,2669,728
1179.000000,107464,1066.000000,1.626587,130,130,3439,45,13,2690,736
1184.000000,108304,1066.000000,1.626587,130,130,3459,45,13,2707,739
1189.000000,109501,1066.000000,1.626587,130,130,3480,45,13,2724,743
1195.000000,110290,1066.000000,1.626587,130,130,3504,45,13,2742,749
1201.000000,110981,1066.000000,1.626587,131,131,3517,45,13,2751,753
1206.000000,111615,1066.000000,1.626587,131,131,3537,45,13,2768,756
1211.000000,112747,1066.000000,1.626587,131,131,3562,45,13,2787,762
1216.000000,113679,1066.000000,1.626587,131,131,3583,45,13,2806,764
1221.000000,114426,1066.000000,1.626587,131,131,3597,45,13,2816,768
1226.000000,115135,1066.000000,1.626587,131,131,3619,45,13,2833,773
1231.000000,116075,1066.000000,1.626587,131,131,3633,45,13,2843,777
1236.000000,116461,1066.000000,1.626587,131,131,3644,45,13,2851,780
1242.000000,117344,1066.000000,1.626587,131,131,3675,45,13,2878,784
1247.000000,118498,1066.000000,1.626587,131,131,3698,45,13,2895,790
1252.000000,119463,1066.000000,1.626587,131,131,3715,45,13,2906,796
1257.000000,120284,1066.000000,1.626587,132,132,3731,45,13,2919,799
1262.000000,121161,1066.000000,1.626587,132,132,3754,45,13,2934,807
1267.000000,121782,1066.000000,1.626587,132,132,3772,45,13,2946,813
1272.000000,122193,1066.000000,1.626587,132,132,3774,45,13,2947,814
1277.000000,122454,1066.000000,1.626587,132,132,3793,45,13,2966,814
1282.000000,123361,1066.000000,1.626587,132,132,3816,45,13,2984,819
1288.000000,123961,1066.000000,1.626587,132,132,3833,45,13,2999,821
1293.000000,124676,1066.000000,1.626587,133,133,3847,45,13,3009,825
1298.000000,125568,1066.000000,1.626587,133,133,3863,45,14,3015,834
1303.000000,125937,1066.000000,1.626587,133,133,3877,45,14,3024,839
1308.000000,126151,1066.000000,1.626587,133,133,3882,45,14,3029,839
1313.000000,126335,1066.000000,1.626587,133,133,3891,45,14,3035,842
1318.000000,126597,1066.000000,1.626587,133,133,3905,45,14,3041,850
1323.000000,127147,1066.000000,1.626587,133,133,3925,45,14,3055,856
1328.000000,127938,1066.000000,1.626587,133,133,3951,45,14,3077,860
1334.000000,128776,1066.000000,1.626587,133,133,3973,46,14,3092,867
1339.000000,128902,1066.000000,1.626587,133,133,3980,46,14,3097,869
1344.000000,129429,1066.000000,1.626587,133,133,4002,46,14,3118,870
1349.000000,130465,1066.000000,1.626587,133,133,4014,46,14,3122,878
1354.000000,130836,1066.000000,1.626587,133,133,4032,46,14,3136,882
1359.000000,131730,1066.000000,1.626587,133,133,4061,46,14,3162,885
1364.000000,132858,1066.000000,1.626587,133,133,4080,46,14,3178,888
1371.000000,133755,1066.000000,1.626587,133,133,4099,46,14,3189,896
1376.000000,133942,1066.000000,1.626587,133,133,4104,46,14,3190,900
1381.000000,134126,1066.000000,1.626587,133,133,4111,46,14,3195,902
1386.000000,134347,1066.000000,1.626587,133,133,4122,46,14,3203,905
1391.000000,135781,1066.000000,1.626587,133,133,4140,46,14,3216,910
1396.000000,137047,1066.000000,1.626587,133,133,4156,46,14,3227,915
1401.000000,137704,1066.000000,1.626587,133,133,4179,46,14,3244,921
1407.000000,137908,1066.000000,1.626587,133,133,4200,46,14,3264,922
1412.000000,138218,1066.000000,1.626587,133,133,4224,46,14,3288,922
1417.000000,138915,1066.000000,1.626587,134,134,4236,46,14,3297,925
1422.000000,139729,1066.000000,1.626587,134,134,4248,46,14,3303,931
1427.000000,140661,1066.000000,1.626587,134,134,4271,46,14,3318,939
1432.000000,140926,1066.000000,1.626587,134,134,4282,46,14,3325,943
1439.000000,141367,1066.000000,1.626587,134,134,4301,46,14,3339,948
1444.000000,141860,1066.000000,1.626587,134,134,4320,46,14,3355,951
1449.000000,142140,1066.000000,1.626587,134,134,4347,46,14,3377,956
1454.000000,142411,1066.000000,1.626587,134,134,4382,46,14,3408,960
1459.000000,142886,1066.000000,1.626587,134,134,4399,46,15,3421,963
1464.000000,143360,1066.000000,1.626587,140,140,4416,46,15,3434,967
1469.000000,143683,1066.000000,1.626587,144,144,4419,46,15,3437,967
1475.000000,143812,1066.000000,1.626587,144,144,4422,46,15,3440,967
1480.000000,143931,1066.000000,1.626587,144,144,4423,46,15,3441,967
1485.000000,144129,1066.000000,1.626587,144,144,4423,46,15,3441,967
1490.000000,144847,1066.000000,1.626587,144,144,4428,46,15,3441,972
1495.000000,145246,1066.000000,1.626587,144,144,4435,46,16,3445,974
1500.000000,145517,1066.000000,1.626587,144,144,4450,46,16,3460,974
1507.000000,146193,1066.000000,1.626587,144,144,4473,46,16,3475,982
1512.000000,146942,1066.000000,1.626587,144,144,4481,46,16,3479,986
1517.000000,147978,1066.000000,1.626587,144,144,4501,46,16,3496,989
1522.000000,148716,1066.000000,1.626587,144,144,4523,46,16,3504,1003
1527.000000,149444,1066.000000,1.626587,144,144,4536,46,16,3515,1005
1532.000000,149665,1066.000000,1.626587,144,144,4555,46,16,3534,1005
1537.000000,149914,1066.000000,1.626587,144,144,4569,46,16,3547,1006
1542.000000,150450,1066.000000,1.626587,144,144,4578,46,17,3553,1008
1547.000000,151545,1066.000000,1.626587,144,144,4593,46,17,3564,1012
1553.000000,151978,1066.000000,1.626587,144,144,4604,46,17,3570,1017
1558.000000,152541,1066.000000,1.626587,144,144,4626,46,17,3588,1021
1563.000000,152984,1066.000000,1.626587,145,145,4649,46,17,3610,1022
1568.000000,153648,1066.000000,1.626587,145,145,4661,46,17,3619,1025
1573.000000,153988,1066.000000,1.626587,147,147,4672,46,17,3621,1034
1578.000000,154371,1066.000000,1.626587,147,147,4675,46,17,3621,1037
1583.000000,154809,1066.000000,1.626587,148,148,4695,46,17,3631,1047
1588.000000,155087,1066.000000,1.626587,148,148,4726,46,17,3660,1049
1593.000000,156099,1066.000000,1.626587,148,148,4737,46,17,3666,1054
1598.000000,156843,1066.000000,1.626587,149,149,4760,46,17,3681,1062
1603.000000,157644,1066.000000,1.626587,149,149,4784,46,17,3698,1069
1609.000000,158282,1066.000000,1.626587,149,149,4798,46,17,3711,1070
1614.000000,158480,1066.000000,1.626587,149,149,4809,46,17,3719,1073
1619.000000,158673,1066.000000,1.626587,149,149,4816,46,17,3722,1077
1624.000000,159335,1066.000000,1.626587,149,149,4828,46,17,3730,1081
1629.000000,160422,1066.000000,1.626587,149,149,4835,46,17,3735,1083
1634.000000,161438,1066.000000,1.626587,149,149,4856,46,17,3750,1089
1639.000000,162328,1066.000000,1.626587,150,150,4874,46,17,3765,1092
1644.000000,162524,1066.000000,1.626587,150,150,4889,46,17,3779,1093
1649.000000,163112,1066.000000,1.626587,150,150,4907,46,17,3794,1096
1655.000000,163463,1066.000000,1.626587,150,150,4922,46,17,3807,1098
1660.000000,163717,1066.000000,1.626587,151,151,4929,46,17,3814,1098
1665.000000,164523,1066.000000,1.626587,151,151,4944,46,17,3824,1103
1670.000000,165259,1066.000000,1.626587,151,151,4965,46,17,3838,1110
1676.000000,165950,1066.000000,1.626587,151,151,4987,46,17,3855,1115
1681.000000,166786,1066.000000,1.626587,151,151,5000,46,17,3863,1120
1686.000000,167635,1066.000000,1.626587,151,151,5015,46,17,3874,1124
1691.000000,168346,1066.000000,1.626587,151,151,5027,46,17,3882,1128
1696.000000,169167,1066.000000,1.626587,151,151,5040,46,17,3890,1133
1701.000000,169788,1066.000000,1.626587,151,151,5058,46,17,3905,1136
1706.000000,170163,1066.000000,1.626587,151,151,5070,46,17,3915,1138
1711.000000,170269,1066.000000,1.626587,152,152,5073,46,17,3917,1139
1717.000000,170836,1066.000000,1.626587,152,152,5089,46,17,3930,1142
1722.000000,171333,1066.000000,1.626587,152,152,5109,46,17,3946,1146
1727.000000,172024,1066.000000,1.626587,152,152,5123,46,17,3951,1155
1732.000000,172410,1066.000000,1.626587,152,152,5138,47,17,3962,1159
1737.000000,173205,1066.000000,1.626587,153,153,5152,47,17,3972,1163
1744.000000,174090,1066.000000,1.626587,153,153,5167,47,17,3977,1173
1749.000000,174805,1066.000000,1.626587,153,153,5174,47,17,3981,1176
1754.000000,175607,1066.000000,1.626587,153,153,5183,47,17,3984,1182
1759.000000,176420,1066.000000,1.626587,153,153,5191,47,17,3989,1185
1764.000000,177105,1066.000000,1.626587,153,153,5206,47,17,4001,1188
1769.000000,177864,1066.000000,1.626587,153,153,5226,47,17,4018,1191
1774.000000,178699,1066.000000,1.626587,153,153,5242,47,17,4029,1196
1779.000000,179361,1066.000000,1.626587,153,153,5257,47,17,4043,1197
1784.000000,179780,1066.000000,1.626587,154,154,5270,47,17,4053,1200
1789.000000,179921,1066.000000,1.626587,154,154,5292,47,17,4071,1204
1794.000000,180083,1066.000000,1.626587,157,157,5311,47,17,4087,1207
1800.000000,180238,1066.000000,1.626587,157,157,5341,47,17,4113,1211
1805.000000,180389,1066.000000,1.626587,157,157,5362,47,17,4129,1216
1810.000000,180537,1066.000000,1.626587,157,157,5381,47,17,4145,1219
1815.000000,180680,1066.000000,1.626587,157,157,5397,47,17,4160,1220
1820.000000,180826,1066.000000,1.626587,158,158,5415,47,17,4175,1223
1827.000000,180973,1066.000000,1.626587,158,158,5428,47,17,4185,1226
1832.000000,181117,1066.000000,1.626587,158,158,5438,47,17,4193,1228
1837.000000,181259,1066.000000,1.626587,158,158,5454,47,17,4207,1230
1842.000000,181408,1066.000000,1.626587,158,158,5472,47,17,4223,1232
1847.000000,181570,1066.000000,1.626587,158,158,5498,47,17,4241,1240
1852.000000,181702,1066.000000,1.626587,158,158,5511,47,17,4253,1241
1857.000000,181851,1066.000000,1.626587,158,158,5528,47,17,4266,1245
1863.000000,181966,1066.000000,1.626587,158,158,5550,47,17,4282,1251
1868.000000,182094,1066.000000,1.626587,158,158,5550,47,17,4282,1251
1873.000000,182242,1066.000000,1.626587,158,158,5571,47,17,4298,1256
1878.000000,182357,1066.000000,1.626587,158,158,5574,47,17,4300,1257
1883.000000,182502,1066.000000,1.626587,158,158,5583,47,17,4309,1257
1888.000000,182647,1066.000000,1.626587,158,158,5602,47,17,4324,1261
1895.000000,182809,1066.000000,1.626587,158,158,5633,47,17,4352,1264
1898.000000,182919,1066.000000,1.626587,158,158,5641,47,18,4357,1266
1903.000000,183065,1066.000000,1.626587,158,158,5655,47,18,4367,1270
1908.000000,183211,1066.000000,1.626587,158,158,5673,47,18,4381,1274
1913.000000,183358,1066.000000,1.626587,158,158,5688,47,18,4395,1275
1919.000000,183508,1066.000000,1.626587,158,158,5702,47,19,4407,1276
1924.000000,183669,1066.000000,1.626587,158,158,5717,47,19,4421,1277
1929.000000,183773,1066.000000,1.626587,158,158,5734,47,19,4436,1279
1934.000000,183921,1066.000000,1.626587,158,158,5752,47,19,4450,1283
1939.000000,184075,1066.000000,1.626587,158,158,5775,47,19,4472,1284
1944.000000,184204,1066.000000,1.626587,158,158,5783,47,19,4480,1284
1949.000000,184368,1066.000000,1.626587,159,159,5801,47,19,4494,1288
1954.000000,184503,1066.000000,1.626587,159,159,5815,47,19,4508,1288
1959.000000,184662,1066.000000,1.626587,159,159,5830,47,19,4521,1290
1965.000000,184757,1066.000000,1.626587,159,159,5838,47,19,4528,1291
1970.000000,184904,1066.000000,1.626587,159,159,5858,47,20,4545,1293
1975.000000,185062,1066.000000,1.626587,159,159,5881,47,20,4563,1298
1980.000000,185210,1066.000000,1.626587,159,159,5895,47,20,4577,1298
1985.000000,185402,1066.000000,1.626587,159,159,5918,47,20,4598,1300
1990.000000,185552,1066.000000,1.626587,159,159,5939,47,20,4617,1302
1996.000000,185716,1066.000000,1.626587,159,159,5962,47,20,4640,1302
2001.000000,186339,1066.000000,1.626587,159,159,5974,47,20,4649,1305
2006.000000,186880,1066.000000,1.626587,159,159,5982,47,20,4655,1307
2011.000000,187466,1066.000000,1.626587,159,159,5992,47,20,4663,1309
2017.000000,188282,1066.000000,1.626587,159,159,6014,47,20,4677,1317
2022.000000,189218,1066.000000,1.626587,159,159,6033,48,20,4689,1324
2027.000000,190029,1066.000000,1.626587,159,159,6047,48,20,4700,1327
2032.000000,190714,1066.000000,1.626587,159,159,6060,48,20,4710,1330
2037.000000,191227,1066.000000,1.626587,159,159,6079,48,20,4721,1338
2042.000000,191986,1066.000000,1.626587,159,159,6095,48,20,4730,1345
2047.000000,192329,1066.000000,1.626587,159,159,6120,48,20,4751,1349
2053.000000,193141,1066.000000,1.626587,159,159,6153,48,20,4780,1353
2058.000000,193987,1066.000000,1.626587,159,159,6173,48,20,4792,1361
2064.000000,194622,1066.000000,1.626587,159,159,6195,48,20,4809,1366
2069.000000,194825,1066.000000,1.626587,159,159,6219,48,20,4811,1388
2074.000000,194989,1066.000000,1.626587,159,159,6231,48,20,4814,1397
2079.000000,195205,1066.000000,1.626587,159,159,6250,48,20,4821,1409
2084.000000,196054,1066.000000,1.626587,159,159,6274,48,20,4830,1424
2089.000000,197132,1066.000000,1.626587,159,159,6296,48,20,4845,1431
2094.000000,197888,1066.000000,1.626587,159,159,6311,48,21,4856,1434
2099.000000,198171,1066.000000,1.626587,160,160,6329,48,21,4873,1435
2104.000000,198415,1066.000000,1.626587,160,160,6351,48,21,4894,1436
2109.000000,199111,1066.000000,1.626587,160,160,6365,48,21,4901,1443
2115.000000,200087,1066.000000,1.626587,160,160,6377,48,21,4910,1446
2120.000000,200624,1066.000000,1.626587,160,160,6396,48,21,4926,1449
2125.000000,201449,1066.000000,1.626587,160,160,6411,48,21,4937,1453
2131.000000,202000,1066.000000,1.626587,160,160,6427,48,21,4948,1458
2136.000000,202182,1066.000000,1.626587,160,160,6442,48,21,4961,1460
2141.000000,202360,1066.000000,1.626587,160,160,6454,48,21,4973,1460
2146.000000,203241,1066.000000,1.626587,160,160,6466,48,21,4985,1460
2152.000000,203889,1066.000000,1.626587,160,160,6477,48,21,4990,1466
2157.000000,204139,1066.000000,1.626587,160,160,6496,48,22,5006,1468
2162.000000,204350,1066.000000,1.626587,160,160,6521,48,22,5030,1469
2167.000000,204500,1066.000000,1.626587,160,160,6531,48,22,5040,1469
2172.000000,204960,1066.000000,1.626587,160,160,6543,48,22,5051,1470
2177.000000,205648,1066.000000,1.626587,160,160,6550,48,22,5056,1472
2182.000000,206177,1066.000000,1.626587,160,160,6566,48,22,5060,1484
2187.000000,207277,1066.000000,1.626587,160,160,6573,48,22,5066,1485
2192.000000,207708,1066.000000,1.626587,160,160,6589,48,22,5080,1487
2199.000000,207981,1066.000000,1.626587,160,160,6612,48,22,5102,1488
2204.000000,208826,1066.000000,1.626587,160,160,6624,48,22,5113,1489
2209.000000,209313,1066.000000,1.626587,161,161,6632,48,22,5120,1490
2214.000000,209431,1066.000000,1.626587,161,161,6633,48,22,5120,1491
2219.000000,209771,1066.000000,1.626587,161,161,6635,48,22,5122,1491
2224.000000,210417,1066.000000,1.626587,161,161,6641,48,22,5127,1492
2230.000000,210588,1066.000000,1.626587,161,161,6642,48,22,5128,1492
2235.000000,210716,1066.000000,1.626587,161,161,6644,48,22,5130,1492
2240.000000,210836,1066.000000,1.626587,161,161,6645,48,22,5131,1492
2245.000000,211144,1066.000000,1.626587,161,161,6649,48,22,5133,1494
2250.000000,211294,1066.000000,1.626587,161,161,6650,48,22,5134,1494
2255.000000,211542,1066.000000,1.626587,161,161,6651,48,22,5135,1494
2260.000000,211792,1066.000000,1.626587,161,161,6653,48,22,5137,1494
2267.000000,211963,1066.000000,1.626587,161,161,6654,48,22,5138,1494
2272.000000,212076,1066.000000,1.626587,161,161,6654,48,22,5138,1494
2277.000000,212248,1066.000000,1.626587,161,161,6654,48,22,5138,1494
2282.000000,212371,1066.000000,1.626587,161,161,6656,48,22,5140,1494
2287.000000,212486,1066.000000,1.626587,161,161,6656,48,22,5140,1494
2292.000000,212607,1066.000000,1.626587,161,161,6657,48,22,5141,1494
2297.000000,212729,1066.000000,1.626587,161,161,6658,48,22,5142,1494
2302.000000,212806,1066.000000,1.626587,161,161,6660,48,22,5144,1494
2307.000000,212921,1066.000000,1.626587,161,161,6660,48,22,5144,1494
2312.000000,213036,1066.000000,1.626587,161,161,6660,48,22,5144,1494
2317.000000,213154,1066.000000,1.626587,161,161,6660,48,22,5144,1494
2322.000000,213297,1066.000000,1.626587,161,161,6661,48,22,5145,1494
2328.000000,213420,1066.000000,1.626587,161,161,6663,48,22,5147,1494
2334.000000,213535,1066.000000,1.626587,161,161,6663,48,22,5147,1494
2339.000000,213649,1066.000000,1.626587,161,161,6663,48,22,5147,1494
2344.000000,214390,1066.000000,1.626587,161,161,6665,48,22,5148,1495
2350.000000,215404,1066.000000,1.626587,161,161,6697,48,22,5170,1505
2355.000000,216345,1066.000000,1.626587,162,162,6718,48,23,5186,1509
2360.000000,217124,1066.000000,1.626587,162,162,6731,48,23,5194,1514
2365.000000,217934,1066.000000,1.626587,162,162,6743,48,23,5202,1518
2370.000000,218327,1066.000000,1.626587,162,162,6751,48,23,5205,1523
2375.000000,219165,1066.000000,1.626587,162,162,6765,48,23,5213,1529
2380.000000,219563,1066.000000,1.626587,162,162,6779,48,23,5221,1535
2385.000000,220060,1066.000000,1.626587,162,162,6796,48,23,5230,1543
2390.000000,220597,1066.000000,1.626587,162,162,6808,48,23,5237,1548
2395.000000,221501,1066.000000,1.626587,162,162,6818,48,23,5246,1549
2402.000000,221841,1066.000000,1.626587,162,162,6829,48,23,5254,1552
2408.000000,222331,1066.000000,1.626587,162,162,6839,48,23,5262,1554
2413.000000,223311,1066.000000,1.626587,162,162,6866,48,23,5284,1559
2418.000000,224148,1066.000000,1.626587,162,162,6891,48,23,5304,1564
2423.000000,225357,1066.000000,1.626587,162,162,6912,48,23,5323,1566
2428.000000,226601,1066.000000,1.626587,162,162,6924,48,23,5327,1574
2433.000000,227593,1066.000000,1.626587,162,162,6943,48,23,5334,1586
2438.000000,227889,1066.000000,1.626587,162,162,6952,48,23,5336,1593
2443.000000,228445,1066.000000,1.626587,162,162,6960,48,23,5341,1596
2449.000000,229207,1066.000000,1.626587,162,162,6979,48,23,5353,1603
2454.000000,230214,1066.000000,1.626587,162,162,6996,48,23,5366,1607
2459.000000,230853,1066.000000,1.626587,162,162,7017,48,23,5379,1615
2464.000000,231732,1066.000000,1.626587,162,162,7032,48,23,5393,1616
2470.000000,231995,1066.000000,1.626587,162,162,7037,48,23,5395,1619
2475.000000,232762,1066.000000,1.626587,162,162,7045,48,23,5398,1624
2480.000000,234092,1066.000000,1.626587,162,162,7061,48,23,5411,1627
2485.000000,234992,1066.000000,1.626587,162,162,7073,48,24,5418,1631
2490.000000,236060,1066.000000,1.626587,162,162,7089,48,24,5427,1638
2495.000000,237093,1066.000000,1.626587,162,162,7106,48,24,5439,1643
2500.000000,237993,1066.000000,1.626587,162,162,7122,48,24,5452,1646
2505.000000,238636,1066.000000,1.626587,162,162,7135,48,24,5462,1649
2510.000000,239236,1066.000000,1.626587,162,162,7153,48,25,5473,1655
2516.000000,240159,1066.000000,1.626587,162,162,7173,48,25,5484,1664
2521.000000,240595,1066.000000,1.626587,163,163,7180,48,25,5487,1668
2526.000000,241092,1066.000000,1.626587,163,163,7193,48,25,5497,1671
2531.000000,241264,1066.000000,1.626587,163,163,7200,48,25,5503,1672
2536.000000,241575,1066.000000,1.626587,163,163,7223,48,25,5525,1673
2541.000000,241777,1066.000000,1.626587,163,163,7235,48,25,5535,1675
2546.000000,242173,1066.000000,1.626587,163,163,7256,48,25,5554,1677
2552.000000,243305,1066.000000,1.626587,163,163,7279,48,25,5570,1684
2557.000000,244022,1066.000000,1.626587,163,163,7300,48,25,5586,1689
2562.000000,244626,1066.000000,1.626587,163,163,7318,48,25,5598,1695
2567.000000,245364,1066.000000,1.626587,163,163,7335,48,25,5608,1702
2572.000000,245651,1066.000000,1.626587,163,163,7343,48,25,5613,1705
2577.000000,246135,1066.000000,1.626587,163,163,7354,48,25,5622,1707
2582.000000,246980,1066.000000,1.626587,163,163,7381,48,25,5642,1714
2587.000000,248223,1066.000000,1.626587,163,163,7413,48,25,5660,1728
2593.000000,249424,1066.000000,1.626587,163,163,7429,48,25,5670,1734
2598.000000,250276,1066.000000,1.626587,163,163,7434,48,25,5672,1737
2603.000000,250978,1066.000000,1.626587,163,163,7441,48,25,5677,1739
2608.000000,251840,1066.000000,1.626587,163,163,7452,48,25,5683,1744
2613.000000,252792,1066.000000,1.626587,163,163,7475,48,25,5697,1753
2618.000000,253981,1066.000000,1.626587,163,163,7490,48,25,5709,1756
2623.000000,254997,1066.000000,1.626587,163,163,7511,48,26,5724,1761
2628.000000,255789,1066.000000,1.626587,163,163,7529,48,26,5739,1764
2633.000000,256327,1066.000000,1.626587,163,163,7535,48,26,5741,1768
2640.000000,257306,1066.000000,1.626587,163,163,7550,48,26,5755,1769
2645.000000,257783,1066.000000,1.626587,163,163,7555,48,26,5759,1770
2650.000000,257973,1066.000000,1.626587,163,163,7561,48,26,5764,1771
2655.000000,258204,1066.000000,1.626587,163,163,7562,48,26,5764,1772
2660.000000,258870,1066.000000,1.626587,163,163,7568,48,26,5766,1776
2665.000000,259220,1066.000000,1.626587,163,163,7573,48,26,5768,1779
2670.000000,259588,1066.000000,1.626587,163,163,7579,48,26,5771,1782
2675.000000,259798,1066.000000,1.626587,163,163,7582,48,26,5772,1784
2680.000000,260438,1066.000000,1.626587,163,163,7586,48,26,5776,1784
2685.000000,261410,1066.000000,1.626587,163,163,7597,48,26,5780,1791
2691.000000,262082,1066.000000,1.626587,163,163,7618,48,26,5793,1799
2696.000000,263438,1066.000000,1.626587,163,163,7638,48,26,5811,1801
2701.000000,264279,1066.000000,1.626587,163,163,7660,48,26,5827,1807
2707.000000,265176,1066.000000,1.626587,163,163,7680,48,26,5839,1815
2712.000000,266020,1066.000000,1.626587,163,163,7685,48,26,5841,1818
2717.000000,266677,1066.000000,1.626587,163,163,7697,48,26,5850,1821
2723.000000,267889,1066.000000,1.626587,163,163,7723,48,26,5867,1830
2728.000000,269060,1066.000000,1.626587,163,163,7741,48,26,5882,1833
2733.000000,269728,1066.000000,1.626587,163,163,7762,48,26,5897,1839
2738.000000,270723,1066.000000,1.626587,163,163,7779,48,26,5911,1842
2743.000000,271393,1066.000000,1.626587,163,163,7793,48,27,5919,1847
2748.000000,272574,1066.000000,1.626587,163,163,7810,48,27,5930,1853
2753.000000,273766,1066.000000,1.626587,163,163,7826,48,27,5942,1857
2758.000000,274562,1066.000000,1.626587,163,163,7849,48,28,5960,1861
2763.000000,274761,1066.000000,1.626587,163,163,7871,48,28,5981,1862
2769.000000,274914,1066.000000,1.626587,163,163,7885,48,28,5994,1863
2775.000000,275053,1066.000000,1.626587,163,163,7897,48,28,6004,1865
2780.000000,275221,1066.000000,1.626587,163,163,7908,48,28,6015,1865
2785.000000,275544,1066.000000,1.626587,163,163,7925,48,28,6032,1865
2790.000000,276085,1066.000000,1.626587,163,163,7941,48,28,6042,1871
2795.000000,276278,1066.000000,1.626587,164,164,7957,48,28,6052,1877
2801.000000,276438,1066.000000,1.626587,164,164,7964,48,28,6057,1879
2806.000000,277353,1066.000000,1.626587,164,164,7976,48,28,6065,1883
2811.000000,277675,1066.000000,1.626587,164,164,7983,48,28,6068,1887
2816.000000,278726,1066.000000,1.626587,164,164,7998,48,29,6080,1889
2821.000000,279505,1066.000000,1.626587,164,164,8008,48,29,6087,1892
2826.000000,280520,1066.000000,1.626587,164,164,8023,48,29,6096,1898
2831.000000,281213,1066.000000,1.626587,164,164,8036,48,29,6103,1904
2836.000000,282114,1066.000000,1.626587,164,164,8054,48,29,6115,1910
2843.000000,282801,1066.000000,1.626587,164,164,8079,48,29,6134,1916
2848.000000,284001,1066.000000,1.626587,165,165,8096,48,29,6142,1925
2853.000000,284955,1066.000000,1.626587,165,165,8114,48,29,6155,1930
2858.000000,285891,1066.000000,1.626587,165,165,8135,48,29,6169,1937
2863.000000,286593,1066.000000,1.626587,165,165,8148,48,29,6178,1941
2869.000000,287284,1066.000000,1.626587,165,165,8163,48,29,6189,1945
2874.000000,287846,1066.000000,1.626587,165,165,8174,48,29,6197,1948
2879.000000,288357,1066.000000,1.626587,165,165,8186,48,29,6202,1955
2884.000000,288970,1066.000000,1.626587,165,165,8197,48,29,6210,1958
2889.000000,289829,1066.000000,1.626587,165,165,8214,48,29,6221,1964
2894.000000,290520,1066.000000,1.626587,165,165,8225,48,29,6229,1967
2899.000000,291558,1066.000000,1.626587,165,165,8247,48,29,6242,1976
2904.000000,292376,1066.000000,1.626587,165,165,8267,48,29,6257,1981
2911.000000,293257,1066.000000,1.626587,165,165,8287,48,29,6272,1986
2916.000000,294400,1066.000000,1.626587,165,165,8296,48,29,6278,1989
2921.000000,294959,1066.000000,1.626587,165,165,8310,48,29,6290,1991
2926.000000,295449,1066.000000,1.626587,165,165,8318,48,29,6297,1992
2931.000000,295776,1066.000000,1.626587,165,165,8325,48,29,6301,1995
2936.000000,296484,1066.000000,1.626587,165,165,8336,48,29,6311,1996
2941.000000,297419,1066.000000,1.626587,165,165,8354,48,29,6324,2001
2946.000000,297620,1066.000000,1.626587,165,165,8364,48,29,6329,2006
2951.000000,298828,1066.000000,1.626587,165,165,8386,48,29,6344,2013
2957.000000,299705,1066.000000,1.626587,165,165,8411,48,29,6359,2023
2962.000000,300339,1066.000000,1.626587,165,165,8429,48,29,6367,2033
2967.000000,301124,1066.000000,1.626587,165,165,8442,48,30,6376,2036
2972.000000,301878,1066.000000,1.626587,165,165,8454,48,30,6385,2039
2979.000000,302629,1066.000000,1.626587,165,165,8475,48,30,6397,2048
2984.000000,304092,1066.000000,1.626587,165,165,8495,48,30,6407,2058
2989.000000,304890,1066.000000,1.626587,165,165,8511,48,30,6415,2066
2994.000000,305319,1066.000000,1.626587,165,165,8523,48,30,6420,2073
2999.000000,306272,1066.000000,1.626587,165,165,8535,48,30,6430,2075
3004.000000,307419,1066.000000,1.626587,165,165,8561,48,30,6447,2084
3009.000000,308240,1066.000000,1.626587,165,165,8591,48,30,6469,2092
3014.000000,308939,1066.000000,1.626587,165,165,8605,48,30,6474,2101
3020.000000,309375,1066.000000,1.626587,165,165,8629,48,30,6492,2107
3025.000000,309843,1066.000000,1.626587,165,165,8640,48,30,6502,2108
3030.000000,310252,1066.000000,1.626587,165,165,8645,48,30,6506,2109
3035.000000,310537,1066.000000,1.626587,165,165,8672,48,30,6531,2111
3040.000000,311144,1066.000000,1.626587,165,165,8698,48,30,6556,2112
3046.000000,311809,1066.000000,1.626587,165,165,8728,48,30,6576,2122
3051.000000,312198,1066.000000,1.626587,165,165,8749,48,30,6597,2122
3057.000000,312567,1066.000000,1.626587,165,165,8770,48,30,6615,2125
3062.000000,312729,1066.000000,1.626587,165,165,8771,48,30,6616,2125
3067.000000,312953,1066.000000,1.626587,165,165,8772,48,30,6617,2125
3072.000000,313692,1066.000000,1.626587,165,165,8784,48,30,6624,2130
3077.000000,314205,1066.000000,1.626587,165,165,8798,48,30,6637,2131
3082.000000,314759,1066.000000,1.626587,165,165,8819,48,30,6648,2141
3087.000000,315634,1066.000000,1.626587,165,165,8839,48,30,6662,2147
3092.000000,316465,1066.000000,1.626587,165,165,8865,48,30,6681,2154
3097.000000,317120,1066.000000,1.626587,165,165,8897,48,30,6708,2159
3103.000000,318037,1066.000000,1.626587,165,165,8916,48,30,6724,2162
3108.000000,318997,1066.000000,1.626587,165,165,8928,48,30,6730,2168
3114.000000,319809,1066.000000,1.626587,165,165,8944,48,30,6737,2177
3119.000000,320140,1066.000000,1.626587,165,165,8955,48,30,6747,2178
3125.000000,320304,1066.000000,1.626587,165,165,8971,48,30,6760,2181
3130.000000,320463,1066.000000,1.626587,165,165,8980,48,30,6769,2181
3135.000000,321238,1066.000000,1.626587,165,165,8994,48,30,6781,2183
3140.000000,321894,1066.000000,1.626587,165,165,9013,48,30,6791,2192
3145.000000,322711,1066.000000,1.626587,165,165,9037,48,30,6804,2203
3150.000000,323257,1066.000000,1.626587,165,165,9045,48,30,6808,2207
3155.000000,323803,1066.000000,1.626587,165,165,9053,48,30,6814,2209
3160.000000,323924,1066.000000,1.626587,165,165,9053,48,30,6814,2209
3165.000000,324031,1066.000000,1.626587,165,165,9053,48,30,6814,2209
3171.000000,324775,1066.000000,1.626587,165,165,9059,48,31,6819,2209
3176.000000,324985,1066.000000,1.626587,165,165,9067,48,31,6823,2213
3182.000000,325119,1066.000000,1.626587,165,165,9074,48,31,6828,2215
3187.000000,325295,1066.000000,1.626587,165,165,9080,48,31,6832,2217
3193.000000,325803,1066.000000,1.626587,165,165,9100,48,31,6844,2225
3198.000000,325962,1066.000000,1.626587,165,165,9105,48,31,6849,2225
3203.000000,326401,1066.000000,1.626587,165,165,9128,48,31,6871,2226
3208.000000,326892,1066.000000,1.626587,165,165,9143,48,31,6875,2237
3213.000000,328147,1066.000000,1.626587,165,165,9152,48,31,6882,2239
3218.000000,328926,1066.000000,1.626587,165,165,9168,48,31,6894,2243
3223.000000,329366,1066.000000,1.626587,165,165,9185,48,31,6905,2249
3228.000000,329897,1066.000000,1.626587,165,165,9187,48,31,6907,2249
3234.000000,330121,1066.000000,1.626587,165,165,9196,48,31,6910,2255
3239.000000,330491,1066.000000,1.626587,165,165,9202,48,31,6916,2255
3244.000000,331091,1066.000000,1.626587,165,165,9208,48,31,6922,2255
3250.000000,331681,1066.000000,1.626587,165,165,9220,48,31,6929,2260
3255.000000,332136,1066.000000,1.626587,165,165,9225,48,31,6932,2262
3260.000000,332582,1066.000000,1.626587,165,165,9233,48,31,6938,2264
3265.000000,333076,1066.000000,1.626587,165,165,9242,48,31,6945,2266
3270.000000,333351,1066.000000,1.626587,165,165,9250,48,31,6950,2269
3275.000000,333914,1066.000000,1.626587,165,165,9257,48,31,6955,2271
3280.000000,334241,1066.000000,1.626587,165,165,9264,48,31,6958,2275
3285.000000,334531,1066.000000,1.626587,165,165,9271,48,31,6961,2279
3291.000000,334930,1066.000000,1.626587,165,165,9281,48,31,6968,2282
3296.000000,335045,1066.000000,1.626587,165,165,9281,48,31,6968,2282
3301.000000,335761,1066.000000,1.626587,165,165,9295,48,31,6977,2287
3306.000000,336696,1066.000000,1.626587,165,165,9312,48,31,6988,2293
3311.000000,337326,1066.000000,1.626587,165,165,9327,48,31,6992,2304
3316.000000,337914,1066.000000,1.626587,165,165,9331,48,31,6995,2305
3321.000000,338047,1066.000000,1.626587,165,165,9335,48,31,6998,2306
3326.000000,338163,1066.000000,1.626587,165,165,9336,48,31,6999,2306
3331.000000,338954,1066.000000,1.626587,165,165,9344,48,31,7005,2308
3337.000000,339828,1066.000000,1.626587,165,165,9362,48,31,7017,2314
3342.000000,340707,1066.000000,1.626587,165,165,9379,48,31,7031,2317
3347.000000,341003,1066.000000,1.626587,165,165,9387,48,31,7036,2320
3352.000000,341139,1066.000000,1.626587,165,165,9391,48,31,7037,2323
3357.000000,341906,1066.000000,1.626587,165,165,9408,48,31,7047,2330
3362.000000,342047,1066.000000,1.626587,165,165,9417,48,31,7055,2331
3367.000000,342205,1066.000000,1.626587,165,165,9431,48,31,7069,2331
3372.000000,342353,1066.000000,1.626587,165,165,9447,48,31,7082,2334
3378.000000,343142,1066.000000,1.626587,165,165,9463,48,31,7091,2341
3383.000000,343746,1066.000000,1.626587,165,165,9468,48,31,7094,2343
3388.000000,344223,1066.000000,1.626587,165,165,9483,48,31,7105,2347
3393.000000,344785,1066.000000,1.626587,165,165,9499,48,31,7113,2355
3398.000000,345659,1066.000000,1.626587,165,165,9513,48,32,7120,2361
3403.000000,346568,1066.000000,1.626587,165,165,9525,48,32,7130,2363
3408.000000,347458,1066.000000,1.626587,165,165,9547,48,32,7146,2369
3413.000000,348093,1066.000000,1.626587,165,165,9555,48,32,7152,2371
3420.000000,348417,1066.000000,1.626587,165,165,9563,48,32,7159,2372
3425.000000,348525,1066.000000,1.626587,165,165,9563,48,32,7159,2372
3430.000000,348743,1066.000000,1.626587,165,165,9566,48,32,7161,2373
3435.000000,349721,1066.000000,1.626587,165,165,9580,48,32,7172,2376
3440.000000,350429,1066.000000,1.626587,165,165,9593,48,32,7180,2381
3445.000000,351061,1066.000000,1.626587,165,165,9603,48,32,7188,2383
3450.000000,351506,1066.000000,1.626587,165,165,9604,48,32,7188,2384
3455.000000,351793,1066.000000,1.626587,165,165,9613,48,32,7195,2386
3461.000000,352232,1066.000000,1.626587,165,165,9622,48,32,7201,2389
3466.000000,352422,1066.000000,1.626587,165,165,9635,48,32,7214,2389
3471.000000,352663,1066.000000,1.626587,165,165,9653,48,32,7231,2390
3476.000000,352850,1066.000000,1.626587,165,165,9664,48,32,7240,2392
3481.000000,352989,1066.000000,1.626587,165,165,9676,48,32,7249,2395
3488.000000,353145,1066.000000,1.626587,165,165,9685,48,33,7256,2396
3493.000000,353290,1066.000000,1.626587,165,165,9686,48,33,7256,2397
3498.000000,353714,1066.000000,1.626587,165,165,9692,48,33,7262,2397
3503.000000,354225,1066.000000,1.626587,165,165,9707,48,33,7275,2399
3508.000000,354361,1066.000000,1.626587,165,165,9716,48,33,7283,2400
3513.000000,354500,1066.000000,1.626587,165,165,9721,48,33,7286,2402
3518.000000,354745,1066.000000,1.626587,165,165,9729,48,33,7294,2402
3523.000000,354824,1066.000000,1.626587,165,165,9734,48,33,7299,2402
3529.000000,355153,1066.000000,1.626587,165,165,9737,48,33,7300,2404
3534.000000,356013,1066.000000,1.626587,165,165,9747,48,33,7309,2405
3539.000000,357284,1066.000000,1.626587,165,165,9762,48,33,7321,2408
3544.000000,358104,1066.000000,1.626587,165,165,9773,48,33,7332,2408
3549.000000,358853,1066.000000,1.626587,165,165,9785,48,33,7339,2413
3554.000000,359537,1066.000000,1.626587,165,165,9794,48,33,7344,2417
3559.000000,359832,1066.000000,1.626587,165,165,9798,48,33,7346,2419
3564.000000,360552,1066.000000,1.626587,165,165,9809,48,34,7352,2423
3569.000000,360780,1066.000000,1.626587,165,165,9822,48,34,7359,2429
3574.000000,360947,1066.000000,1.626587,165,165,9826,48,34,7361,2431
3580.000000,361198,1066.000000,1.626587,165,165,9833,48,34,7366,2433
3585.000000,361747,1066.000000,1.626587,165,165,9836,48,34,7367,2435
3590.000000,361830,1066.000000,1.626587,165,165,9840,48,34,7369,2437
3595.000000,362147,1066.000000,1.626587,165,165,9844,48,34,7373,2437
3600.000000,362800,1066.000000,1.626587,165,165,9859,48,34,7385,2440
3605.000000,362964,1066.000000,1.626587,165,165,9875,48,34,7400,2441
3610.000000,363179,1066.000000,1.626587,165,165,9886,48,35,7409,2442
3615.000000,363342,1066.000000,1.626587,165,165,9897,48,35,7419,2443
3621.000000,363845,1066.000000,1.626587,165,165,9908,48,35,7430,2443
3626.000000,364177,1066.000000,1.626587,165,165,9911,48,35,7432,2444
3631.000000,364908,1066.000000,1.626587,165,165,9926,48,35,7437,2454
3636.000000,365494,1066.000000,1.626587,165,165,9938,48,35,7444,2459
3641.000000,365721,1066.000000,1.626587,165,165,9942,48,36,7446,2460
3646.000000,365835,1066.000000,1.626587,165,165,9942,48,36,7446,2460
3651.000000,365950,1066.000000,1.626587,165,165,9942,48,36,7446,2460
3658.000000,366052,1066.000000,1.626587,165,165,9942,48,36,7446,2460
3663.000000,366168,1066.000000,1.626587,165,165,9942,48,36,7446,2460
3668.000000,366416,1066.000000,1.626587,165,165,9943,48,36,7447,2460
3673.000000,366586,1066.000000,1.626587,165,165,9945,48,36,7449,2460
3678.000000,366701,1066.000000,1.626587,165,165,9945,48,36,7449,2460
3683.000000,366816,1066.000000,1.626587,165,165,9945,48,36,7449,2460
3688.000000,366931,1066.000000,1.626587,165,165,9945,48,36,7449,2460
3693.000000,367008,1066.000000,1.626587,165,165,9945,48,36,7449,2460
3698.000000,367123,1066.000000,1.626587,165,165,9945,48,36,7449,2460
3703.000000,367238,1066.000000,1.626587,165,165,9945,48,36,7449,2460
3708.000000,367358,1066.000000,1.626587,165,165,9945,48,36,7449,2460
3714.000000,367478,1066.000000,1.626587,165,165,9945,48,36,7449,2460
3719.000000,367593,1066.000000,1.626587,165,165,9945,48,36,7449,2460
3726.000000,367775,1066.000000,1.626587,165,165,9946,48,36,7450,2460
3731.000000,367894,1066.000000,1.626587,165,165,9946,48,36,7450,2460
3736.000000,368206,1066.000000,1.626587,165,165,9946,48,36,7450,2460
3741.000000,368389,1066.000000,1.626587,165,165,9949,48,36,7453,2460
3746.000000,368598,1066.000000,1.626587,165,165,9949,48,36,7453,2460
3751.000000,368737,1066.000000,1.626587,165,165,9951,48,36,7455,2460
3756.000000,369031,1066.000000,1.626587,165,165,9951,48,36,7455,2460
3761.000000,369286,1066.000000,1.626587,165,165,9959,48,36,7460,2463
3767.000000,370302,1066.000000,1.626587,165,165,9970,48,36,7468,2466
3772.000000,370843,1066.000000,1.626587,165,165,9984,48,36,7477,2471
3777.000000,371356,1066.000000,1.626587,165,165,9994,48,36,7484,2474
3782.000000,371590,1066.000000,1.626587,165,165,10000,48,36,7487,2477
3787.000000,372150,1066.000000,1.626587,165,165,10004,48,36,7488,2480
3794.000000,372733,1066.000000,1.626587,165,165,10021,48,36,7498,2487
3799.000000,373025,1066.000000,1.626587,165,165,10031,48,36,7504,2491
3804.000000,373304,1066.000000,1.626587,165,165,10042,48,36,7513,2493
3809.000000,373790,1066.000000,1.626587,165,165,10047,48,36,7517,2494
3814.000000,373976,1066.000000,1.626587,165,165,10060,48,36,7529,2495
3819.000000,374372,1066.000000,1.626587,165,165,10069,48,36,7537,2496
3825.000000,375357,1066.000000,1.626587,165,165,10078,48,36,7544,2498
3830.000000,375729,1066.000000,1.626587,165,165,10085,48,36,7547,2502
3835.000000,376148,1066.000000,1.626587,165,165,10090,48,36,7549,2505
3840.000000,376704,1066.000000,1.626587,165,165,10098,48,36,7554,2508
3845.000000,377213,1066.000000,1.626587,165,165,10109,48,36,7562,2511
3850.000000,377461,1066.000000,1.626587,165,165,10116,48,36,7569,2511
3855.000000,377841,1066.000000,1.626587,165,165,10121,48,36,7571,2514
3861.000000,378141,1066.000000,1.626587,165,165,10128,48,36,7574,2518
3867.000000,378441,1066.000000,1.626587,165,165,10131,48,36,7576,2519
3872.000000,378798,1066.000000,1.626587,165,165,10134,48,36,7579,2519
3877.000000,379176,1066.000000,1.626587,165,165,10140,48,36,7583,2521
3882.000000,379324,1066.000000,1.626587,165,165,10147,48,36,7589,2522
3887.000000,379661,1066.000000,1.626587,165,165,10152,48,36,7594,2522
3892.000000,380193,1066.000000,1.626587,165,165,10159,48,36,7599,2524
3897.000000,380471,1066.000000,1.626587,165,165,10168,48,36,7604,2528
3903.000000,380922,1066.000000,1.626587,165,165,10182,48,36,7610,2536
3908.000000,381324,1066.000000,1.626587,165,165,10198,48,36,7619,2543
3913.000000,381837,1066.000000,1.626587,165,165,10209,48,36,7627,2546
3918.000000,382212,1066.000000,1.626587,165,165,10214,48,36,7632,2546
3923.000000,382383,1066.000000,1.626587,165,165,10222,48,36,7639,2547
3929.000000,382592,1066.000000,1.626587,165,165,10225,48,36,7642,2547
3934.000000,383050,1066.000000,1.626587,165,165,10232,48,36,7647,2549
3939.000000,383459,1066.000000,1.626587,165,165,10241,48,36,7651,2554
3944.000000,384095,1066.000000,1.626587,165,165,10256,48,36,7662,2558
3950.000000,384317,1066.000000,1.626587,165,165,10268,48,36,7673,2559
3955.000000,384490,1066.000000,1.626587,165,165,10269,48,36,7674,2559
3960.000000,384635,1066.000000,1.626587,165,165,10277,48,36,7682,2559
3965.000000,384761,1066.000000,1.626587,165,165,10280,48,36,7682,2562
3970.000000,385220,1066.000000,1.626587,165,165,10284,48,36,7685,2563
3975.000000,385559,1066.000000,1.626587,165,165,10293,48,36,7690,2567
3980.000000,385797,1066.000000,1.626587,165,165,10297,48,36,7692,2569
3985.000000,386039,1066.000000,1.626587,165,165,10299,48,36,7693,2570
3990.000000,386411,1066.000000,1.626587,165,165,10309,48,37,7699,2573
3997.000000,386860,1066.000000,1.626587,165,165,10322,48,37,7706,2579
4002.000000,387251,1066.000000,1.626587,165,165,10324,48,37,7708,2579
4007.000000,387820,1066.000000,1.626587,165,165,10334,48,37,7712,2585
4012.000000,388349,1066.000000,1.626587,165,165,10342,48,37,7719,2586
4017.000000,388801,1066.000000,1.626587,165,165,10354,48,37,7725,2592
4022.000000,389012,1066.000000,1.626587,165,165,10365,48,37,7732,2596
4028.000000,389688,1066.000000,1.626587,165,165,10377,48,37,7740,2600
4033.000000,390132,1066.000000,1.626587,165,165,10390,48,37,7746,2607
4038.000000,390569,1066.000000,1.626587,165,165,10400,48,37,7753,2610
4043.000000,391056,1066.000000,1.626587,165,165,10410,48,37,7761,2612
4048.000000,391271,1066.000000,1.626587,165,165,10420,48,37,7767,2616
4053.000000,391448,1066.000000,1.626587,165,165,10428,48,37,7770,2621
4059.000000,391768,1066.000000,1.626587,165,165,10432,48,37,7773,2622
4065.000000,392310,1066.000000,1.626587,166,166,10444,48,37,7780,2627
4070.000000,392864,1066.000000,1.626587,166,166,10449,48,37,7782,2630
4075.000000,393282,1066.000000,1.626587,166,166,10452,48,37,7783,2632
4080.000000,393752,1066.000000,1.626587,166,166,10470,48,37,7799,2634
4085.000000,394381,1066.000000,1.626587,166,166,10478,48,37,7804,2637
4090.000000,394850,1066.000000,1.626587,166,166,10487,48,37,7810,2640
4096.000000,395047,1066.000000,1.626587,166,166,10490,48,37,7812,2641
4101.000000,395125,1066.000000,1.626587,166,166,10490,48,37,7812,2641
4106.000000,395309,1066.000000,1.626587,166,166,10495,48,37,7815,2643
4111.000000,395501,1066.000000,1.626587,166,166,10506,48,37,7823,2646
4116.000000,395624,1066.000000,1.626587,166,166,10508,48,37,7825,2646
4121.000000,396506,1066.000000,1.626587,166,166,10521,48,37,7834,2650
4126.000000,397086,1066.000000,1.626587,166,166,10531,48,37,7840,2654
4133.000000,397534,1066.000000,1.626587,166,166,10540,48,37,7848,2655
4138.000000,397876,1066.000000,1.626587,166,166,10546,48,37,7854,2655
4143.000000,398250,1066.000000,1.626587,166,166,10552,48,37,7859,2656
4148.000000,398826,1066.000000,1.626587,166,166,10564,48,37,7869,2658
4153.000000,399213,1066.000000,1.626587,166,166,10572,48,37,7873,2662
4158.000000,399885,1066.000000,1.626587,166,166,10584,48,37,7883,2664
4164.000000,400140,1066.000000,1.626587,166,166,10587,48,37,7885,2665
4169.000000,400450,1066.000000,1.626587,166,166,10591,48,37,7888,2666
4174.000000,400856,1066.000000,1.626587,166,166,10601,48,37,7895,2669
4179.000000,400989,1066.000000,1.626587,166,166,10604,48,37,7897,2670
4184.000000,401300,1066.000000,1.626587,166,166,10605,48,37,7898,2670
4189.000000,401685,1066.000000,1.626587,166,166,10608,48,37,7899,2672
4194.000000,401933,1066.000000,1.626587,166,166,10610,48,37,7900,2673
4201.000000,402061,1066.000000,1.626587,166,166,10613,48,37,7901,2675
4206.000000,402194,1066.000000,1.626587,166,166,10614,48,37,7902,2675
4211.000000,402309,1066.000000,1.626587,166,166,10614,48,37,7902,2675
4216.000000,402493,1066.000000,1.626587,166,166,10615,48,37,7903,2675
4221.000000,402610,1066.000000,1.626587,166,166,10615,48,37,7903,2675
4226.000000,402732,1066.000000,1.626587,166,166,10617,48,37,7904,2676
4232.000000,402849,1066.000000,1.626587,166,166,10618,48,37,7905,2676
4237.000000,402930,1066.000000,1.626587,166,166,10618,48,37,7905,2676
4242.000000,403044,1066.000000,1.626587,166,166,10618,48,37,7905,2676
4247.000000,403160,1066.000000,1.626587,166,166,10618,48,37,7905,2676
4252.000000,403274,1066.000000,1.626587,166,166,10618,48,37,7905,2676
4257.000000,403389,1066.000000,1.626587,166,166,10618,48,37,7905,2676
4262.000000,403547,1066.000000,1.626587,166,166,10619,48,37,7906,2676
4269.000000,403669,1066.000000,1.626587,166,166,10620,48,37,7907,2676
4274.000000,403810,1066.000000,1.626587,166,166,10621,48,37,7907,2677
4279.000000,403929,1066.000000,1.626587,166,166,10621,48,37,7907,2677
4284.000000,404044,1066.000000,1.626587,166,166,10621,48,37,7907,2677
4289.000000,404159,1066.000000,1.626587,166,166,10621,48,37,7907,2677
4294.000000,404273,1066.000000,1.626587,166,166,10621,48,37,7907,2677
4299.000000,404387,1066.000000,1.626587,166,166,10621,48,37,7907,2677
4304.000000,404598,1066.000000,1.626587,166,166,10623,48,37,7909,2677
4309.000000,404986,1066.000000,1.626587,166,166,10631,48,37,7913,2681
4315.000000,405376,1066.000000,1.626587,166,166,10638,48,37,7916,2685
4320.000000,405806,1066.000000,1.626587,166,166,10649,48,37,7921,2691
4325.000000,406675,1066.000000,1.626587,166,166,10665,48,37,7932,2696
4330.000000,407387,1066.000000,1.626587,166,166,10677,48,38,7941,2698
4336.000000,408091,1066.000000,1.626587,166,166,10693,48,38,7950,2705
4342.000000,408423,1066.000000,1.626587,166,166,10694,48,38,7951,2705
4347.000000,408599,1066.000000,1.626587,166,166,10695,48,38,7952,2705
4352.000000,408964,1066.000000,1.626587,166,166,10697,48,38,7953,2706
4357.000000,409519,1066.000000,1.626587,166,166,10708,48,38,7963,2707
4362.000000,409722,1066.000000,1.626587,166,166,10718,48,38,7973,2707
4367.000000,410350,1066.000000,1.626587,166,166,10731,48,38,7981,2712
4372.000000,410937,1066.000000,1.626587,166,166,10739,48,38,7985,2716
4377.000000,411256,1066.000000,1.626587,166,166,10750,48,38,7995,2717
4382.000000,411421,1066.000000,1.626587,166,166,10772,48,38,8014,2720
4388.000000,411645,1066.000000,1.626587,166,166,10802,48,38,8041,2723
4393.000000,412042,1066.000000,1.626587,166,166,10829,48,38,8065,2726
4398.000000,412983,1066.000000,1.626587,166,166,10853,48,38,8077,2738
4404.000000,413895,1066.000000,1.626587,166,166,10874,48,38,8090,2746
4410.000000,414937,1066.000000,1.626587,166,166,10909,48,38,8112,2759
4415.000000,416108,1066.000000,1.626587,166,166,10934,48,38,8123,2773
4420.000000,416968,1066.000000,1.626587,166,166,10967,48,38,8145,2784
4425.000000,417641,1066.000000,1.626587,166,166,10986,48,38,8160,2788
4430.000000,418616,1066.000000,1.626587,166,166,11005,48,38,8176,2791
4435.000000,419510,1066.000000,1.626587,166,166,11018,48,38,8185,2795
4440.000000,420050,1066.000000,1.626587,166,166,11029,48,38,8193,2798
4445.000000,420689,1066.000000,1.626587,166,166,11046,48,38,8208,2800
4450.000000,421643,1066.000000,1.626587,166,166,11065,48,38,8219,2808
4455.000000,422740,1066.000000,1.626587,166,166,11083,48,38,8231,2814
4460.000000,423772,1066.000000,1.626587,166,166,11118,48,38,8254,2826
4466.000000,424999,1066.000000,1.626587,166,166,11135,48,38,8266,2831
4472.000000,425899,1066.000000,1.626587,166,166,11167,48,38,8295,2834
4477.000000,426910,1066.000000,1.626587,166,166,11189,48,38,8311,2840
4482.000000,427985,1066.000000,1.626587,166,166,11219,48,38,8334,2847
4487.000000,429011,1066.000000,1.626587,166,166,11239,48,38,8350,2851
4493.000000,429418,1066.000000,1.626587,166,166,11266,48,38,8369,2859
4498.000000,430016,1066.000000,1.626587,166,166,11280,48,38,8377,2865
4503.000000,430954,1066.000000,1.626587,166,166,11306,48,38,8394,2874
4508.000000,431291,1066.000000,1.626587,166,166,11326,48,38,8409,2879
4513.000000,431992,1066.000000,1.626587,166,166,11339,48,38,8416,2885
4518.000000,433269,1066.000000,1.626587,166,166,11365,48,38,8439,2888
4523.000000,434042,1066.000000,1.626587,166,166,11389,48,38,8451,2900
4528.000000,434646,1066.000000,1.626587,166,166,11426,48,38,8486,2902
4534.000000,434920,1066.000000,1.626587,166,166,11456,48,38,8508,2910
4540.000000,435147,1066.000000,1.626587,166,166,11490,48,38,8540,2912
4545.000000,435659,1066.000000,1.626587,166,166,11506,48,38,8556,2912
4550.000000,435967,1066.000000,1.626587,166,166,11542,48,38,8561,2943
4556.000000,436262,1066.000000,1.626587,166,166,11579,48,38,8570,2971
4561.000000,437525,1066.000000,1.626587,166,166,11600,48,38,8578,2984
4566.000000,438519,1066.000000,1.626587,166,166,11619,48,38,8588,2993
4571.000000,439122,1066.000000,1.626587,166,166,11624,48,38,8593,2993
4576.000000,439513,1066.000000,1.626587,166,166,11629,48,38,8596,2995
4581.000000,439742,1066.000000,1.626587,166,166,11638,48,38,8599,3001
4586.000000,439913,1066.000000,1.626587,166,166,11656,48,38,8609,3009
4592.000000,440094,1066.000000,1.626587,166,166,11673,48,38,8615,3020
4597.000000,440501,1066.000000,1.626587,166,166,11684,48,38,8624,3022
4602.000000,441790,1066.000000,1.626587,166,166,11706,48,38,8641,3027
4608.000000,442746,1066.000000,1.626587,166,166,11729,48,39,8655,3035
4613.000000,443070,1066.000000,1.626587,166,166,11735,48,39,8659,3037
4618.000000,443893,1066.000000,1.626587,166,166,11753,48,39,8671,3043
4623.000000,444707,1066.000000,1.626587,166,166,11774,48,39,8680,3055
4629.000000,445758,1066.000000,1.626587,166,166,11794,48,40,8691,3063
4634.000000,446142,1066.000000,1.626587,166,166,11821,48,40,8717,3064
4639.000000,446383,1066.000000,1.626587,166,166,11854,48,41,8748,3065
4644.000000,446509,1066.000000,1.626587,166,166,11866,48,41,8759,3066
4649.000000,447326,1066.000000,1.626587,166,166,11898,48,42,8786,3070
4654.000000,448241,1066.000000,1.626587,166,166,11924,48,42,8808,3074
4659.000000,449264,1066.000000,1.626587,166,166,11941,48,42,8819,3080
4664.000000,450860,1066.000000,1.626587,166,166,11961,48,42,8830,3089
4669.000000,452094,1066.000000,1.626587,166,166,11978,48,42,8842,3094
4676.000000,452889,1066.000000,1.626587,166,166,12012,48,42,8868,3102
4681.000000,453101,1066.000000,1.626587,166,166,12025,48,42,8880,3103
4686.000000,453664,1066.000000,1.626587,166,166,12044,48,42,8894,3108
4691.000000,454680,1066.000000,1.626587,166,166,12055,48,42,8901,3112
4696.000000,456079,1066.000000,1.626587,166,166,12076,48,42,8916,3118
4701.000000,457052,1066.000000,1.626587,166,166,12088,48,42,8922,3124
4706.000000,457668,1066.000000,1.626587,166,166,12100,48,42,8928,3130
4712.000000,457891,1066.000000,1.626587,166,166,12115,48,42,8943,3130
4717.000000,458207,1066.000000,1.626587,166,166,12148,48,42,8974,3132
4722.000000,459264,1066.000000,1.626587,166,166,12163,48,42,8987,3134
4727.000000,460715,1066.000000,1.626587,166,166,12192,48,42,9006,3144
4732.000000,461588,1066.000000,1.626587,166,166,12213,48,42,9023,3148
4737.000000,462206,1066.000000,1.626587,166,166,12226,48,42,9029,3155
4744.000000,463188,1066.000000,1.626587,166,166,12253,48,42,9050,3161
4749.000000,464185,1066.000000,1.626587,166,166,12264,48,42,9056,3166
4754.000000,465112,1066.000000,1.626587,166,166,12285,48,42,9069,3174
4759.000000,465873,1066.000000,1.626587,166,166,12329,48,42,9112,3175
4764.000000,466275,1066.000000,1.626587,166,166,12363,48,42,9142,3179
4769.000000,466902,1066.000000,1.626587,166,166,12372,48,42,9150,3180
4774.000000,468085,1066.000000,1.626587,166,166,12379,48,42,9153,3184
4780.000000,468851,1066.000000,1.626587,166,166,12405,48,43,9173,3189
4785.000000,469285,1066.000000,1.626587,166,166,12441,48,44,9207,3190
4790.000000,470200,1066.000000,1.626587,166,166,12461,48,44,9222,3195
4795.000000,471085,1066.000000,1.626587,166,166,12477,48,44,9233,3200
4800.000000,472239,1066.000000,1.626587,166,166,12510,48,44,9253,3213
4805.000000,472883,1066.000000,1.626587,166,166,12545,48,44,9281,3220
4812.000000,473262,1066.000000,1.626587,166,166,12585,48,44,9318,3223
4817.000000,474352,1066.000000,1.626587,166,166,12601,48,44,9330,3227
4822.000000,475536,1066.000000,1.626587,166,166,12621,48,44,9344,3233
4827.000000,477077,1066.000000,1.626587,166,166,12650,48,44,9361,3245
4833.000000,477265,1066.000000,1.626587,166,166,12686,48,44,9392,3250
4838.000000,477456,1066.000000,1.626587,166,166,12700,48,44,9406,3250
4843.000000,477680,1066.000000,1.626587,166,166,12718,48,44,9422,3252
4848.000000,477844,1066.000000,1.626587,166,166,12724,48,44,9428,3252
4853.000000,478524,1066.000000,1.626587,166,166,12740,48,44,9442,3254
4858.000000,479521,1066.000000,1.626587,166,166,12761,48,45,9458,3258
4864.000000,480600,1066.000000,1.626587,166,166,12790,48,45,9478,3267
4869.000000,481751,1066.000000,1.626587,166,166,12809,48,45,9490,3274
4874.000000,482540,1066.000000,1.626587,166,166,12826,48,45,9502,3279
4880.000000,483212,1066.000000,1.626587,166,166,12835,48,45,9507,3283
4885.000000,483530,1066.000000,1.626587,166,166,12850,48,45,9516,3289
4890.000000,484587,1066.000000,1.626587,166,166,12871,48,45,9532,3294
4895.000000,485799,1066.000000,1.626587,166,166,12909,48,45,9552,3312
4901.000000,486660,1066.000000,1.626587,166,166,12934,48,45,9567,3322
4906.000000,487126,1066.000000,1.626587,166,166,12939,48,45,9571,3323
4911.000000,488311,1066.000000,1.626587,166,166,12962,48,46,9589,3327
4916.000000,489076,1066.000000,1.626587,166,166,12980,48,46,9600,3334
4921.000000,490047,1066.000000,1.626587,166,166,13003,48,46,9613,3344
4926.000000,491299,1066.000000,1.626587,166,166,13026,48,46,9630,3350
4931.000000,492331,1066.000000,1.626587,166,166,13047,48,47,9646,3354
4936.000000,493288,1066.000000,1.626587,166,166,13060,48,47,9653,3360
4942.000000,493983,1066.000000,1.626587,166,166,13078,48,47,9665,3366
4948.000000,494823,1066.000000,1.626587,166,166,13103,48,47,9684,3372
4953.000000,495705,1066.000000,1.626587,166,166,13120,48,47,9695,3378
4958.000000,496032,1066.000000,1.626587,166,166,13153,48,47,9721,3385
4963.000000,496932,1066.000000,1.626587,166,166,13176,48,47,9736,3393
4968.000000,497552,1066.000000,1.626587,166,166,13193,48,47,9751,3395
4974.000000,498743,1066.000000,1.626587,166,166,13208,48,47,9764,3397
4979.000000,499450,1066.000000,1.626587,166,166,13223,48,47,9772,3404
4984.000000,500039,1066.000000,1.626587,166,166,13230,48,47,9777,3406
4989.000000,501163,1066.000000,1.626587,166,166,13254,48,47,9796,3411
4994.000000,502207,1066.000000,1.626587,166,166,13276,48,47,9810,3419
4999.000000,502443,1066.000000,1.626587,166,166,13306,48,47,9840,3419
5004.000000,503435,1066.000000,1.626587,166,166,13328,48,47,9852,3429
5009.000000,504682,1066.000000,1.626587,166,166,13351,48,47,9865,3439
5016.000000,505487,1066.000000,1.626587,166,166,13373,48,47,9879,3447
5021.000000,505694,1066.000000,1.626587,166,166,13394,48,47,9900,3447
5026.000000,505981,1066.000000,1.626587,166,166,13433,48,47,9939,3447
5031.000000,506257,1066.000000,1.626587,166,166,13464,48,47,9967,3450
5036.000000,506427,1066.000000,1.626587,166,166,13481,48,47,9982,3452
5041.000000,507467,1066.000000,1.626587,166,166,13496,48,47,9991,3458
5046.000000,508463,1066.000000,1.626587,166,166,13517,48,47,10004,3466
5052.000000,509068,1066.000000,1.626587,166,166,13540,48,47,10023,3470
5057.000000,510139,1066.000000,1.626587,166,166,13568,48,47,10042,3479
5062.000000,511306,1066.000000,1.626587,166,166,13586,48,47,10055,3484
5067.000000,511742,1066.000000,1.626587,166,166,13618,48,47,10084,3487
5072.000000,511984,1066.000000,1.626587,166,166,13656,48,48,10120,3488
5077.000000,512259,1066.000000,1.626587,166,166,13690,48,48,10153,3489
5084.000000,512540,1066.000000,1.626587,166,166,13733,48,48,10192,3493
5089.000000,512829,1066.000000,1.626587,166,166,13754,48,49,10211,3494
5094.000000,513497,1066.000000,1.626587,166,166,13780,48,49,10235,3496
5099.000000,514626,1066.000000,1.626587,166,166,13804,48,49,10255,3500
5104.000000,515454,1066.000000,1.626587,166,166,13816,48,49,10263,3504
5109.000000,516467,1066.000000,1.626587,166,166,13848,48,49,10286,3513
5114.000000,516973,1066.000000,1.626587,166,166,13888,49,49,10319,3520
5120.000000,517242,1066.000000,1.626587,166,166,13912,49,49,10341,3522
5125.000000,517938,1066.000000,1.626587,166,166,13925,49,49,10350,3526
5130.000000,518911,1066.000000,1.626587,166,166,13941,49,49,10361,3531
5135.000000,519955,1066.000000,1.626587,166,166,13967,49,49,10377,3541
5140.000000,520434,1066.000000,1.626587,166,166,13993,49,49,10400,3544
5145.000000,520726,1066.000000,1.626587,166,166,14026,49,49,10433,3544
5152.000000,520877,1066.000000,1.626587,166,166,14042,49,49,10446,3547
5157.000000,521094,1066.000000,1.626587,166,166,14058,49,49,10461,3548
5162.000000,521828,1066.000000,1.626587,166,166,14086,49,49,10483,3554
5167.000000,522445,1066.000000,1.626587,166,166,14104,49,49,10492,3563
5172.000000,523147,1066.000000,1.626587,166,166,14123,49,49,10510,3564
5177.000000,523612,1066.000000,1.626587,166,166,14148,49,49,10527,3572
5182.000000,523844,1066.000000,1.626587,166,166,14167,49,49,10544,3574
5187.000000,523966,1066.000000,1.626587,166,166,14182,49,49,10557,3576
5193.000000,524111,1066.000000,1.626587,166,166,14197,49,49,10570,3578
5198.000000,524423,1066.000000,1.626587,166,166,14209,49,49,10581,3579
5203.000000,525036,1066.000000,1.626587,166,166,14226,49,49,10591,3586
5208.000000,525230,1066.000000,1.626587,166,166,14244,49,49,10603,3592
5213.000000,525398,1066.000000,1.626587,166,166,14253,49,49,10607,3597
5219.000000,525630,1066.000000,1.626587,166,166,14285,49,49,10636,3600
5225.000000,526437,1066.000000,1.626587,166,166,14305,49,49,10651,3605
5230.000000,527017,1066.000000,1.626587,166,166,14322,49,49,10661,3612
5235.000000,527654,1066.000000,1.626587,166,166,14332,49,49,10669,3614
5240.000000,528872,1066.000000,1.626587,166,166,14357,49,49,10690,3618
5245.000000,529245,1066.000000,1.626587,166,166,14381,49,50,10711,3620
5250.000000,529476,1066.000000,1.626587,166,166,14418,49,50,10744,3624
5255.000000,529633,1066.000000,1.626587,166,166,14434,49,50,10760,3624
5260.000000,530285,1066.000000,1.626587,166,166,14458,49,50,10783,3625
5266.000000,531123,1066.000000,1.626587,166,166,14484,49,50,10803,3631
5271.000000,531974,1066.000000,1.626587,166,166,14505,49,50,10819,3636
5276.000000,532955,1066.000000,1.626587,166,166,14520,49,51,10828,3641
5281.000000,533929,1066.000000,1.626587,166,166,14540,49,51,10842,3647
5287.000000,534307,1066.000000,1.626587,166,166,14577,49,51,10870,3656
5292.000000,534532,1066.000000,1.626587,166,166,14596,49,51,10887,3658
5297.000000,534815,1066.000000,1.626587,166,166,14625,49,51,10912,3662
5303.000000,535082,1066.000000,1.626587,166,166,14649,49,51,10935,3663
5308.000000,535569,1066.000000,1.626587,166,166,14663,49,51,10947,3665
5313.000000,536335,1066.000000,1.626587,166,166,14677,49,51,10953,3673
5318.000000,537088,1066.000000,1.626587,166,166,14696,49,51,10964,3681
5323.000000,537533,1066.000000,1.626587,166,166,14707,49,51,10971,3685
5328.000000,538110,1066.000000,1.626587,166,166,14722,49,51,10982,3689
5333.000000,538445,1066.000000,1.626587,166,166,14747,49,51,11003,3693
5338.000000,539335,1066.000000,1.626587,166,166,14778,49,51,11022,3705
5343.000000,539843,1066.000000,1.626587,166,166,14786,49,51,11028,3707
5348.000000,540792,1066.000000,1.626587,166,166,14801,49,51,11033,3717
5353.000000,541934,1066.000000,1.626587,166,166,14822,49,51,11049,3722
5358.000000,542569,1066.000000,1.626587,166,166,14833,49,51,11060,3722
5363.000000,542967,1066.000000,1.626587,166,166,14851,49,51,11072,3728
5368.000000,543243,1066.000000,1.626587,166,166,14868,49,51,11085,3732
5374.000000,543453,1066.000000,1.626587,166,166,14900,49,51,11115,3734
5379.000000,543813,1066.000000,1.626587,166,166,14929,49,51,11138,3740
5384.000000,544690,1066.000000,1.626587,166,166,14946,49,51,11151,3744
5389.000000,545239,1066.000000,1.626587,166,166,14963,49,51,11163,3749
5394.000000,545528,1066.000000,1.626587,166,166,14967,49,51,11166,3750
5399.000000,546473,1066.000000,1.626587,166,166,14984,49,51,11179,3754
5404.000000,546888,1066.000000,1.626587,166,166,15009,49,51,11202,3756
5409.000000,548275,1066.000000,1.626587,166,166,15031,49,51,11220,3760
5415.000000,549401,1066.000000,1.626587,166,166,15064,49,51,11248,3765
5420.000000,549967,1066.000000,1.626587,166,166,15069,49,51,11253,3765
5425.000000,550199,1066.000000,1.626587,166,166,15079,49,51,11261,3767
5430.000000,551085,1066.000000,1.626587,166,166,15090,49,51,11268,3771
5435.000000,551863,1066.000000,1.626587,166,166,15101,49,51,11272,3778
5440.000000,552639,1066.000000,1.626587,166,166,15125,49,51,11291,3783
5445.000000,553571,1066.000000,1.626587,166,166,15157,49,51,11315,3791
5450.000000,554410,1066.000000,1.626587,166,166,15183,49,51,11332,3800
5457.000000,555055,1066.000000,1.626587,166,166,15197,49,51,11336,3810
5462.000000,555737,1066.000000,1.626587,166,166,15204,49,51,11341,3812
5467.000000,556552,1066.000000,1.626587,166,166,15214,49,51,11348,3815
5472.000000,557274,1066.000000,1.626587,166,166,15229,49,51,11359,3819
5477.000000,557432,1066.000000,1.626587,166,166,15248,49,51,11376,3821
5482.000000,557649,1066.000000,1.626587,166,166,15272,49,51,11399,3822
5487.000000,557827,1066.000000,1.626587,166,166,15297,49,51,11423,3823
5492.000000,558024,1066.000000,1.626587,166,166,15303,49,51,11429,3823
5497.000000,558910,1066.000000,1.626587,166,166,15323,49,51,11444,3828
5503.000000,560067,1066.000000,1.626587,166,166,15361,49,51,11467,3843
5508.000000,561121,1066.000000,1.626587,166,166,15380,49,51,11480,3849
5513.000000,561474,1066.000000,1.626587,166,166,15393,49,51,11485,3857
5518.000000,562456,1066.000000,1.626587,166,166,15414,49,51,11498,3865
5525.000000,563112,1066.000000,1.626587,166,166,15423,49,51,11503,3869
5530.000000,563555,1066.000000,1.626587,166,166,15450,49,51,11529,3870
5535.000000,564263,1066.000000,1.626587,166,166,15479,49,51,11549,3879
5540.000000,565107,1066.000000,1.626587,166,166,15495,49,51,11561,3883
5545.000000,566046,1066.000000,1.626587,166,166,15516,49,51,11571,3894
5550.000000,567028,1066.000000,1.626587,166,166,15549,49,52,11595,3902
5556.000000,568058,1066.000000,1.626587,166,166,15574,49,52,11609,3913
5561.000000,568390,1066.000000,1.626587,166,166,15582,49,52,11616,3914
5566.000000,568943,1066.000000,1.626587,166,166,15602,49,53,11628,3921
5571.000000,569106,1066.000000,1.626587,166,166,15614,49,53,11639,3922
5576.000000,569256,1066.000000,1.626587,166,166,15628,49,53,11651,3924
5581.000000,569583,1066.000000,1.626587,166,166,15645,49,53,11668,3924
5586.000000,570020,1066.000000,1.626587,166,166,15654,49,53,11675,3926
5593.000000,570899,1066.000000,1.626587,166,166,15675,49,53,11688,3934
5598.000000,571766,1066.000000,1.626587,166,166,15686,49,53,11693,3940
5603.000000,572858,1066.000000,1.626587,166,166,15704,49,53,11703,3948
5608.000000,573820,1066.000000,1.626587,166,166,15737,49,53,11720,3964
5613.000000,574871,1066.000000,1.626587,166,166,15752,49,53,11729,3970
5618.000000,575736,1066.000000,1.626587,166,166,15772,49,53,11740,3979
5623.000000,576495,1066.000000,1.626587,166,166,15792,49,53,11756,3983
5628.000000,576810,1066.000000,1.626587,166,166,15797,49,53,11758,3986
5633.000000,577386,1066.000000,1.626587,166,166,15817,49,53,11772,3992
5638.000000,578298,1066.000000,1.626587,166,166,15839,49,53,11794,3992
5644.000000,579300,1066.000000,1.626587,166,166,15867,49,53,11814,4000
5649.000000,580047,1066.000000,1.626587,166,166,15881,49,53,11824,4004
5654.000000,580609,1066.000000,1.626587,166,166,15901,49,53,11837,4011
5661.000000,580777,1066.000000,1.626587,166,166,15916,49,53,11848,4015
5666.000000,581474,1066.000000,1.626587,166,166,15931,49,53,11862,4016
5671.000000,581846,1066.000000,1.626587,166,166,15951,49,53,11880,4018
5676.000000,582142,1066.000000,1.626587,166,166,15975,49,53,11901,4021
5681.000000,582803,1066.000000,1.626587,166,166,15997,49,53,11920,4024
5686.000000,583889,1066.000000,1.626587,166,166,16017,49,53,11933,4031
5691.000000,584329,1066.000000,1.626587,166,166,16025,49,54,11938,4033
5696.000000,584442,1066.000000,1.626587,166,166,16037,49,54,11949,4034
5701.000000,584693,1066.000000,1.626587,166,166,16063,49,55,11974,4034
5706.000000,585656,1066.000000,1.626587,166,166,16086,49,55,11990,4041
5712.000000,586858,1066.000000,1.626587,166,166,16110,49,55,12004,4051
5717.000000,587707,1066.000000,1.626587,166,166,16133,49,55,12017,4061
5722.000000,588454,1066.000000,1.626587,166,166,16154,49,56,12028,4070
5728.000000,589219,1066.000000,1.626587,166,166,16170,49,56,12039,4075
5734.000000,590275,1066.000000,1.626587,166,166,16189,49,56,12048,4085
5739.000000,591235,1066.000000,1.626587,166,166,16218,49,56,12065,4097
5744.000000,592593,1066.000000,1.626587,166,166,16248,49,56,12087,4105
5749.000000,593366,1066.000000,1.626587,166,166,16282,49,57,12117,4108
5754.000000,593830,1066.000000,1.626587,166,166,16294,49,57,12126,4111
5759.000000,593996,1066.000000,1.626587,166,166,16304,49,57,12132,4115
5764.000000,594281,1066.000000,1.626587,166,166,16315,49,57,12141,4117
5769.000000,595061,1066.000000,1.626587,166,166,16335,49,57,12160,4118
5774.000000,596260,1066.000000,1.626587,166,166,16360,49,57,12176,4127
5779.000000,597276,1066.000000,1.626587,166,166,16382,49,57,12188,4137
5785.000000,598324,1066.000000,1.626587,166,166,16413,49,57,12207,4149
5790.000000,598656,1066.000000,1.626587,166,166,16434,49,57,12223,4154
5796.000000,599127,1066.000000,1.626587,166,166,16453,49,57,12236,4160
5802.000000,599819,1066.000000,1.626587,166,166,16464,49,57,12242,4165
5807.000000,600544,1066.000000,1.626587,166,166,16474,49,57,12248,4169
5812.000000,601383,1066.000000,1.626587,166,166,16491,49,57,12261,4173
5817.000000,601638,1066.000000,1.626587,166,166,16518,49,57,12287,4174
5822.000000,601916,1066.000000,1.626587,166,166,16545,49,57,12311,4177
5827.000000,602591,1066.000000,1.626587,166,166,16566,49,57,12330,4179
5832.000000,602998,1066.000000,1.626587,166,166,16576,49,57,12335,4184
5837.000000,603226,1066.000000,1.626587,166,166,16595,49,57,12347,4191
5843.000000,603397,1066.000000,1.626587,166,166,16606,49,57,12352,4197
5848.000000,603775,1066.000000,1.626587,166,166,16619,49,57,12363,4199
5853.000000,604165,1066.000000,1.626587,166,166,16644,49,57,12372,4215
5858.000000,604701,1066.000000,1.626587,166,166,16662,49,57,12381,4224
5864.000000,604926,1066.000000,1.626587,166,166,16707,49,57,12425,4225
5869.000000,605143,1066.000000,1.626587,166,166,16724,49,57,12442,4225
5874.000000,605317,1066.000000,1.626587,166,166,16741,49,57,12458,4226
5880.000000,605568,1066.000000,1.626587,166,166,16778,49,57,12493,4228
5885.000000,606210,1066.000000,1.626587,166,166,16808,49,57,12518,4233
5890.000000,606733,1066.000000,1.626587,166,166,16817,49,57,12520,4240
5895.000000,607328,1066.000000,1.626587,166,166,16836,49,57,12538,4241
5900.000000,608150,1066.000000,1.626587,166,166,16853,49,57,12551,4245
5905.000000,609235,1066.000000,1.626587,166,166,16878,49,57,12568,4253
5910.000000,609597,1066.000000,1.626587,166,166,16914,49,58,12596,4260
5915.000000,609925,1066.000000,1.626587,166,166,16954,49,58,12634,4262
5920.000000,610392,1066.000000,1.626587,166,166,16991,49,58,12669,4264
5926.000000,611023,1066.000000,1.626587,166,166,17022,49,58,12693,4271
5932.000000,611348,1066.000000,1.626587,166,166,17043,49,58,12714,4271
5937.000000,612201,1066.000000,1.626587,166,166,17059,49,58,12727,4274
5942.000000,613373,1066.000000,1.626587,166,166,17093,49,58,12751,4284
5947.000000,614444,1066.000000,1.626587,166,166,17103,49,58,12760,4285
5953.000000,614944,1066.000000,1.626587,166,166,17140,49,58,12783,4299
5958.000000,615189,1066.000000,1.626587,166,166,17156,49,58,12797,4301
5963.000000,615361,1066.000000,1.626587,166,166,17174,49,58,12811,4305
5968.000000,615785,1066.000000,1.626587,166,166,17182,49,58,12818,4306
5973.000000,616408,1066.000000,1.626587,166,166,17198,49,58,12830,4310
5978.000000,617172,1066.000000,1.626587,166,166,17222,49,58,12846,4318
5983.000000,618167,1066.000000,1.626587,166,166,17247,49,58,12865,4324
5988.000000,618534,1066.000000,1.626587,166,166,17294,49,58,12905,4331
5994.000000,619172,1066.000000,1.626587,166,166,17310,49,58,12918,4334
6000.000000,619907,1066.000000,1.626587,166,166,17330,49,58,12931,4341
6005.000000,620890,1066.000000,1.626587,166,166,17339,49,58,12935,4346
6010.000000,621886,1066.000000,1.626587,166,166,17368,49,58,12956,4354
6015.000000,623079,1066.000000,1.626587,166,166,17390,49,58,12969,4363
6020.000000,623644,1066.000000,1.626587,166,166,17414,49,58,12985,4371
6026.000000,624343,1066.000000,1.626587,166,166,17430,49,58,12996,4376
6031.000000,624615,1066.000000,1.626587,166,166,17465,49,58,13029,4378
6036.000000,624954,1066.000000,1.626587,166,166,17486,49,58,13047,4381
6041.000000,625602,1066.000000,1.626587,166,166,17500,49,58,13056,4386
6046.000000,626491,1066.000000,1.626587,166,166,17527,49,58,13073,4396
6051.000000,627478,1066.000000,1.626587,166,166,17556,49,58,13095,4403
6056.000000,628536,1066.000000,1.626587,166,166,17575,49,58,13110,4407
6061.000000,629365,1066.000000,1.626587,166,166,17590,49,58,13120,4412
6066.000000,630033,1066.000000,1.626587,166,166,17619,49,58,13138,4423
6071.000000,630709,1066.000000,1.626587,166,166,17626,49,58,13141,4427
6076.000000,631382,1066.000000,1.626587,166,166,17642,49,58,13154,4430
6081.000000,632452,1066.000000,1.626587,166,166,17659,49,58,13168,4433
6087.000000,632970,1066.000000,1.626587,166,166,17675,49,58,13172,4445
6092.000000,633555,1066.000000,1.626587,166,166,17687,49,58,13182,4447
6097.000000,633700,1066.000000,1.626587,166,166,17692,49,58,13185,4449
6102.000000,634165,1066.000000,1.626587,166,166,17704,49,58,13195,4451
6107.000000,634953,1066.000000,1.626587,166,166,17712,49,58,13201,4453
6112.000000,635674,1066.000000,1.626587,166,166,17728,49,58,13210,4460
6117.000000,635844,1066.000000,1.626587,166,166,17740,49,58,13219,4463
6122.000000,636002,1066.000000,1.626587,166,166,17752,49,58,13230,4464
6128.000000,636150,1066.000000,1.626587,166,166,17759,49,59,13236,4464
6133.000000,636285,1066.000000,1.626587,166,166,17760,49,59,13237,4464
6138.000000,636363,1066.000000,1.626587,166,166,17760,49,59,13237,4464
6143.000000,636842,1066.000000,1.626587,166,166,17765,49,59,13241,4465
6148.000000,637055,1066.000000,1.626587,166,166,17772,49,59,13245,4468
6153.000000,637219,1066.000000,1.626587,166,166,17774,49,59,13246,4469
6158.000000,637595,1066.000000,1.626587,166,166,17776,49,59,13247,4470
6163.000000,638072,1066.000000,1.626587,166,166,17779,49,59,13249,4471
6170.000000,638186,1066.000000,1.626587,166,166,17780,49,59,13250,4471
6175.000000,638334,1066.000000,1.626587,166,166,17780,49,59,13250,4471
6180.000000,638746,1066.000000,1.626587,166,166,17785,49,59,13251,4475
6185.000000,638959,1066.000000,1.626587,166,166,17788,49,59,13253,4476
6190.000000,639153,1066.000000,1.626587,166,166,17788,49,59,13253,4476
6196.000000,639387,1066.000000,1.626587,166,166,17792,49,59,13255,4478
6201.000000,639626,1066.000000,1.626587,166,166,17795,49,59,13257,4479
6206.000000,639701,1066.000000,1.626587,166,166,17797,49,59,13259,4479
6211.000000,639874,1066.000000,1.626587,166,166,17799,49,59,13260,4480
6216.000000,640056,1066.000000,1.626587,166,166,17804,49,59,13265,4480
6221.000000,640310,1066.000000,1.626587,166,166,17810,49,59,13268,4483
6226.000000,640477,1066.000000,1.626587,166,166,17813,49,59,13271,4483
6231.000000,640728,1066.000000,1.626587,166,166,17816,49,59,13272,4485
6236.000000,640844,1066.000000,1.626587,166,166,17817,49,59,13273,4485
6241.000000,640920,1066.000000,1.626587,166,166,17817,49,59,13273,4485
6246.000000,641060,1066.000000,1.626587,166,166,17820,49,59,13276,4485
6251.000000,641175,1066.000000,1.626587,166,166,17820,49,59,13276,4485
6256.000000,641290,1066.000000,1.626587,166,166,17820,49,59,13276,4485
6262.000000,642065,1066.000000,1.626587,166,166,17830,49,59,13284,4487
6267.000000,642632,1066.000000,1.626587,166,166,17859,49,60,13308,4491
6272.000000,643364,1066.000000,1.626587,166,166,17872,49,60,13314,4498
6277.000000,644189,1066.000000,1.626587,166,166,17882,49,60,13321,4501
6282.000000,645177,1066.000000,1.626587,166,166,17902,49,60,13335,4507
6288.000000,645780,1066.000000,1.626587,166,166,17921,49,60,13345,4516
6293.000000,646613,1066.000000,1.626587,166,166,17940,49,60,13354,4526
6298.000000,647322,1066.000000,1.626587,166,166,17962,49,60,13369,4533
6303.000000,647997,1066.000000,1.626587,166,166,17979,49,60,13379,4540
6308.000000,648180,1066.000000,1.626587,166,166,17987,49,60,13384,4543
6313.000000,648574,1066.000000,1.626587,166,166,18002,49,60,13392,4550
6318.000000,648803,1066.000000,1.626587,167,167,18009,49,60,13398,4551
6323.000000,649440,1066.000000,1.626587,167,167,18023,49,60,13408,4555
6328.000000,650454,1066.000000,1.626587,167,167,18042,49,60,13419,4563
6333.000000,651177,1066.000000,1.626587,167,167,18058,49,60,13431,4567
6338.000000,652299,1066.000000,1.626587,167,167,18074,49,60,13440,4574
6343.000000,653015,1066.000000,1.626587,167,167,18082,49,60,13445,4577
6348.000000,653958,1066.000000,1.626587,167,167,18104,49,60,13461,4583
6354.000000,654708,1066.000000,1.626587,167,167,18128,49,60,13473,4595
6359.000000,655814,1066.000000,1.626587,167,167,18144,49,60,13483,4601
6364.000000,656911,1066.000000,1.626587,167,167,18170,49,60,13503,4607
6369.000000,657473,1066.000000,1.626587,167,167,18183,49,60,13513,4610
6374.000000,657566,1066.000000,1.626587,167,167,18188,49,60,13516,4612
6379.000000,657785,1066.000000,1.626587,167,167,18197,49,60,13521,4616
6384.000000,658243,1066.000000,1.626587,167,167,18206,49,60,13526,4620
6390.000000,659216,1066.000000,1.626587,167,167,18229,49,61,13539,4629
6395.000000,660100,1066.000000,1.626587,167,167,18250,49,61,13549,4640
6400.000000,661132,1066.000000,1.626587,167,167,18265,49,61,13559,4645
6405.000000,661988,1066.000000,1.626587,167,167,18287,49,61,13575,4651
6410.000000,662109,1066.000000,1.626587,167,167,18306,49,61,13594,4651
6415.000000,662296,1066.000000,1.626587,167,167,18336,49,61,13621,4654
6420.000000,662517,1066.000000,1.626587,167,167,18353,49,61,13634,4658
6425.000000,663141,1066.000000,1.626587,167,167,18390,49,61,13670,4659
6430.000000,664069,1066.000000,1.626587,167,167,18411,49,61,13684,4666
6436.000000,664279,1066.000000,1.626587,167,167,18449,49,61,13719,4669
6442.000000,664556,1066.000000,1.626587,167,167,18497,49,61,13766,4670
6447.000000,665158,1066.000000,1.626587,167,167,18522,49,61,13789,4672
6453.000000,665451,1066.000000,1.626587,167,167,18553,49,61,13816,4676
6458.000000,666838,1066.000000,1.626587,167,167,18574,49,61,13834,4679
6463.000000,668235,1066.000000,1.626587,167,167,18595,49,61,13850,4684
6468.000000,668940,1066.000000,1.626587,167,167,18606,49,61,13856,4689
6473.000000,669283,1066.000000,1.626587,167,167,18620,49,61,13867,4692
6478.000000,669898,1066.000000,1.626587,167,167,18636,49,61,13880,4695
6483.000000,670537,1066.000000,1.626587,167,167,18645,49,61,13886,4698
6489.000000,671536,1066.000000,1.626587,167,167,18666,49,61,13898,4707
6494.000000,672637,1066.000000,1.626587,167,167,18696,49,61,13916,4719
6499.000000,673828,1066.000000,1.626587,167,167,18719,49,61,13925,4733
6504.000000,674532,1066.000000,1.626587,167,167,18752,49,61,13955,4736
6510.000000,675361,1066.000000,1.626587,167,167,18770,49,61,13963,4746
6515.000000,676684,1066.000000,1.626587,167,167,18785,49,61,13973,4751
6520.000000,677966,1066.000000,1.626587,167,167,18808,49,61,13992,4755
6525.000000,679010,1066.000000,1.626587,167,167,18829,49,61,14006,4762
6531.000000,679713,1066.000000,1.626587,167,167,18842,49,61,14016,4765
6536.000000,680781,1066.000000,1.626587,167,167,18859,49,61,14025,4773
6541.000000,681262,1066.000000,1.626587,167,167,18881,49,61,14040,4780
6546.000000,681615,1066.000000,1.626587,167,167,18887,49,61,14045,4781
6551.000000,682571,1066.000000,1.626587,167,167,18906,49,61,14059,4786
6556.000000,683869,1066.000000,1.626587,167,167,18926,49,61,14072,4793
6561.000000,684695,1066.000000,1.626587,167,167,18947,49,61,14089,4797
6566.000000,685453,1066.000000,1.626587,167,167,18963,49,61,14100,4802
6571.000000,686821,1066.000000,1.626587,167,167,18977,49,61,14111,4805
6578.000000,688083,1066.000000,1.626587,167,167,19010,49,61,14133,4816
6583.000000,689255,1066.000000,1.626587,167,167,19026,49,62,14143,4821
6588.000000,690743,1066.000000,1.626587,167,167,19052,49,62,14163,4827
6593.000000,691629,1066.000000,1.626587,167,167,19069,49,62,14176,4831
6598.000000,692179,1066.000000,1.626587,167,167,19082,49,63,14185,4834
6604.000000,693239,1066.000000,1.626587,167,167,19094,49,63,14189,4842
6609.000000,694397,1066.000000,1.626587,167,167,19126,49,63,14215,4848
6614.000000,694877,1066.000000,1.626587,167,167,19141,49,63,14221,4857
6619.000000,695593,1066.000000,1.626587,167,167,19164,49,63,14238,4863
6624.000000,696088,1066.000000,1.626587,167,167,19205,49,63,14276,4866
6629.000000,697051,1066.000000,1.626587,167,167,19220,49,63,14284,4873
6634.000000,697774,1066.000000,1.626587,167,167,19242,49,63,14298,4881
6639.000000,698375,1066.000000,1.626587,167,167,19264,49,63,14313,4888
6646.000000,699274,1066.000000,1.626587,167,167,19296,49,63,14333,4900
6651.000000,699701,1066.000000,1.626587,167,167,19320,49,63,14354,4903
6656.000000,700642,1066.000000,1.626587,167,167,19341,49,63,14370,4908
6662.000000,701874,1066.000000,1.626587,167,167,19356,49,64,14381,4911
6667.000000,703030,1066.000000,1.626587,167,167,19374,49,65,14391,4918
6672.000000,703861,1066.000000,1.626587,167,167,19388,49,66,14399,4923
6677.000000,704216,1066.000000,1.626587,167,167,19394,49,66,14400,4928
6682.000000,704546,1066.000000,1.626587,167,167,19395,49,66,14400,4929
6687.000000,705621,1066.000000,1.626587,167,167,19413,49,66,14412,4935
6692.000000,706582,1066.000000,1.626587,167,167,19421,49,66,14417,4938
6698.000000,707429,1066.000000,1.626587,167,167,19442,49,67,14428,4947
6703.000000,708262,1066.000000,1.626587,167,167,19463,49,67,14444,4952
6708.000000,709639,1066.000000,1.626587,167,167,19492,49,67,14462,4963
6714.000000,710563,1066.000000,1.626587,167,167,19512,49,67,14476,4969
6719.000000,711455,1066.000000,1.626587,167,167,19529,49,67,14487,4975
6724.000000,712362,1066.000000,1.626587,167,167,19548,49,67,14502,4979
6729.000000,712782,1066.000000,1.626587,167,167,19579,49,67,14526,4986
6735.000000,713708,1066.000000,1.626587,167,167,19607,49,67,14548,4992
6740.000000,714565,1066.000000,1.626587,167,167,19620,49,67,14554,4999
6745.000000,714705,1066.000000,1.626587,167,167,19630,49,67,14563,5000
6750.000000,714845,1066.000000,1.626587,167,167,19640,49,67,14571,5002
6755.000000,715544,1066.000000,1.626587,167,167,19660,49,67,14584,5009
6760.000000,716433,1066.000000,1.626587,167,167,19678,49,67,14597,5014
6765.000000,717790,1066.000000,1.626587,167,167,19702,49,67,14618,5017
6770.000000,718848,1066.000000,1.626587,167,167,19722,49,67,14632,5023
6775.000000,720072,1066.000000,1.626587,167,167,19739,49,67,14641,5031
6782.000000,720936,1066.000000,1.626587,167,167,19759,49,67,14657,5035
6787.000000,721724,1066.000000,1.626587,167,167,19775,49,67,14669,5039
6792.000000,722241,1066.000000,1.626587,167,167,19793,49,67,14679,5047
6797.000000,722596,1066.000000,1.626587,167,167,19832,49,67,14715,5050
6802.000000,723177,1066.000000,1.626587,167,167,19868,49,67,14747,5054
6807.000000,724506,1066.000000,1.626587,167,167,19894,49,67,14763,5064
6813.000000,725533,1066.000000,1.626587,167,167,19912,49,67,14776,5069
6818.000000,726415,1066.000000,1.626587,167,167,19925,49,67,14786,5072
6823.000000,727404,1066.000000,1.626587,167,167,19954,49,67,14812,5075
6828.000000,727676,1066.000000,1.626587,167,167,19972,49,67,14829,5076
6833.000000,727837,1066.000000,1.626587,167,167,19978,49,67,14833,5078
6838.000000,728378,1066.000000,1.626587,167,167,19999,49,67,14846,5086
6843.000000,728586,1066.000000,1.626587,167,167,20015,49,67,14850,5098
6850.000000,728909,1066.000000,1.626587,167,167,20031,49,67,14863,5101
6855.000000,730185,1066.000000,1.626587,167,167,20052,49,67,14878,5107
6860.000000,731550,1066.000000,1.626587,167,167,20074,49,67,14890,5117
6865.000000,732493,1066.000000,1.626587,167,167,20098,49,68,14904,5126
6871.000000,732659,1066.000000,1.626587,167,167,20114,49,68,14912,5134
6876.000000,732889,1066.000000,1.626587,167,167,20127,49,68,14925,5134
6881.000000,733137,1066.000000,1.626587,167,167,20137,49,68,14934,5135
6886.000000,733633,1066.000000,1.626587,167,167,20147,49,68,14937,5142
6891.000000,734312,1066.000000,1.626587,167,167,20165,49,68,14949,5148
6896.000000,735082,1066.000000,1.626587,167,167,20176,49,68,14958,5150
6901.000000,736394,1066.000000,1.626587,167,167,20198,49,68,14974,5156
6906.000000,737347,1066.000000,1.626587,167,167,20213,49,68,14985,5160
6911.000000,737852,1066.000000,1.626587,167,167,20228,49,68,14994,5166
6918.000000,738893,1066.000000,1.626587,167,167,20254,49,70,15008,5176
6923.000000,740049,1066.000000,1.626587,167,167,20271,49,70,15017,5184
6928.000000,740891,1066.000000,1.626587,167,167,20295,49,70,15032,5193
6933.000000,742059,1066.000000,1.626587,167,167,20320,49,70,15051,5199
6939.000000,743356,1066.000000,1.626587,167,167,20345,49,71,15068,5206
6944.000000,744098,1066.000000,1.626587,167,167,20366,49,71,15085,5210
6949.000000,745145,1066.000000,1.626587,167,167,20380,49,71,15095,5214
6954.000000,745907,1066.000000,1.626587,167,167,20392,49,71,15104,5217
6959.000000,746796,1066.000000,1.626587,167,167,20412,49,71,15120,5221
6964.000000,747589,1066.000000,1.626587,167,167,20435,49,71,15140,5224
6969.000000,748862,1066.000000,1.626587,167,167,20458,49,71,15153,5234
6974.000000,749803,1066.000000,1.626587,167,167,20483,49,71,15170,5242
6979.000000,750700,1066.000000,1.626587,167,167,20514,49,71,15190,5253
6986.000000,751754,1066.000000,1.626587,167,167,20533,49,71,15205,5257
6991.000000,753029,1066.000000,1.626587,167,167,20556,49,71,15219,5266
6996.000000,753410,1066.000000,1.626587,167,167,20575,49,71,15231,5273
7001.000000,754352,1066.000000,1.626587,167,167,20592,49,71,15242,5279
7007.000000,755309,1066.000000,1.626587,167,167,20614,49,71,15260,5283
7012.000000,756343,1066.000000,1.626587,167,167,20634,49,71,15271,5292
7017.000000,757606,1066.000000,1.626587,167,167,20653,49,71,15284,5298
7022.000000,758221,1066.000000,1.626587,167,167,20665,49,72,15292,5301
7027.000000,759206,1066.000000,1.626587,167,167,20677,49,72,15300,5305
7032.000000,760348,1066.000000,1.626587,167,167,20696,49,72,15316,5308
7037.000000,761420,1066.000000,1.626587,167,167,20723,49,72,15338,5313
7042.000000,762685,1066.000000,1.626587,167,167,20758,49,72,15365,5321
7048.000000,763148,1066.000000,1.626587,167,167,20791,49,72,15394,5325
7054.000000,763345,1066.000000,1.626587,167,167,20826,49,72,15426,5328
7059.000000,763539,1066.000000,1.626587,167,167,20843,49,72,15442,5329
7064.000000,763772,1066.000000,1.626587,167,167,20860,49,72,15458,5330
7069.000000,765065,1066.000000,1.626587,167,167,20888,49,72,15485,5331
7075.000000,765877,1066.000000,1.626587,167,167,20920,49,72,15506,5342
7080.000000,766583,1066.000000,1.626587,167,167,20936,49,72,15519,5345
7085.000000,767103,1066.000000,1.626587,167,167,20947,49,72,15528,5347
7090.000000,767650,1066.000000,1.626587,167,167,20949,49,72,15529,5348
7095.000000,768613,1066.000000,1.626587,167,167,20968,49,72,15542,5354
7100.000000,770102,1066.000000,1.626587,167,167,20996,49,72,15556,5368
7105.000000,771006,1066.000000,1.626587,167,167,21023,49,72,15575,5376
7110.000000,771886,1066.000000,1.626587,167,167,21065,49,72,15609,5384
7115.000000,773348,1066.000000,1.626587,167,167,21089,49,72,15627,5390
7122.000000,773838,1066.000000,1.626587,167,167,21114,49,72,15646,5396
7127.000000,774521,1066.000000,1.626587,167,167,21137,49,72,15664,5401
7132.000000,775815,1066.000000,1.626587,167,167,21166,49,72,15680,5414
7137.000000,776538,1066.000000,1.626587,167,167,21203,49,72,15710,5421
7142.000000,777045,1066.000000,1.626587,167,167,21219,49,72,15721,5426
7147.000000,778000,1066.000000,1.626587,167,167,21232,49,72,15727,5433
7152.000000,779043,1066.000000,1.626587,167,167,21241,49,72,15734,5435
7157.000000,779695,1066.000000,1.626587,167,167,21246,49,72,15738,5436
7162.000000,780812,1066.000000,1.626587,167,167,21261,49,72,15747,5442
7168.000000,782070,1066.000000,1.626587,167,167,21301,49,72,15776,5453
7173.000000,782927,1066.000000,1.626587,167,167,21337,49,72,15802,5463
7178.000000,783218,1066.000000,1.626587,168,168,21394,49,72,15855,5467
7183.000000,783495,1066.000000,1.626587,168,168,21475,49,72,15931,5472
7190.000000,784674,1066.000000,1.626587,168,168,21540,49,72,15982,5486
7195.000000,784912,1066.000000,1.626587,168,168,21551,49,72,15991,5488
7200.000000,785610,1066.000000,1.626587,168,168,21598,49,72,16023,5503
7205.000000,786661,1066.000000,1.626587,168,168,21632,49,72,16044,5516
7210.000000,787141,1066.000000,1.626587,168,168,21703,49,72,16112,5519
7215.000000,788304,1066.000000,1.626587,168,168,21768,49,73,16167,5528
7220.000000,789776,1066.000000,1.626587,168,168,21797,49,73,16189,5535
7225.000000,790087,1066.000000,1.626587,168,168,21820,49,73,16203,5544
7230.000000,791623,1066.000000,1.626587,168,168,21841,49,73,16221,5547
7235.000000,793075,1066.000000,1.626587,168,168,21877,49,73,16245,5559
7241.000000,794339,1066.000000,1.626587,168,168,21907,49,73,16262,5572
7246.000000,795943,1066.000000,1.626587,168,168,21944,49,73,16284,5587
7251.000000,796434,1066.000000,1.626587,168,168,21997,49,73,16336,5588
7256.000000,797615,1066.000000,1.626587,168,168,22028,49,73,16357,5598
7261.000000,798404,1066.000000,1.626587,168,168,22048,49,74,16369,5605
7266.000000,799572,1066.000000,1.626587,168,168,22074,49,74,16387,5613
7271.000000,800531,1066.000000,1.626587,168,168,22105,49,75,16404,5626
7276.000000,801774,1066.000000,1.626587,168,168,22133,49,76,16426,5631
7281.000000,803463,1066.000000,1.626587,168,168,22159,49,76,16439,5644
7287.000000,805187,1066.000000,1.626587,168,168,22215,49,76,16470,5669
7292.000000,806256,1066.000000,1.626587,168,168,22250,49,76,16496,5678
7297.000000,808118,1066.000000,1.626587,168,168,22270,49,76,16509,5685
7302.000000,809593,1066.000000,1.626587,168,168,22295,49,76,16527,5692
7307.000000,810965,1066.000000,1.626587,168,168,22335,49,76,16556,5703
7313.000000,812548,1066.000000,1.626587,168,168,22380,49,77,16592,5711
7318.000000,813740,1066.000000,1.626587,168,168,22425,49,77,16632,5716
7323.000000,815015,1066.000000,1.626587,168,168,22459,49,77,16658,5724
7328.000000,815845,1066.000000,1.626587,168,168,22478,49,77,16669,5732
7333.000000,816880,1066.000000,1.626587,168,168,22510,49,77,16690,5743
7338.000000,817896,1066.000000,1.626587,168,168,22551,49,77,16706,5768
7343.000000,818510,1066.000000,1.626587,168,168,22615,49,79,16763,5773
7348.000000,819935,1066.000000,1.626587,168,168,22651,49,79,16789,5783
7353.000000,820364,1066.000000,1.626587,168,168,22677,49,79,16807,5791
7358.000000,820929,1066.000000,1.626587,168,168,22711,49,79,16831,5801
7364.000000,821596,1066.000000,1.626587,168,168,22731,49,79,16844,5808
7369.000000,823035,1066.000000,1.626587,168,168,22762,49,79,16862,5821
7374.000000,824167,1066.000000,1.626587,168,168,22787,49,80,16880,5827
7379.000000,825266,1066.000000,1.626587,168,168,22827,49,80,16914,5833
7384.000000,826616,1066.000000,1.626587,168,168,22854,49,81,16938,5835
7389.000000,827622,1066.000000,1.626587,168,168,22894,49,81,16969,5844
7394.000000,827771,1066.000000,1.626587,168,168,22944,49,81,17014,5849
7399.000000,828007,1066.000000,1.626587,168,168,22964,49,81,17033,5850
7405.000000,828327,1066.000000,1.626587,168,168,23014,49,81,17082,5851
7410.000000,829384,1066.000000,1.626587,168,168,23056,49,81,17118,5857
7415.000000,829870,1066.000000,1.626587,168,168,23137,49,81,17195,5861
7420.000000,831251,1066.000000,1.626587,168,168,23185,49,81,17236,5868
7425.000000,833173,1066.000000,1.626587,168,168,23223,49,81,17261,5881
7430.000000,834171,1066.000000,1.626587,168,168,23250,49,81,17282,5887
7435.000000,835348,1066.000000,1.626587,168,168,23293,49,81,17307,5905
7440.000000,836697,1066.000000,1.626587,168,168,23323,49,81,17324,5918
7446.000000,838139,1066.000000,1.626587,168,168,23354,49,81,17345,5928
7451.000000,839328,1066.000000,1.626587,168,168,23392,49,81,17376,5935
7456.000000,840249,1066.000000,1.626587,168,168,23441,49,81,17418,5942
7462.000000,840912,1066.000000,1.626587,168,168,23506,49,81,17471,5954
7468.000000,841797,1066.000000,1.626587,168,168,23525,49,81,17484,5960
7473.000000,841906,1066.000000,1.626587,168,168,23525,49,81,17484,5960
7478.000000,842107,1066.000000,1.626587,168,168,23525,49,81,17484,5960
7483.000000,843093,1066.000000,1.626587,168,168,23533,49,81,17489,5963
7488.000000,844105,1066.000000,1.626587,168,168,23554,49,81,17502,5971
7493.000000,845233,1066.000000,1.626587,168,168,23582,49,81,17519,5982
7498.000000,845678,1066.000000,1.626587,168,168,23613,49,82,17534,5997
7503.000000,846924,1066.000000,1.626587,168,168,23655,49,82,17562,6011
7509.000000,848472,1066.000000,1.626587,168,168,23695,49,82,17588,6025
7514.000000,850149,1066.000000,1.626587,168,168,23728,49,82,17609,6037
7519.000000,851041,1066.000000,1.626587,168,168,23767,49,82,17637,6048
7524.000000,851854,1066.000000,1.626587,168,168,23801,49,82,17664,6055
7530.000000,853169,1066.000000,1.626587,168,168,23839,49,82,17687,6070
7536.000000,854211,1066.000000,1.626587,168,168,23858,49,82,17699,6077
7541.000000,855485,1066.000000,1.626587,168,168,23883,49,82,17717,6084
7546.000000,857019,1066.000000,1.626587,168,168,23928,49,82,17752,6094
7551.000000,858076,1066.000000,1.626587,168,168,23960,49,82,17768,6110
7556.000000,859523,1066.000000,1.626587,168,168,23992,49,82,17794,6116
7561.000000,860919,1066.000000,1.626587,168,168,24023,49,82,17816,6125
7562.000000,860962,1066.000000,1.626587,168,168,24031,49,82,17819,6130
