0,1,9,19,8,7,14,10,11,16,18,28,13,33,15,31,12,35,22,37,27,30,36,38,20,21,32,17,23,2,26,25,3,6,24,34,5,29,4|-1,-1,1,1,1,1,1,1,1,1,1,-1,1,-1,1,-1,1,-1,-1,-1,-1,-1,-1,-1,-1,-1,-1,1,-1,-1,-1,-1,1,1,-1,-1,1,-1,1|./seeds/seed_004.txt
0,1,9,8,19,7,10,14,11,28,31,33,16,30,18,22,35,13,15,37,27,21,38,32,12,20,23,2,36,26,17,25,24,3,34,6,29,5,4|-1,-1,1,1,1,1,1,1,1,-1,-1,-1,1,-1,1,-1,-1,1,1,-1,-1,-1,-1,-1,1,-1,-1,-1,-1,-1,1,-1,-1,1,-1,1,-1,1,1|./seeds/seed_003.txt
5,6,19,11,14,13,17,15,16,12,18,4,7,3,9,25,29,8,1,0,26,34,24,38,20,35,10,30,23,28,22,31,37,32,36,21,27,33,2|-1,-1,-1,-1,-1,-1,-1,-1,-1,-1,-1,-1,-1,-1,-1,-1,-1,-1,1,1,-1,-1,-1,-1,-1,-1,-1,-1,-1,-1,-1,-1,-1,-1,-1,-1,-1,-1,-1|./seeds/seed_007.txt
5,6,19,17,11,15,14,13,16,12,4,18,3,7,9,25,1,0,34,29,8,26,24,38,20,10,35,23,30,22,37,32,28,31,36,21,27,33,2|-1,-1,-1,-1,-1,-1,-1,-1,-1,-1,-1,-1,-1,-1,-1,-1,1,1,-1,-1,-1,-1,-1,-1,-1,-1,-1,-1,-1,-1,-1,-1,-1,-1,-1,-1,-1,-1,-1|./seeds/seed_004.txt
5,2,4,6,3,33,21,38,31,32,20,35,9,27,30,36,28,22,37,23,26,25,8,24,0,34,7,1,29,10,17,15,16,13,12,14,18,19,11|1,1,1,1,1,-1,-1,-1,-1,-1,-1,-1,1,-1,-1,-1,-1,-1,-1,-1,-1,-1,1,-1,1,-1,1,1,-1,1,-1,-1,-1,-1,-1,1,-1,1,-1|./seeds/seed_004.txt
21,38,31,20,35,28,33,37,32,27,30,22,36,23,26,25,5,4,9,24,6,34,29,2,3,8,17,7,15,12,16,13,0,1,14,18,19,10,11|-1,-1,-1,-1,-1,-1,-1,-1,-1,-1,-1,-1,-1,-1,-1,-1,1,1,1,-1,1,-1,-1,1,1,1,-1,1,-1,-1,-1,-1,1,1,1,-1,1,1,-1|./seeds/seed_005.txt
1,0,4,2,6,5,23,32,33,30,3,28,21,9,27,31,36,22,35,20,38,37,7,8,14,10,19,17,13,16,15,29,12,25,18,26,34,24,11|1,1,1,1,1,1,-1,-1,-1,-1,1,-1,-1,1,-1,-1,-1,-1,-1,-1,-1,-1,1,1,1,1,1,-1,-1,-1,-1,-1,-1,-1,-1,-1,-1,-1,-1|./seeds/seed_007.txt
4,6,9,5,28,21,23,27,32,33,30,31,22,20,36,35,38,37,7,19,1,0,14,3,2,8,10,17,25,26,15,29,13,18,34,12,24,16,11|1,1,1,1,-1,-1,-1,-1,-1,-1,-1,-1,-1,-1,-1,-1,-1,-1,1,1,1,1,1,1,1,1,1,-1,-1,-1,-1,-1,-1,-1,-1,-1,-1,-1,-1|./seeds/seed_005.txt
19,14,7,9,11,2,0,27,1,18,28,21,23,20,16,33,30,13,15,12,31,22,37,17,32,36,29,24,35,34,25,38,6,8,10,4,26,5,3|1,1,1,1,1,-1,-1,-1,-1,1,-1,-1,-1,-1,1,-1,-1,1,1,1,-1,-1,-1,1,-1,-1,1,1,-1,1,1,-1,1,1,1,1,1,-1,-1|./seeds/seed_006.txt
19,14,7,2,9,11,0,18,1,15,16,13,12,17,8,10,27,28,30,29,23,31,25,24,20,21,34,33,22,37,32,36,26,38,5,6,35,4,3|1,1,1,-1,1,1,-1,1,-1,1,1,1,1,1,1,1,-1,-1,-1,1,-1,-1,1,1,-1,-1,1,-1,-1,-1,-1,-1,1,-1,-1,1,-1,1,1|./seeds/seed_007.txt
12,11,15,17,14,18,19,16,25,13,1,0,24,29,34,26,36,28,3,38,21,4,37,35,31,23,20,32,22,30,27,33,6,2,7,5,10,8,9|1,1,1,1,1,1,1,1,1,1,1,1,1,1,1,1,1,1,1,1,1,1,1,1,1,1,1,1,1,1,1,1,1,-1,1,1,1,1,1|./seeds/seed_007.txt
15,17,11,18,12,16,1,19,0,14,25,13,24,29,34,36,26,38,3,28,4,31,21,37,20,35,22,32,23,30,27,33,5,6,2,7,9,10,8|1,1,1,1,1,1,1,1,1,1,1,1,1,1,1,1,1,1,1,1,1,1,1,1,1,1,1,1,1,1,1,1,1,1,-1,1,-1,1,-1|./seeds/seed_004.txt
6,5,4,3,9,7,8,10,19,14,16,1,0,11,17,18,15,12,2,13,24,26,34,25,29,38,22,37,36,31,35,27,28,23,20,21,30,33,32|1,1,1,1,1,1,1,1,1,1,1,1,1,1,1,1,1,1,1,1,1,1,1,1,1,1,1,1,1,1,1,1,1,1,1,1,1,1,1|./seeds/seed_007.txt
6,5,4,3,9,7,8,10,19,14,0,1,16,11,17,18,15,2,12,13,24,34,26,25,29,38,22,37,31,36,28,23,27,35,20,21,30,32,33|1,1,1,1,1,1,1,1,1,1,1,1,1,1,1,1,1,1,1,1,1,1,1,1,1,1,1,1,1,1,1,1,1,1,1,1,1,-1,-1|./seeds/seed_004.txt
5,6,17,4,16,15,11,19,18,14,12,13,3,7,1,0,9,24,8,29,34,26,25,10,38,20,23,35,36,28,32,37,21,30,31,33,27,22,2|1,1,1,1,1,1,1,1,1,1,1,1,1,1,-1,-1,1,1,1,1,1,1,1,1,1,1,1,1,1,1,1,1,1,1,1,1,1,1,1|./seeds/seed_002.txt
15,18,17,6,5,11,12,16,13,14,34,29,19,25,24,26,4,7,3,35,38,36,28,23,8,30,20,37,32,33,27,21,22,31,9,10,2,0,1|1,1,1,1,1,1,1,1,1,1,1,1,1,1,1,1,1,1,1,1,1,1,1,1,1,1,1,1,1,1,1,1,1,1,1,1,1,1,1|./seeds/seed_000.txt
19,14,7,2,9,11,0,18,1,15,16,13,12,17,8,10,27,28,30,29,23,31,25,24,20,21,34,33,22,37,32,36,26,38,5,6,35,4,3|1,1,1,-1,1,1,-1,1,-1,1,1,1,1,1,1,1,-1,-1,-1,1,-1,-1,1,1,-1,-1,1,-1,-1,-1,-1,-1,1,-1,-1,1,-1,1,1|./seeds/seed_007.txt
19,14,9,7,27,28,20,21,23,31,30,37,33,6,22,32,36,35,4,38,2,8,0,11,1,18,10,29,34,25,12,13,24,16,15,26,17,3,5|1,1,1,1,-1,-1,-1,-1,-1,-1,-1,-1,-1,1,-1,-1,-1,-1,1,-1,-1,1,-1,1,-1,1,1,1,1,1,1,1,1,1,1,1,1,1,1|./seeds/seed_005.txt
5,6,4,3,2,0,7,8,1,19,9,14,10,11,18,16,12,15,17,13,25,34,26,24,29,38,27,37,36,35,30,28,21,22,20,31,32,33,23|1,1,1,1,1,1,1,1,1,1,1,1,1,1,1,1,1,1,1,1,1,1,1,1,1,1,1,1,1,1,1,1,1,1,1,1,1,1,1|./seeds/seed_005.txt
0,1,2,5,4,6,3,9,8,7,10,14,19,11,18,12,16,15,34,13,17,25,26,24,23,29,32,20,28,33,21,22,35,31,27,36,30,37,38|1,1,1,1,1,1,1,1,1,1,1,1,1,1,1,1,1,1,1,1,1,1,1,1,-1,1,-1,-1,-1,-1,-1,-1,-1,-1,-1,-1,-1,-1,-1|./seeds/seed_002.txt
14,19,4,21,28,27,30,23,20,36,6,22,32,33,31,9,37,7,35,38,24,25,26,34,29,2,11,3,1,0,5,10,18,15,8,12,16,13,17|1,1,1,-1,-1,-1,-1,-1,-1,-1,1,-1,-1,-1,-1,1,-1,1,-1,-1,1,1,1,1,1,-1,1,1,1,1,1,-1,1,1,1,1,1,1,-1|./seeds/seed_005.txt
14,19,4,27,21,28,30,33,20,23,32,22,31,36,37,1,6,35,11,9,24,0,26,25,38,7,3,34,18,29,15,12,13,2,16,17,10,8,5|1,1,1,-1,-1,-1,-1,-1,-1,-1,-1,-1,-1,-1,-1,1,1,-1,1,1,1,1,1,1,-1,1,1,1,1,1,1,1,1,-1,1,1,-1,-1,1|./seeds/seed_001.txt
0,1,2,32,31,21,23,27,33,36,20,38,35,28,5,4,22,30,37,25,6,3,26,9,24,29,34,8,17,15,13,16,7,12,10,18,11,14,19|1,1,1,-1,-1,-1,-1,-1,-1,-1,-1,-1,-1,-1,1,1,-1,-1,-1,-1,1,1,-1,1,-1,-1,-1,1,-1,-1,-1,-1,1,-1,1,-1,-1,1,-1|./seeds/seed_004.txt
31,36,21,38,35,23,33,27,28,32,20,37,30,22,25,5,4,26,9,24,6,29,1,34,0,2,3,17,8,15,7,13,12,16,18,14,11,10,19|-1,-1,-1,-1,-1,-1,-1,-1,-1,-1,-1,-1,-1,-1,-1,1,1,-1,1,-1,1,-1,1,-1,1,1,1,-1,1,-1,1,-1,-1,-1,-1,1,-1,1,1|./seeds/seed_000.txt
0,1,2,12,14,25,29,16,11,5,34,26,18,24,19,15,17,13,4,38,6,22,31,35,20,36,21,32,28,33,37,30,27,10,8,23,3,9,7|-1,-1,-1,-1,-1,-1,-1,-1,-1,-1,-1,-1,-1,-1,-1,-1,-1,-1,-1,-1,-1,-1,-1,-1,-1,-1,-1,-1,-1,-1,-1,-1,-1,1,1,-1,-1,1,1|./seeds/seed_004.txt
0,1,2,5,6,4,14,25,12,19,29,11,16,26,34,18,24,17,13,15,38,22,31,35,36,30,32,28,20,21,3,37,33,27,7,23,9,10,8|-1,-1,-1,-1,-1,-1,-1,-1,-1,-1,-1,-1,-1,-1,-1,-1,-1,-1,-1,-1,-1,-1,-1,-1,-1,-1,-1,-1,-1,-1,-1,-1,-1,-1,-1,-1,-1,1,-1|./seeds/seed_001.txt
21,38,31,20,35,28,33,37,32,27,30,22,36,23,26,25,5,4,9,24,6,34,29,2,3,8,17,7,15,12,16,13,0,1,14,18,19,10,11|-1,-1,-1,-1,-1,-1,-1,-1,-1,-1,-1,-1,-1,-1,-1,-1,1,1,1,-1,1,-1,-1,1,1,1,-1,1,-1,-1,-1,-1,1,1,1,-1,1,1,-1|./seeds/seed_005.txt
5,2,4,6,3,21,31,9,33,38,32,36,35,28,27,20,37,30,22,23,25,26,8,0,1,7,24,34,29,10,17,15,16,13,14,12,19,18,11|1,1,1,1,1,-1,-1,1,-1,-1,-1,-1,-1,-1,-1,-1,-1,-1,-1,-1,-1,-1,1,1,1,1,-1,-1,-1,1,-1,-1,-1,-1,1,-1,1,-1,-1|./seeds/seed_003.txt
7,8,9,6,10,14,18,11,19,16,15,12,17,13,5,3,4,29,25,24,34,26,38,35,2,20,32,36,37,30,27,28,31,21,22,23,33,1,0|1,1,1,1,1,1,1,1,1,1,1,1,1,1,1,1,1,1,1,1,1,1,1,1,1,1,1,1,1,1,1,1,1,1,1,1,1,-1,-1|./seeds/seed_000.txt
7,8,9,6,14,10,18,11,19,16,15,5,12,17,13,4,3,25,29,24,26,34,38,2,35,20,37,32,30,36,28,31,22,21,33,27,23,1,0|1,1,1,1,1,1,1,1,1,1,1,1,1,1,1,1,1,1,1,1,1,1,1,1,1,1,1,1,1,1,1,1,1,1,1,1,1,-1,-1|./seeds/seed_005.txt
0,1,2,32,31,21,23,27,33,36,20,38,35,28,5,4,22,30,37,25,6,3,26,9,24,29,34,8,17,15,13,16,7,12,10,18,11,14,19|1,1,1,-1,-1,-1,-1,-1,-1,-1,-1,-1,-1,-1,1,1,-1,-1,-1,-1,1,1,-1,1,-1,-1,-1,1,-1,-1,-1,-1,1,-1,1,-1,-1,1,-1|./seeds/seed_004.txt
0,1,2,5,4,32,21,6,23,31,33,38,35,27,36,28,20,3,30,22,37,25,9,26,24,34,29,8,7,17,10,15,13,16,12,14,18,11,19|1,1,1,1,1,-1,-1,1,-1,-1,-1,-1,-1,-1,-1,-1,-1,1,-1,-1,-1,-1,1,-1,-1,-1,-1,1,1,-1,1,-1,-1,-1,-1,1,-1,-1,1|./seeds/seed_002.txt
5,6,4,3,2,9,8,7,10,1,0,19,14,16,11,12,17,18,15,13,24,34,25,26,29,33,32,21,27,31,38,30,22,23,37,20,36,28,35|1,1,1,1,1,1,1,1,1,1,1,1,1,1,1,1,1,1,1,1,1,1,1,1,1,-1,-1,-1,-1,-1,1,-1,1,-1,1,-1,1,-1,1|./seeds/seed_003.txt
5,4,6,2,3,9,8,7,10,14,19,1,0,16,12,11,17,18,15,13,24,25,29,34,26,33,38,22,27,37,32,31,36,21,35,23,30,28,20|1,1,1,1,1,1,1,1,1,1,1,1,1,1,1,1,1,1,1,1,1,1,1,1,1,-1,1,1,-1,1,-1,-1,1,-1,1,-1,-1,1,-1|./seeds/seed_002.txt
5,6,19,13,14,17,16,11,4,15,12,18,3,0,9,1,7,25,34,8,26,29,24,38,20,10,35,23,37,22,30,28,36,32,27,31,33,21,2|-1,-1,-1,-1,-1,-1,-1,-1,-1,-1,-1,-1,-1,1,-1,1,-1,-1,-1,-1,-1,-1,-1,-1,-1,-1,-1,-1,-1,-1,-1,-1,-1,-1,-1,-1,-1,-1,1|./seeds/seed_003.txt
5,6,19,17,13,11,4,16,14,15,12,18,3,1,0,9,7,25,8,29,34,24,26,38,10,20,23,35,30,28,37,22,36,32,31,27,21,33,2|-1,-1,-1,-1,-1,-1,-1,-1,-1,-1,-1,-1,-1,1,1,-1,-1,-1,-1,-1,-1,-1,-1,-1,-1,-1,-1,-1,-1,-1,-1,-1,-1,-1,-1,-1,-1,-1,-1|./seeds/seed_002.txt
7,9,8,10,6,1,14,19,0,11,16,15,18,5,17,13,12,4,3,25,29,24,34,26,38,35,32,20,37,30,36,23,28,27,33,21,22,31,2|1,1,1,1,1,-1,1,1,-1,1,1,1,1,1,1,1,1,1,1,1,1,1,1,1,1,1,1,1,1,1,1,1,1,1,1,1,1,1,-1|./seeds/seed_004.txt
7,9,8,1,10,0,6,19,14,11,16,5,15,13,17,18,12,4,3,25,29,24,34,26,38,35,32,20,36,37,30,23,28,27,22,33,21,31,2|1,1,1,-1,1,-1,1,1,1,1,1,1,1,1,1,1,1,1,1,1,1,1,1,1,1,1,1,1,1,1,1,1,1,1,1,1,1,1,-1|./seeds/seed_002.txt
6,5,11,17,18,15,16,19,14,12,4,13,7,3,29,9,24,34,26,8,25,1,0,35,10,38,23,36,20,28,30,32,21,37,33,31,27,22,2|1,1,1,1,1,1,1,1,1,1,1,1,1,1,1,1,1,1,1,1,1,-1,-1,1,1,1,1,1,1,1,1,1,1,1,1,1,1,1,1|./seeds/seed_007.txt
5,6,17,4,16,15,11,19,18,14,12,13,3,7,1,0,9,24,8,29,34,26,25,10,38,20,23,35,36,28,32,37,21,30,31,33,27,22,2|1,1,1,1,1,1,1,1,1,1,1,1,1,1,-1,-1,1,1,1,1,1,1,1,1,1,1,1,1,1,1,1,1,1,1,1,1,1,1,1|./seeds/seed_002.txt
2,5,4,31,38,21,33,35,32,30,27,37,36,3,20,22,28,23,6,26,0,25,1,9,24,29,34,8,7,17,10,15,13,16,12,18,11,14,19|1,1,1,-1,-1,-1,-1,-1,-1,-1,-1,-1,-1,1,-1,-1,-1,-1,1,-1,1,-1,1,1,-1,-1,-1,1,1,-1,1,-1,-1,-1,-1,-1,-1,1,1|./seeds/seed_001.txt
5,2,4,6,3,9,21,33,31,38,32,35,36,28,20,27,30,37,22,23,8,7,26,25,0,1,34,10,24,29,17,14,15,19,16,13,12,18,11|1,1,1,1,1,1,-1,-1,-1,-1,-1,-1,-1,-1,-1,-1,-1,-1,-1,-1,1,1,-1,-1,1,1,-1,1,-1,-1,-1,1,-1,1,-1,-1,-1,-1,-1|./seeds/seed_002.txt
14,19,4,21,28,27,30,23,20,36,6,22,32,33,31,9,37,7,35,38,24,25,26,34,29,2,11,3,1,0,5,10,18,15,8,12,16,13,17|1,1,1,-1,-1,-1,-1,-1,-1,-1,1,-1,-1,-1,-1,1,-1,1,-1,-1,1,1,1,1,1,-1,1,1,1,1,1,-1,1,1,1,1,1,1,-1|./seeds/seed_005.txt
14,19,4,27,21,28,30,33,20,23,32,22,31,36,37,1,6,35,11,9,24,0,26,25,38,7,3,34,18,29,15,12,13,2,16,17,10,8,5|1,1,1,-1,-1,-1,-1,-1,-1,-1,-1,-1,-1,-1,-1,1,1,-1,1,1,1,1,1,1,-1,1,1,1,1,1,1,1,1,-1,1,1,-1,-1,1|./seeds/seed_001.txt
7,9,8,1,10,0,6,19,14,16,11,15,13,17,18,5,12,4,3,25,29,24,26,34,38,35,20,2,32,36,37,23,30,27,33,28,22,31,21|1,1,1,-1,1,-1,1,1,1,1,1,1,1,1,1,1,1,1,1,1,1,1,1,1,1,1,1,-1,1,1,1,1,1,1,1,1,1,1,1|./seeds/seed_003.txt
7,8,9,14,10,11,19,15,18,16,6,17,12,13,25,24,5,29,26,34,4,3,1,38,35,0,32,20,36,30,37,27,31,28,23,21,33,22,2|1,1,1,1,1,1,1,1,1,1,1,1,1,1,1,1,1,1,1,1,1,1,-1,1,1,-1,1,1,1,1,1,1,1,1,1,1,1,1,1|./seeds/seed_006.txt
31,36,21,38,35,23,33,27,28,32,20,37,30,22,25,5,4,26,9,24,6,29,1,34,0,2,3,17,8,15,7,13,12,16,18,14,11,10,19|-1,-1,-1,-1,-1,-1,-1,-1,-1,-1,-1,-1,-1,-1,-1,1,1,-1,1,-1,1,-1,1,-1,1,1,1,-1,1,-1,1,-1,-1,-1,-1,1,-1,1,1|./seeds/seed_000.txt
31,38,21,36,28,27,23,35,33,20,32,37,30,22,25,26,5,4,24,29,9,34,6,1,0,2,3,17,15,8,12,13,16,7,18,14,11,19,10|-1,-1,-1,-1,-1,-1,-1,-1,-1,-1,-1,-1,-1,-1,-1,-1,1,1,-1,-1,1,-1,1,1,1,1,1,-1,-1,1,-1,-1,-1,1,-1,1,-1,1,1|./seeds/seed_005.txt
0,1,2,12,14,25,29,16,11,5,34,26,18,24,19,15,17,13,4,38,6,22,31,35,20,36,21,32,28,33,37,30,27,10,8,23,3,9,7|-1,-1,-1,-1,-1,-1,-1,-1,-1,-1,-1,-1,-1,-1,-1,-1,-1,-1,-1,-1,-1,-1,-1,-1,-1,-1,-1,-1,-1,-1,-1,-1,-1,1,1,-1,-1,1,1|./seeds/seed_004.txt
0,12,25,1,11,26,17,15,29,16,34,18,13,24,14,38,19,35,20,21,31,2,28,22,6,32,36,23,5,37,27,30,33,4,7,3,8,9,10|-1,-1,-1,-1,-1,-1,-1,-1,-1,-1,-1,-1,-1,-1,-1,-1,-1,-1,-1,-1,-1,-1,-1,-1,-1,-1,-1,-1,-1,-1,-1,-1,-1,-1,-1,-1,-1,-1,-1|./seeds/seed_000.txt
6,5,11,17,18,15,16,19,14,12,4,13,7,3,29,9,24,34,26,8,25,1,0,35,10,38,23,36,20,28,30,32,21,37,33,31,27,22,2|1,1,1,1,1,1,1,1,1,1,1,1,1,1,1,1,1,1,1,1,1,-1,-1,1,1,1,1,1,1,1,1,1,1,1,1,1,1,1,1|./seeds/seed_007.txt
6,5,18,15,17,11,12,16,13,14,4,19,25,29,24,34,26,7,3,8,38,35,28,36,30,23,20,37,9,10,32,2,33,22,31,27,21,0,1|1,1,1,1,1,1,1,1,1,1,1,1,1,1,1,1,1,1,1,1,1,1,1,1,1,1,1,1,1,1,1,1,1,1,1,1,1,1,1|./seeds/seed_005.txt
18,17,19,11,12,14,15,25,16,13,24,29,34,1,0,26,36,28,4,31,38,37,3,21,23,35,32,20,30,22,27,33,6,7,5,10,2,8,9|1,1,1,1,1,1,1,1,1,1,1,1,1,1,1,1,1,1,1,1,1,1,1,1,1,1,1,1,1,1,1,1,1,1,1,1,-1,1,1|./seeds/seed_001.txt
25,18,15,17,11,24,12,16,34,38,29,13,26,31,36,28,23,35,37,20,21,22,27,33,32,14,30,19,0,1,3,4,7,6,10,8,2,5,9|1,1,1,1,1,1,1,1,1,1,1,1,1,1,1,1,1,1,1,1,1,1,1,1,1,1,1,1,1,1,1,1,1,1,1,1,1,1,1|./seeds/seed_000.txt
6,5,4,3,9,7,8,10,19,14,0,1,2,16,11,17,18,15,12,13,24,26,34,25,29,38,37,31,22,36,28,35,27,23,20,21,30,33,32|1,1,1,1,1,1,1,1,1,1,1,1,1,1,1,1,1,1,1,1,1,1,1,1,1,1,1,1,1,1,1,1,1,1,1,1,1,1,1|./seeds/seed_001.txt
6,5,3,4,7,9,8,10,19,14,16,11,2,0,18,17,12,1,15,13,24,25,26,34,29,38,35,22,37,36,31,28,21,27,20,30,23,32,33|1,1,1,1,1,1,1,1,1,1,1,1,1,1,1,1,1,1,1,1,1,1,1,1,1,1,1,1,1,1,1,1,1,1,1,1,1,1,1|./seeds/seed_000.txt
0,1,2,5,4,6,3,9,8,7,10,14,19,11,18,12,16,15,34,13,17,25,26,24,23,29,32,20,28,33,21,22,35,31,27,36,30,37,38|1,1,1,1,1,1,1,1,1,1,1,1,1,1,1,1,1,1,1,1,1,1,1,1,-1,1,-1,-1,-1,-1,-1,-1,-1,-1,-1,-1,-1,-1,-1|./seeds/seed_002.txt
5,2,6,0,4,1,3,8,7,9,10,14,19,11,18,12,16,15,13,17,25,34,26,29,24,38,37,30,36,28,22,27,35,21,31,33,20,32,23|1,1,1,1,1,1,1,1,1,1,1,1,1,1,1,1,1,1,1,1,1,1,1,1,1,1,1,1,1,1,1,1,1,1,1,1,1,1,-1|./seeds/seed_006.txt
0,1,19,11,14,9,16,15,18,31,12,10,13,28,36,8,21,33,17,27,7,30,35,37,22,20,38,23,32,25,2,26,24,34,29,3,6,4,5|1,1,-1,-1,-1,-1,-1,-1,-1,1,-1,-1,-1,1,1,-1,1,1,-1,1,-1,1,1,1,1,1,1,1,1,1,1,1,1,1,1,-1,-1,-1,-1|./seeds/seed_001.txt
21,28,37,35,33,31,23,20,27,36,38,30,32,22,25,26,24,29,9,34,0,1,19,14,8,7,4,6,10,11,5,2,16,18,12,3,13,15,17|1,1,1,1,1,1,1,1,1,1,1,1,1,1,1,1,1,1,-1,1,1,1,-1,-1,-1,-1,-1,-1,-1,-1,-1,1,-1,-1,-1,-1,-1,-1,1|./seeds/seed_000.txt
6,5,4,3,7,2,8,14,9,10,19,12,16,18,11,15,17,1,13,24,0,25,34,29,26,38,35,36,37,22,28,20,21,30,23,31,27,32,33|1,1,1,1,1,1,1,1,1,1,1,1,1,1,1,1,1,1,1,1,1,1,1,1,1,1,1,1,1,1,1,1,1,1,1,1,1,1,1|./seeds/seed_005.txt
5,4,6,2,3,9,8,7,10,14,19,1,0,16,12,11,17,18,15,13,24,25,29,34,26,33,38,22,27,37,32,31,36,21,35,23,30,28,20|1,1,1,1,1,1,1,1,1,1,1,1,1,1,1,1,1,1,1,1,1,1,1,1,1,-1,1,1,-1,1,-1,-1,1,-1,1,-1,-1,1,-1|./seeds/seed_002.txt
4,6,9,5,28,30,21,7,27,31,23,20,33,32,22,36,37,35,38,19,14,3,8,2,1,10,0,17,25,15,13,12,29,24,26,11,34,18,16|1,1,1,1,-1,-1,-1,1,-1,-1,-1,-1,-1,-1,-1,-1,-1,-1,-1,1,1,1,1,1,1,1,1,-1,-1,-1,-1,-1,-1,-1,-1,1,-1,1,1|./seeds/seed_005.txt
4,6,5,2,9,3,7,8,21,30,31,28,27,32,33,36,22,23,20,37,35,38,19,1,14,10,0,15,17,25,11,13,18,16,26,24,29,34,12|1,1,1,1,1,1,1,1,-1,-1,-1,-1,-1,-1,-1,-1,-1,-1,-1,-1,-1,-1,1,1,1,1,1,-1,-1,-1,1,-1,1,1,1,-1,-1,-1,-1|./seeds/seed_002.txt
4,6,5,2,9,3,7,8,21,30,31,32,28,33,27,36,22,20,35,23,37,38,1,0,19,10,14,15,17,25,13,24,29,12,18,11,16,26,34|1,1,1,1,1,1,1,1,-1,-1,-1,-1,-1,-1,-1,-1,-1,-1,-1,-1,-1,-1,1,1,1,1,1,-1,-1,-1,-1,-1,-1,-1,1,1,1,1,-1|./seeds/seed_003.txt
4,6,9,5,28,30,21,7,27,31,23,20,33,32,22,36,37,35,38,19,14,3,8,2,1,10,0,17,25,15,13,12,29,24,26,11,34,18,16|1,1,1,1,-1,-1,-1,1,-1,-1,-1,-1,-1,-1,-1,-1,-1,-1,-1,1,1,1,1,1,1,1,1,-1,-1,-1,-1,-1,-1,-1,-1,1,-1,1,1|./seeds/seed_005.txt
0,1,19,9,14,11,8,7,10,16,31,18,15,21,28,12,13,33,36,27,38,37,17,20,30,35,32,22,23,2,25,26,6,34,24,29,3,5,4|1,1,-1,-1,-1,-1,-1,-1,-1,-1,1,-1,-1,1,1,-1,-1,1,1,1,1,1,-1,1,1,1,1,1,1,1,1,1,-1,1,1,1,-1,-1,-1|./seeds/seed_004.txt
21,28,37,35,33,31,23,20,27,36,38,30,32,22,25,26,24,29,9,34,0,1,19,14,8,7,4,6,10,11,5,2,16,18,12,3,13,15,17|1,1,1,1,1,1,1,1,1,1,1,1,1,1,1,1,1,1,-1,1,1,1,-1,-1,-1,-1,-1,-1,-1,-1,-1,1,-1,-1,-1,-1,-1,-1,1|./seeds/seed_000.txt
28,33,27,23,22,37,21,35,30,0,1,36,38,31,20,26,32,19,9,25,14,24,34,11,29,8,7,18,16,10,15,13,2,12,17,3,4,6,5|-1,-1,-1,-1,-1,-1,-1,-1,-1,-1,-1,-1,-1,-1,-1,-1,-1,1,1,-1,1,-1,-1,1,-1,1,1,1,1,1,1,1,-1,1,1,1,1,1,1|./seeds/seed_006.txt
0,1,9,19,8,14,7,11,10,16,18,28,13,15,33,35,22,31,12,30,27,37,36,38,21,17,23,20,32,26,2,25,3,24,6,34,29,5,4|-1,-1,1,1,1,1,1,1,1,1,1,-1,1,1,-1,-1,-1,-1,1,-1,-1,-1,-1,-1,-1,1,-1,-1,-1,-1,-1,-1,1,-1,1,-1,-1,1,1|./seeds/seed_007.txt
14,19,4,6,20,27,21,23,30,28,1,33,0,32,31,36,22,3,2,24,9,37,7,35,11,26,25,38,18,34,29,15,12,13,16,17,5,10,8|1,1,1,1,-1,-1,-1,-1,-1,-1,1,-1,1,-1,-1,-1,-1,1,-1,1,1,-1,1,-1,1,1,1,-1,1,1,1,1,1,1,1,1,1,-1,-1|./seeds/seed_003.txt
14,19,4,21,28,27,30,36,23,20,33,32,6,22,31,9,37,35,7,38,24,25,26,34,29,1,3,2,0,11,5,10,18,15,13,12,8,16,17|1,1,1,-1,-1,-1,-1,-1,-1,-1,-1,-1,1,-1,-1,1,-1,-1,1,-1,1,1,1,1,1,1,1,-1,1,1,1,-1,1,1,1,1,1,1,-1|./seeds/seed_000.txt
28,21,37,31,35,27,33,36,23,20,38,30,32,22,25,26,24,9,34,29,0,1,19,14,8,7,4,6,5,11,10,3,16,12,2,18,17,15,13|1,1,1,1,1,1,1,1,1,1,1,1,1,1,1,1,1,-1,1,1,1,1,-1,-1,-1,-1,-1,-1,-1,-1,-1,-1,-1,-1,1,-1,1,-1,-1|./seeds/seed_005.txt
21,28,37,35,33,31,23,20,27,36,38,30,32,22,25,26,24,29,9,34,0,1,19,14,8,7,4,6,10,11,5,2,16,18,12,3,13,15,17|1,1,1,1,1,1,1,1,1,1,1,1,1,1,1,1,1,1,-1,1,1,1,-1,-1,-1,-1,-1,-1,-1,-1,-1,1,-1,-1,-1,-1,-1,-1,1|./seeds/seed_000.txt
0,1,2,12,14,25,29,16,11,5,34,26,18,24,19,15,17,13,4,38,6,22,31,35,20,36,21,32,28,33,37,30,27,10,8,23,3,9,7|-1,-1,-1,-1,-1,-1,-1,-1,-1,-1,-1,-1,-1,-1,-1,-1,-1,-1,-1,-1,-1,-1,-1,-1,-1,-1,-1,-1,-1,-1,-1,-1,-1,1,1,-1,-1,1,1|./seeds/seed_004.txt
0,1,2,14,12,25,16,26,29,34,5,24,11,18,19,4,17,15,13,38,6,31,22,20,35,36,21,10,8,28,32,37,33,30,27,23,9,3,7|-1,-1,-1,-1,-1,-1,-1,-1,-1,-1,-1,-1,-1,-1,-1,-1,-1,-1,-1,-1,-1,-1,-1,-1,-1,-1,-1,1,1,-1,-1,-1,-1,-1,-1,-1,1,-1,1|./seeds/seed_002.txt
0,1,19,14,9,7,11,8,18,15,16,10,13,12,17,6,2,28,27,4,33,31,23,21,30,20,36,22,24,25,37,32,29,35,34,26,38,3,5|-1,-1,1,1,1,1,1,1,1,1,1,1,1,1,1,1,-1,-1,-1,1,-1,-1,-1,-1,-1,-1,-1,-1,1,1,-1,-1,1,-1,1,1,-1,1,1|./seeds/seed_004.txt
14,19,9,7,6,28,27,21,23,20,0,33,31,1,30,4,37,22,32,36,35,38,8,11,10,18,12,16,34,15,29,24,25,13,5,26,3,2,17|1,1,1,1,1,-1,-1,-1,-1,-1,-1,-1,-1,-1,-1,1,-1,-1,-1,-1,-1,-1,1,1,1,1,1,1,1,1,1,1,1,1,1,1,1,-1,1|./seeds/seed_005.txt
0,1,19,9,14,11,8,16,18,13,28,15,7,33,10,22,30,35,27,37,12,31,36,21,23,38,17,32,20,26,25,2,24,34,29,3,6,4,5|-1,-1,1,1,1,1,1,1,1,1,-1,1,1,-1,1,-1,-1,-1,-1,-1,1,-1,-1,-1,-1,-1,1,-1,-1,-1,-1,-1,-1,-1,-1,1,1,1,1|./seeds/seed_001.txt
0,1,9,19,8,7,14,10,11,28,16,18,33,31,15,22,13,30,35,37,27,21,38,12,36,20,32,23,17,2,26,25,3,6,24,34,5,29,4|-1,-1,1,1,1,1,1,1,1,-1,1,1,-1,-1,1,-1,1,-1,-1,-1,-1,-1,-1,1,-1,-1,-1,-1,1,-1,-1,-1,1,1,-1,-1,1,-1,1|./seeds/seed_002.txt
4,6,5,2,9,3,7,30,21,28,27,32,1,31,8,33,22,36,23,37,20,0,35,38,14,19,10,15,17,25,13,12,29,24,18,34,11,26,16|1,1,1,1,1,1,1,-1,-1,-1,-1,-1,1,-1,1,-1,-1,-1,-1,-1,-1,1,-1,-1,1,1,1,-1,-1,-1,-1,-1,-1,-1,1,-1,1,1,-1|./seeds/seed_001.txt
4,6,5,2,9,3,7,8,21,30,31,28,27,32,33,36,22,23,20,37,35,38,19,1,14,10,0,15,17,25,11,13,18,16,26,24,29,34,12|1,1,1,1,1,1,1,1,-1,-1,-1,-1,-1,-1,-1,-1,-1,-1,-1,-1,-1,-1,1,1,1,1,1,-1,-1,-1,1,-1,1,1,1,-1,-1,-1,-1|./seeds/seed_002.txt
0,1,2,12,14,25,29,16,11,5,34,26,18,24,19,15,17,13,4,38,6,22,31,35,20,36,21,32,28,33,37,30,27,10,8,23,3,9,7|-1,-1,-1,-1,-1,-1,-1,-1,-1,-1,-1,-1,-1,-1,-1,-1,-1,-1,-1,-1,-1,-1,-1,-1,-1,-1,-1,-1,-1,-1,-1,-1,-1,1,1,-1,-1,1,1|./seeds/seed_004.txt
0,1,12,25,14,11,18,16,19,15,2,29,6,13,17,26,5,34,24,4,38,22,35,21,20,31,36,28,32,30,37,23,33,27,7,3,9,8,10|-1,-1,-1,-1,-1,-1,-1,-1,-1,-1,-1,-1,-1,-1,-1,-1,-1,-1,-1,-1,-1,-1,-1,-1,-1,-1,-1,-1,-1,-1,-1,-1,-1,-1,-1,-1,-1,-1,-1|./seeds/seed_006.txt
14,19,4,21,28,27,30,23,20,36,6,22,32,33,31,9,37,7,35,38,24,25,26,34,29,2,11,3,1,0,5,10,18,15,8,12,16,13,17|1,1,1,-1,-1,-1,-1,-1,-1,-1,1,-1,-1,-1,-1,1,-1,1,-1,-1,1,1,1,1,1,-1,1,1,1,1,1,-1,1,1,1,1,1,1,-1|./seeds/seed_005.txt
14,19,4,27,21,28,30,33,20,23,32,22,31,36,37,1,6,35,11,9,24,0,26,25,38,7,3,34,18,29,15,12,13,2,16,17,10,8,5|1,1,1,-1,-1,-1,-1,-1,-1,-1,-1,-1,-1,-1,-1,1,1,-1,1,1,1,1,1,1,-1,1,1,1,1,1,1,1,1,-1,1,1,-1,-1,1|./seeds/seed_001.txt
0,1,2,12,14,25,29,16,11,5,34,26,18,24,19,15,17,13,4,38,6,22,31,35,20,36,21,32,28,33,37,30,27,10,8,23,3,9,7|-1,-1,-1,-1,-1,-1,-1,-1,-1,-1,-1,-1,-1,-1,-1,-1,-1,-1,-1,-1,-1,-1,-1,-1,-1,-1,-1,-1,-1,-1,-1,-1,-1,1,1,-1,-1,1,1|./seeds/seed_004.txt
0,1,2,25,14,12,26,16,29,34,24,5,11,4,18,19,13,38,15,17,6,31,22,10,20,35,8,36,21,28,32,30,37,33,27,9,23,7,3|-1,-1,-1,-1,-1,-1,-1,-1,-1,-1,-1,-1,-1,-1,-1,-1,-1,-1,-1,-1,-1,-1,-1,1,-1,-1,1,-1,-1,-1,-1,-1,-1,-1,-1,1,-1,1,-1|./seeds/seed_003.txt
6,4,5,14,19,9,7,0,1,3,8,21,11,28,27,31,30,22,20,33,15,23,36,32,18,17,12,37,16,29,38,13,35,26,24,25,34,10,2|1,1,1,1,1,1,1,-1,-1,1,1,-1,1,-1,-1,-1,-1,-1,-1,-1,1,-1,-1,-1,1,1,1,-1,1,1,-1,1,-1,1,1,1,1,1,-1|./seeds/seed_004.txt
6,4,5,14,19,9,7,0,1,11,3,21,30,8,22,31,27,28,15,18,23,20,33,36,17,12,29,37,32,16,13,38,26,35,24,25,34,10,2|1,1,1,1,1,1,1,-1,-1,1,1,-1,-1,1,-1,-1,-1,-1,1,1,-1,-1,-1,-1,1,1,1,-1,-1,1,1,-1,1,-1,1,1,1,1,-1|./seeds/seed_007.txt
14,19,4,27,21,28,30,33,20,23,32,22,31,36,37,1,6,35,11,9,24,0,26,25,38,7,3,34,18,29,15,12,13,2,16,17,10,8,5|1,1,1,-1,-1,-1,-1,-1,-1,-1,-1,-1,-1,-1,-1,1,1,-1,1,1,1,1,1,1,-1,1,1,1,1,1,1,1,1,-1,1,1,-1,-1,1|./seeds/seed_001.txt
14,19,4,21,28,27,30,23,20,36,6,22,32,33,31,9,37,7,35,38,24,25,26,34,29,2,11,3,1,0,5,10,18,15,8,12,16,13,17|1,1,1,-1,-1,-1,-1,-1,-1,-1,1,-1,-1,-1,-1,1,-1,1,-1,-1,1,1,1,1,1,-1,1,1,1,1,1,-1,1,1,1,1,1,1,-1|./seeds/seed_005.txt
2,5,4,31,38,21,33,35,32,30,27,37,36,3,20,22,28,23,6,26,0,25,1,9,24,29,34,8,7,17,10,15,13,16,12,18,11,14,19|1,1,1,-1,-1,-1,-1,-1,-1,-1,-1,-1,-1,1,-1,-1,-1,-1,1,-1,1,-1,1,1,-1,-1,-1,1,1,-1,1,-1,-1,-1,-1,-1,-1,1,1|./seeds/seed_001.txt
5,2,4,6,3,33,21,38,31,32,20,35,9,27,30,36,28,22,37,23,26,25,8,24,0,34,7,1,29,10,17,15,16,13,12,14,18,19,11|1,1,1,1,1,-1,-1,-1,-1,-1,-1,-1,1,-1,-1,-1,-1,-1,-1,-1,-1,-1,1,-1,1,-1,1,1,-1,1,-1,-1,-1,-1,-1,1,-1,1,-1|./seeds/seed_004.txt
1,0,2,5,4,32,21,35,28,27,38,31,22,23,6,20,36,33,30,37,3,9,25,26,29,8,24,34,7,10,17,15,13,14,16,12,19,18,11|-1,-1,-1,-1,-1,1,1,1,1,1,1,1,1,1,-1,1,1,1,1,1,-1,-1,1,1,1,-1,1,1,-1,-1,1,1,1,-1,1,1,-1,1,1|./seeds/seed_002.txt
35,32,21,27,28,38,31,20,36,23,33,37,22,30,5,1,0,4,25,2,26,6,24,29,34,9,3,8,17,13,15,12,7,18,16,11,10,14,19|1,1,1,1,1,1,1,1,1,1,1,1,1,1,-1,-1,-1,-1,1,-1,1,-1,1,1,1,-1,-1,-1,1,1,1,1,-1,1,1,1,-1,-1,-1|./seeds/seed_006.txt
14,19,4,27,21,28,20,33,30,23,32,22,31,36,6,35,9,37,7,38,11,26,24,25,3,18,2,0,29,1,34,15,13,12,16,10,17,5,8|1,1,1,-1,-1,-1,-1,-1,-1,-1,-1,-1,-1,-1,1,-1,1,-1,1,-1,1,1,1,1,1,1,-1,1,1,1,1,1,1,1,1,-1,1,1,-1|./seeds/seed_006.txt
14,19,4,21,28,27,30,23,20,36,6,22,32,33,31,9,37,7,35,38,24,25,26,34,29,2,11,3,1,0,5,10,18,15,8,12,16,13,17|1,1,1,-1,-1,-1,-1,-1,-1,-1,1,-1,-1,-1,-1,1,-1,1,-1,-1,1,1,1,1,1,-1,1,1,1,1,1,-1,1,1,1,1,1,1,-1|./seeds/seed_005.txt
19,14,7,9,11,2,0,27,1,18,28,21,23,20,16,33,30,13,15,12,31,22,37,17,32,36,29,24,35,34,25,38,6,8,10,4,26,5,3|1,1,1,1,1,-1,-1,-1,-1,1,-1,-1,-1,-1,1,-1,-1,1,1,1,-1,-1,-1,1,-1,-1,1,1,-1,1,1,-1,1,1,1,1,1,-1,-1|./seeds/seed_006.txt
19,14,7,2,9,11,0,18,1,15,16,13,12,17,8,10,27,28,30,29,23,31,25,24,20,21,34,33,22,37,32,36,26,38,5,6,35,4,3|1,1,1,-1,1,1,-1,1,-1,1,1,1,1,1,1,1,-1,-1,-1,1,-1,-1,1,1,-1,-1,1,-1,-1,-1,-1,-1,1,-1,-1,1,-1,1,1|./seeds/seed_007.txt
18,15,11,17,12,16,14,13,6,5,19,24,34,29,25,26,4,7,35,38,36,20,3,30,28,37,23,33,32,31,27,21,8,22,9,10,2,1,0|1,1,1,1,1,1,1,1,1,1,1,1,1,1,1,1,1,1,1,1,1,1,1,1,1,1,1,1,1,1,1,1,1,1,1,1,1,-1,-1|./seeds/seed_006.txt
6,5,11,17,18,15,16,19,14,12,4,13,7,3,29,9,24,34,26,8,25,1,0,35,10,38,23,36,20,28,30,32,21,37,33,31,27,22,2|1,1,1,1,1,1,1,1,1,1,1,1,1,1,1,1,1,1,1,1,1,-1,-1,1,1,1,1,1,1,1,1,1,1,1,1,1,1,1,1|./seeds/seed_007.txt
5,2,6,0,4,1,3,8,7,9,10,14,19,11,18,12,16,15,13,17,25,34,26,29,24,38,37,30,36,28,22,27,35,21,31,33,20,32,23|1,1,1,1,1,1,1,1,1,1,1,1,1,1,1,1,1,1,1,1,1,1,1,1,1,1,1,1,1,1,1,1,1,1,1,1,1,1,-1|./seeds/seed_006.txt
0,1,2,5,4,6,3,9,8,7,10,14,19,11,18,12,16,15,17,13,25,34,26,24,29,23,32,20,28,33,21,22,36,31,35,38,27,37,30|1,1,1,1,1,1,1,1,1,1,1,1,1,1,1,1,1,1,1,1,1,1,1,1,1,-1,-1,-1,-1,-1,-1,-1,-1,-1,-1,1,-1,-1,-1|./seeds/seed_004.txt
5,6,17,11,15,4,16,18,19,14,12,13,3,7,9,29,34,24,25,26,1,8,0,38,10,35,23,20,36,32,28,30,21,31,33,37,22,27,2|1,1,1,1,1,1,1,1,1,1,1,1,1,1,1,1,1,1,1,1,-1,1,-1,1,1,1,1,1,1,1,1,1,1,1,1,1,1,1,1|./seeds/seed_004.txt
18,15,11,17,12,16,14,13,6,5,19,24,34,29,25,26,4,7,35,38,36,20,3,30,28,37,23,33,32,31,27,21,8,22,9,10,2,1,0|1,1,1,1,1,1,1,1,1,1,1,1,1,1,1,1,1,1,1,1,1,1,1,1,1,1,1,1,1,1,1,1,1,1,1,1,1,-1,-1|./seeds/seed_006.txt
0,1,2,25,14,12,26,16,29,34,24,5,11,4,18,19,13,38,15,17,6,31,22,10,20,35,8,36,21,28,32,30,37,33,27,9,23,7,3|-1,-1,-1,-1,-1,-1,-1,-1,-1,-1,-1,-1,-1,-1,-1,-1,-1,-1,-1,-1,-1,-1,-1,1,-1,-1,1,-1,-1,-1,-1,-1,-1,-1,-1,1,-1,1,-1|./seeds/seed_003.txt
0,1,2,5,6,4,14,25,12,19,29,11,16,26,34,18,24,17,13,15,38,22,31,35,36,30,32,28,20,21,3,37,33,27,7,23,9,10,8|-1,-1,-1,-1,-1,-1,-1,-1,-1,-1,-1,-1,-1,-1,-1,-1,-1,-1,-1,-1,-1,-1,-1,-1,-1,-1,-1,-1,-1,-1,-1,-1,-1,-1,-1,-1,-1,1,-1|./seeds/seed_001.txt
1,0,4,2,6,5,23,32,33,30,3,28,21,9,27,31,36,22,35,20,38,37,7,8,14,10,19,17,13,16,15,29,12,25,18,26,34,24,11|1,1,1,1,1,1,-1,-1,-1,-1,1,-1,-1,1,-1,-1,-1,-1,-1,-1,-1,-1,1,1,1,1,1,-1,-1,-1,-1,-1,-1,-1,-1,-1,-1,-1,-1|./seeds/seed_007.txt
1,0,2,4,6,5,3,9,32,7,23,33,31,21,30,27,28,38,36,22,20,37,35,8,14,10,19,17,13,15,16,29,25,12,26,18,34,24,11|1,1,1,1,1,1,1,1,-1,1,-1,-1,-1,-1,-1,-1,-1,-1,-1,-1,-1,-1,-1,1,1,1,1,-1,-1,-1,-1,-1,-1,-1,-1,-1,-1,-1,-1|./seeds/seed_002.txt
5,6,4,2,3,0,7,1,8,9,19,14,10,11,18,12,16,15,17,13,25,34,26,24,29,38,37,30,27,36,28,35,21,22,20,31,33,32,23|1,1,1,1,1,1,1,1,1,1,1,1,1,1,1,1,1,1,1,1,1,1,1,1,1,1,1,1,1,1,1,1,1,1,1,1,1,1,1|./seeds/seed_000.txt
0,1,2,5,4,6,3,9,8,7,10,14,19,11,18,12,16,15,17,13,25,34,26,24,29,23,32,20,28,33,21,22,36,31,35,38,27,37,30|1,1,1,1,1,1,1,1,1,1,1,1,1,1,1,1,1,1,1,1,1,1,1,1,1,-1,-1,-1,-1,-1,-1,-1,-1,-1,-1,1,-1,-1,-1|./seeds/seed_004.txt
15,17,11,18,12,16,1,19,0,14,25,13,24,29,34,36,26,38,3,28,4,31,21,37,20,35,22,32,23,30,27,33,5,6,2,7,9,10,8|1,1,1,1,1,1,1,1,1,1,1,1,1,1,1,1,1,1,1,1,1,1,1,1,1,1,1,1,1,1,1,1,1,1,-1,1,-1,1,-1|./seeds/seed_004.txt
25,18,15,17,11,12,16,24,38,34,26,13,29,36,31,23,28,35,37,20,27,14,22,21,33,0,32,19,30,1,3,4,7,6,2,10,8,5,9|1,1,1,1,1,1,1,1,1,1,1,1,1,1,1,1,1,1,1,1,1,1,1,1,1,1,1,1,1,1,1,1,1,1,1,1,1,1,1|./seeds/seed_005.txt
4,6,5,2,9,3,7,8,30,21,28,27,31,32,33,22,36,20,23,37,35,38,1,0,19,14,10,15,17,25,13,12,18,24,29,11,34,16,26|1,1,1,1,1,1,1,1,-1,-1,-1,-1,-1,-1,-1,-1,-1,-1,-1,-1,-1,-1,1,1,1,1,1,-1,-1,-1,-1,-1,1,-1,-1,1,-1,1,1|./seeds/seed_007.txt
4,6,9,5,28,30,21,7,27,31,23,20,33,32,22,36,37,35,38,19,14,3,8,2,1,10,0,17,25,15,13,12,29,24,26,11,34,18,16|1,1,1,1,-1,-1,-1,1,-1,-1,-1,-1,-1,-1,-1,-1,-1,-1,-1,1,1,1,1,1,1,1,1,-1,-1,-1,-1,-1,-1,-1,-1,1,-1,1,1|./seeds/seed_005.txt
0,1,9,19,8,7,14,10,11,28,16,18,33,31,15,22,13,30,35,37,27,21,38,12,36,20,32,23,17,2,26,25,3,6,24,34,5,29,4|-1,-1,1,1,1,1,1,1,1,-1,1,1,-1,-1,1,-1,1,-1,-1,-1,-1,-1,-1,1,-1,-1,-1,-1,1,-1,-1,-1,1,1,-1,-1,1,-1,1|./seeds/seed_002.txt
0,1,19,9,14,11,8,16,18,13,28,15,7,33,10,22,30,35,27,37,12,31,36,21,23,38,17,32,20,26,25,2,24,34,29,3,6,4,5|-1,-1,1,1,1,1,1,1,1,1,-1,1,1,-1,1,-1,-1,-1,-1,-1,1,-1,-1,-1,-1,-1,1,-1,-1,-1,-1,-1,-1,-1,-1,1,1,1,1|./seeds/seed_001.txt
21,38,31,33,35,32,20,27,36,37,30,28,22,5,23,4,2,25,26,6,9,24,34,29,3,0,1,8,17,15,13,7,16,12,18,10,11,14,19|-1,-1,-1,-1,-1,-1,-1,-1,-1,-1,-1,-1,-1,1,-1,1,1,-1,-1,1,1,-1,-1,-1,1,1,1,1,-1,-1,-1,1,-1,-1,-1,1,-1,1,1|./seeds/seed_006.txt
2,5,4,31,38,21,33,35,32,30,27,37,36,3,20,22,28,23,6,26,0,25,1,9,24,29,34,8,7,17,10,15,13,16,12,18,11,14,19|1,1,1,-1,-1,-1,-1,-1,-1,-1,-1,-1,-1,1,-1,-1,-1,-1,1,-1,1,-1,1,1,-1,-1,-1,1,1,-1,1,-1,-1,-1,-1,-1,-1,1,1|./seeds/seed_001.txt
0,1,2,32,21,31,35,36,23,28,38,27,33,20,30,5,22,37,4,25,26,3,6,29,24,34,9,17,15,13,16,12,8,18,11,10,7,19,14|1,1,1,-1,-1,-1,-1,-1,-1,-1,-1,-1,-1,-1,-1,1,-1,-1,1,-1,-1,1,1,-1,-1,-1,1,-1,-1,-1,-1,-1,1,-1,-1,1,1,-1,1|./seeds/seed_007.txt
31,36,21,38,35,23,33,27,28,32,20,37,30,22,25,5,4,26,9,24,6,29,1,34,0,2,3,17,8,15,7,13,12,16,18,14,11,10,19|-1,-1,-1,-1,-1,-1,-1,-1,-1,-1,-1,-1,-1,-1,-1,1,1,-1,1,-1,1,-1,1,-1,1,1,1,-1,1,-1,1,-1,-1,-1,-1,1,-1,1,1|./seeds/seed_000.txt
1,0,2,35,32,21,28,27,38,31,36,22,23,30,20,33,37,5,4,25,26,3,29,24,6,34,9,17,15,13,8,12,16,7,18,11,10,14,19|-1,-1,-1,1,1,1,1,1,1,1,1,1,1,1,1,1,1,-1,-1,1,1,-1,1,1,-1,1,-1,1,1,1,-1,1,1,-1,1,1,-1,-1,1|./seeds/seed_007.txt
1,0,2,32,35,21,28,4,5,31,38,27,20,30,23,33,36,37,22,25,3,26,6,29,24,34,9,8,17,15,13,12,16,7,10,18,11,14,19|-1,-1,-1,1,1,1,1,-1,-1,1,1,1,1,1,1,1,1,1,1,1,-1,1,-1,1,1,1,-1,-1,1,1,1,1,1,-1,-1,1,1,-1,1|./seeds/seed_001.txt
6,5,4,3,9,7,8,10,19,14,0,1,16,11,17,18,15,2,12,13,24,34,26,25,29,38,22,37,31,36,28,23,27,35,20,21,30,32,33|1,1,1,1,1,1,1,1,1,1,1,1,1,1,1,1,1,1,1,1,1,1,1,1,1,1,1,1,1,1,1,1,1,1,1,1,1,-1,-1|./seeds/seed_004.txt
6,5,3,4,7,9,8,19,10,14,16,11,18,17,12,15,13,2,0,1,24,25,34,26,29,38,35,22,37,36,27,31,21,28,20,30,23,32,33|1,1,1,1,1,1,1,1,1,1,1,1,1,1,1,1,1,1,1,1,1,1,1,1,1,1,1,1,1,1,1,1,1,1,1,1,1,1,1|./seeds/seed_005.txt
4,6,9,5,28,21,30,23,7,27,31,20,32,33,22,36,35,37,38,3,14,19,2,8,1,0,10,17,15,13,25,12,29,24,16,18,26,34,11|1,1,1,1,-1,-1,-1,-1,1,-1,-1,-1,-1,-1,-1,-1,-1,-1,-1,1,1,1,1,1,1,1,1,-1,-1,-1,-1,-1,-1,-1,-1,-1,-1,-1,-1|./seeds/seed_000.txt
4,6,5,2,9,3,7,8,21,30,27,28,31,32,33,36,20,22,35,23,37,38,19,1,14,10,0,15,17,25,13,24,11,18,12,29,16,34,26|1,1,1,1,1,1,1,1,-1,-1,-1,-1,-1,-1,-1,-1,-1,-1,-1,-1,-1,-1,1,1,1,1,1,-1,-1,-1,-1,-1,1,1,-1,-1,1,-1,1|./seeds/seed_004.txt
14,19,9,7,6,28,0,1,27,21,23,20,33,30,31,22,37,4,36,35,32,38,8,11,18,10,12,16,34,25,15,2,24,29,13,17,26,5,3|1,1,1,1,1,-1,-1,-1,-1,-1,-1,-1,-1,-1,-1,-1,-1,1,-1,-1,-1,-1,1,1,1,1,1,1,1,1,1,-1,1,1,1,1,1,1,1|./seeds/seed_000.txt
0,1,19,14,9,7,11,8,18,15,16,10,13,12,17,6,2,28,27,4,33,31,23,21,30,20,36,22,24,25,37,32,29,35,34,26,38,3,5|-1,-1,1,1,1,1,1,1,1,1,1,1,1,1,1,1,-1,-1,-1,1,-1,-1,-1,-1,-1,-1,-1,-1,1,1,-1,-1,1,-1,1,1,-1,1,1|./seeds/seed_004.txt
4,6,5,2,9,3,7,8,21,30,31,28,27,32,33,36,22,23,20,37,35,38,19,1,14,10,0,15,17,25,11,13,18,16,26,24,29,34,12|1,1,1,1,1,1,1,1,-1,-1,-1,-1,-1,-1,-1,-1,-1,-1,-1,-1,-1,-1,1,1,1,1,1,-1,-1,-1,1,-1,1,1,1,-1,-1,-1,-1|./seeds/seed_002.txt
4,6,5,9,2,28,21,30,27,7,32,23,31,22,36,33,20,3,37,35,38,1,8,0,14,19,10,17,25,15,13,12,24,29,34,26,16,18,11|1,1,1,1,1,-1,-1,-1,-1,1,-1,-1,-1,-1,-1,-1,-1,1,-1,-1,-1,1,1,1,1,1,1,-1,-1,-1,-1,-1,-1,-1,-1,-1,-1,-1,-1|./seeds/seed_006.txt
6,12,18,5,15,17,11,13,16,14,25,19,26,34,24,29,38,7,3,4,20,35,30,22,36,28,8,23,32,37,31,33,27,21,9,10,2,0,1|-1,-1,-1,-1,-1,-1,-1,-1,-1,-1,-1,-1,-1,-1,-1,-1,-1,-1,-1,-1,-1,-1,-1,-1,-1,-1,-1,-1,-1,-1,-1,-1,-1,-1,-1,-1,-1,-1,-1|./seeds/seed_000.txt
5,6,19,17,11,15,14,13,16,12,4,18,3,7,9,25,1,0,34,29,8,26,24,38,20,10,35,23,30,22,37,32,28,31,36,21,27,33,2|-1,-1,-1,-1,-1,-1,-1,-1,-1,-1,-1,-1,-1,-1,-1,-1,1,1,-1,-1,-1,-1,-1,-1,-1,-1,-1,-1,-1,-1,-1,-1,-1,-1,-1,-1,-1,-1,-1|./seeds/seed_004.txt
6,5,4,3,7,9,8,10,19,0,14,2,1,16,11,18,17,12,15,13,24,34,26,25,29,38,37,22,36,31,35,28,27,21,20,23,30,33,32|1,1,1,1,1,1,1,1,1,1,1,1,1,1,1,1,1,1,1,1,1,1,1,1,1,1,1,1,1,1,1,1,1,1,1,1,1,1,1|./seeds/seed_006.txt
6,5,4,3,9,7,8,10,19,14,0,1,2,16,11,17,18,15,12,13,24,26,34,25,29,38,37,31,22,36,28,35,27,23,20,21,30,33,32|1,1,1,1,1,1,1,1,1,1,1,1,1,1,1,1,1,1,1,1,1,1,1,1,1,1,1,1,1,1,1,1,1,1,1,1,1,1,1|./seeds/seed_001.txt
2,5,4,31,38,21,33,35,32,30,27,37,36,3,20,22,28,23,6,26,0,25,1,9,24,29,34,8,7,17,10,15,13,16,12,18,11,14,19|1,1,1,-1,-1,-1,-1,-1,-1,-1,-1,-1,-1,1,-1,-1,-1,-1,1,-1,1,-1,1,1,-1,-1,-1,1,1,-1,1,-1,-1,-1,-1,-1,-1,1,1|./seeds/seed_001.txt
5,2,4,6,3,21,31,9,33,38,32,36,35,28,27,20,37,30,22,23,25,26,8,0,1,7,24,34,29,10,17,15,16,13,14,12,19,18,11|1,1,1,1,1,-1,-1,1,-1,-1,-1,-1,-1,-1,-1,-1,-1,-1,-1,-1,-1,-1,1,1,1,1,-1,-1,-1,1,-1,-1,-1,-1,1,-1,1,-1,-1|./seeds/seed_003.txt
7,8,9,6,14,10,18,11,19,16,15,5,12,17,13,4,3,25,29,24,26,34,38,2,35,20,37,32,30,36,28,31,22,21,33,27,23,1,0|1,1,1,1,1,1,1,1,1,1,1,1,1,1,1,1,1,1,1,1,1,1,1,1,1,1,1,1,1,1,1,1,1,1,1,1,1,-1,-1|./seeds/seed_005.txt
7,9,8,1,10,0,6,19,14,16,11,15,13,17,18,5,12,4,3,25,29,24,26,34,38,35,20,2,32,36,37,23,30,27,33,28,22,31,21|1,1,1,-1,1,-1,1,1,1,1,1,1,1,1,1,1,1,1,1,1,1,1,1,1,1,1,1,-1,1,1,1,1,1,1,1,1,1,1,1|./seeds/seed_003.txt
4,6,5,2,9,3,7,30,21,28,27,32,1,31,8,33,22,36,23,37,20,0,35,38,14,19,10,15,17,25,13,12,29,24,18,34,11,26,16|1,1,1,1,1,1,1,-1,-1,-1,-1,-1,1,-1,1,-1,-1,-1,-1,-1,-1,1,-1,-1,1,1,1,-1,-1,-1,-1,-1,-1,-1,1,-1,1,1,-1|./seeds/seed_001.txt
4,6,5,2,9,3,7,8,21,30,31,32,28,33,27,36,22,20,35,23,37,38,1,0,19,10,14,15,17,25,13,24,29,12,18,11,16,26,34|1,1,1,1,1,1,1,1,-1,-1,-1,-1,-1,-1,-1,-1,-1,-1,-1,-1,-1,-1,1,1,1,1,1,-1,-1,-1,-1,-1,-1,-1,1,1,1,1,-1|./seeds/seed_003.txt
2,5,4,31,38,21,33,35,32,30,27,37,36,3,20,22,28,23,6,26,0,25,1,9,24,29,34,8,7,17,10,15,13,16,12,18,11,14,19|1,1,1,-1,-1,-1,-1,-1,-1,-1,-1,-1,-1,1,-1,-1,-1,-1,1,-1,1,-1,1,1,-1,-1,-1,1,1,-1,1,-1,-1,-1,-1,-1,-1,1,1|./seeds/seed_001.txt
2,5,4,21,38,33,35,31,3,32,20,36,30,27,6,37,22,28,23,26,9,25,0,34,24,29,1,8,7,10,17,15,13,16,12,18,11,14,19|1,1,1,-1,-1,-1,-1,-1,1,-1,-1,-1,-1,-1,1,-1,-1,-1,-1,-1,1,-1,1,-1,-1,-1,1,1,1,1,-1,-1,-1,-1,-1,-1,-1,1,1|./seeds/seed_007.txt
6,5,4,3,2,7,8,9,14,10,19,18,12,11,15,17,16,13,1,0,24,25,29,26,34,38,35,28,20,37,30,27,21,36,23,22,33,31,32|-1,-1,-1,-1,-1,-1,-1,-1,-1,-1,-1,-1,-1,-1,-1,-1,-1,-1,-1,-1,-1,-1,-1,-1,-1,-1,-1,-1,-1,-1,-1,-1,-1,-1,-1,-1,-1,-1,-1|./seeds/seed_005.txt
2,5,6,4,3,7,8,9,10,1,0,14,19,12,18,11,15,17,13,16,24,26,29,34,25,38,35,28,20,30,22,27,37,36,23,33,21,31,32|-1,-1,-1,-1,-1,-1,-1,-1,-1,-1,-1,-1,-1,-1,-1,-1,-1,-1,-1,-1,-1,-1,-1,-1,-1,-1,-1,-1,-1,-1,-1,-1,-1,-1,-1,-1,-1,-1,-1|./seeds/seed_006.txt
6,4,5,14,19,9,7,0,1,11,3,21,30,8,22,31,27,28,15,18,23,20,33,36,17,12,29,37,32,16,13,38,26,35,24,25,34,10,2|1,1,1,1,1,1,1,-1,-1,1,1,-1,-1,1,-1,-1,-1,-1,1,1,-1,-1,-1,-1,1,1,1,-1,-1,1,1,-1,1,-1,1,1,1,1,-1|./seeds/seed_007.txt
6,4,14,19,9,5,7,28,21,27,22,30,23,20,31,37,33,36,32,35,38,8,3,1,29,0,26,24,34,25,11,18,12,15,17,16,2,13,10|1,1,1,1,1,1,1,-1,-1,-1,-1,-1,-1,-1,-1,-1,-1,-1,-1,-1,-1,1,1,-1,1,-1,1,1,1,1,1,1,1,1,1,1,1,1,1|./seeds/seed_000.txt
2,5,6,4,3,7,8,9,10,1,0,14,19,12,18,11,15,17,13,16,24,26,29,34,25,38,35,28,20,30,22,27,37,36,23,33,21,31,32|-1,-1,-1,-1,-1,-1,-1,-1,-1,-1,-1,-1,-1,-1,-1,-1,-1,-1,-1,-1,-1,-1,-1,-1,-1,-1,-1,-1,-1,-1,-1,-1,-1,-1,-1,-1,-1,-1,-1|./seeds/seed_006.txt
2,5,4,6,3,8,9,7,10,0,1,19,14,12,11,17,18,13,15,16,24,29,26,34,25,32,21,31,36,38,33,23,37,28,20,27,30,35,22|-1,-1,-1,-1,-1,-1,-1,-1,-1,-1,-1,-1,-1,-1,-1,-1,-1,-1,-1,-1,-1,-1,-1,-1,-1,1,1,1,1,-1,1,1,1,-1,-1,1,-1,-1,1|./seeds/seed_002.txt
5,6,4,3,9,7,8,10,19,1,0,14,16,2,17,11,18,15,12,13,24,34,26,25,29,38,33,30,32,22,37,36,31,28,27,21,23,20,35|1,1,1,1,1,1,1,1,1,1,1,1,1,1,1,1,1,1,1,1,1,1,1,1,1,1,-1,-1,-1,1,1,1,1,1,1,-1,1,1,1|./seeds/seed_002.txt
6,5,4,3,7,9,8,10,19,0,14,2,1,16,11,18,17,12,15,13,24,34,26,25,29,38,37,22,36,31,35,28,27,21,20,23,30,33,32|1,1,1,1,1,1,1,1,1,1,1,1,1,1,1,1,1,1,1,1,1,1,1,1,1,1,1,1,1,1,1,1,1,1,1,1,1,1,1|./seeds/seed_006.txt
5,4,6,2,3,8,7,9,10,19,14,0,1,12,11,18,17,13,15,16,24,29,26,34,25,38,28,20,35,30,22,32,37,27,23,21,33,36,31|-1,-1,-1,-1,-1,-1,-1,-1,-1,-1,-1,-1,-1,-1,-1,-1,-1,-1,-1,-1,-1,-1,-1,-1,-1,-1,-1,-1,-1,-1,-1,1,-1,-1,-1,1,-1,-1,-1|./seeds/seed_004.txt
2,5,4,6,3,8,9,7,10,0,1,19,14,12,11,17,18,13,15,16,24,29,26,34,25,32,21,31,36,38,33,23,37,28,20,27,30,35,22|-1,-1,-1,-1,-1,-1,-1,-1,-1,-1,-1,-1,-1,-1,-1,-1,-1,-1,-1,-1,-1,-1,-1,-1,-1,1,1,1,1,-1,1,1,1,-1,-1,1,-1,-1,1|./seeds/seed_002.txt
0,1,19,14,9,7,11,8,10,16,18,15,13,12,2,17,6,28,27,33,23,31,21,30,36,20,22,4,32,37,35,38,24,34,29,25,26,3,5|-1,-1,1,1,1,1,1,1,1,1,1,1,1,1,-1,1,1,-1,-1,-1,-1,-1,-1,-1,-1,-1,-1,1,-1,-1,-1,-1,1,1,1,1,1,1,1|./seeds/seed_002.txt
14,19,0,1,7,9,11,18,15,16,12,28,13,23,17,2,21,27,6,33,20,30,8,31,22,37,10,36,34,32,4,24,35,25,29,26,38,5,3|1,1,-1,-1,1,1,1,1,1,1,1,-1,1,-1,1,-1,-1,-1,1,-1,-1,-1,1,-1,-1,-1,1,-1,1,-1,1,1,-1,1,1,1,-1,-1,1|./seeds/seed_006.txt
5,6,4,3,9,7,8,10,19,1,0,14,16,2,17,11,18,15,12,13,24,34,26,25,29,38,33,30,32,22,37,36,31,28,27,21,23,20,35|1,1,1,1,1,1,1,1,1,1,1,1,1,1,1,1,1,1,1,1,1,1,1,1,1,1,-1,-1,-1,1,1,1,1,1,1,-1,1,1,1|./seeds/seed_002.txt
6,5,3,4,7,9,8,10,19,14,16,11,2,0,18,17,12,1,15,13,24,25,26,34,29,38,35,22,37,36,31,28,21,27,20,30,23,32,33|1,1,1,1,1,1,1,1,1,1,1,1,1,1,1,1,1,1,1,1,1,1,1,1,1,1,1,1,1,1,1,1,1,1,1,1,1,1,1|./seeds/seed_000.txt
14,19,4,27,30,28,33,21,23,20,32,31,36,22,6,1,37,0,35,3,2,38,9,11,24,7,26,25,18,34,29,15,12,13,16,5,17,10,8|1,1,1,-1,-1,-1,-1,-1,-1,-1,-1,-1,-1,-1,1,1,-1,1,-1,1,-1,-1,1,1,1,1,1,1,1,1,1,1,1,1,1,1,1,-1,-1|./seeds/seed_002.txt
14,19,4,21,28,27,30,23,20,36,6,22,32,33,31,9,37,7,35,38,24,25,26,34,29,2,11,3,1,0,5,10,18,15,8,12,16,13,17|1,1,1,-1,-1,-1,-1,-1,-1,-1,1,-1,-1,-1,-1,1,-1,1,-1,-1,1,1,1,1,1,-1,1,1,1,1,1,-1,1,1,1,1,1,1,-1|./seeds/seed_005.txt
0,1,2,5,4,6,3,9,8,7,10,14,19,11,18,12,16,15,34,13,17,25,26,24,23,29,32,20,28,33,21,22,35,31,27,36,30,37,38|1,1,1,1,1,1,1,1,1,1,1,1,1,1,1,1,1,1,1,1,1,1,1,1,-1,1,-1,-1,-1,-1,-1,-1,-1,-1,-1,-1,-1,-1,-1|./seeds/seed_002.txt
5,6,4,3,2,0,7,8,1,19,9,14,10,11,18,16,12,15,17,13,25,34,26,24,29,38,27,37,36,35,30,28,21,22,20,31,32,33,23|1,1,1,1,1,1,1,1,1,1,1,1,1,1,1,1,1,1,1,1,1,1,1,1,1,1,1,1,1,1,1,1,1,1,1,1,1,1,1|./seeds/seed_005.txt
21,28,33,0,37,31,27,1,35,23,36,20,30,38,22,19,32,25,26,9,14,11,24,29,34,16,8,7,10,18,15,12,2,13,17,4,5,3,6|1,1,1,1,1,1,1,1,1,1,1,1,1,1,1,-1,1,1,1,-1,-1,-1,1,1,1,-1,-1,-1,-1,-1,-1,-1,1,-1,-1,-1,-1,-1,-1|./seeds/seed_006.txt
28,21,37,31,35,27,33,36,23,20,38,30,32,22,25,26,24,9,34,29,0,1,19,14,8,7,4,6,5,11,10,3,16,12,2,18,17,15,13|1,1,1,1,1,1,1,1,1,1,1,1,1,1,1,1,1,-1,1,1,1,1,-1,-1,-1,-1,-1,-1,-1,-1,-1,-1,-1,-1,1,-1,1,-1,-1|./seeds/seed_005.txt
4,6,9,5,23,32,28,21,27,33,31,30,35,36,22,20,38,37,7,1,0,3,2,19,14,8,10,17,25,15,13,26,29,18,24,12,16,34,11|1,1,1,1,-1,-1,-1,-1,-1,-1,-1,-1,-1,-1,-1,-1,-1,-1,1,1,1,1,1,1,1,1,1,-1,-1,-1,-1,-1,-1,-1,-1,-1,-1,-1,-1|./seeds/seed_000.txt
4,6,9,5,28,21,23,27,32,33,30,31,22,20,36,35,38,37,7,19,1,0,14,3,2,8,10,17,25,26,15,29,13,18,34,12,24,16,11|1,1,1,1,-1,-1,-1,-1,-1,-1,-1,-1,-1,-1,-1,-1,-1,-1,1,1,1,1,1,1,1,1,1,-1,-1,-1,-1,-1,-1,-1,-1,-1,-1,-1,-1|./seeds/seed_005.txt
6,4,14,19,9,5,7,28,21,27,22,30,23,20,31,37,33,36,32,35,38,8,3,1,29,0,26,24,34,25,11,18,12,15,17,16,2,13,10|1,1,1,1,1,1,1,-1,-1,-1,-1,-1,-1,-1,-1,-1,-1,-1,-1,-1,-1,1,1,-1,1,-1,1,1,1,1,1,1,1,1,1,1,1,1,1|./seeds/seed_000.txt
6,4,14,19,9,5,7,28,27,21,22,23,30,20,31,37,33,36,32,35,38,8,3,1,0,29,26,11,24,34,25,18,12,15,17,16,2,13,10|1,1,1,1,1,1,1,-1,-1,-1,-1,-1,-1,-1,-1,-1,-1,-1,-1,-1,-1,1,1,-1,-1,1,1,1,1,1,1,1,1,1,1,1,1,1,1|./seeds/seed_005.txt
21,38,31,33,35,32,20,27,36,37,30,28,22,5,23,4,2,25,26,6,9,24,34,29,3,0,1,8,17,15,13,7,16,12,18,10,11,14,19|-1,-1,-1,-1,-1,-1,-1,-1,-1,-1,-1,-1,-1,1,-1,1,1,-1,-1,1,1,-1,-1,-1,1,1,1,1,-1,-1,-1,1,-1,-1,-1,1,-1,1,1|./seeds/seed_006.txt
21,38,31,20,35,28,33,37,32,27,30,22,36,23,26,25,5,4,9,24,6,34,29,2,3,8,17,7,15,12,16,13,0,1,14,18,19,10,11|-1,-1,-1,-1,-1,-1,-1,-1,-1,-1,-1,-1,-1,-1,-1,-1,1,1,1,-1,1,-1,-1,1,1,1,-1,1,-1,-1,-1,-1,1,1,1,-1,1,1,-1|./seeds/seed_005.txt
4,6,5,2,9,3,7,30,21,28,27,32,1,31,8,33,22,36,23,37,20,0,35,38,14,19,10,15,17,25,13,12,29,24,18,34,11,26,16|1,1,1,1,1,1,1,-1,-1,-1,-1,-1,1,-1,1,-1,-1,-1,-1,-1,-1,1,-1,-1,1,1,1,-1,-1,-1,-1,-1,-1,-1,1,-1,1,1,-1|./seeds/seed_001.txt
4,6,5,2,9,3,7,8,30,21,28,27,31,32,33,22,36,20,23,37,35,38,1,0,19,14,10,15,17,25,13,12,18,24,29,11,34,16,26|1,1,1,1,1,1,1,1,-1,-1,-1,-1,-1,-1,-1,-1,-1,-1,-1,-1,-1,-1,1,1,1,1,1,-1,-1,-1,-1,-1,1,-1,-1,1,-1,1,1|./seeds/seed_007.txt
0,1,9,19,8,7,14,10,11,16,18,28,13,33,15,31,12,35,22,37,27,30,36,38,20,21,32,17,23,2,26,25,3,6,24,34,5,29,4|-1,-1,1,1,1,1,1,1,1,1,1,-1,1,-1,1,-1,1,-1,-1,-1,-1,-1,-1,-1,-1,-1,-1,1,-1,-1,-1,-1,1,1,-1,-1,1,-1,1|./seeds/seed_004.txt
28,33,27,23,22,37,21,35,30,0,1,36,38,31,20,26,32,19,9,25,14,24,34,11,29,8,7,18,16,10,15,13,2,12,17,3,4,6,5|-1,-1,-1,-1,-1,-1,-1,-1,-1,-1,-1,-1,-1,-1,-1,-1,-1,1,1,-1,1,-1,-1,1,-1,1,1,1,1,1,1,1,-1,1,1,1,1,1,1|./seeds/seed_006.txt
6,4,5,14,19,9,7,0,1,11,3,21,30,8,22,31,27,28,15,18,23,20,33,36,17,12,29,37,32,16,13,38,26,35,24,25,34,10,2|1,1,1,1,1,1,1,-1,-1,1,1,-1,-1,1,-1,-1,-1,-1,1,1,-1,-1,-1,-1,1,1,1,-1,-1,1,1,-1,1,-1,1,1,1,1,-1|./seeds/seed_007.txt
6,14,19,4,5,9,7,1,11,0,21,15,30,22,18,27,17,28,23,31,12,3,33,36,20,16,29,37,8,32,13,26,24,34,25,38,35,10,2|1,1,1,1,1,1,1,-1,1,-1,-1,1,-1,-1,1,-1,1,-1,-1,-1,1,1,-1,-1,-1,1,1,-1,1,-1,1,1,1,1,1,-1,-1,1,-1|./seeds/seed_001.txt
5,6,19,11,14,13,17,15,16,12,18,4,7,3,9,25,29,8,1,0,26,34,24,38,20,35,10,30,23,28,22,31,37,32,36,21,27,33,2|-1,-1,-1,-1,-1,-1,-1,-1,-1,-1,-1,-1,-1,-1,-1,-1,-1,-1,1,1,-1,-1,-1,-1,-1,-1,-1,-1,-1,-1,-1,-1,-1,-1,-1,-1,-1,-1,-1|./seeds/seed_007.txt
5,6,19,17,13,11,4,16,14,15,12,18,3,1,0,9,7,25,8,29,34,24,26,38,10,20,23,35,30,28,37,22,36,32,31,27,21,33,2|-1,-1,-1,-1,-1,-1,-1,-1,-1,-1,-1,-1,-1,1,1,-1,-1,-1,-1,-1,-1,-1,-1,-1,-1,-1,-1,-1,-1,-1,-1,-1,-1,-1,-1,-1,-1,-1,-1|./seeds/seed_002.txt
0,1,12,25,14,11,18,16,19,15,2,29,6,13,17,26,5,34,24,4,38,22,35,21,20,31,36,28,32,30,37,23,33,27,7,3,9,8,10|-1,-1,-1,-1,-1,-1,-1,-1,-1,-1,-1,-1,-1,-1,-1,-1,-1,-1,-1,-1,-1,-1,-1,-1,-1,-1,-1,-1,-1,-1,-1,-1,-1,-1,-1,-1,-1,-1,-1|./seeds/seed_006.txt
0,1,2,5,6,4,14,25,12,19,29,11,16,26,34,18,24,17,13,15,38,22,31,35,36,30,32,28,20,21,3,37,33,27,7,23,9,10,8|-1,-1,-1,-1,-1,-1,-1,-1,-1,-1,-1,-1,-1,-1,-1,-1,-1,-1,-1,-1,-1,-1,-1,-1,-1,-1,-1,-1,-1,-1,-1,-1,-1,-1,-1,-1,-1,1,-1|./seeds/seed_001.txt
2,5,4,6,3,8,9,7,10,0,1,19,14,12,11,17,18,13,15,16,24,29,26,34,25,32,21,31,36,38,33,23,37,28,20,27,30,35,22|-1,-1,-1,-1,-1,-1,-1,-1,-1,-1,-1,-1,-1,-1,-1,-1,-1,-1,-1,-1,-1,-1,-1,-1,-1,1,1,1,1,-1,1,1,1,-1,-1,1,-1,-1,1|./seeds/seed_002.txt
6,5,4,3,2,7,8,9,14,10,19,18,12,11,15,17,16,13,1,0,24,25,29,26,34,38,35,28,20,37,30,27,21,36,23,22,33,31,32|-1,-1,-1,-1,-1,-1,-1,-1,-1,-1,-1,-1,-1,-1,-1,-1,-1,-1,-1,-1,-1,-1,-1,-1,-1,-1,-1,-1,-1,-1,-1,-1,-1,-1,-1,-1,-1,-1,-1|./seeds/seed_005.txt
7,9,8,10,14,19,11,6,15,16,17,18,13,12,1,0,5,25,29,4,24,26,3,34,38,35,20,32,37,36,30,28,23,27,33,21,31,22,2|1,1,1,1,1,1,1,1,1,1,1,1,1,1,-1,-1,1,1,1,1,1,1,1,1,1,1,1,1,1,1,1,1,1,1,1,1,1,1,1|./seeds/seed_001.txt
7,8,9,14,10,11,19,15,18,16,6,17,12,13,25,24,5,29,26,34,4,3,1,38,35,0,32,20,36,30,37,27,31,28,23,21,33,22,2|1,1,1,1,1,1,1,1,1,1,1,1,1,1,1,1,1,1,1,1,1,1,-1,1,1,-1,1,1,1,1,1,1,1,1,1,1,1,1,1|./seeds/seed_006.txt
15,17,11,18,12,16,1,19,0,14,25,13,24,29,34,36,26,38,3,28,4,31,21,37,20,35,22,32,23,30,27,33,5,6,2,7,9,10,8|1,1,1,1,1,1,1,1,1,1,1,1,1,1,1,1,1,1,1,1,1,1,1,1,1,1,1,1,1,1,1,1,1,1,-1,1,-1,1,-1|./seeds/seed_004.txt
15,1,0,17,11,18,12,14,19,16,25,13,24,29,34,4,3,26,36,28,38,31,37,21,23,35,22,32,20,30,27,33,2,5,6,7,8,10,9|1,1,1,1,1,1,1,1,1,1,1,1,1,1,1,1,1,1,1,1,1,1,1,1,1,1,1,1,1,1,1,1,-1,1,1,1,-1,1,-1|./seeds/seed_002.txt
7,9,8,10,6,1,14,19,0,11,16,15,18,5,17,13,12,4,3,25,29,24,34,26,38,35,32,20,37,30,36,23,28,27,33,21,22,31,2|1,1,1,1,1,-1,1,1,-1,1,1,1,1,1,1,1,1,1,1,1,1,1,1,1,1,1,1,1,1,1,1,1,1,1,1,1,1,1,-1|./seeds/seed_004.txt
7,8,9,6,14,10,18,11,19,16,15,5,12,17,13,4,3,25,29,24,26,34,38,2,35,20,37,32,30,36,28,31,22,21,33,27,23,1,0|1,1,1,1,1,1,1,1,1,1,1,1,1,1,1,1,1,1,1,1,1,1,1,1,1,1,1,1,1,1,1,1,1,1,1,1,1,-1,-1|./seeds/seed_005.txt
14,19,4,6,20,27,21,23,30,28,1,33,0,32,31,36,22,3,2,24,9,37,7,35,11,26,25,38,18,34,29,15,12,13,16,17,5,10,8|1,1,1,1,-1,-1,-1,-1,-1,-1,1,-1,1,-1,-1,-1,-1,1,-1,1,1,-1,1,-1,1,1,1,-1,1,1,1,1,1,1,1,1,1,-1,-1|./seeds/seed_003.txt
14,19,4,21,28,27,30,36,23,20,33,32,6,22,31,9,37,35,7,38,24,25,26,34,29,1,3,2,0,11,5,10,18,15,13,12,8,16,17|1,1,1,-1,-1,-1,-1,-1,-1,-1,-1,-1,1,-1,-1,1,-1,-1,1,-1,1,1,1,1,1,1,1,-1,1,1,1,-1,1,1,1,1,1,1,-1|./seeds/seed_000.txt
21,28,37,35,33,31,23,20,27,36,38,30,32,22,25,26,24,29,9,34,0,1,19,14,8,7,4,6,10,11,5,2,16,18,12,3,13,15,17|1,1,1,1,1,1,1,1,1,1,1,1,1,1,1,1,1,1,-1,1,1,1,-1,-1,-1,-1,-1,-1,-1,-1,-1,1,-1,-1,-1,-1,-1,-1,1|./seeds/seed_000.txt
1,0,19,9,11,14,8,10,7,16,15,18,31,12,13,21,28,17,33,27,36,35,38,37,20,30,22,32,23,2,25,26,34,24,29,3,6,5,4|1,1,-1,-1,-1,-1,-1,-1,-1,-1,-1,-1,1,-1,-1,1,1,-1,1,1,1,1,1,1,1,1,1,1,1,1,1,1,1,1,1,-1,-1,-1,-1|./seeds/seed_007.txt
6,5,19,4,16,17,11,14,15,18,13,12,7,3,0,1,9,24,29,26,34,25,8,38,20,23,10,36,35,37,32,33,31,28,30,21,27,22,2|1,1,1,1,1,1,1,1,1,1,1,1,1,1,-1,-1,1,1,1,1,1,1,1,1,1,1,1,1,1,1,1,1,1,1,1,1,1,1,-1|./seeds/seed_003.txt
5,6,17,11,15,4,16,18,19,14,12,13,3,7,9,29,34,24,25,26,1,8,0,38,10,35,23,20,36,32,28,30,21,31,33,37,22,27,2|1,1,1,1,1,1,1,1,1,1,1,1,1,1,1,1,1,1,1,1,-1,1,-1,1,1,1,1,1,1,1,1,1,1,1,1,1,1,1,1|./seeds/seed_004.txt
4,6,5,9,2,28,21,30,27,7,32,23,31,22,36,33,20,3,37,35,38,1,8,0,14,19,10,17,25,15,13,12,24,29,34,26,16,18,11|1,1,1,1,1,-1,-1,-1,-1,1,-1,-1,-1,-1,-1,-1,-1,1,-1,-1,-1,1,1,1,1,1,1,-1,-1,-1,-1,-1,-1,-1,-1,-1,-1,-1,-1|./seeds/seed_006.txt
4,6,5,2,9,3,7,8,21,30,31,32,28,33,27,36,22,20,35,23,37,38,1,0,19,10,14,15,17,25,13,24,29,12,18,11,16,26,34|1,1,1,1,1,1,1,1,-1,-1,-1,-1,-1,-1,-1,-1,-1,-1,-1,-1,-1,-1,1,1,1,1,1,-1,-1,-1,-1,-1,-1,-1,1,1,1,1,-1|./seeds/seed_003.txt
0,1,2,5,4,32,21,6,23,31,33,38,35,27,36,28,20,3,30,22,37,25,9,26,24,34,29,8,7,17,10,15,13,16,12,14,18,11,19|1,1,1,1,1,-1,-1,1,-1,-1,-1,-1,-1,-1,-1,-1,-1,1,-1,-1,-1,-1,1,-1,-1,-1,-1,1,1,-1,1,-1,-1,-1,-1,1,-1,-1,1|./seeds/seed_002.txt
31,36,21,38,35,23,33,27,28,32,20,37,30,22,25,5,4,26,9,24,6,29,1,34,0,2,3,17,8,15,7,13,12,16,18,14,11,10,19|-1,-1,-1,-1,-1,-1,-1,-1,-1,-1,-1,-1,-1,-1,-1,1,1,-1,1,-1,1,-1,1,-1,1,1,1,-1,1,-1,1,-1,-1,-1,-1,1,-1,1,1|./seeds/seed_000.txt
21,38,31,20,35,28,33,37,32,27,30,22,36,23,26,25,5,4,9,24,6,34,29,2,3,8,17,7,15,12,16,13,0,1,14,18,19,10,11|-1,-1,-1,-1,-1,-1,-1,-1,-1,-1,-1,-1,-1,-1,-1,-1,1,1,1,-1,1,-1,-1,1,1,1,-1,1,-1,-1,-1,-1,1,1,1,-1,1,1,-1|./seeds/seed_005.txt
2,5,4,21,38,33,35,31,3,32,20,36,30,27,6,37,22,28,23,26,9,25,0,34,24,29,1,8,7,10,17,15,13,16,12,18,11,14,19|1,1,1,-1,-1,-1,-1,-1,1,-1,-1,-1,-1,-1,1,-1,-1,-1,-1,-1,1,-1,1,-1,-1,-1,1,1,1,1,-1,-1,-1,-1,-1,-1,-1,1,1|./seeds/seed_007.txt
4,6,5,2,9,3,7,8,21,30,31,32,28,33,27,36,22,20,35,23,37,38,1,0,19,10,14,15,17,25,13,24,29,12,18,11,16,26,34|1,1,1,1,1,1,1,1,-1,-1,-1,-1,-1,-1,-1,-1,-1,-1,-1,-1,-1,-1,1,1,1,1,1,-1,-1,-1,-1,-1,-1,-1,1,1,1,1,-1|./seeds/seed_003.txt
4,6,9,5,28,21,30,23,7,27,31,20,32,33,22,36,35,37,38,3,14,19,2,8,1,0,10,17,15,13,25,12,29,24,16,18,26,34,11|1,1,1,1,-1,-1,-1,-1,1,-1,-1,-1,-1,-1,-1,-1,-1,-1,-1,1,1,1,1,1,1,1,1,-1,-1,-1,-1,-1,-1,-1,-1,-1,-1,-1,-1|./seeds/seed_000.txt
4,6,5,2,9,3,7,8,21,30,27,28,31,32,33,36,20,22,35,23,37,38,19,1,14,10,0,15,17,25,13,24,11,18,12,29,16,34,26|1,1,1,1,1,1,1,1,-1,-1,-1,-1,-1,-1,-1,-1,-1,-1,-1,-1,-1,-1,1,1,1,1,1,-1,-1,-1,-1,-1,1,1,-1,-1,1,-1,1|./seeds/seed_004.txt
4,6,5,2,9,3,7,8,21,30,31,28,27,32,33,36,22,23,20,37,35,38,19,1,14,10,0,15,17,25,11,13,18,16,26,24,29,34,12|1,1,1,1,1,1,1,1,-1,-1,-1,-1,-1,-1,-1,-1,-1,-1,-1,-1,-1,-1,1,1,1,1,1,-1,-1,-1,1,-1,1,1,1,-1,-1,-1,-1|./seeds/seed_002.txt
2,5,4,31,38,21,33,35,32,30,27,37,36,3,20,22,28,23,6,26,0,25,1,9,24,29,34,8,7,17,10,15,13,16,12,18,11,14,19|1,1,1,-1,-1,-1,-1,-1,-1,-1,-1,-1,-1,1,-1,-1,-1,-1,1,-1,1,-1,1,1,-1,-1,-1,1,1,-1,1,-1,-1,-1,-1,-1,-1,1,1|./seeds/seed_001.txt
21,38,31,33,35,32,20,27,36,37,30,28,22,5,23,4,2,25,26,6,9,24,34,29,3,0,1,8,17,15,13,7,16,12,18,10,11,14,19|-1,-1,-1,-1,-1,-1,-1,-1,-1,-1,-1,-1,-1,1,-1,1,1,-1,-1,1,1,-1,-1,-1,1,1,1,1,-1,-1,-1,1,-1,-1,-1,1,-1,1,1|./seeds/seed_006.txt
6,5,4,3,9,7,8,10,1,0,19,14,16,17,11,18,15,2,12,13,24,34,26,25,29,38,32,33,30,22,37,36,27,31,23,35,21,20,28|1,1,1,1,1,1,1,1,1,1,1,1,1,1,1,1,1,1,1,1,1,1,1,1,1,1,-1,-1,-1,1,1,1,1,1,1,-1,-1,1,-1|./seeds/seed_003.txt
6,5,3,4,7,9,8,19,10,14,16,11,18,17,12,15,13,2,0,1,24,25,34,26,29,38,35,22,37,36,27,31,21,28,20,30,23,32,33|1,1,1,1,1,1,1,1,1,1,1,1,1,1,1,1,1,1,1,1,1,1,1,1,1,1,1,1,1,1,1,1,1,1,1,1,1,1,1|./seeds/seed_005.txt
0,1,2,12,14,25,29,16,11,5,34,26,18,24,19,15,17,13,4,38,6,22,31,35,20,36,21,32,28,33,37,30,27,10,8,23,3,9,7|-1,-1,-1,-1,-1,-1,-1,-1,-1,-1,-1,-1,-1,-1,-1,-1,-1,-1,-1,-1,-1,-1,-1,-1,-1,-1,-1,-1,-1,-1,-1,-1,-1,1,1,-1,-1,1,1|./seeds/seed_004.txt
0,12,25,1,11,26,17,15,29,16,34,18,13,24,14,38,19,35,20,21,31,2,28,22,6,32,36,23,5,37,27,30,33,4,7,3,8,9,10|-1,-1,-1,-1,-1,-1,-1,-1,-1,-1,-1,-1,-1,-1,-1,-1,-1,-1,-1,-1,-1,-1,-1,-1,-1,-1,-1,-1,-1,-1,-1,-1,-1,-1,-1,-1,-1,-1,-1|./seeds/seed_000.txt
5,2,4,6,3,33,21,38,31,32,20,35,9,27,30,36,28,22,37,23,26,25,8,24,0,34,7,1,29,10,17,15,16,13,12,14,18,19,11|1,1,1,1,1,-1,-1,-1,-1,-1,-1,-1,1,-1,-1,-1,-1,-1,-1,-1,-1,-1,1,-1,1,-1,1,1,-1,1,-1,-1,-1,-1,-1,1,-1,1,-1|./seeds/seed_004.txt
5,2,4,6,3,9,21,33,31,38,32,35,36,28,20,27,30,37,22,23,8,7,26,25,0,1,34,10,24,29,17,14,15,19,16,13,12,18,11|1,1,1,1,1,1,-1,-1,-1,-1,-1,-1,-1,-1,-1,-1,-1,-1,-1,-1,1,1,-1,-1,1,1,-1,1,-1,-1,-1,1,-1,1,-1,-1,-1,-1,-1|./seeds/seed_002.txt
1,0,2,4,6,5,3,9,32,7,23,33,31,21,30,27,28,38,36,22,20,37,35,8,14,10,19,17,13,15,16,29,25,12,26,18,34,24,11|1,1,1,1,1,1,1,1,-1,1,-1,-1,-1,-1,-1,-1,-1,-1,-1,-1,-1,-1,-1,1,1,1,1,-1,-1,-1,-1,-1,-1,-1,-1,-1,-1,-1,-1|./seeds/seed_002.txt
1,0,2,4,6,5,3,9,7,32,23,21,31,33,30,27,28,36,22,38,20,35,37,8,14,10,19,17,13,15,16,29,25,12,18,26,34,24,11|1,1,1,1,1,1,1,1,1,-1,-1,-1,-1,-1,-1,-1,-1,-1,-1,-1,-1,-1,-1,1,1,1,1,-1,-1,-1,-1,-1,-1,-1,-1,-1,-1,-1,-1|./seeds/seed_003.txt
21,38,31,33,35,32,20,28,27,37,22,30,23,36,5,25,4,26,9,6,24,29,34,2,3,8,17,7,15,1,0,16,13,12,18,14,10,19,11|-1,-1,-1,-1,-1,-1,-1,-1,-1,-1,-1,-1,-1,-1,1,-1,1,-1,1,1,-1,-1,-1,1,1,1,-1,1,-1,1,1,-1,-1,-1,-1,1,1,1,-1|./seeds/seed_000.txt
21,38,31,33,35,32,20,27,36,37,30,28,22,5,23,4,2,25,26,6,9,24,34,29,3,0,1,8,17,15,13,7,16,12,18,10,11,14,19|-1,-1,-1,-1,-1,-1,-1,-1,-1,-1,-1,-1,-1,1,-1,1,1,-1,-1,1,1,-1,-1,-1,1,1,1,1,-1,-1,-1,1,-1,-1,-1,1,-1,1,1|./seeds/seed_006.txt
25,18,15,17,11,12,16,24,38,34,26,13,29,36,31,23,28,35,37,20,27,14,22,21,33,0,32,19,30,1,3,4,7,6,2,10,8,5,9|1,1,1,1,1,1,1,1,1,1,1,1,1,1,1,1,1,1,1,1,1,1,1,1,1,1,1,1,1,1,1,1,1,1,1,1,1,1,1|./seeds/seed_005.txt
12,11,15,17,14,18,19,16,25,13,1,0,24,29,34,26,36,28,3,38,21,4,37,35,31,23,20,32,22,30,27,33,6,2,7,5,10,8,9|1,1,1,1,1,1,1,1,1,1,1,1,1,1,1,1,1,1,1,1,1,1,1,1,1,1,1,1,1,1,1,1,1,-1,1,1,1,1,1|./seeds/seed_007.txt
5,6,19,17,13,11,4,16,14,15,12,18,3,1,0,9,7,25,8,29,34,24,26,38,10,20,23,35,30,28,37,22,36,32,31,27,21,33,2|-1,-1,-1,-1,-1,-1,-1,-1,-1,-1,-1,-1,-1,1,1,-1,-1,-1,-1,-1,-1,-1,-1,-1,-1,-1,-1,-1,-1,-1,-1,-1,-1,-1,-1,-1,-1,-1,-1|./seeds/seed_002.txt
5,6,19,13,14,17,16,11,4,15,12,18,3,0,9,1,7,25,34,8,26,29,24,38,20,10,35,23,37,22,30,28,36,32,27,31,33,21,2|-1,-1,-1,-1,-1,-1,-1,-1,-1,-1,-1,-1,-1,1,-1,1,-1,-1,-1,-1,-1,-1,-1,-1,-1,-1,-1,-1,-1,-1,-1,-1,-1,-1,-1,-1,-1,-1,1|./seeds/seed_003.txt
14,19,4,6,20,27,21,23,30,28,1,33,0,32,31,36,22,3,2,24,9,37,7,35,11,26,25,38,18,34,29,15,12,13,16,17,5,10,8|1,1,1,1,-1,-1,-1,-1,-1,-1,1,-1,1,-1,-1,-1,-1,1,-1,1,1,-1,1,-1,1,1,1,-1,1,1,1,1,1,1,1,1,1,-1,-1|./seeds/seed_003.txt
14,19,4,21,28,27,30,23,20,36,6,22,32,33,31,9,37,7,35,38,24,25,26,34,29,2,11,3,1,0,5,10,18,15,8,12,16,13,17|1,1,1,-1,-1,-1,-1,-1,-1,-1,1,-1,-1,-1,-1,1,-1,1,-1,-1,1,1,1,1,1,-1,1,1,1,1,1,-1,1,1,1,1,1,1,-1|./seeds/seed_005.txt
25,18,15,17,11,12,16,24,38,34,26,13,29,36,31,23,28,35,37,20,27,14,22,21,33,0,32,19,30,1,3,4,7,6,2,10,8,5,9|1,1,1,1,1,1,1,1,1,1,1,1,1,1,1,1,1,1,1,1,1,1,1,1,1,1,1,1,1,1,1,1,1,1,1,1,1,1,1|./seeds/seed_005.txt
18,15,17,12,16,25,11,13,19,14,24,34,29,28,26,36,31,38,23,35,37,21,22,20,30,27,32,33,3,1,0,4,7,6,10,8,5,2,9|1,1,1,1,1,1,1,1,1,1,1,1,1,1,1,1,1,1,1,1,1,1,1,1,1,1,1,1,1,1,1,1,1,1,1,1,1,1,1|./seeds/seed_006.txt
1,0,2,5,4,32,21,35,28,27,38,31,22,23,6,20,36,33,30,37,3,9,25,26,29,8,24,34,7,10,17,15,13,14,16,12,19,18,11|-1,-1,-1,-1,-1,1,1,1,1,1,1,1,1,1,-1,1,1,1,1,1,-1,-1,1,1,1,-1,1,1,-1,-1,1,1,1,-1,1,1,-1,1,1|./seeds/seed_002.txt
35,28,21,32,27,31,20,38,37,36,33,30,23,22,25,26,4,5,29,24,34,9,0,1,6,2,3,15,8,17,13,7,12,18,16,19,14,11,10|1,1,1,1,1,1,1,1,1,1,1,1,1,1,1,1,-1,-1,1,1,1,-1,-1,-1,-1,-1,-1,1,-1,1,1,-1,1,1,1,-1,-1,1,-1|./seeds/seed_005.txt
5,6,4,3,9,7,8,10,19,1,0,14,16,2,17,11,18,15,12,13,24,34,26,25,29,38,33,30,32,22,37,36,31,28,27,21,23,20,35|1,1,1,1,1,1,1,1,1,1,1,1,1,1,1,1,1,1,1,1,1,1,1,1,1,1,-1,-1,-1,1,1,1,1,1,1,-1,1,1,1|./seeds/seed_002.txt
6,5,4,3,9,7,8,10,19,14,0,1,16,11,17,18,15,2,12,13,24,34,26,25,29,38,22,37,31,36,28,23,27,35,20,21,30,32,33|1,1,1,1,1,1,1,1,1,1,1,1,1,1,1,1,1,1,1,1,1,1,1,1,1,1,1,1,1,1,1,1,1,1,1,1,1,-1,-1|./seeds/seed_004.txt
15,17,11,18,12,16,1,19,0,14,25,13,24,29,34,36,26,38,3,28,4,31,21,37,20,35,22,32,23,30,27,33,5,6,2,7,9,10,8|1,1,1,1,1,1,1,1,1,1,1,1,1,1,1,1,1,1,1,1,1,1,1,1,1,1,1,1,1,1,1,1,1,1,-1,1,-1,1,-1|./seeds/seed_004.txt
1,0,15,17,12,11,14,19,18,25,16,13,24,29,34,26,36,4,38,3,28,31,37,21,35,23,32,22,30,20,27,2,33,6,5,7,8,9,10|1,1,1,1,1,1,1,1,1,1,1,1,1,1,1,1,1,1,1,1,1,1,1,1,1,1,1,1,1,1,1,-1,1,1,1,1,-1,-1,1|./seeds/seed_003.txt
7,9,8,10,6,1,14,19,0,11,16,15,18,5,17,13,12,4,3,25,29,24,34,26,38,35,32,20,37,30,36,23,28,27,33,21,22,31,2|1,1,1,1,1,-1,1,1,-1,1,1,1,1,1,1,1,1,1,1,1,1,1,1,1,1,1,1,1,1,1,1,1,1,1,1,1,1,1,-1|./seeds/seed_004.txt
7,8,9,6,10,14,18,11,19,16,15,12,17,13,5,3,4,29,25,24,34,26,38,35,2,20,32,36,37,30,27,28,31,21,22,23,33,1,0|1,1,1,1,1,1,1,1,1,1,1,1,1,1,1,1,1,1,1,1,1,1,1,1,1,1,1,1,1,1,1,1,1,1,1,1,1,-1,-1|./seeds/seed_000.txt
5,2,6,0,4,1,3,8,7,9,10,14,19,11,18,12,16,15,13,17,25,34,26,29,24,38,37,30,36,28,22,27,35,21,31,33,20,32,23|1,1,1,1,1,1,1,1,1,1,1,1,1,1,1,1,1,1,1,1,1,1,1,1,1,1,1,1,1,1,1,1,1,1,1,1,1,1,-1|./seeds/seed_006.txt
0,1,2,5,4,6,3,9,7,8,10,14,19,11,18,12,16,15,13,25,34,17,26,29,24,23,32,20,33,28,38,21,31,22,36,27,30,35,37|1,1,1,1,1,1,1,1,1,1,1,1,1,1,1,1,1,1,1,1,1,1,1,1,1,-1,-1,-1,-1,-1,1,-1,-1,-1,-1,-1,1,-1,1|./seeds/seed_007.txt
35,21,32,28,27,31,38,20,33,36,23,37,30,22,4,25,5,26,9,29,24,1,0,34,6,2,3,8,15,17,7,13,12,18,16,14,19,11,10|1,1,1,1,1,1,1,1,1,1,1,1,1,1,-1,1,-1,1,-1,1,1,-1,-1,1,-1,-1,-1,-1,1,1,-1,1,1,1,1,-1,-1,1,-1|./seeds/seed_000.txt
1,0,2,32,21,35,28,27,38,31,22,20,33,36,23,5,4,30,37,25,6,3,26,9,29,24,34,8,17,7,15,13,16,10,12,18,11,14,19|-1,-1,-1,1,1,1,1,1,1,1,1,1,1,1,1,-1,-1,1,1,1,-1,-1,1,-1,1,1,1,-1,1,-1,1,1,1,-1,1,1,1,-1,-1|./seeds/seed_004.txt
4,6,9,5,28,30,21,7,27,31,23,20,33,32,22,36,37,35,38,19,14,3,8,2,1,10,0,17,25,15,13,12,29,24,26,11,34,18,16|1,1,1,1,-1,-1,-1,1,-1,-1,-1,-1,-1,-1,-1,-1,-1,-1,-1,1,1,1,1,1,1,1,1,-1,-1,-1,-1,-1,-1,-1,-1,1,-1,1,1|./seeds/seed_005.txt
4,6,5,2,9,3,7,8,21,30,31,28,27,32,33,36,22,23,20,37,35,38,19,1,14,10,0,15,17,25,11,13,18,16,26,24,29,34,12|1,1,1,1,1,1,1,1,-1,-1,-1,-1,-1,-1,-1,-1,-1,-1,-1,-1,-1,-1,1,1,1,1,1,-1,-1,-1,1,-1,1,1,1,-1,-1,-1,-1|./seeds/seed_002.txt
28,33,27,23,22,37,21,35,30,0,1,36,38,31,20,26,32,19,9,25,14,24,34,11,29,8,7,18,16,10,15,13,2,12,17,3,4,6,5|-1,-1,-1,-1,-1,-1,-1,-1,-1,-1,-1,-1,-1,-1,-1,-1,-1,1,1,-1,1,-1,-1,1,-1,1,1,1,1,1,1,1,-1,1,1,1,1,1,1|./seeds/seed_006.txt
0,1,9,19,8,14,7,11,10,16,18,28,13,15,33,35,22,31,12,30,27,37,36,38,21,17,23,20,32,26,2,25,3,24,6,34,29,5,4|-1,-1,1,1,1,1,1,1,1,1,1,-1,1,1,-1,-1,-1,-1,1,-1,-1,-1,-1,-1,-1,1,-1,-1,-1,-1,-1,-1,1,-1,1,-1,-1,1,1|./seeds/seed_007.txt
6,14,4,19,5,9,7,21,28,27,30,22,23,33,20,31,36,37,32,35,38,1,0,11,3,29,8,18,15,17,12,26,24,16,34,13,25,2,10|1,1,1,1,1,1,1,-1,-1,-1,-1,-1,-1,-1,-1,-1,-1,-1,-1,-1,-1,-1,-1,1,1,1,1,1,1,1,1,1,1,1,1,1,1,-1,1|./seeds/seed_006.txt
6,4,5,14,19,9,7,0,1,3,8,21,11,28,27,31,30,22,20,33,15,23,36,32,18,17,12,37,16,29,38,13,35,26,24,25,34,10,2|1,1,1,1,1,1,1,-1,-1,1,1,-1,1,-1,-1,-1,-1,-1,-1,-1,1,-1,-1,-1,1,1,1,-1,1,1,-1,1,-1,1,1,1,1,1,-1|./seeds/seed_004.txt
1,0,2,5,4,32,21,35,28,27,38,6,20,31,23,36,22,33,30,3,37,9,25,26,8,29,24,34,7,10,17,15,13,14,16,12,11,19,18|-1,-1,-1,-1,-1,1,1,1,1,1,1,-1,1,1,1,1,1,1,1,-1,1,-1,1,1,-1,1,1,1,-1,-1,1,1,1,-1,1,1,1,-1,1|./seeds/seed_003.txt
1,0,2,32,35,21,28,4,5,31,38,27,20,30,23,33,36,37,22,25,3,26,6,29,24,34,9,8,17,15,13,12,16,7,10,18,11,14,19|-1,-1,-1,1,1,1,1,-1,-1,1,1,1,1,1,1,1,1,1,1,1,-1,1,-1,1,1,1,-1,-1,1,1,1,1,1,-1,-1,1,1,-1,1|./seeds/seed_001.txt
28,33,23,35,27,21,38,22,37,31,36,20,30,32,26,25,24,9,29,1,0,34,19,14,7,8,5,4,6,11,3,10,18,16,2,12,13,15,17|-1,-1,-1,-1,-1,-1,-1,-1,-1,-1,-1,-1,-1,-1,-1,-1,-1,1,-1,-1,-1,-1,1,1,1,1,1,1,1,1,1,1,1,1,-1,1,1,1,-1|./seeds/seed_000.txt
0,1,19,9,14,11,8,16,18,13,28,15,7,33,10,22,30,35,27,37,12,31,36,21,23,38,17,32,20,26,25,2,24,34,29,3,6,4,5|-1,-1,1,1,1,1,1,1,1,1,-1,1,1,-1,1,-1,-1,-1,-1,-1,1,-1,-1,-1,-1,-1,1,-1,-1,-1,-1,-1,-1,-1,-1,1,1,1,1|./seeds/seed_001.txt
1,0,4,2,6,5,3,9,32,23,33,28,21,30,31,27,36,35,22,38,20,37,7,8,10,14,19,17,15,13,16,25,12,29,18,26,34,11,24|1,1,1,1,1,1,1,1,-1,-1,-1,-1,-1,-1,-1,-1,-1,-1,-1,-1,-1,-1,1,1,1,1,1,-1,-1,-1,-1,-1,-1,-1,-1,-1,-1,-1,-1|./seeds/seed_001.txt
4,6,5,1,0,9,2,32,27,23,21,33,30,31,28,36,35,38,22,3,20,37,7,8,19,14,10,17,25,13,15,29,12,26,34,24,18,16,11|1,1,1,1,1,1,1,-1,-1,-1,-1,-1,-1,-1,-1,-1,-1,-1,-1,1,-1,-1,1,1,1,1,1,-1,-1,-1,-1,-1,-1,-1,-1,-1,-1,-1,-1|./seeds/seed_006.txt
19,14,7,11,9,2,0,18,13,16,1,15,12,17,10,27,8,24,28,29,25,34,30,21,31,20,23,22,33,26,37,32,5,36,35,6,38,4,3|1,1,1,1,1,-1,-1,1,1,1,-1,1,1,1,1,-1,1,1,-1,1,1,1,-1,-1,-1,-1,-1,-1,-1,1,-1,-1,-1,-1,-1,1,-1,1,1|./seeds/seed_001.txt
19,14,2,7,9,0,11,1,18,13,15,12,16,28,27,8,17,30,21,23,20,31,33,10,22,32,37,36,38,29,35,24,25,34,6,5,26,4,3|1,1,-1,1,1,-1,1,-1,1,1,1,1,1,-1,-1,1,1,-1,-1,-1,-1,-1,-1,1,-1,-1,-1,-1,-1,1,-1,1,1,1,1,-1,1,1,1|./seeds/seed_002.txt
21,28,37,35,33,31,23,20,27,36,38,30,32,22,25,26,24,29,9,34,0,1,19,14,8,7,4,6,10,11,5,2,16,18,12,3,13,15,17|1,1,1,1,1,1,1,1,1,1,1,1,1,1,1,1,1,1,-1,1,1,1,-1,-1,-1,-1,-1,-1,-1,-1,-1,1,-1,-1,-1,-1,-1,-1,1|./seeds/seed_000.txt
21,28,33,0,37,31,27,1,35,23,36,20,30,38,22,19,32,25,26,9,14,11,24,29,34,16,8,7,10,18,15,12,2,13,17,4,5,3,6|1,1,1,1,1,1,1,1,1,1,1,1,1,1,1,-1,1,1,1,-1,-1,-1,1,1,1,-1,-1,-1,-1,-1,-1,-1,1,-1,-1,-1,-1,-1,-1|./seeds/seed_006.txt
14,19,9,7,6,28,27,21,23,20,0,33,31,1,30,4,37,22,32,36,35,38,8,11,10,18,12,16,34,15,29,24,25,13,5,26,3,2,17|1,1,1,1,1,-1,-1,-1,-1,-1,-1,-1,-1,-1,-1,1,-1,-1,-1,-1,-1,-1,1,1,1,1,1,1,1,1,1,1,1,1,1,1,1,-1,1|./seeds/seed_005.txt
14,19,9,7,6,28,0,1,27,21,23,20,33,30,31,22,37,4,36,35,32,38,8,11,18,10,12,16,34,25,15,2,24,29,13,17,26,5,3|1,1,1,1,1,-1,-1,-1,-1,-1,-1,-1,-1,-1,-1,-1,-1,1,-1,-1,-1,-1,1,1,1,1,1,1,1,1,1,-1,1,1,1,1,1,1,1|./seeds/seed_000.txt
19,14,7,2,9,11,0,18,1,15,16,13,12,17,8,10,27,28,30,29,23,31,25,24,20,21,34,33,22,37,32,36,26,38,5,6,35,4,3|1,1,1,-1,1,1,-1,1,-1,1,1,1,1,1,1,1,-1,-1,-1,1,-1,-1,1,1,-1,-1,1,-1,-1,-1,-1,-1,1,-1,-1,1,-1,1,1|./seeds/seed_007.txt
19,14,2,7,9,0,11,1,18,15,13,16,12,28,27,30,8,20,21,17,31,23,10,33,22,37,32,36,38,35,24,29,34,25,6,26,5,4,3|1,1,-1,1,1,-1,1,-1,1,1,1,1,1,-1,-1,-1,1,-1,-1,1,-1,-1,1,-1,-1,-1,-1,-1,-1,-1,1,1,1,1,1,1,-1,1,1|./seeds/seed_004.txt
0,1,2,5,4,6,3,9,7,8,10,14,19,11,18,12,16,34,15,13,25,23,17,26,32,24,29,28,33,21,20,22,35,31,30,27,36,37,38|1,1,1,1,1,1,1,1,1,1,1,1,1,1,1,1,1,1,1,1,1,-1,1,1,-1,1,1,-1,-1,-1,-1,-1,-1,-1,-1,-1,-1,-1,-1|./seeds/seed_003.txt
5,6,4,3,2,0,7,8,1,19,9,14,10,11,18,16,12,15,17,13,25,34,26,24,29,38,27,37,36,35,30,28,21,22,20,31,32,33,23|1,1,1,1,1,1,1,1,1,1,1,1,1,1,1,1,1,1,1,1,1,1,1,1,1,1,1,1,1,1,1,1,1,1,1,1,1,1,1|./seeds/seed_005.txt
0,1,19,14,9,7,11,8,18,15,16,10,13,12,17,6,2,28,27,4,33,31,23,21,30,20,36,22,24,25,37,32,29,35,34,26,38,3,5|-1,-1,1,1,1,1,1,1,1,1,1,1,1,1,1,1,-1,-1,-1,1,-1,-1,-1,-1,-1,-1,-1,-1,1,1,-1,-1,1,-1,1,1,-1,1,1|./seeds/seed_004.txt
0,1,19,14,7,9,11,2,8,13,18,15,16,10,17,12,6,28,21,27,31,30,23,33,20,4,36,22,37,32,24,35,25,34,29,38,26,3,5|-1,-1,1,1,1,1,1,-1,1,1,1,1,1,1,1,1,1,-1,-1,-1,-1,-1,-1,-1,-1,1,-1,-1,-1,-1,1,-1,1,1,1,-1,1,1,1|./seeds/seed_003.txt
0,1,9,19,8,7,14,10,11,28,16,18,33,31,15,22,13,30,35,37,27,21,38,12,36,20,32,23,17,2,26,25,3,6,24,34,5,29,4|-1,-1,1,1,1,1,1,1,1,-1,1,1,-1,-1,1,-1,1,-1,-1,-1,-1,-1,-1,1,-1,-1,-1,-1,1,-1,-1,-1,1,1,-1,-1,1,-1,1|./seeds/seed_002.txt
28,33,23,35,27,21,38,22,37,31,36,20,30,32,26,25,24,9,29,1,0,34,19,14,7,8,5,4,6,11,3,10,18,16,2,12,13,15,17|-1,-1,-1,-1,-1,-1,-1,-1,-1,-1,-1,-1,-1,-1,-1,-1,-1,1,-1,-1,-1,-1,1,1,1,1,1,1,1,1,1,1,1,1,-1,1,1,1,-1|./seeds/seed_000.txt
5,6,4,3,9,7,8,10,19,1,0,14,16,2,17,11,18,15,12,13,24,34,26,25,29,38,33,30,32,22,37,36,31,28,27,21,23,20,35|1,1,1,1,1,1,1,1,1,1,1,1,1,1,1,1,1,1,1,1,1,1,1,1,1,1,-1,-1,-1,1,1,1,1,1,1,-1,1,1,1|./seeds/seed_002.txt
6,5,3,4,7,9,8,19,10,14,16,11,18,17,12,15,13,2,0,1,24,25,34,26,29,38,35,22,37,36,27,31,21,28,20,30,23,32,33|1,1,1,1,1,1,1,1,1,1,1,1,1,1,1,1,1,1,1,1,1,1,1,1,1,1,1,1,1,1,1,1,1,1,1,1,1,1,1|./seeds/seed_005.txt
1,0,2,4,6,5,3,9,32,7,23,33,31,21,30,27,28,38,36,22,20,37,35,8,14,10,19,17,13,15,16,29,25,12,26,18,34,24,11|1,1,1,1,1,1,1,1,-1,1,-1,-1,-1,-1,-1,-1,-1,-1,-1,-1,-1,-1,-1,1,1,1,1,-1,-1,-1,-1,-1,-1,-1,-1,-1,-1,-1,-1|./seeds/seed_002.txt
4,6,9,5,28,21,23,27,32,33,30,31,22,20,36,35,38,37,7,19,1,0,14,3,2,8,10,17,25,26,15,29,13,18,34,12,24,16,11|1,1,1,1,-1,-1,-1,-1,-1,-1,-1,-1,-1,-1,-1,-1,-1,-1,1,1,1,1,1,1,1,1,1,-1,-1,-1,-1,-1,-1,-1,-1,-1,-1,-1,-1|./seeds/seed_005.txt
5,4,6,2,3,9,8,7,10,14,19,1,0,16,12,11,17,18,15,13,24,25,29,34,26,33,38,22,27,37,32,31,36,21,35,23,30,28,20|1,1,1,1,1,1,1,1,1,1,1,1,1,1,1,1,1,1,1,1,1,1,1,1,1,-1,1,1,-1,1,-1,-1,1,-1,1,-1,-1,1,-1|./seeds/seed_002.txt
5,6,4,3,2,7,8,9,10,14,19,16,1,12,11,0,18,17,15,13,24,25,29,26,34,22,38,36,37,35,28,30,20,23,21,31,27,32,33|1,1,1,1,1,1,1,1,1,1,1,1,1,1,1,1,1,1,1,1,1,1,1,1,1,1,1,1,1,1,1,1,1,1,1,1,1,1,-1|./seeds/seed_007.txt
4,6,5,2,9,3,7,8,21,30,31,28,27,32,33,36,22,23,20,37,35,38,19,1,14,10,0,15,17,25,11,13,18,16,26,24,29,34,12|1,1,1,1,1,1,1,1,-1,-1,-1,-1,-1,-1,-1,-1,-1,-1,-1,-1,-1,-1,1,1,1,1,1,-1,-1,-1,1,-1,1,1,1,-1,-1,-1,-1|./seeds/seed_002.txt
4,6,5,2,9,3,7,30,21,28,27,32,1,31,8,33,22,36,23,37,20,0,35,38,14,19,10,15,17,25,13,12,29,24,18,34,11,26,16|1,1,1,1,1,1,1,-1,-1,-1,-1,-1,1,-1,1,-1,-1,-1,-1,-1,-1,1,-1,-1,1,1,1,-1,-1,-1,-1,-1,-1,-1,1,-1,1,1,-1|./seeds/seed_001.txt
14,19,4,27,28,30,20,23,33,21,32,31,36,22,6,1,37,35,9,2,0,38,7,11,3,24,26,25,34,18,29,12,15,13,16,17,10,5,8|1,1,1,-1,-1,-1,-1,-1,-1,-1,-1,-1,-1,-1,1,1,-1,-1,1,-1,1,-1,1,1,1,1,1,1,1,1,1,1,1,1,1,1,-1,1,-1|./seeds/seed_004.txt
14,19,4,6,20,27,21,23,30,28,1,33,0,32,31,36,22,3,2,24,9,37,7,35,11,26,25,38,18,34,29,15,12,13,16,17,5,10,8|1,1,1,1,-1,-1,-1,-1,-1,-1,1,-1,1,-1,-1,-1,-1,1,-1,1,1,-1,1,-1,1,1,1,-1,1,1,1,1,1,1,1,1,1,-1,-1|./seeds/seed_003.txt
0,1,9,19,8,7,14,10,11,16,18,28,13,33,15,31,12,35,22,37,27,30,36,38,20,21,32,17,23,2,26,25,3,6,24,34,5,29,4|-1,-1,1,1,1,1,1,1,1,1,1,-1,1,-1,1,-1,1,-1,-1,-1,-1,-1,-1,-1,-1,-1,-1,1,-1,-1,-1,-1,1,1,-1,-1,1,-1,1|./seeds/seed_004.txt
0,1,9,8,19,7,10,14,11,28,31,33,16,30,18,22,35,13,15,37,27,21,38,32,12,20,23,2,36,26,17,25,24,3,34,6,29,5,4|-1,-1,1,1,1,1,1,1,1,-1,-1,-1,1,-1,1,-1,-1,1,1,-1,-1,-1,-1,-1,1,-1,-1,-1,-1,-1,1,-1,-1,1,-1,1,-1,1,1|./seeds/seed_003.txt
4,6,5,2,9,3,7,8,21,30,27,28,31,32,33,36,20,22,35,23,37,38,19,1,14,10,0,15,17,25,13,24,11,18,12,29,16,34,26|1,1,1,1,1,1,1,1,-1,-1,-1,-1,-1,-1,-1,-1,-1,-1,-1,-1,-1,-1,1,1,1,1,1,-1,-1,-1,-1,-1,1,1,-1,-1,1,-1,1|./seeds/seed_004.txt
4,6,5,2,9,3,7,8,30,21,28,27,31,32,33,22,36,20,23,37,35,38,1,0,19,14,10,15,17,25,13,12,18,24,29,11,34,16,26|1,1,1,1,1,1,1,1,-1,-1,-1,-1,-1,-1,-1,-1,-1,-1,-1,-1,-1,-1,1,1,1,1,1,-1,-1,-1,-1,-1,1,-1,-1,1,-1,1,1|./seeds/seed_007.txt
0,1,2,25,14,12,26,16,29,34,24,5,11,4,18,19,13,38,15,17,6,31,22,10,20,35,8,36,21,28,32,30,37,33,27,9,23,7,3|-1,-1,-1,-1,-1,-1,-1,-1,-1,-1,-1,-1,-1,-1,-1,-1,-1,-1,-1,-1,-1,-1,-1,1,-1,-1,1,-1,-1,-1,-1,-1,-1,-1,-1,1,-1,1,-1|./seeds/seed_003.txt
12,25,0,11,17,26,1,15,16,29,18,34,24,13,38,14,19,31,21,35,20,28,36,32,6,22,2,23,27,5,37,30,33,4,7,3,8,10,9|-1,-1,-1,-1,-1,-1,-1,-1,-1,-1,-1,-1,-1,-1,-1,-1,-1,-1,-1,-1,-1,-1,-1,-1,-1,-1,-1,-1,-1,-1,-1,-1,-1,-1,-1,-1,-1,-1,-1|./seeds/seed_005.txt
2,5,6,4,3,7,8,9,10,1,0,14,19,12,18,11,15,17,13,16,24,26,29,34,25,38,35,28,20,30,22,27,37,36,23,33,21,31,32|-1,-1,-1,-1,-1,-1,-1,-1,-1,-1,-1,-1,-1,-1,-1,-1,-1,-1,-1,-1,-1,-1,-1,-1,-1,-1,-1,-1,-1,-1,-1,-1,-1,-1,-1,-1,-1,-1,-1|./seeds/seed_006.txt
6,5,2,4,3,7,8,9,10,0,1,14,19,12,11,18,15,13,17,16,24,29,26,34,25,38,35,28,20,22,30,37,27,23,36,33,31,32,21|-1,-1,-1,-1,-1,-1,-1,-1,-1,-1,-1,-1,-1,-1,-1,-1,-1,-1,-1,-1,-1,-1,-1,-1,-1,-1,-1,-1,-1,-1,-1,-1,-1,-1,-1,-1,-1,1,-1|./seeds/seed_001.txt
0,1,9,8,19,7,10,14,11,28,31,33,16,30,18,22,35,13,15,37,27,21,38,32,12,20,23,2,36,26,17,25,24,3,34,6,29,5,4|-1,-1,1,1,1,1,1,1,1,-1,-1,-1,1,-1,1,-1,-1,1,1,-1,-1,-1,-1,-1,1,-1,-1,-1,-1,-1,1,-1,-1,1,-1,1,-1,1,1|./seeds/seed_003.txt
28,33,35,38,23,21,27,37,22,31,36,20,32,30,26,25,24,9,29,0,34,1,19,14,7,8,5,6,4,11,3,18,10,16,2,12,13,17,15|-1,-1,-1,-1,-1,-1,-1,-1,-1,-1,-1,-1,-1,-1,-1,-1,-1,1,-1,-1,-1,-1,1,1,1,1,1,1,1,1,1,1,1,1,-1,1,1,-1,1|./seeds/seed_005.txt
1,0,2,32,35,21,28,4,5,31,38,27,20,30,23,33,36,37,22,25,3,26,6,29,24,34,9,8,17,15,13,12,16,7,10,18,11,14,19|-1,-1,-1,1,1,1,1,-1,-1,1,1,1,1,1,1,1,1,1,1,1,-1,1,-1,1,1,1,-1,-1,1,1,1,1,1,-1,-1,1,1,-1,1|./seeds/seed_001.txt
1,0,2,5,4,32,21,35,28,27,38,31,22,23,6,20,36,33,30,37,3,9,25,26,29,8,24,34,7,10,17,15,13,14,16,12,19,18,11|-1,-1,-1,-1,-1,1,1,1,1,1,1,1,1,1,-1,1,1,1,1,1,-1,-1,1,1,1,-1,1,1,-1,-1,1,1,1,-1,1,1,-1,1,1|./seeds/seed_002.txt
0,1,2,12,14,25,5,11,29,6,16,34,26,19,24,18,4,13,15,17,38,22,31,35,20,36,28,32,21,30,33,37,27,23,10,3,8,7,9|-1,-1,-1,-1,-1,-1,-1,-1,-1,-1,-1,-1,-1,-1,-1,-1,-1,-1,-1,-1,-1,-1,-1,-1,-1,-1,-1,-1,-1,-1,-1,-1,-1,-1,1,-1,1,-1,1|./seeds/seed_007.txt
0,1,12,25,14,11,18,16,19,15,2,29,6,13,17,26,5,34,24,4,38,22,35,21,20,31,36,28,32,30,37,23,33,27,7,3,9,8,10|-1,-1,-1,-1,-1,-1,-1,-1,-1,-1,-1,-1,-1,-1,-1,-1,-1,-1,-1,-1,-1,-1,-1,-1,-1,-1,-1,-1,-1,-1,-1,-1,-1,-1,-1,-1,-1,-1,-1|./seeds/seed_006.txt
0,1,2,5,4,32,6,31,21,23,27,33,28,38,36,35,3,20,30,22,37,9,25,26,24,29,34,8,7,10,17,15,13,16,12,14,18,11,19|1,1,1,1,1,-1,1,-1,-1,-1,-1,-1,-1,-1,-1,-1,1,-1,-1,-1,-1,1,-1,-1,-1,-1,-1,1,1,1,-1,-1,-1,-1,-1,1,-1,-1,1|./seeds/seed_003.txt
0,1,2,31,32,21,5,35,36,33,38,20,23,28,4,27,30,37,22,25,3,26,6,29,24,34,9,17,13,8,15,16,12,18,10,11,7,19,14|1,1,1,-1,-1,-1,1,-1,-1,-1,-1,-1,-1,-1,1,-1,-1,-1,-1,-1,1,-1,1,-1,-1,-1,1,-1,-1,1,-1,-1,-1,-1,1,-1,1,-1,-1|./seeds/seed_001.txt
7,9,8,10,14,19,11,6,15,16,17,18,13,12,1,0,5,25,29,4,24,26,3,34,38,35,20,32,37,36,30,28,23,27,33,21,31,22,2|1,1,1,1,1,1,1,1,1,1,1,1,1,1,-1,-1,1,1,1,1,1,1,1,1,1,1,1,1,1,1,1,1,1,1,1,1,1,1,1|./seeds/seed_001.txt
7,9,8,10,6,1,14,19,0,11,16,15,18,5,17,13,12,4,3,25,29,24,34,26,38,35,32,20,37,30,36,23,28,27,33,21,22,31,2|1,1,1,1,1,-1,1,1,-1,1,1,1,1,1,1,1,1,1,1,1,1,1,1,1,1,1,1,1,1,1,1,1,1,1,1,1,1,1,-1|./seeds/seed_004.txt
4,6,9,5,28,30,21,7,27,31,23,20,33,32,22,36,37,35,38,19,14,3,8,2,1,10,0,17,25,15,13,12,29,24,26,11,34,18,16|1,1,1,1,-1,-1,-1,1,-1,-1,-1,-1,-1,-1,-1,-1,-1,-1,-1,1,1,1,1,1,1,1,1,-1,-1,-1,-1,-1,-1,-1,-1,1,-1,1,1|./seeds/seed_005.txt
4,6,5,9,2,28,21,30,27,7,32,23,31,22,36,33,20,3,37,35,38,1,8,0,14,19,10,17,25,15,13,12,24,29,34,26,16,18,11|1,1,1,1,1,-1,-1,-1,-1,1,-1,-1,-1,-1,-1,-1,-1,1,-1,-1,-1,1,1,1,1,1,1,-1,-1,-1,-1,-1,-1,-1,-1,-1,-1,-1,-1|./seeds/seed_006.txt
6,5,2,4,3,7,8,9,10,0,1,14,19,12,11,18,15,13,17,16,24,29,26,34,25,38,35,28,20,22,30,37,27,23,36,33,31,32,21|-1,-1,-1,-1,-1,-1,-1,-1,-1,-1,-1,-1,-1,-1,-1,-1,-1,-1,-1,-1,-1,-1,-1,-1,-1,-1,-1,-1,-1,-1,-1,-1,-1,-1,-1,-1,-1,1,-1|./seeds/seed_001.txt
5,2,4,6,3,8,7,9,10,0,1,19,14,12,11,13,18,17,15,16,24,26,29,25,34,32,21,31,36,38,33,23,37,28,27,30,35,22,20|-1,-1,-1,-1,-1,-1,-1,-1,-1,-1,-1,-1,-1,-1,-1,-1,-1,-1,-1,-1,-1,-1,-1,-1,-1,1,1,1,1,-1,1,1,1,-1,1,1,1,1,1|./seeds/seed_003.txt
28,21,37,31,35,27,33,36,23,20,38,30,32,22,25,26,24,9,34,29,0,1,19,14,8,7,4,6,5,11,10,3,16,12,2,18,17,15,13|1,1,1,1,1,1,1,1,1,1,1,1,1,1,1,1,1,-1,1,1,1,1,-1,-1,-1,-1,-1,-1,-1,-1,-1,-1,-1,-1,1,-1,1,-1,-1|./seeds/seed_005.txt
0,1,19,9,14,8,11,7,10,31,16,21,28,18,15,33,12,13,36,37,27,38,20,17,35,22,30,32,23,2,25,26,34,24,6,29,3,5,4|1,1,-1,-1,-1,-1,-1,-1,-1,1,-1,1,1,-1,-1,1,-1,-1,1,1,1,1,1,-1,1,1,1,1,1,1,1,1,1,1,-1,1,-1,-1,-1|./seeds/seed_002.txt
5,6,4,2,3,0,7,1,8,9,19,14,10,11,18,12,16,15,17,13,25,34,26,24,29,38,37,30,27,36,28,35,21,22,20,31,33,32,23|1,1,1,1,1,1,1,1,1,1,1,1,1,1,1,1,1,1,1,1,1,1,1,1,1,1,1,1,1,1,1,1,1,1,1,1,1,1,1|./seeds/seed_000.txt
0,1,2,5,4,6,3,9,8,7,10,14,19,11,18,12,16,15,17,13,25,34,26,24,29,23,32,20,28,33,21,22,36,31,35,38,27,37,30|1,1,1,1,1,1,1,1,1,1,1,1,1,1,1,1,1,1,1,1,1,1,1,1,1,-1,-1,-1,-1,-1,-1,-1,-1,-1,-1,1,-1,-1,-1|./seeds/seed_004.txt
1,0,2,5,4,32,21,35,28,27,38,31,22,23,6,20,36,33,30,37,3,9,25,26,29,8,24,34,7,10,17,15,13,14,16,12,19,18,11|-1,-1,-1,-1,-1,1,1,1,1,1,1,1,1,1,-1,1,1,1,1,1,-1,-1,1,1,1,-1,1,1,-1,-1,1,1,1,-1,1,1,-1,1,1|./seeds/seed_002.txt
1,0,2,32,21,35,28,27,38,31,22,20,33,36,23,5,4,30,37,25,6,3,26,9,29,24,34,8,17,7,15,13,16,10,12,18,11,14,19|-1,-1,-1,1,1,1,1,1,1,1,1,1,1,1,1,-1,-1,1,1,1,-1,-1,1,-1,1,1,1,-1,1,-1,1,1,1,-1,1,1,1,-1,-1|./seeds/seed_004.txt
7,8,9,6,14,10,18,11,19,16,15,5,12,17,13,4,3,25,29,24,26,34,38,2,35,20,37,32,30,36,28,31,22,21,33,27,23,1,0|1,1,1,1,1,1,1,1,1,1,1,1,1,1,1,1,1,1,1,1,1,1,1,1,1,1,1,1,1,1,1,1,1,1,1,1,1,-1,-1|./seeds/seed_005.txt
7,9,8,1,10,0,6,19,14,11,16,5,15,13,17,18,12,4,3,25,29,24,34,26,38,35,32,20,36,37,30,23,28,27,22,33,21,31,2|1,1,1,-1,1,-1,1,1,1,1,1,1,1,1,1,1,1,1,1,1,1,1,1,1,1,1,1,1,1,1,1,1,1,1,1,1,1,1,-1|./seeds/seed_002.txt
28,21,37,31,35,27,33,36,23,20,38,30,32,22,25,26,24,9,34,29,0,1,19,14,8,7,4,6,5,11,10,3,16,12,2,18,17,15,13|1,1,1,1,1,1,1,1,1,1,1,1,1,1,1,1,1,-1,1,1,1,1,-1,-1,-1,-1,-1,-1,-1,-1,-1,-1,-1,-1,1,-1,1,-1,-1|./seeds/seed_005.txt
0,1,9,19,14,8,7,11,10,31,21,16,28,15,18,13,12,37,27,38,36,33,17,30,20,2,35,23,32,22,25,26,34,24,29,6,3,5,4|1,1,-1,-1,-1,-1,-1,-1,-1,1,1,-1,1,-1,-1,-1,-1,1,1,1,1,1,-1,1,1,1,1,1,1,1,1,1,1,1,1,-1,-1,-1,-1|./seeds/seed_003.txt
6,5,4,14,19,9,7,1,0,21,3,30,28,8,31,27,22,23,20,32,36,33,11,37,18,15,17,38,16,12,35,29,13,26,24,25,34,10,2|1,1,1,1,1,1,1,-1,-1,-1,1,-1,-1,1,-1,-1,-1,-1,-1,-1,-1,-1,1,-1,1,1,1,-1,1,1,-1,1,1,1,1,1,1,1,-1|./seeds/seed_003.txt
6,4,5,14,19,9,7,0,1,11,3,21,30,8,22,31,27,28,15,18,23,20,33,36,17,12,29,37,32,16,13,38,26,35,24,25,34,10,2|1,1,1,1,1,1,1,-1,-1,1,1,-1,-1,1,-1,-1,-1,-1,1,1,-1,-1,-1,-1,1,1,1,-1,-1,1,1,-1,1,-1,1,1,1,1,-1|./seeds/seed_007.txt
25,18,15,17,11,12,16,24,38,34,26,13,29,36,31,23,28,35,37,20,27,14,22,21,33,0,32,19,30,1,3,4,7,6,2,10,8,5,9|1,1,1,1,1,1,1,1,1,1,1,1,1,1,1,1,1,1,1,1,1,1,1,1,1,1,1,1,1,1,1,1,1,1,1,1,1,1,1|./seeds/seed_005.txt
25,18,15,17,11,24,12,16,34,38,29,13,26,31,36,28,23,35,37,20,21,22,27,33,32,14,30,19,0,1,3,4,7,6,10,8,2,5,9|1,1,1,1,1,1,1,1,1,1,1,1,1,1,1,1,1,1,1,1,1,1,1,1,1,1,1,1,1,1,1,1,1,1,1,1,1,1,1|./seeds/seed_000.txt
18,15,17,12,16,25,11,13,19,14,24,34,29,28,26,36,31,38,23,35,37,21,22,20,30,27,32,33,3,1,0,4,7,6,10,8,5,2,9|1,1,1,1,1,1,1,1,1,1,1,1,1,1,1,1,1,1,1,1,1,1,1,1,1,1,1,1,1,1,1,1,1,1,1,1,1,1,1|./seeds/seed_006.txt
12,11,15,17,14,18,19,16,25,13,1,0,24,29,34,26,36,28,3,38,21,4,37,35,31,23,20,32,22,30,27,33,6,2,7,5,10,8,9|1,1,1,1,1,1,1,1,1,1,1,1,1,1,1,1,1,1,1,1,1,1,1,1,1,1,1,1,1,1,1,1,1,-1,1,1,1,1,1|./seeds/seed_007.txt
6,5,4,3,7,2,8,9,10,14,19,12,18,11,16,1,15,17,0,13,24,25,34,26,29,38,36,35,37,22,28,20,30,21,23,31,27,32,33|1,1,1,1,1,1,1,1,1,1,1,1,1,1,1,1,1,1,1,1,1,1,1,1,1,1,1,1,1,1,1,1,1,1,1,1,1,1,1|./seeds/seed_000.txt
5,6,4,3,2,9,8,7,10,1,0,19,14,16,11,12,17,18,15,13,24,34,25,26,29,33,32,21,27,31,38,30,22,23,37,20,36,28,35|1,1,1,1,1,1,1,1,1,1,1,1,1,1,1,1,1,1,1,1,1,1,1,1,1,-1,-1,-1,-1,-1,1,-1,1,-1,1,-1,1,-1,1|./seeds/seed_003.txt
5,2,4,6,3,21,31,9,33,38,32,36,35,28,27,20,37,30,22,23,25,26,8,0,1,7,24,34,29,10,17,15,16,13,14,12,19,18,11|1,1,1,1,1,-1,-1,1,-1,-1,-1,-1,-1,-1,-1,-1,-1,-1,-1,-1,-1,-1,1,1,1,1,-1,-1,-1,1,-1,-1,-1,-1,1,-1,1,-1,-1|./seeds/seed_003.txt
2,5,4,21,38,33,35,31,3,32,20,36,30,27,6,37,22,28,23,26,9,25,0,34,24,29,1,8,7,10,17,15,13,16,12,18,11,14,19|1,1,1,-1,-1,-1,-1,-1,1,-1,-1,-1,-1,-1,1,-1,-1,-1,-1,-1,1,-1,1,-1,-1,-1,1,1,1,1,-1,-1,-1,-1,-1,-1,-1,1,1|./seeds/seed_007.txt
7,9,8,1,10,0,6,19,14,11,16,5,15,13,17,18,12,4,3,25,29,24,34,26,38,35,32,20,36,37,30,23,28,27,22,33,21,31,2|1,1,1,-1,1,-1,1,1,1,1,1,1,1,1,1,1,1,1,1,1,1,1,1,1,1,1,1,1,1,1,1,1,1,1,1,1,1,1,-1|./seeds/seed_002.txt
7,8,9,6,10,14,18,11,19,16,15,12,17,13,5,3,4,29,25,24,34,26,38,35,2,20,32,36,37,30,27,28,31,21,22,23,33,1,0|1,1,1,1,1,1,1,1,1,1,1,1,1,1,1,1,1,1,1,1,1,1,1,1,1,1,1,1,1,1,1,1,1,1,1,1,1,-1,-1|./seeds/seed_000.txt
4,6,5,2,9,3,7,30,21,28,27,32,1,31,8,33,22,36,23,37,20,0,35,38,14,19,10,15,17,25,13,12,29,24,18,34,11,26,16|1,1,1,1,1,1,1,-1,-1,-1,-1,-1,1,-1,1,-1,-1,-1,-1,-1,-1,1,-1,-1,1,1,1,-1,-1,-1,-1,-1,-1,-1,1,-1,1,1,-1|./seeds/seed_001.txt
4,6,5,2,9,3,7,8,21,30,31,32,28,33,27,36,22,20,35,23,37,38,1,0,19,10,14,15,17,25,13,24,29,12,18,11,16,26,34|1,1,1,1,1,1,1,1,-1,-1,-1,-1,-1,-1,-1,-1,-1,-1,-1,-1,-1,-1,1,1,1,1,1,-1,-1,-1,-1,-1,-1,-1,1,1,1,1,-1|./seeds/seed_003.txt
5,6,4,3,2,7,8,9,10,14,19,16,1,12,11,0,18,17,15,13,24,25,29,26,34,22,38,36,37,35,28,30,20,23,21,31,27,32,33|1,1,1,1,1,1,1,1,1,1,1,1,1,1,1,1,1,1,1,1,1,1,1,1,1,1,1,1,1,1,1,1,1,1,1,1,1,1,-1|./seeds/seed_007.txt
6,5,4,2,3,7,9,8,10,14,1,0,19,11,16,12,18,17,15,13,24,25,34,29,26,38,37,35,36,28,22,30,20,21,23,31,32,27,33|1,1,1,1,1,1,1,1,1,1,1,1,1,1,1,1,1,1,1,1,1,1,1,1,1,1,1,1,1,1,1,1,1,1,1,1,1,1,-1|./seeds/seed_001.txt
28,33,35,38,23,21,27,37,22,31,36,20,32,30,26,25,24,9,29,0,34,1,19,14,7,8,5,6,4,11,3,18,10,16,2,12,13,17,15|-1,-1,-1,-1,-1,-1,-1,-1,-1,-1,-1,-1,-1,-1,-1,-1,-1,1,-1,-1,-1,-1,1,1,1,1,1,1,1,1,1,1,1,1,-1,1,1,-1,1|./seeds/seed_005.txt
0,1,19,9,14,11,8,16,18,13,28,15,7,33,10,22,30,35,27,37,12,31,36,21,23,38,17,32,20,26,25,2,24,34,29,3,6,4,5|-1,-1,1,1,1,1,1,1,1,1,-1,1,1,-1,1,-1,-1,-1,-1,-1,1,-1,-1,-1,-1,-1,1,-1,-1,-1,-1,-1,-1,-1,-1,1,1,1,1|./seeds/seed_001.txt
7,9,8,10,6,1,14,19,0,11,16,15,18,5,17,13,12,4,3,25,29,24,34,26,38,35,32,20,37,30,36,23,28,27,33,21,22,31,2|1,1,1,1,1,-1,1,1,-1,1,1,1,1,1,1,1,1,1,1,1,1,1,1,1,1,1,1,1,1,1,1,1,1,1,1,1,1,1,-1|./seeds/seed_004.txt
7,8,9,6,10,14,18,11,19,16,15,12,17,13,5,3,4,29,25,24,34,26,38,35,2,20,32,36,37,30,27,28,31,21,22,23,33,1,0|1,1,1,1,1,1,1,1,1,1,1,1,1,1,1,1,1,1,1,1,1,1,1,1,1,1,1,1,1,1,1,1,1,1,1,1,1,-1,-1|./seeds/seed_000.txt
0,1,2,5,4,6,3,9,8,7,10,14,19,11,18,12,16,15,17,13,25,34,26,24,29,23,32,20,28,33,21,22,36,31,35,38,27,37,30|1,1,1,1,1,1,1,1,1,1,1,1,1,1,1,1,1,1,1,1,1,1,1,1,1,-1,-1,-1,-1,-1,-1,-1,-1,-1,-1,1,-1,-1,-1|./seeds/seed_004.txt
5,2,6,0,4,1,3,8,7,9,10,14,19,11,18,12,16,15,13,17,25,34,26,29,24,38,37,30,36,28,22,27,35,21,31,33,20,32,23|1,1,1,1,1,1,1,1,1,1,1,1,1,1,1,1,1,1,1,1,1,1,1,1,1,1,1,1,1,1,1,1,1,1,1,1,1,1,-1|./seeds/seed_006.txt
4,6,5,2,9,3,7,30,21,28,27,32,1,31,8,33,22,36,23,37,20,0,35,38,14,19,10,15,17,25,13,12,29,24,18,34,11,26,16|1,1,1,1,1,1,1,-1,-1,-1,-1,-1,1,-1,1,-1,-1,-1,-1,-1,-1,1,-1,-1,1,1,1,-1,-1,-1,-1,-1,-1,-1,1,-1,1,1,-1|./seeds/seed_001.txt
4,6,5,2,9,3,7,8,30,21,28,27,31,32,33,22,36,20,23,37,35,38,1,0,19,14,10,15,17,25,13,12,18,24,29,11,34,16,26|1,1,1,1,1,1,1,1,-1,-1,-1,-1,-1,-1,-1,-1,-1,-1,-1,-1,-1,-1,1,1,1,1,1,-1,-1,-1,-1,-1,1,-1,-1,1,-1,1,1|./seeds/seed_007.txt
21,38,31,20,35,28,33,37,32,27,30,22,36,23,26,25,5,4,9,24,6,34,29,2,3,8,17,7,15,12,16,13,0,1,14,18,19,10,11|-1,-1,-1,-1,-1,-1,-1,-1,-1,-1,-1,-1,-1,-1,-1,-1,1,1,1,-1,1,-1,-1,1,1,1,-1,1,-1,-1,-1,-1,1,1,1,-1,1,1,-1|./seeds/seed_005.txt
5,2,4,6,3,33,21,38,31,32,20,35,9,27,30,36,28,22,37,23,26,25,8,24,0,34,7,1,29,10,17,15,16,13,12,14,18,19,11|1,1,1,1,1,-1,-1,-1,-1,-1,-1,-1,1,-1,-1,-1,-1,-1,-1,-1,-1,-1,1,-1,1,-1,1,1,-1,1,-1,-1,-1,-1,-1,1,-1,1,-1|./seeds/seed_004.txt
5,6,4,2,3,7,8,9,10,1,0,14,19,12,11,16,18,15,17,24,13,25,34,29,26,38,36,35,37,22,28,30,20,21,27,23,31,32,33|1,1,1,1,1,1,1,1,1,1,1,1,1,1,1,1,1,1,1,1,1,1,1,1,1,1,1,1,1,1,1,1,1,1,1,1,1,1,1|./seeds/seed_006.txt
5,6,4,3,2,8,7,9,10,19,14,1,0,16,12,11,17,18,15,13,24,25,34,29,26,38,22,37,36,35,28,20,30,23,21,31,33,27,32|1,1,1,1,1,1,1,1,1,1,1,1,1,1,1,1,1,1,1,1,1,1,1,1,1,1,1,1,1,1,1,1,1,1,1,1,-1,1,1|./seeds/seed_004.txt
1,0,2,32,21,35,28,27,38,31,22,20,33,36,23,5,4,30,37,25,6,3,26,9,29,24,34,8,17,7,15,13,16,10,12,18,11,14,19|-1,-1,-1,1,1,1,1,1,1,1,1,1,1,1,1,-1,-1,1,1,1,-1,-1,1,-1,1,1,1,-1,1,-1,1,1,1,-1,1,1,1,-1,-1|./seeds/seed_004.txt
1,0,2,5,4,32,21,35,28,27,38,31,22,23,6,20,36,33,30,37,3,9,25,26,29,8,24,34,7,10,17,15,13,14,16,12,19,18,11|-1,-1,-1,-1,-1,1,1,1,1,1,1,1,1,1,-1,1,1,1,1,1,-1,-1,1,1,1,-1,1,1,-1,-1,1,1,1,-1,1,1,-1,1,1|./seeds/seed_002.txt
18,15,17,12,16,25,11,13,19,14,24,34,29,28,26,36,31,38,23,35,37,21,22,20,30,27,32,33,3,1,0,4,7,6,10,8,5,2,9|1,1,1,1,1,1,1,1,1,1,1,1,1,1,1,1,1,1,1,1,1,1,1,1,1,1,1,1,1,1,1,1,1,1,1,1,1,1,1|./seeds/seed_006.txt
25,18,15,17,11,24,12,16,34,38,29,13,26,31,36,28,23,35,37,20,21,22,27,33,32,14,30,19,0,1,3,4,7,6,10,8,2,5,9|1,1,1,1,1,1,1,1,1,1,1,1,1,1,1,1,1,1,1,1,1,1,1,1,1,1,1,1,1,1,1,1,1,1,1,1,1,1,1|./seeds/seed_000.txt
0,1,19,11,14,9,16,15,18,31,12,10,13,28,36,8,21,33,17,27,7,30,35,37,22,20,38,23,32,25,2,26,24,34,29,3,6,4,5|1,1,-1,-1,-1,-1,-1,-1,-1,1,-1,-1,-1,1,1,-1,1,1,-1,1,-1,1,1,1,1,1,1,1,1,1,1,1,1,1,1,-1,-1,-1,-1|./seeds/seed_001.txt
0,1,9,19,14,8,7,11,10,31,21,16,28,15,18,13,12,37,27,38,36,33,17,30,20,2,35,23,32,22,25,26,34,24,29,6,3,5,4|1,1,-1,-1,-1,-1,-1,-1,-1,1,1,-1,1,-1,-1,-1,-1,1,1,1,1,1,-1,1,1,1,1,1,1,1,1,1,1,1,1,-1,-1,-1,-1|./seeds/seed_003.txt
14,19,4,27,21,28,30,33,20,23,32,22,31,36,37,1,6,35,11,9,24,0,26,25,38,7,3,34,18,29,15,12,13,2,16,17,10,8,5|1,1,1,-1,-1,-1,-1,-1,-1,-1,-1,-1,-1,-1,-1,1,1,-1,1,1,1,1,1,1,-1,1,1,1,1,1,1,1,1,-1,1,1,-1,-1,1|./seeds/seed_001.txt
14,19,4,6,20,27,21,23,30,28,1,33,0,32,31,36,22,3,2,24,9,37,7,35,11,26,25,38,18,34,29,15,12,13,16,17,5,10,8|1,1,1,1,-1,-1,-1,-1,-1,-1,1,-1,1,-1,-1,-1,-1,1,-1,1,1,-1,1,-1,1,1,1,-1,1,1,1,1,1,1,1,1,1,-1,-1|./seeds/seed_003.txt
19,14,0,1,7,9,11,18,15,16,13,12,17,8,10,2,25,24,6,34,28,29,26,27,23,21,30,31,4,33,22,20,36,37,32,35,38,3,5|1,1,-1,-1,1,1,1,1,1,1,1,1,1,1,1,-1,1,1,1,1,-1,1,1,-1,-1,-1,-1,-1,1,-1,-1,-1,-1,-1,-1,-1,-1,1,-1|./seeds/seed_001.txt
14,19,0,1,7,9,11,18,15,16,12,28,13,23,17,2,21,27,6,33,20,30,8,31,22,37,10,36,34,32,4,24,35,25,29,26,38,5,3|1,1,-1,-1,1,1,1,1,1,1,1,-1,1,-1,1,-1,-1,-1,1,-1,-1,-1,1,-1,-1,-1,1,-1,1,-1,1,1,-1,1,1,1,-1,-1,1|./seeds/seed_006.txt
4,6,5,2,9,3,7,30,21,28,27,32,1,31,8,33,22,36,23,37,20,0,35,38,14,19,10,15,17,25,13,12,29,24,18,34,11,26,16|1,1,1,1,1,1,1,-1,-1,-1,-1,-1,1,-1,1,-1,-1,-1,-1,-1,-1,1,-1,-1,1,1,1,-1,-1,-1,-1,-1,-1,-1,1,-1,1,1,-1|./seeds/seed_001.txt
4,6,5,9,2,28,21,30,27,7,32,23,31,22,36,33,20,3,37,35,38,1,8,0,14,19,10,17,25,15,13,12,24,29,34,26,16,18,11|1,1,1,1,1,-1,-1,-1,-1,1,-1,-1,-1,-1,-1,-1,-1,1,-1,-1,-1,1,1,1,1,1,1,-1,-1,-1,-1,-1,-1,-1,-1,-1,-1,-1,-1|./seeds/seed_006.txt
19,14,2,7,9,0,11,1,18,13,15,12,16,28,27,8,17,30,21,23,20,31,33,10,22,32,37,36,38,29,35,24,25,34,6,5,26,4,3|1,1,-1,1,1,-1,1,-1,1,1,1,1,1,-1,-1,1,1,-1,-1,-1,-1,-1,-1,1,-1,-1,-1,-1,-1,1,-1,1,1,1,1,-1,1,1,1|./seeds/seed_002.txt
19,14,7,9,27,28,20,21,23,30,31,37,33,22,32,6,36,35,38,4,2,0,11,1,8,29,18,34,10,25,24,16,13,12,15,26,17,3,5|1,1,1,1,-1,-1,-1,-1,-1,-1,-1,-1,-1,-1,-1,1,-1,-1,-1,1,-1,-1,1,-1,1,1,1,1,1,1,1,1,1,1,1,1,1,1,-1|./seeds/seed_000.txt
5,2,4,6,3,8,7,9,10,0,1,19,14,12,11,13,18,17,15,16,24,26,29,25,34,32,21,31,36,38,33,23,37,28,27,30,35,22,20|-1,-1,-1,-1,-1,-1,-1,-1,-1,-1,-1,-1,-1,-1,-1,-1,-1,-1,-1,-1,-1,-1,-1,-1,-1,1,1,1,1,-1,1,1,1,-1,1,1,1,1,1|./seeds/seed_003.txt
5,4,6,2,3,8,7,9,10,19,14,0,1,12,11,18,17,13,15,16,24,29,26,34,25,38,28,20,35,30,22,32,37,27,23,21,33,36,31|-1,-1,-1,-1,-1,-1,-1,-1,-1,-1,-1,-1,-1,-1,-1,-1,-1,-1,-1,-1,-1,-1,-1,-1,-1,-1,-1,-1,-1,-1,-1,1,-1,-1,-1,1,-1,-1,-1|./seeds/seed_004.txt
4,6,5,9,2,28,21,30,27,7,32,23,31,22,36,33,20,3,37,35,38,1,8,0,14,19,10,17,25,15,13,12,24,29,34,26,16,18,11|1,1,1,1,1,-1,-1,-1,-1,1,-1,-1,-1,-1,-1,-1,-1,1,-1,-1,-1,1,1,1,1,1,1,-1,-1,-1,-1,-1,-1,-1,-1,-1,-1,-1,-1|./seeds/seed_006.txt
4,6,9,5,28,30,21,7,27,31,23,20,33,32,22,36,37,35,38,19,14,3,8,2,1,10,0,17,25,15,13,12,29,24,26,11,34,18,16|1,1,1,1,-1,-1,-1,1,-1,-1,-1,-1,-1,-1,-1,-1,-1,-1,-1,1,1,1,1,1,1,1,1,-1,-1,-1,-1,-1,-1,-1,-1,1,-1,1,1|./seeds/seed_005.txt
0,1,2,5,4,6,3,9,7,8,10,14,19,11,18,12,16,15,13,25,34,17,26,29,24,23,32,20,33,28,38,21,31,22,36,27,30,35,37|1,1,1,1,1,1,1,1,1,1,1,1,1,1,1,1,1,1,1,1,1,1,1,1,1,-1,-1,-1,-1,-1,1,-1,-1,-1,-1,-1,1,-1,1|./seeds/seed_007.txt
0,1,2,5,4,6,3,9,8,7,10,14,19,11,18,12,16,15,34,13,17,25,26,24,23,29,32,20,28,33,21,22,35,31,27,36,30,37,38|1,1,1,1,1,1,1,1,1,1,1,1,1,1,1,1,1,1,1,1,1,1,1,1,-1,1,-1,-1,-1,-1,-1,-1,-1,-1,-1,-1,-1,-1,-1|./seeds/seed_002.txt
7,9,8,1,10,0,6,19,14,16,11,15,13,17,18,5,12,4,3,25,29,24,26,34,38,35,20,2,32,36,37,23,30,27,33,28,22,31,21|1,1,1,-1,1,-1,1,1,1,1,1,1,1,1,1,1,1,1,1,1,1,1,1,1,1,1,1,-1,1,1,1,1,1,1,1,1,1,1,1|./seeds/seed_003.txt
7,9,8,10,14,19,11,6,15,16,17,18,13,12,1,0,5,25,29,4,24,26,3,34,38,35,20,32,37,36,30,28,23,27,33,21,31,22,2|1,1,1,1,1,1,1,1,1,1,1,1,1,1,-1,-1,1,1,1,1,1,1,1,1,1,1,1,1,1,1,1,1,1,1,1,1,1,1,1|./seeds/seed_001.txt
6,5,3,4,7,9,8,10,19,14,16,11,2,0,18,17,12,1,15,13,24,25,26,34,29,38,35,22,37,36,31,28,21,27,20,30,23,32,33|1,1,1,1,1,1,1,1,1,1,1,1,1,1,1,1,1,1,1,1,1,1,1,1,1,1,1,1,1,1,1,1,1,1,1,1,1,1,1|./seeds/seed_000.txt
6,5,3,4,7,9,8,19,10,14,16,11,18,17,12,15,13,2,0,1,24,25,34,26,29,38,35,22,37,36,27,31,21,28,20,30,23,32,33|1,1,1,1,1,1,1,1,1,1,1,1,1,1,1,1,1,1,1,1,1,1,1,1,1,1,1,1,1,1,1,1,1,1,1,1,1,1,1|./seeds/seed_005.txt
6,5,19,4,16,17,11,14,15,18,13,12,7,3,0,1,9,24,29,26,34,25,8,38,20,23,10,36,35,37,32,33,31,28,30,21,27,22,2|1,1,1,1,1,1,1,1,1,1,1,1,1,1,-1,-1,1,1,1,1,1,1,1,1,1,1,1,1,1,1,1,1,1,1,1,1,1,1,-1|./seeds/seed_003.txt
18,15,11,17,12,16,14,13,6,5,19,24,34,29,25,26,4,7,35,38,36,20,3,30,28,37,23,33,32,31,27,21,8,22,9,10,2,1,0|1,1,1,1,1,1,1,1,1,1,1,1,1,1,1,1,1,1,1,1,1,1,1,1,1,1,1,1,1,1,1,1,1,1,1,1,1,-1,-1|./seeds/seed_006.txt
0,1,19,14,7,9,11,18,15,16,13,12,17,8,10,6,2,24,25,28,4,29,34,27,26,23,33,31,21,30,20,22,36,37,3,35,32,38,5|-1,-1,1,1,1,1,1,1,1,1,1,1,1,1,1,1,-1,1,1,-1,1,1,1,-1,1,-1,-1,-1,-1,-1,-1,-1,-1,-1,1,-1,-1,-1,1|./seeds/seed_007.txt
19,14,0,1,7,9,11,18,15,16,13,12,17,8,10,2,25,24,6,34,28,29,26,27,23,21,30,31,4,33,22,20,36,37,32,35,38,3,5|1,1,-1,-1,1,1,1,1,1,1,1,1,1,1,1,-1,1,1,1,1,-1,1,1,-1,-1,-1,-1,-1,1,-1,-1,-1,-1,-1,-1,-1,-1,1,-1|./seeds/seed_001.txt
15,17,11,18,12,16,1,19,0,14,25,13,24,29,34,36,26,38,3,28,4,31,21,37,20,35,22,32,23,30,27,33,5,6,2,7,9,10,8|1,1,1,1,1,1,1,1,1,1,1,1,1,1,1,1,1,1,1,1,1,1,1,1,1,1,1,1,1,1,1,1,1,1,-1,1,-1,1,-1|./seeds/seed_004.txt
18,17,19,11,12,14,15,25,16,13,24,29,34,1,0,26,36,28,4,31,38,37,3,21,23,35,32,20,30,22,27,33,6,7,5,10,2,8,9|1,1,1,1,1,1,1,1,1,1,1,1,1,1,1,1,1,1,1,1,1,1,1,1,1,1,1,1,1,1,1,1,1,1,1,1,-1,1,1|./seeds/seed_001.txt
1,0,2,5,4,32,21,35,28,27,38,31,22,23,6,20,36,33,30,37,3,9,25,26,29,8,24,34,7,10,17,15,13,14,16,12,19,18,11|-1,-1,-1,-1,-1,1,1,1,1,1,1,1,1,1,-1,1,1,1,1,1,-1,-1,1,1,1,-1,1,1,-1,-1,1,1,1,-1,1,1,-1,1,1|./seeds/seed_002.txt
1,0,2,32,21,35,28,27,38,31,22,20,33,36,23,5,4,30,37,25,6,3,26,9,29,24,34,8,17,7,15,13,16,10,12,18,11,14,19|-1,-1,-1,1,1,1,1,1,1,1,1,1,1,1,1,-1,-1,1,1,1,-1,-1,1,-1,1,1,1,-1,1,-1,1,1,1,-1,1,1,1,-1,-1|./seeds/seed_004.txt
0,1,19,14,7,9,11,2,8,13,18,15,16,10,17,12,6,28,21,27,31,30,23,33,20,4,36,22,37,32,24,35,25,34,29,38,26,3,5|-1,-1,1,1,1,1,1,-1,1,1,1,1,1,1,1,1,1,-1,-1,-1,-1,-1,-1,-1,-1,1,-1,-1,-1,-1,1,-1,1,1,1,-1,1,1,1|./seeds/seed_003.txt
0,1,19,14,9,7,11,8,10,16,18,15,13,12,2,17,6,28,27,33,23,31,21,30,36,20,22,4,32,37,35,38,24,34,29,25,26,3,5|-1,-1,1,1,1,1,1,1,1,1,1,1,1,1,-1,1,1,-1,-1,-1,-1,-1,-1,-1,-1,-1,-1,1,-1,-1,-1,-1,1,1,1,1,1,1,1|./seeds/seed_002.txt
6,4,5,14,19,9,7,0,1,11,3,21,30,8,22,31,27,28,15,18,23,20,33,36,17,12,29,37,32,16,13,38,26,35,24,25,34,10,2|1,1,1,1,1,1,1,-1,-1,1,1,-1,-1,1,-1,-1,-1,-1,1,1,-1,-1,-1,-1,1,1,1,-1,-1,1,1,-1,1,-1,1,1,1,1,-1|./seeds/seed_007.txt
6,14,19,4,5,9,7,1,11,0,21,15,30,22,18,27,17,28,23,31,12,3,33,36,20,16,29,37,8,32,13,26,24,34,25,38,35,10,2|1,1,1,1,1,1,1,-1,1,-1,-1,1,-1,-1,1,-1,1,-1,-1,-1,1,1,-1,-1,-1,1,1,-1,1,-1,1,1,1,1,1,-1,-1,1,-1|./seeds/seed_001.txt
6,4,14,19,9,5,7,28,27,21,22,23,30,20,31,37,33,36,32,35,38,8,3,1,0,29,26,11,24,34,25,18,12,15,17,16,2,13,10|1,1,1,1,1,1,1,-1,-1,-1,-1,-1,-1,-1,-1,-1,-1,-1,-1,-1,-1,1,1,-1,-1,1,1,1,1,1,1,1,1,1,1,1,1,1,1|./seeds/seed_005.txt
6,14,4,19,5,9,7,21,28,27,30,22,23,33,20,31,36,37,32,35,38,1,0,11,3,29,8,18,15,17,12,26,24,16,34,13,25,2,10|1,1,1,1,1,1,1,-1,-1,-1,-1,-1,-1,-1,-1,-1,-1,-1,-1,-1,-1,-1,-1,1,1,1,1,1,1,1,1,1,1,1,1,1,1,-1,1|./seeds/seed_006.txt
19,14,7,9,11,2,0,27,1,18,28,21,23,20,16,33,30,13,15,12,31,22,37,17,32,36,29,24,35,34,25,38,6,8,10,4,26,5,3|1,1,1,1,1,-1,-1,-1,-1,1,-1,-1,-1,-1,1,-1,-1,1,1,1,-1,-1,-1,1,-1,-1,1,1,-1,1,1,-1,1,1,1,1,1,-1,-1|./seeds/seed_006.txt
19,14,2,7,9,0,11,1,18,15,13,16,12,28,17,8,27,21,30,10,20,23,31,33,22,32,37,24,29,25,34,36,38,35,6,5,26,4,3|1,1,-1,1,1,-1,1,-1,1,1,1,1,1,-1,1,1,-1,-1,-1,1,-1,-1,-1,-1,-1,-1,-1,1,1,1,1,-1,-1,-1,1,-1,1,1,1|./seeds/seed_003.txt
6,5,4,3,7,2,8,9,10,14,19,12,18,11,16,1,15,17,0,13,24,25,34,26,29,38,36,35,37,22,28,20,30,21,23,31,27,32,33|1,1,1,1,1,1,1,1,1,1,1,1,1,1,1,1,1,1,1,1,1,1,1,1,1,1,1,1,1,1,1,1,1,1,1,1,1,1,1|./seeds/seed_000.txt
5,4,6,2,3,9,8,7,10,14,19,1,0,16,12,11,17,18,15,13,24,25,29,34,26,33,38,22,27,37,32,31,36,21,35,23,30,28,20|1,1,1,1,1,1,1,1,1,1,1,1,1,1,1,1,1,1,1,1,1,1,1,1,1,-1,1,1,-1,1,-1,-1,1,-1,1,-1,-1,1,-1|./seeds/seed_002.txt
0,1,2,5,4,6,3,9,7,8,10,14,19,11,18,12,16,34,15,13,25,23,17,26,32,24,29,28,33,21,20,22,35,31,30,27,36,37,38|1,1,1,1,1,1,1,1,1,1,1,1,1,1,1,1,1,1,1,1,1,-1,1,1,-1,1,1,-1,-1,-1,-1,-1,-1,-1,-1,-1,-1,-1,-1|./seeds/seed_003.txt
0,1,2,5,4,6,3,9,8,7,10,14,19,11,18,12,16,15,17,13,25,34,26,24,29,23,32,20,28,33,21,22,36,31,35,38,27,37,30|1,1,1,1,1,1,1,1,1,1,1,1,1,1,1,1,1,1,1,1,1,1,1,1,1,-1,-1,-1,-1,-1,-1,-1,-1,-1,-1,1,-1,-1,-1|./seeds/seed_004.txt
14,19,9,7,6,28,0,1,27,21,23,20,33,30,31,22,37,4,36,35,32,38,8,11,18,10,12,16,34,25,15,2,24,29,13,17,26,5,3|1,1,1,1,1,-1,-1,-1,-1,-1,-1,-1,-1,-1,-1,-1,-1,1,-1,-1,-1,-1,1,1,1,1,1,1,1,1,1,-1,1,1,1,1,1,1,1|./seeds/seed_000.txt
14,19,9,7,6,28,27,21,23,20,0,33,31,1,30,4,37,22,32,36,35,38,8,11,10,18,12,16,34,15,29,24,25,13,5,26,3,2,17|1,1,1,1,1,-1,-1,-1,-1,-1,-1,-1,-1,-1,-1,1,-1,-1,-1,-1,-1,-1,1,1,1,1,1,1,1,1,1,1,1,1,1,1,1,-1,1|./seeds/seed_005.txt
0,1,19,14,7,9,11,2,8,13,18,15,16,10,17,12,6,28,21,27,31,30,23,33,20,4,36,22,37,32,24,35,25,34,29,38,26,3,5|-1,-1,1,1,1,1,1,-1,1,1,1,1,1,1,1,1,1,-1,-1,-1,-1,-1,-1,-1,-1,1,-1,-1,-1,-1,1,-1,1,1,1,-1,1,1,1|./seeds/seed_003.txt
14,19,9,7,6,28,0,1,27,21,23,20,33,30,31,22,37,4,36,35,32,38,8,11,18,10,12,16,34,25,15,2,24,29,13,17,26,5,3|1,1,1,1,1,-1,-1,-1,-1,-1,-1,-1,-1,-1,-1,-1,-1,1,-1,-1,-1,-1,1,1,1,1,1,1,1,1,1,-1,1,1,1,1,1,1,1|./seeds/seed_000.txt
0,1,2,5,4,6,3,9,8,7,10,14,19,11,18,12,16,15,17,13,25,34,26,24,29,23,32,20,28,33,21,22,36,31,35,38,27,37,30|1,1,1,1,1,1,1,1,1,1,1,1,1,1,1,1,1,1,1,1,1,1,1,1,1,-1,-1,-1,-1,-1,-1,-1,-1,-1,-1,1,-1,-1,-1|./seeds/seed_004.txt
5,6,4,3,2,0,7,8,1,19,9,14,10,11,18,16,12,15,17,13,25,34,26,24,29,38,27,37,36,35,30,28,21,22,20,31,32,33,23|1,1,1,1,1,1,1,1,1,1,1,1,1,1,1,1,1,1,1,1,1,1,1,1,1,1,1,1,1,1,1,1,1,1,1,1,1,1,1|./seeds/seed_005.txt
4,6,9,5,23,32,28,21,27,33,31,30,35,36,22,20,38,37,7,1,0,3,2,19,14,8,10,17,25,15,13,26,29,18,24,12,16,34,11|1,1,1,1,-1,-1,-1,-1,-1,-1,-1,-1,-1,-1,-1,-1,-1,-1,1,1,1,1,1,1,1,1,1,-1,-1,-1,-1,-1,-1,-1,-1,-1,-1,-1,-1|./seeds/seed_000.txt
1,0,2,4,6,5,3,9,7,32,23,21,31,33,30,27,28,36,22,38,20,35,37,8,14,10,19,17,13,15,16,29,25,12,18,26,34,24,11|1,1,1,1,1,1,1,1,1,-1,-1,-1,-1,-1,-1,-1,-1,-1,-1,-1,-1,-1,-1,1,1,1,1,-1,-1,-1,-1,-1,-1,-1,-1,-1,-1,-1,-1|./seeds/seed_003.txt
31,21,36,38,35,32,27,20,33,23,28,30,37,5,0,22,1,4,25,2,26,6,24,34,9,29,3,17,13,8,15,12,16,18,7,11,10,19,14|-1,-1,-1,-1,-1,-1,-1,-1,-1,-1,-1,-1,-1,1,1,-1,1,1,-1,1,-1,1,-1,-1,1,-1,1,-1,-1,1,-1,-1,-1,-1,1,-1,1,-1,1|./seeds/seed_006.txt
0,1,2,32,21,31,35,36,23,28,38,27,33,20,30,5,22,37,4,25,26,3,6,29,24,34,9,17,15,13,16,12,8,18,11,10,7,19,14|1,1,1,-1,-1,-1,-1,-1,-1,-1,-1,-1,-1,-1,-1,1,-1,-1,1,-1,-1,1,1,-1,-1,-1,1,-1,-1,-1,-1,-1,1,-1,-1,1,1,-1,1|./seeds/seed_007.txt
0,12,25,1,11,26,17,15,29,16,34,18,13,24,14,38,19,35,20,21,31,2,28,22,6,32,36,23,5,37,27,30,33,4,7,3,8,9,10|-1,-1,-1,-1,-1,-1,-1,-1,-1,-1,-1,-1,-1,-1,-1,-1,-1,-1,-1,-1,-1,-1,-1,-1,-1,-1,-1,-1,-1,-1,-1,-1,-1,-1,-1,-1,-1,-1,-1|./seeds/seed_000.txt
0,1,2,14,12,25,16,26,29,34,5,24,11,18,19,4,17,15,13,38,6,31,22,20,35,36,21,10,8,28,32,37,33,30,27,23,9,3,7|-1,-1,-1,-1,-1,-1,-1,-1,-1,-1,-1,-1,-1,-1,-1,-1,-1,-1,-1,-1,-1,-1,-1,-1,-1,-1,-1,1,1,-1,-1,-1,-1,-1,-1,-1,1,-1,1|./seeds/seed_002.txt
0,1,2,5,4,6,3,9,8,7,10,14,19,11,18,12,16,15,17,13,25,34,26,24,29,23,32,20,28,33,21,22,36,31,35,38,27,37,30|1,1,1,1,1,1,1,1,1,1,1,1,1,1,1,1,1,1,1,1,1,1,1,1,1,-1,-1,-1,-1,-1,-1,-1,-1,-1,-1,1,-1,-1,-1|./seeds/seed_004.txt
0,1,2,5,4,6,3,9,7,8,10,14,19,11,18,12,16,15,13,25,34,17,26,29,24,23,32,20,33,28,38,21,31,22,36,27,30,35,37|1,1,1,1,1,1,1,1,1,1,1,1,1,1,1,1,1,1,1,1,1,1,1,1,1,-1,-1,-1,-1,-1,1,-1,-1,-1,-1,-1,1,-1,1|./seeds/seed_007.txt
14,19,4,21,28,27,30,36,23,20,33,32,6,22,31,9,37,35,7,38,24,25,26,34,29,1,3,2,0,11,5,10,18,15,13,12,8,16,17|1,1,1,-1,-1,-1,-1,-1,-1,-1,-1,-1,1,-1,-1,1,-1,-1,1,-1,1,1,1,1,1,1,1,-1,1,1,1,-1,1,1,1,1,1,1,-1|./seeds/seed_000.txt
14,19,4,27,21,28,20,33,30,23,32,22,31,36,6,35,9,37,7,38,11,26,24,25,3,18,2,0,29,1,34,15,13,12,16,10,17,5,8|1,1,1,-1,-1,-1,-1,-1,-1,-1,-1,-1,-1,-1,1,-1,1,-1,1,-1,1,1,1,1,1,1,-1,1,1,1,1,1,1,1,1,-1,1,1,-1|./seeds/seed_006.txt
31,36,21,38,35,23,33,27,28,32,20,37,30,22,25,5,4,26,9,24,6,29,1,34,0,2,3,17,8,15,7,13,12,16,18,14,11,10,19|-1,-1,-1,-1,-1,-1,-1,-1,-1,-1,-1,-1,-1,-1,-1,1,1,-1,1,-1,1,-1,1,-1,1,1,1,-1,1,-1,1,-1,-1,-1,-1,1,-1,1,1|./seeds/seed_000.txt
0,1,2,32,31,21,23,27,33,36,20,38,35,28,5,4,22,30,37,25,6,3,26,9,24,29,34,8,17,15,13,16,7,12,10,18,11,14,19|1,1,1,-1,-1,-1,-1,-1,-1,-1,-1,-1,-1,-1,1,1,-1,-1,-1,-1,1,1,-1,1,-1,-1,-1,1,-1,-1,-1,-1,1,-1,1,-1,-1,1,-1|./seeds/seed_004.txt
5,4,6,2,3,8,7,9,10,19,14,0,1,12,11,18,17,13,15,16,24,29,26,34,25,38,28,20,35,30,22,32,37,27,23,21,33,36,31|-1,-1,-1,-1,-1,-1,-1,-1,-1,-1,-1,-1,-1,-1,-1,-1,-1,-1,-1,-1,-1,-1,-1,-1,-1,-1,-1,-1,-1,-1,-1,1,-1,-1,-1,1,-1,-1,-1|./seeds/seed_004.txt
2,5,6,4,3,7,8,9,10,1,0,14,19,12,18,11,15,17,13,16,24,26,29,34,25,38,35,28,20,30,22,27,37,36,23,33,21,31,32|-1,-1,-1,-1,-1,-1,-1,-1,-1,-1,-1,-1,-1,-1,-1,-1,-1,-1,-1,-1,-1,-1,-1,-1,-1,-1,-1,-1,-1,-1,-1,-1,-1,-1,-1,-1,-1,-1,-1|./seeds/seed_006.txt
31,21,36,38,35,32,27,20,33,23,28,30,37,5,0,22,1,4,25,2,26,6,24,34,9,29,3,17,13,8,15,12,16,18,7,11,10,19,14|-1,-1,-1,-1,-1,-1,-1,-1,-1,-1,-1,-1,-1,1,1,-1,1,1,-1,1,-1,1,-1,-1,1,-1,1,-1,-1,1,-1,-1,-1,-1,1,-1,1,-1,1|./seeds/seed_006.txt
31,38,21,36,28,27,23,35,33,20,32,37,30,22,25,26,5,4,24,29,9,34,6,1,0,2,3,17,15,8,12,13,16,7,18,14,11,19,10|-1,-1,-1,-1,-1,-1,-1,-1,-1,-1,-1,-1,-1,-1,-1,-1,1,1,-1,-1,1,-1,1,1,1,1,1,-1,-1,1,-1,-1,-1,1,-1,1,-1,1,1|./seeds/seed_005.txt
0,1,19,9,14,8,11,7,10,31,16,21,28,18,15,33,12,13,36,37,27,38,20,17,35,22,30,32,23,2,25,26,34,24,6,29,3,5,4|1,1,-1,-1,-1,-1,-1,-1,-1,1,-1,1,1,-1,-1,1,-1,-1,1,1,1,1,1,-1,1,1,1,1,1,1,1,1,1,1,-1,1,-1,-1,-1|./seeds/seed_002.txt
1,0,19,9,11,14,8,10,7,16,15,18,31,12,13,21,28,17,33,27,36,35,38,37,20,30,22,32,23,2,25,26,34,24,29,3,6,5,4|1,1,-1,-1,-1,-1,-1,-1,-1,-1,-1,-1,1,-1,-1,1,1,-1,1,1,1,1,1,1,1,1,1,1,1,1,1,1,1,1,1,-1,-1,-1,-1|./seeds/seed_007.txt
5,6,19,17,13,11,4,16,14,15,12,18,3,1,0,9,7,25,8,29,34,24,26,38,10,20,23,35,30,28,37,22,36,32,31,27,21,33,2|-1,-1,-1,-1,-1,-1,-1,-1,-1,-1,-1,-1,-1,1,1,-1,-1,-1,-1,-1,-1,-1,-1,-1,-1,-1,-1,-1,-1,-1,-1,-1,-1,-1,-1,-1,-1,-1,-1|./seeds/seed_002.txt
6,5,12,18,17,11,15,13,16,14,19,25,26,7,34,24,29,4,3,38,20,30,35,8,22,36,32,28,37,23,9,2,10,21,31,27,33,1,0|-1,-1,-1,-1,-1,-1,-1,-1,-1,-1,-1,-1,-1,-1,-1,-1,-1,-1,-1,-1,-1,-1,-1,-1,-1,-1,-1,-1,-1,-1,-1,-1,-1,-1,-1,-1,-1,-1,-1|./seeds/seed_005.txt
21,38,31,20,35,28,33,37,32,27,30,22,36,23,26,25,5,4,9,24,6,34,29,2,3,8,17,7,15,12,16,13,0,1,14,18,19,10,11|-1,-1,-1,-1,-1,-1,-1,-1,-1,-1,-1,-1,-1,-1,-1,-1,1,1,1,-1,1,-1,-1,1,1,1,-1,1,-1,-1,-1,-1,1,1,1,-1,1,1,-1|./seeds/seed_005.txt
5,2,4,6,3,21,31,9,33,38,32,36,35,28,27,20,37,30,22,23,25,26,8,0,1,7,24,34,29,10,17,15,16,13,14,12,19,18,11|1,1,1,1,1,-1,-1,1,-1,-1,-1,-1,-1,-1,-1,-1,-1,-1,-1,-1,-1,-1,1,1,1,1,-1,-1,-1,1,-1,-1,-1,-1,1,-1,1,-1,-1|./seeds/seed_003.txt
0,1,2,32,31,21,23,27,33,36,20,38,35,28,5,4,22,30,37,25,6,3,26,9,24,29,34,8,17,15,13,16,7,12,10,18,11,14,19|1,1,1,-1,-1,-1,-1,-1,-1,-1,-1,-1,-1,-1,1,1,-1,-1,-1,-1,1,1,-1,1,-1,-1,-1,1,-1,-1,-1,-1,1,-1,1,-1,-1,1,-1|./seeds/seed_004.txt
31,36,21,38,35,23,33,27,28,32,20,37,30,22,25,5,4,26,9,24,6,29,1,34,0,2,3,17,8,15,7,13,12,16,18,14,11,10,19|-1,-1,-1,-1,-1,-1,-1,-1,-1,-1,-1,-1,-1,-1,-1,1,1,-1,1,-1,1,-1,1,-1,1,1,1,-1,1,-1,1,-1,-1,-1,-1,1,-1,1,1|./seeds/seed_000.txt
28,21,37,31,35,27,33,36,23,20,38,30,32,22,25,26,24,9,34,29,0,1,19,14,8,7,4,6,5,11,10,3,16,12,2,18,17,15,13|1,1,1,1,1,1,1,1,1,1,1,1,1,1,1,1,1,-1,1,1,1,1,-1,-1,-1,-1,-1,-1,-1,-1,-1,-1,-1,-1,1,-1,1,-1,-1|./seeds/seed_005.txt
0,1,19,9,14,11,8,7,10,16,31,18,15,21,28,12,13,33,36,27,38,37,17,20,30,35,32,22,23,2,25,26,6,34,24,29,3,5,4|1,1,-1,-1,-1,-1,-1,-1,-1,-1,1,-1,-1,1,1,-1,-1,1,1,1,1,1,-1,1,1,1,1,1,1,1,1,1,-1,1,1,1,-1,-1,-1|./seeds/seed_004.txt
5,2,4,6,3,9,21,33,31,38,32,35,36,28,20,27,30,37,22,23,8,7,26,25,0,1,34,10,24,29,17,14,15,19,16,13,12,18,11|1,1,1,1,1,1,-1,-1,-1,-1,-1,-1,-1,-1,-1,-1,-1,-1,-1,-1,1,1,-1,-1,1,1,-1,1,-1,-1,-1,1,-1,1,-1,-1,-1,-1,-1|./seeds/seed_002.txt
2,5,4,21,38,33,35,31,3,32,20,36,30,27,6,37,22,28,23,26,9,25,0,34,24,29,1,8,7,10,17,15,13,16,12,18,11,14,19|1,1,1,-1,-1,-1,-1,-1,1,-1,-1,-1,-1,-1,1,-1,-1,-1,-1,-1,1,-1,1,-1,-1,-1,1,1,1,1,-1,-1,-1,-1,-1,-1,-1,1,1|./seeds/seed_007.txt
4,6,5,2,9,3,7,8,21,30,31,28,27,32,33,36,22,23,20,37,35,38,19,1,14,10,0,15,17,25,11,13,18,16,26,24,29,34,12|1,1,1,1,1,1,1,1,-1,-1,-1,-1,-1,-1,-1,-1,-1,-1,-1,-1,-1,-1,1,1,1,1,1,-1,-1,-1,1,-1,1,1,1,-1,-1,-1,-1|./seeds/seed_002.txt
4,6,9,5,28,30,21,7,27,31,23,20,33,32,22,36,37,35,38,19,14,3,8,2,1,10,0,17,25,15,13,12,29,24,26,11,34,18,16|1,1,1,1,-1,-1,-1,1,-1,-1,-1,-1,-1,-1,-1,-1,-1,-1,-1,1,1,1,1,1,1,1,1,-1,-1,-1,-1,-1,-1,-1,-1,1,-1,1,1|./seeds/seed_005.txt
14,19,4,27,30,28,23,33,20,21,32,22,36,31,1,37,6,35,0,9,11,38,2,24,7,26,25,3,34,18,29,12,15,13,16,17,10,8,5|1,1,1,-1,-1,-1,-1,-1,-1,-1,-1,-1,-1,-1,1,-1,1,-1,1,1,1,-1,-1,1,1,1,1,1,1,1,1,1,1,1,1,1,-1,-1,1|./seeds/seed_007.txt
14,19,4,21,28,27,30,23,20,36,6,22,32,33,31,9,37,7,35,38,24,25,26,34,29,2,11,3,1,0,5,10,18,15,8,12,16,13,17|1,1,1,-1,-1,-1,-1,-1,-1,-1,1,-1,-1,-1,-1,1,-1,1,-1,-1,1,1,1,1,1,-1,1,1,1,1,1,-1,1,1,1,1,1,1,-1|./seeds/seed_005.txt
1,0,2,4,6,5,3,9,32,7,23,33,31,21,30,27,28,38,36,22,20,37,35,8,14,10,19,17,13,15,16,29,25,12,26,18,34,24,11|1,1,1,1,1,1,1,1,-1,1,-1,-1,-1,-1,-1,-1,-1,-1,-1,-1,-1,-1,-1,1,1,1,1,-1,-1,-1,-1,-1,-1,-1,-1,-1,-1,-1,-1|./seeds/seed_002.txt
1,0,4,2,6,5,23,32,33,30,3,28,21,9,27,31,36,22,35,20,38,37,7,8,14,10,19,17,13,16,15,29,12,25,18,26,34,24,11|1,1,1,1,1,1,-1,-1,-1,-1,1,-1,-1,1,-1,-1,-1,-1,-1,-1,-1,-1,1,1,1,1,1,-1,-1,-1,-1,-1,-1,-1,-1,-1,-1,-1,-1|./seeds/seed_007.txt
14,19,9,7,6,28,0,1,27,21,23,20,33,30,31,22,37,4,36,35,32,38,8,11,18,10,12,16,34,25,15,2,24,29,13,17,26,5,3|1,1,1,1,1,-1,-1,-1,-1,-1,-1,-1,-1,-1,-1,-1,-1,1,-1,-1,-1,-1,1,1,1,1,1,1,1,1,1,-1,1,1,1,1,1,1,1|./seeds/seed_000.txt
14,19,9,7,6,28,27,21,23,20,0,33,31,1,30,4,37,22,32,36,35,38,8,11,10,18,12,16,34,15,29,24,25,13,5,26,3,2,17|1,1,1,1,1,-1,-1,-1,-1,-1,-1,-1,-1,-1,-1,1,-1,-1,-1,-1,-1,-1,1,1,1,1,1,1,1,1,1,1,1,1,1,1,1,-1,1|./seeds/seed_005.txt
28,33,27,23,22,37,21,35,30,0,1,36,38,31,20,26,32,19,9,25,14,24,34,11,29,8,7,18,16,10,15,13,2,12,17,3,4,6,5|-1,-1,-1,-1,-1,-1,-1,-1,-1,-1,-1,-1,-1,-1,-1,-1,-1,1,1,-1,1,-1,-1,1,-1,1,1,1,1,1,1,1,-1,1,1,1,1,1,1|./seeds/seed_006.txt
0,1,9,19,8,7,14,10,11,28,16,18,33,31,15,22,13,30,35,37,27,21,38,12,36,20,32,23,17,2,26,25,3,6,24,34,5,29,4|-1,-1,1,1,1,1,1,1,1,-1,1,1,-1,-1,1,-1,1,-1,-1,-1,-1,-1,-1,1,-1,-1,-1,-1,1,-1,-1,-1,1,1,-1,-1,1,-1,1|./seeds/seed_002.txt
0,1,19,14,9,7,11,8,10,16,18,15,13,12,2,17,6,28,27,33,23,31,21,30,36,20,22,4,32,37,35,38,24,34,29,25,26,3,5|-1,-1,1,1,1,1,1,1,1,1,1,1,1,1,-1,1,1,-1,-1,-1,-1,-1,-1,-1,-1,-1,-1,1,-1,-1,-1,-1,1,1,1,1,1,1,1|./seeds/seed_002.txt
14,19,9,7,6,28,0,1,27,21,23,20,33,30,31,22,37,4,36,35,32,38,8,11,18,10,12,16,34,25,15,2,24,29,13,17,26,5,3|1,1,1,1,1,-1,-1,-1,-1,-1,-1,-1,-1,-1,-1,-1,-1,1,-1,-1,-1,-1,1,1,1,1,1,1,1,1,1,-1,1,1,1,1,1,1,1|./seeds/seed_000.txt
7,9,8,10,6,14,19,1,11,16,15,0,18,17,13,12,5,4,3,25,29,24,26,34,38,35,20,32,36,30,37,23,28,27,33,21,31,22,2|1,1,1,1,1,1,1,-1,1,1,1,-1,1,1,1,1,1,1,1,1,1,1,1,1,1,1,1,1,1,1,1,1,1,1,1,1,1,1,-1|./seeds/seed_007.txt
7,8,9,6,10,14,18,11,19,16,15,12,17,13,5,3,4,29,25,24,34,26,38,35,2,20,32,36,37,30,27,28,31,21,22,23,33,1,0|1,1,1,1,1,1,1,1,1,1,1,1,1,1,1,1,1,1,1,1,1,1,1,1,1,1,1,1,1,1,1,1,1,1,1,1,1,-1,-1|./seeds/seed_000.txt
2,5,4,31,38,21,33,35,32,30,27,37,36,3,20,22,28,23,6,26,0,25,1,9,24,29,34,8,7,17,10,15,13,16,12,18,11,14,19|1,1,1,-1,-1,-1,-1,-1,-1,-1,-1,-1,-1,1,-1,-1,-1,-1,1,-1,1,-1,1,1,-1,-1,-1,1,1,-1,1,-1,-1,-1,-1,-1,-1,1,1|./seeds/seed_001.txt
2,5,4,21,38,33,35,31,3,32,20,36,30,27,6,37,22,28,23,26,9,25,0,34,24,29,1,8,7,10,17,15,13,16,12,18,11,14,19|1,1,1,-1,-1,-1,-1,-1,1,-1,-1,-1,-1,-1,1,-1,-1,-1,-1,-1,1,-1,1,-1,-1,-1,1,1,1,1,-1,-1,-1,-1,-1,-1,-1,1,1|./seeds/seed_007.txt
2,5,6,4,3,7,8,9,10,1,0,14,19,12,18,11,15,17,13,16,24,26,29,34,25,38,35,28,20,30,22,27,37,36,23,33,21,31,32|-1,-1,-1,-1,-1,-1,-1,-1,-1,-1,-1,-1,-1,-1,-1,-1,-1,-1,-1,-1,-1,-1,-1,-1,-1,-1,-1,-1,-1,-1,-1,-1,-1,-1,-1,-1,-1,-1,-1|./seeds/seed_006.txt
6,5,4,3,2,7,8,9,14,10,19,18,12,11,15,17,16,13,1,0,24,25,29,26,34,38,35,28,20,37,30,27,21,36,23,22,33,31,32|-1,-1,-1,-1,-1,-1,-1,-1,-1,-1,-1,-1,-1,-1,-1,-1,-1,-1,-1,-1,-1,-1,-1,-1,-1,-1,-1,-1,-1,-1,-1,-1,-1,-1,-1,-1,-1,-1,-1|./seeds/seed_005.txt
6,5,4,14,19,9,7,1,0,21,3,30,28,8,31,27,22,23,20,32,36,33,11,37,18,15,17,38,16,12,35,29,13,26,24,25,34,10,2|1,1,1,1,1,1,1,-1,-1,-1,1,-1,-1,1,-1,-1,-1,-1,-1,-1,-1,-1,1,-1,1,1,1,-1,1,1,-1,1,1,1,1,1,1,1,-1|./seeds/seed_003.txt
6,4,14,19,9,5,7,28,27,21,22,23,30,20,31,37,33,36,32,35,38,8,3,1,0,29,26,11,24,34,25,18,12,15,17,16,2,13,10|1,1,1,1,1,1,1,-1,-1,-1,-1,-1,-1,-1,-1,-1,-1,-1,-1,-1,-1,1,1,-1,-1,1,1,1,1,1,1,1,1,1,1,1,1,1,1|./seeds/seed_005.txt
18,17,19,11,12,14,15,25,16,13,24,29,34,1,0,26,36,28,4,31,38,37,3,21,23,35,32,20,30,22,27,33,6,7,5,10,2,8,9|1,1,1,1,1,1,1,1,1,1,1,1,1,1,1,1,1,1,1,1,1,1,1,1,1,1,1,1,1,1,1,1,1,1,1,1,-1,1,1|./seeds/seed_001.txt
1,0,15,17,12,11,14,19,18,25,16,13,24,29,34,26,36,4,38,3,28,31,37,21,35,23,32,22,30,20,27,2,33,6,5,7,8,9,10|1,1,1,1,1,1,1,1,1,1,1,1,1,1,1,1,1,1,1,1,1,1,1,1,1,1,1,1,1,1,1,-1,1,1,1,1,-1,-1,1|./seeds/seed_003.txt
7,9,8,1,10,0,6,19,14,16,11,15,13,17,18,5,12,4,3,25,29,24,26,34,38,35,20,2,32,36,37,23,30,27,33,28,22,31,21|1,1,1,-1,1,-1,1,1,1,1,1,1,1,1,1,1,1,1,1,1,1,1,1,1,1,1,1,-1,1,1,1,1,1,1,1,1,1,1,1|./seeds/seed_003.txt
7,9,8,10,6,1,14,19,0,11,16,15,18,5,17,13,12,4,3,25,29,24,34,26,38,35,32,20,37,30,36,23,28,27,33,21,22,31,2|1,1,1,1,1,-1,1,1,-1,1,1,1,1,1,1,1,1,1,1,1,1,1,1,1,1,1,1,1,1,1,1,1,1,1,1,1,1,1,-1|./seeds/seed_004.txt
14,19,4,27,28,30,20,23,33,21,32,31,36,22,6,1,37,35,9,2,0,38,7,11,3,24,26,25,34,18,29,12,15,13,16,17,10,5,8|1,1,1,-1,-1,-1,-1,-1,-1,-1,-1,-1,-1,-1,1,1,-1,-1,1,-1,1,-1,1,1,1,1,1,1,1,1,1,1,1,1,1,1,-1,1,-1|./seeds/seed_004.txt
14,19,4,6,20,27,21,23,30,28,1,33,0,32,31,36,22,3,2,24,9,37,7,35,11,26,25,38,18,34,29,15,12,13,16,17,5,10,8|1,1,1,1,-1,-1,-1,-1,-1,-1,1,-1,1,-1,-1,-1,-1,1,-1,1,1,-1,1,-1,1,1,1,-1,1,1,1,1,1,1,1,1,1,-1,-1|./seeds/seed_003.txt
14,19,4,6,20,27,21,23,30,28,1,33,0,32,31,36,22,3,2,24,9,37,7,35,11,26,25,38,18,34,29,15,12,13,16,17,5,10,8|1,1,1,1,-1,-1,-1,-1,-1,-1,1,-1,1,-1,-1,-1,-1,1,-1,1,1,-1,1,-1,1,1,1,-1,1,1,1,1,1,1,1,1,1,-1,-1|./seeds/seed_003.txt
14,19,4,21,28,27,30,23,20,36,6,22,32,33,31,9,37,7,35,38,24,25,26,34,29,2,11,3,1,0,5,10,18,15,8,12,16,13,17|1,1,1,-1,-1,-1,-1,-1,-1,-1,1,-1,-1,-1,-1,1,-1,1,-1,-1,1,1,1,1,1,-1,1,1,1,1,1,-1,1,1,1,1,1,1,-1|./seeds/seed_005.txt
0,1,19,14,7,9,11,18,15,16,13,12,17,8,10,6,2,24,25,28,4,29,34,27,26,23,33,31,21,30,20,22,36,37,3,35,32,38,5|-1,-1,1,1,1,1,1,1,1,1,1,1,1,1,1,1,-1,1,1,-1,1,1,1,-1,1,-1,-1,-1,-1,-1,-1,-1,-1,-1,1,-1,-1,-1,1|./seeds/seed_007.txt
14,19,9,7,6,28,27,21,23,20,0,33,31,1,30,4,37,22,32,36,35,38,8,11,10,18,12,16,34,15,29,24,25,13,5,26,3,2,17|1,1,1,1,1,-1,-1,-1,-1,-1,-1,-1,-1,-1,-1,1,-1,-1,-1,-1,-1,-1,1,1,1,1,1,1,1,1,1,1,1,1,1,1,1,-1,1|./seeds/seed_005.txt
19,14,2,7,9,0,11,1,18,13,15,12,16,28,27,8,17,30,21,23,20,31,33,10,22,32,37,36,38,29,35,24,25,34,6,5,26,4,3|1,1,-1,1,1,-1,1,-1,1,1,1,1,1,-1,-1,1,1,-1,-1,-1,-1,-1,-1,1,-1,-1,-1,-1,-1,1,-1,1,1,1,1,-1,1,1,1|./seeds/seed_002.txt
19,14,7,9,11,2,0,27,1,18,28,21,23,20,16,33,30,13,15,12,31,22,37,17,32,36,29,24,35,34,25,38,6,8,10,4,26,5,3|1,1,1,1,1,-1,-1,-1,-1,1,-1,-1,-1,-1,1,-1,-1,1,1,1,-1,-1,-1,1,-1,-1,1,1,-1,1,1,-1,1,1,1,1,1,-1,-1|./seeds/seed_006.txt
0,12,25,1,11,26,17,15,29,16,34,18,13,24,14,38,19,35,20,21,31,2,28,22,6,32,36,23,5,37,27,30,33,4,7,3,8,9,10|-1,-1,-1,-1,-1,-1,-1,-1,-1,-1,-1,-1,-1,-1,-1,-1,-1,-1,-1,-1,-1,-1,-1,-1,-1,-1,-1,-1,-1,-1,-1,-1,-1,-1,-1,-1,-1,-1,-1|./seeds/seed_000.txt
0,1,2,12,14,25,29,16,11,5,34,26,18,24,19,15,17,13,4,38,6,22,31,35,20,36,21,32,28,33,37,30,27,10,8,23,3,9,7|-1,-1,-1,-1,-1,-1,-1,-1,-1,-1,-1,-1,-1,-1,-1,-1,-1,-1,-1,-1,-1,-1,-1,-1,-1,-1,-1,-1,-1,-1,-1,-1,-1,1,1,-1,-1,1,1|./seeds/seed_004.txt
7,9,8,1,10,0,6,19,14,11,16,5,15,13,17,18,12,4,3,25,29,24,34,26,38,35,32,20,36,37,30,23,28,27,22,33,21,31,2|1,1,1,-1,1,-1,1,1,1,1,1,1,1,1,1,1,1,1,1,1,1,1,1,1,1,1,1,1,1,1,1,1,1,1,1,1,1,1,-1|./seeds/seed_002.txt
7,8,9,6,14,10,18,11,19,16,15,5,12,17,13,4,3,25,29,24,26,34,38,2,35,20,37,32,30,36,28,31,22,21,33,27,23,1,0|1,1,1,1,1,1,1,1,1,1,1,1,1,1,1,1,1,1,1,1,1,1,1,1,1,1,1,1,1,1,1,1,1,1,1,1,1,-1,-1|./seeds/seed_005.txt
0,1,19,9,14,11,8,16,18,13,28,15,7,33,10,22,30,35,27,37,12,31,36,21,23,38,17,32,20,26,25,2,24,34,29,3,6,4,5|-1,-1,1,1,1,1,1,1,1,1,-1,1,1,-1,1,-1,-1,-1,-1,-1,1,-1,-1,-1,-1,-1,1,-1,-1,-1,-1,-1,-1,-1,-1,1,1,1,1|./seeds/seed_001.txt
28,33,27,23,22,37,21,35,30,0,1,36,38,31,20,26,32,19,9,25,14,24,34,11,29,8,7,18,16,10,15,13,2,12,17,3,4,6,5|-1,-1,-1,-1,-1,-1,-1,-1,-1,-1,-1,-1,-1,-1,-1,-1,-1,1,1,-1,1,-1,-1,1,-1,1,1,1,1,1,1,1,-1,1,1,1,1,1,1|./seeds/seed_006.txt
28,33,23,35,27,21,38,22,37,31,36,20,30,32,26,25,24,9,29,1,0,34,19,14,7,8,5,4,6,11,3,10,18,16,2,12,13,15,17|-1,-1,-1,-1,-1,-1,-1,-1,-1,-1,-1,-1,-1,-1,-1,-1,-1,1,-1,-1,-1,-1,1,1,1,1,1,1,1,1,1,1,1,1,-1,1,1,1,-1|./seeds/seed_000.txt
28,33,35,38,23,21,27,37,22,31,36,20,32,30,26,25,24,9,29,0,34,1,19,14,7,8,5,6,4,11,3,18,10,16,2,12,13,17,15|-1,-1,-1,-1,-1,-1,-1,-1,-1,-1,-1,-1,-1,-1,-1,-1,-1,1,-1,-1,-1,-1,1,1,1,1,1,1,1,1,1,1,1,1,-1,1,1,-1,1|./seeds/seed_005.txt
6,5,4,3,2,7,8,9,14,10,19,18,12,11,15,17,16,13,1,0,24,25,29,26,34,38,35,28,20,37,30,27,21,36,23,22,33,31,32|-1,-1,-1,-1,-1,-1,-1,-1,-1,-1,-1,-1,-1,-1,-1,-1,-1,-1,-1,-1,-1,-1,-1,-1,-1,-1,-1,-1,-1,-1,-1,-1,-1,-1,-1,-1,-1,-1,-1|./seeds/seed_005.txt
5,6,4,2,3,7,8,9,10,19,14,0,1,12,11,18,15,13,17,16,24,29,26,34,25,38,28,35,30,22,20,37,27,23,33,36,31,32,21|-1,-1,-1,-1,-1,-1,-1,-1,-1,-1,-1,-1,-1,-1,-1,-1,-1,-1,-1,-1,-1,-1,-1,-1,-1,-1,-1,-1,-1,-1,-1,-1,-1,-1,-1,-1,-1,1,-1|./seeds/seed_007.txt
19,14,2,7,9,0,11,1,18,15,13,16,12,28,17,8,27,21,30,10,20,23,31,33,22,32,37,24,29,25,34,36,38,35,6,5,26,4,3|1,1,-1,1,1,-1,1,-1,1,1,1,1,1,-1,1,1,-1,-1,-1,1,-1,-1,-1,-1,-1,-1,-1,1,1,1,1,-1,-1,-1,1,-1,1,1,1|./seeds/seed_003.txt
19,14,7,11,9,2,0,18,13,16,1,15,12,17,10,27,8,24,28,29,25,34,30,21,31,20,23,22,33,26,37,32,5,36,35,6,38,4,3|1,1,1,1,1,-1,-1,1,1,1,-1,1,1,1,1,-1,1,1,-1,1,1,1,-1,-1,-1,-1,-1,-1,-1,1,-1,-1,-1,-1,-1,1,-1,1,1|./seeds/seed_001.txt
6,5,18,15,17,11,12,16,13,14,4,19,25,29,24,34,26,7,3,8,38,35,28,36,30,23,20,37,9,10,32,2,33,22,31,27,21,0,1|1,1,1,1,1,1,1,1,1,1,1,1,1,1,1,1,1,1,1,1,1,1,1,1,1,1,1,1,1,1,1,1,1,1,1,1,1,1,1|./seeds/seed_005.txt
18,15,11,17,12,16,14,13,6,5,19,24,34,29,25,26,4,7,35,38,36,20,3,30,28,37,23,33,32,31,27,21,8,22,9,10,2,1,0|1,1,1,1,1,1,1,1,1,1,1,1,1,1,1,1,1,1,1,1,1,1,1,1,1,1,1,1,1,1,1,1,1,1,1,1,1,-1,-1|./seeds/seed_006.txt
6,5,11,19,13,15,14,17,18,12,16,4,7,25,29,26,9,34,24,3,8,38,20,35,1,0,30,23,28,31,37,32,36,22,10,21,27,33,2|-1,-1,-1,-1,-1,-1,-1,-1,-1,-1,-1,-1,-1,-1,-1,-1,-1,-1,-1,-1,-1,-1,-1,-1,1,1,-1,-1,-1,-1,-1,-1,-1,-1,-1,-1,-1,-1,-1|./seeds/seed_001.txt
5,6,19,17,13,11,4,16,14,15,12,18,3,1,0,9,7,25,8,29,34,24,26,38,10,20,23,35,30,28,37,22,36,32,31,27,21,33,2|-1,-1,-1,-1,-1,-1,-1,-1,-1,-1,-1,-1,-1,1,1,-1,-1,-1,-1,-1,-1,-1,-1,-1,-1,-1,-1,-1,-1,-1,-1,-1,-1,-1,-1,-1,-1,-1,-1|./seeds/seed_002.txt
0,1,9,19,14,8,7,11,10,31,21,16,28,15,18,13,12,37,27,38,36,33,17,30,20,2,35,23,32,22,25,26,34,24,29,6,3,5,4|1,1,-1,-1,-1,-1,-1,-1,-1,1,1,-1,1,-1,-1,-1,-1,1,1,1,1,1,-1,1,1,1,1,1,1,1,1,1,1,1,1,-1,-1,-1,-1|./seeds/seed_003.txt
0,1,19,9,14,11,8,7,10,16,31,18,15,21,28,12,13,33,36,27,38,37,17,20,30,35,32,22,23,2,25,26,6,34,24,29,3,5,4|1,1,-1,-1,-1,-1,-1,-1,-1,-1,1,-1,-1,1,1,-1,-1,1,1,1,1,1,-1,1,1,1,1,1,1,1,1,1,-1,1,1,1,-1,-1,-1|./seeds/seed_004.txt
19,14,7,9,27,28,20,21,23,30,31,37,33,22,32,6,36,35,38,4,2,0,11,1,8,29,18,34,10,25,24,16,13,12,15,26,17,3,5|1,1,1,1,-1,-1,-1,-1,-1,-1,-1,-1,-1,-1,-1,1,-1,-1,-1,1,-1,-1,1,-1,1,1,1,1,1,1,1,1,1,1,1,1,1,1,-1|./seeds/seed_000.txt
19,14,7,11,9,2,0,18,13,16,1,15,12,17,10,27,8,24,28,29,25,34,30,21,31,20,23,22,33,26,37,32,5,36,35,6,38,4,3|1,1,1,1,1,-1,-1,1,1,1,-1,1,1,1,1,-1,1,1,-1,1,1,1,-1,-1,-1,-1,-1,-1,-1,1,-1,-1,-1,-1,-1,1,-1,1,1|./seeds/seed_001.txt
5,6,4,3,2,8,7,9,10,19,14,1,0,16,12,11,17,18,15,13,24,25,34,29,26,38,22,37,36,35,28,20,30,23,21,31,33,27,32|1,1,1,1,1,1,1,1,1,1,1,1,1,1,1,1,1,1,1,1,1,1,1,1,1,1,1,1,1,1,1,1,1,1,1,1,-1,1,1|./seeds/seed_004.txt
5,6,4,3,2,9,8,7,10,1,0,19,14,16,11,12,17,18,15,13,24,34,25,26,29,33,32,21,27,31,38,30,22,23,37,20,36,28,35|1,1,1,1,1,1,1,1,1,1,1,1,1,1,1,1,1,1,1,1,1,1,1,1,1,-1,-1,-1,-1,-1,1,-1,1,-1,1,-1,1,-1,1|./seeds/seed_003.txt
5,6,19,13,14,17,16,11,4,15,12,18,3,0,9,1,7,25,34,8,26,29,24,38,20,10,35,23,37,22,30,28,36,32,27,31,33,21,2|-1,-1,-1,-1,-1,-1,-1,-1,-1,-1,-1,-1,-1,1,-1,1,-1,-1,-1,-1,-1,-1,-1,-1,-1,-1,-1,-1,-1,-1,-1,-1,-1,-1,-1,-1,-1,-1,1|./seeds/seed_003.txt
5,6,19,11,14,13,17,15,16,12,18,4,7,3,9,25,29,8,1,0,26,34,24,38,20,35,10,30,23,28,22,31,37,32,36,21,27,33,2|-1,-1,-1,-1,-1,-1,-1,-1,-1,-1,-1,-1,-1,-1,-1,-1,-1,-1,1,1,-1,-1,-1,-1,-1,-1,-1,-1,-1,-1,-1,-1,-1,-1,-1,-1,-1,-1,-1|./seeds/seed_007.txt
5,6,19,13,14,17,16,11,4,15,12,18,3,0,9,1,7,25,34,8,26,29,24,38,20,10,35,23,37,22,30,28,36,32,27,31,33,21,2|-1,-1,-1,-1,-1,-1,-1,-1,-1,-1,-1,-1,-1,1,-1,1,-1,-1,-1,-1,-1,-1,-1,-1,-1,-1,-1,-1,-1,-1,-1,-1,-1,-1,-1,-1,-1,-1,1|./seeds/seed_003.txt
5,6,19,17,13,11,4,16,14,15,12,18,3,1,0,9,7,25,8,29,34,24,26,38,10,20,23,35,30,28,37,22,36,32,31,27,21,33,2|-1,-1,-1,-1,-1,-1,-1,-1,-1,-1,-1,-1,-1,1,1,-1,-1,-1,-1,-1,-1,-1,-1,-1,-1,-1,-1,-1,-1,-1,-1,-1,-1,-1,-1,-1,-1,-1,-1|./seeds/seed_002.txt
6,5,3,4,7,9,8,10,19,14,16,11,2,0,18,17,12,1,15,13,24,25,26,34,29,38,35,22,37,36,31,28,21,27,20,30,23,32,33|1,1,1,1,1,1,1,1,1,1,1,1,1,1,1,1,1,1,1,1,1,1,1,1,1,1,1,1,1,1,1,1,1,1,1,1,1,1,1|./seeds/seed_000.txt
6,5,4,3,9,7,8,10,1,0,19,14,16,17,11,18,15,2,12,13,24,34,26,25,29,38,32,33,30,22,37,36,27,31,23,35,21,20,28|1,1,1,1,1,1,1,1,1,1,1,1,1,1,1,1,1,1,1,1,1,1,1,1,1,1,-1,-1,-1,1,1,1,1,1,1,-1,-1,1,-1|./seeds/seed_003.txt
25,18,15,17,11,12,16,24,38,34,26,13,29,36,31,23,28,35,37,20,27,14,22,21,33,0,32,19,30,1,3,4,7,6,2,10,8,5,9|1,1,1,1,1,1,1,1,1,1,1,1,1,1,1,1,1,1,1,1,1,1,1,1,1,1,1,1,1,1,1,1,1,1,1,1,1,1,1|./seeds/seed_005.txt
1,0,15,17,12,11,14,19,18,25,16,13,24,29,34,26,36,4,38,3,28,31,37,21,35,23,32,22,30,20,27,2,33,6,5,7,8,9,10|1,1,1,1,1,1,1,1,1,1,1,1,1,1,1,1,1,1,1,1,1,1,1,1,1,1,1,1,1,1,1,-1,1,1,1,1,-1,-1,1|./seeds/seed_003.txt
6,5,4,3,7,2,8,14,9,10,19,12,16,18,11,15,17,1,13,24,0,25,34,29,26,38,35,36,37,22,28,20,21,30,23,31,27,32,33|1,1,1,1,1,1,1,1,1,1,1,1,1,1,1,1,1,1,1,1,1,1,1,1,1,1,1,1,1,1,1,1,1,1,1,1,1,1,1|./seeds/seed_005.txt
5,4,6,2,3,9,8,7,10,14,19,1,0,16,12,11,17,18,15,13,24,25,29,34,26,33,38,22,27,37,32,31,36,21,35,23,30,28,20|1,1,1,1,1,1,1,1,1,1,1,1,1,1,1,1,1,1,1,1,1,1,1,1,1,-1,1,1,-1,1,-1,-1,1,-1,1,-1,-1,1,-1|./seeds/seed_002.txt
6,5,3,4,7,9,8,19,10,14,16,11,18,17,12,15,13,2,0,1,24,25,34,26,29,38,35,22,37,36,27,31,21,28,20,30,23,32,33|1,1,1,1,1,1,1,1,1,1,1,1,1,1,1,1,1,1,1,1,1,1,1,1,1,1,1,1,1,1,1,1,1,1,1,1,1,1,1|./seeds/seed_005.txt
6,5,4,3,9,7,8,10,19,14,0,1,16,11,17,18,15,2,12,13,24,34,26,25,29,38,22,37,31,36,28,23,27,35,20,21,30,32,33|1,1,1,1,1,1,1,1,1,1,1,1,1,1,1,1,1,1,1,1,1,1,1,1,1,1,1,1,1,1,1,1,1,1,1,1,1,-1,-1|./seeds/seed_004.txt
6,4,14,19,9,5,7,28,27,21,22,23,30,20,31,37,33,36,32,35,38,8,3,1,0,29,26,11,24,34,25,18,12,15,17,16,2,13,10|1,1,1,1,1,1,1,-1,-1,-1,-1,-1,-1,-1,-1,-1,-1,-1,-1,-1,-1,1,1,-1,-1,1,1,1,1,1,1,1,1,1,1,1,1,1,1|./seeds/seed_005.txt
6,4,5,14,19,9,7,0,1,11,3,21,30,8,22,31,27,28,15,18,23,20,33,36,17,12,29,37,32,16,13,38,26,35,24,25,34,10,2|1,1,1,1,1,1,1,-1,-1,1,1,-1,-1,1,-1,-1,-1,-1,1,1,-1,-1,-1,-1,1,1,1,-1,-1,1,1,-1,1,-1,1,1,1,1,-1|./seeds/seed_007.txt
6,5,4,3,7,9,8,10,19,0,14,2,1,16,11,18,17,12,15,13,24,34,26,25,29,38,37,22,36,31,35,28,27,21,20,23,30,33,32|1,1,1,1,1,1,1,1,1,1,1,1,1,1,1,1,1,1,1,1,1,1,1,1,1,1,1,1,1,1,1,1,1,1,1,1,1,1,1|./seeds/seed_006.txt
5,6,4,3,9,7,8,10,19,1,0,14,16,2,17,11,18,15,12,13,24,34,26,25,29,38,33,30,32,22,37,36,31,28,27,21,23,20,35|1,1,1,1,1,1,1,1,1,1,1,1,1,1,1,1,1,1,1,1,1,1,1,1,1,1,-1,-1,-1,1,1,1,1,1,1,-1,1,1,1|./seeds/seed_002.txt
19,14,0,1,7,9,11,18,15,16,13,12,17,8,10,2,25,24,6,34,28,29,26,27,23,21,30,31,4,33,22,20,36,37,32,35,38,3,5|1,1,-1,-1,1,1,1,1,1,1,1,1,1,1,1,-1,1,1,1,1,-1,1,1,-1,-1,-1,-1,-1,1,-1,-1,-1,-1,-1,-1,-1,-1,1,-1|./seeds/seed_001.txt
0,1,19,14,9,7,11,8,18,15,16,10,13,12,17,6,2,28,27,4,33,31,23,21,30,20,36,22,24,25,37,32,29,35,34,26,38,3,5|-1,-1,1,1,1,1,1,1,1,1,1,1,1,1,1,1,-1,-1,-1,1,-1,-1,-1,-1,-1,-1,-1,-1,1,1,-1,-1,1,-1,1,1,-1,1,1|./seeds/seed_004.txt
0,1,2,31,32,21,5,35,36,33,38,20,23,28,4,27,30,37,22,25,3,26,6,29,24,34,9,17,13,8,15,16,12,18,10,11,7,19,14|1,1,1,-1,-1,-1,1,-1,-1,-1,-1,-1,-1,-1,1,-1,-1,-1,-1,-1,1,-1,1,-1,-1,-1,1,-1,-1,1,-1,-1,-1,-1,1,-1,1,-1,-1|./seeds/seed_001.txt
31,21,36,38,35,32,27,20,33,23,28,30,37,5,0,22,1,4,25,2,26,6,24,34,9,29,3,17,13,8,15,12,16,18,7,11,10,19,14|-1,-1,-1,-1,-1,-1,-1,-1,-1,-1,-1,-1,-1,1,1,-1,1,1,-1,1,-1,1,-1,-1,1,-1,1,-1,-1,1,-1,-1,-1,-1,1,-1,1,-1,1|./seeds/seed_006.txt
6,4,5,14,19,9,7,0,1,3,8,21,11,28,27,31,30,22,20,33,15,23,36,32,18,17,12,37,16,29,38,13,35,26,24,25,34,10,2|1,1,1,1,1,1,1,-1,-1,1,1,-1,1,-1,-1,-1,-1,-1,-1,-1,1,-1,-1,-1,1,1,1,-1,1,1,-1,1,-1,1,1,1,1,1,-1|./seeds/seed_004.txt
6,5,4,14,19,9,7,1,0,21,3,30,28,8,31,27,22,23,20,32,36,33,11,37,18,15,17,38,16,12,35,29,13,26,24,25,34,10,2|1,1,1,1,1,1,1,-1,-1,-1,1,-1,-1,1,-1,-1,-1,-1,-1,-1,-1,-1,1,-1,1,1,1,-1,1,1,-1,1,1,1,1,1,1,1,-1|./seeds/seed_003.txt
25,18,15,17,11,24,12,16,34,38,29,13,26,31,36,28,23,35,37,20,21,22,27,33,32,14,30,19,0,1,3,4,7,6,10,8,2,5,9|1,1,1,1,1,1,1,1,1,1,1,1,1,1,1,1,1,1,1,1,1,1,1,1,1,1,1,1,1,1,1,1,1,1,1,1,1,1,1|./seeds/seed_000.txt
15,17,11,18,12,16,1,19,0,14,25,13,24,29,34,36,26,38,3,28,4,31,21,37,20,35,22,32,23,30,27,33,5,6,2,7,9,10,8|1,1,1,1,1,1,1,1,1,1,1,1,1,1,1,1,1,1,1,1,1,1,1,1,1,1,1,1,1,1,1,1,1,1,-1,1,-1,1,-1|./seeds/seed_004.txt
21,38,31,33,35,32,20,27,36,37,30,28,22,5,23,4,2,25,26,6,9,24,34,29,3,0,1,8,17,15,13,7,16,12,18,10,11,14,19|-1,-1,-1,-1,-1,-1,-1,-1,-1,-1,-1,-1,-1,1,-1,1,1,-1,-1,1,1,-1,-1,-1,1,1,1,1,-1,-1,-1,1,-1,-1,-1,1,-1,1,1|./seeds/seed_006.txt
2,5,4,31,38,21,33,35,32,30,27,37,36,3,20,22,28,23,6,26,0,25,1,9,24,29,34,8,7,17,10,15,13,16,12,18,11,14,19|1,1,1,-1,-1,-1,-1,-1,-1,-1,-1,-1,-1,1,-1,-1,-1,-1,1,-1,1,-1,1,1,-1,-1,-1,1,1,-1,1,-1,-1,-1,-1,-1,-1,1,1|./seeds/seed_001.txt
0,1,9,19,8,14,7,11,10,16,18,28,13,15,33,35,22,31,12,30,27,37,36,38,21,17,23,20,32,26,2,25,3,24,6,34,29,5,4|-1,-1,1,1,1,1,1,1,1,1,1,-1,1,1,-1,-1,-1,-1,1,-1,-1,-1,-1,-1,-1,1,-1,-1,-1,-1,-1,-1,1,-1,1,-1,-1,1,1|./seeds/seed_007.txt
0,1,9,19,8,7,14,10,11,28,16,18,33,31,15,22,13,30,35,37,27,21,38,12,36,20,32,23,17,2,26,25,3,6,24,34,5,29,4|-1,-1,1,1,1,1,1,1,1,-1,1,1,-1,-1,1,-1,1,-1,-1,-1,-1,-1,-1,1,-1,-1,-1,-1,1,-1,-1,-1,1,1,-1,-1,1,-1,1|./seeds/seed_002.txt
7,9,8,10,6,14,19,1,11,16,15,0,18,17,13,12,5,4,3,25,29,24,26,34,38,35,20,32,36,30,37,23,28,27,33,21,31,22,2|1,1,1,1,1,1,1,-1,1,1,1,-1,1,1,1,1,1,1,1,1,1,1,1,1,1,1,1,1,1,1,1,1,1,1,1,1,1,1,-1|./seeds/seed_007.txt
7,9,8,10,6,1,14,19,0,11,16,15,18,5,17,13,12,4,3,25,29,24,34,26,38,35,32,20,37,30,36,23,28,27,33,21,22,31,2|1,1,1,1,1,-1,1,1,-1,1,1,1,1,1,1,1,1,1,1,1,1,1,1,1,1,1,1,1,1,1,1,1,1,1,1,1,1,1,-1|./seeds/seed_004.txt
0,1,19,14,7,9,11,2,8,13,18,15,16,10,17,12,6,28,21,27,31,30,23,33,20,4,36,22,37,32,24,35,25,34,29,38,26,3,5|-1,-1,1,1,1,1,1,-1,1,1,1,1,1,1,1,1,1,-1,-1,-1,-1,-1,-1,-1,-1,1,-1,-1,-1,-1,1,-1,1,1,1,-1,1,1,1|./seeds/seed_003.txt
0,1,19,14,9,7,11,8,10,16,18,15,13,12,2,17,6,28,27,33,23,31,21,30,36,20,22,4,32,37,35,38,24,34,29,25,26,3,5|-1,-1,1,1,1,1,1,1,1,1,1,1,1,1,-1,1,1,-1,-1,-1,-1,-1,-1,-1,-1,-1,-1,1,-1,-1,-1,-1,1,1,1,1,1,1,1|./seeds/seed_002.txt
4,6,5,2,9,3,7,8,30,21,28,27,31,32,33,22,36,20,23,37,35,38,1,0,19,14,10,15,17,25,13,12,18,24,29,11,34,16,26|1,1,1,1,1,1,1,1,-1,-1,-1,-1,-1,-1,-1,-1,-1,-1,-1,-1,-1,-1,1,1,1,1,1,-1,-1,-1,-1,-1,1,-1,-1,1,-1,1,1|./seeds/seed_007.txt
4,6,5,2,9,3,7,8,21,30,27,28,31,32,33,36,20,22,35,23,37,38,19,1,14,10,0,15,17,25,13,24,11,18,12,29,16,34,26|1,1,1,1,1,1,1,1,-1,-1,-1,-1,-1,-1,-1,-1,-1,-1,-1,-1,-1,-1,1,1,1,1,1,-1,-1,-1,-1,-1,1,1,-1,-1,1,-1,1|./seeds/seed_004.txt
0,1,2,32,21,31,35,36,23,28,38,27,33,20,30,5,22,37,4,25,26,3,6,29,24,34,9,17,15,13,16,12,8,18,11,10,7,19,14|1,1,1,-1,-1,-1,-1,-1,-1,-1,-1,-1,-1,-1,-1,1,-1,-1,1,-1,-1,1,1,-1,-1,-1,1,-1,-1,-1,-1,-1,1,-1,-1,1,1,-1,1|./seeds/seed_007.txt
31,36,21,38,35,23,33,27,28,32,20,37,30,22,25,5,4,26,9,24,6,29,1,34,0,2,3,17,8,15,7,13,12,16,18,14,11,10,19|-1,-1,-1,-1,-1,-1,-1,-1,-1,-1,-1,-1,-1,-1,-1,1,1,-1,1,-1,1,-1,1,-1,1,1,1,-1,1,-1,1,-1,-1,-1,-1,1,-1,1,1|./seeds/seed_000.txt
14,19,4,21,28,27,30,23,20,36,6,22,32,33,31,9,37,7,35,38,24,25,26,34,29,2,11,3,1,0,5,10,18,15,8,12,16,13,17|1,1,1,-1,-1,-1,-1,-1,-1,-1,1,-1,-1,-1,-1,1,-1,1,-1,-1,1,1,1,1,1,-1,1,1,1,1,1,-1,1,1,1,1,1,1,-1|./seeds/seed_005.txt
14,19,4,27,30,28,23,33,20,21,32,22,36,31,1,37,6,35,0,9,11,38,2,24,7,26,25,3,34,18,29,12,15,13,16,17,10,8,5|1,1,1,-1,-1,-1,-1,-1,-1,-1,-1,-1,-1,-1,1,-1,1,-1,1,1,1,-1,-1,1,1,1,1,1,1,1,1,1,1,1,1,1,-1,-1,1|./seeds/seed_007.txt
1,0,2,32,21,35,28,27,38,31,22,20,33,36,23,5,4,30,37,25,6,3,26,9,29,24,34,8,17,7,15,13,16,10,12,18,11,14,19|-1,-1,-1,1,1,1,1,1,1,1,1,1,1,1,1,-1,-1,1,1,1,-1,-1,1,-1,1,1,1,-1,1,-1,1,1,1,-1,1,1,1,-1,-1|./seeds/seed_004.txt
35,32,21,27,28,38,31,20,36,23,33,37,22,30,5,1,0,4,25,2,26,6,24,29,34,9,3,8,17,13,15,12,7,18,16,11,10,14,19|1,1,1,1,1,1,1,1,1,1,1,1,1,1,-1,-1,-1,-1,1,-1,1,-1,1,1,1,-1,-1,-1,1,1,1,1,-1,1,1,1,-1,-1,-1|./seeds/seed_006.txt
5,2,6,0,4,1,3,8,7,9,10,14,19,11,18,12,16,15,13,17,25,34,26,29,24,38,37,30,36,28,22,27,35,21,31,33,20,32,23|1,1,1,1,1,1,1,1,1,1,1,1,1,1,1,1,1,1,1,1,1,1,1,1,1,1,1,1,1,1,1,1,1,1,1,1,1,1,-1|./seeds/seed_006.txt
0,1,2,5,4,6,3,9,8,7,10,14,19,11,18,12,16,15,34,13,17,25,26,24,23,29,32,20,28,33,21,22,35,31,27,36,30,37,38|1,1,1,1,1,1,1,1,1,1,1,1,1,1,1,1,1,1,1,1,1,1,1,1,-1,1,-1,-1,-1,-1,-1,-1,-1,-1,-1,-1,-1,-1,-1|./seeds/seed_002.txt
6,5,11,17,18,15,16,19,14,12,4,13,7,3,29,9,24,34,26,8,25,1,0,35,10,38,23,36,20,28,30,32,21,37,33,31,27,22,2|1,1,1,1,1,1,1,1,1,1,1,1,1,1,1,1,1,1,1,1,1,-1,-1,1,1,1,1,1,1,1,1,1,1,1,1,1,1,1,1|./seeds/seed_007.txt
6,5,18,15,17,11,12,16,13,14,4,19,25,29,24,34,26,7,3,8,38,35,28,36,30,23,20,37,9,10,32,2,33,22,31,27,21,0,1|1,1,1,1,1,1,1,1,1,1,1,1,1,1,1,1,1,1,1,1,1,1,1,1,1,1,1,1,1,1,1,1,1,1,1,1,1,1,1|./seeds/seed_005.txt
1,0,4,2,6,5,9,3,32,23,33,31,21,30,27,28,36,22,38,20,7,35,37,8,14,10,19,17,13,15,16,29,25,12,18,26,24,34,11|1,1,1,1,1,1,1,1,-1,-1,-1,-1,-1,-1,-1,-1,-1,-1,-1,-1,1,-1,-1,1,1,1,1,-1,-1,-1,-1,-1,-1,-1,-1,-1,-1,-1,-1|./seeds/seed_004.txt
1,0,2,4,6,5,3,9,7,32,23,21,31,33,30,27,28,36,22,38,20,35,37,8,14,10,19,17,13,15,16,29,25,12,18,26,34,24,11|1,1,1,1,1,1,1,1,1,-1,-1,-1,-1,-1,-1,-1,-1,-1,-1,-1,-1,-1,-1,1,1,1,1,-1,-1,-1,-1,-1,-1,-1,-1,-1,-1,-1,-1|./seeds/seed_003.txt
21,38,31,20,35,28,33,37,32,27,30,22,36,23,26,25,5,4,9,24,6,34,29,2,3,8,17,7,15,12,16,13,0,1,14,18,19,10,11|-1,-1,-1,-1,-1,-1,-1,-1,-1,-1,-1,-1,-1,-1,-1,-1,1,1,1,-1,1,-1,-1,1,1,1,-1,1,-1,-1,-1,-1,1,1,1,-1,1,1,-1|./seeds/seed_005.txt
2,5,4,31,38,21,33,35,32,30,27,37,36,3,20,22,28,23,6,26,0,25,1,9,24,29,34,8,7,17,10,15,13,16,12,18,11,14,19|1,1,1,-1,-1,-1,-1,-1,-1,-1,-1,-1,-1,1,-1,-1,-1,-1,1,-1,1,-1,1,1,-1,-1,-1,1,1,-1,1,-1,-1,-1,-1,-1,-1,1,1|./seeds/seed_001.txt
6,5,2,4,3,7,8,9,10,14,19,12,18,11,15,1,0,17,13,16,24,25,26,29,34,38,35,28,37,20,30,27,36,22,23,21,33,31,32|-1,-1,-1,-1,-1,-1,-1,-1,-1,-1,-1,-1,-1,-1,-1,-1,-1,-1,-1,-1,-1,-1,-1,-1,-1,-1,-1,-1,-1,-1,-1,-1,-1,-1,-1,-1,-1,-1,-1|./seeds/seed_000.txt
2,5,6,4,3,7,8,9,10,1,0,14,19,12,18,11,15,17,13,16,24,26,29,34,25,38,35,28,20,30,22,27,37,36,23,33,21,31,32|-1,-1,-1,-1,-1,-1,-1,-1,-1,-1,-1,-1,-1,-1,-1,-1,-1,-1,-1,-1,-1,-1,-1,-1,-1,-1,-1,-1,-1,-1,-1,-1,-1,-1,-1,-1,-1,-1,-1|./seeds/seed_006.txt
1,0,4,2,6,5,3,9,32,23,33,28,21,30,31,27,36,35,22,38,20,37,7,8,10,14,19,17,15,13,16,25,12,29,18,26,34,11,24|1,1,1,1,1,1,1,1,-1,-1,-1,-1,-1,-1,-1,-1,-1,-1,-1,-1,-1,-1,1,1,1,1,1,-1,-1,-1,-1,-1,-1,-1,-1,-1,-1,-1,-1|./seeds/seed_001.txt
4,6,9,5,28,21,23,27,32,33,30,31,22,20,36,35,38,37,7,19,1,0,14,3,2,8,10,17,25,26,15,29,13,18,34,12,24,16,11|1,1,1,1,-1,-1,-1,-1,-1,-1,-1,-1,-1,-1,-1,-1,-1,-1,1,1,1,1,1,1,1,1,1,-1,-1,-1,-1,-1,-1,-1,-1,-1,-1,-1,-1|./seeds/seed_005.txt
35,28,21,32,27,31,20,38,37,36,33,30,23,22,25,26,4,5,29,24,34,9,0,1,6,2,3,15,8,17,13,7,12,18,16,19,14,11,10|1,1,1,1,1,1,1,1,1,1,1,1,1,1,1,1,-1,-1,1,1,1,-1,-1,-1,-1,-1,-1,1,-1,1,1,-1,1,1,1,-1,-1,1,-1|./seeds/seed_005.txt
35,32,21,27,28,38,31,20,36,23,33,37,22,30,5,1,0,4,25,2,26,6,24,29,34,9,3,8,17,13,15,12,7,18,16,11,10,14,19|1,1,1,1,1,1,1,1,1,1,1,1,1,1,-1,-1,-1,-1,1,-1,1,-1,1,1,1,-1,-1,-1,1,1,1,1,-1,1,1,1,-1,-1,-1|./seeds/seed_006.txt
19,14,2,7,9,0,11,1,18,15,13,16,12,28,27,30,8,20,21,17,31,23,10,33,22,37,32,36,38,35,24,29,34,25,6,26,5,4,3|1,1,-1,1,1,-1,1,-1,1,1,1,1,1,-1,-1,-1,1,-1,-1,1,-1,-1,1,-1,-1,-1,-1,-1,-1,-1,1,1,1,1,1,1,-1,1,1|./seeds/seed_004.txt
19,14,7,11,9,2,0,18,13,16,1,15,12,17,10,27,8,24,28,29,25,34,30,21,31,20,23,22,33,26,37,32,5,36,35,6,38,4,3|1,1,1,1,1,-1,-1,1,1,1,-1,1,1,1,1,-1,1,1,-1,1,1,1,-1,-1,-1,-1,-1,-1,-1,1,-1,-1,-1,-1,-1,1,-1,1,1|./seeds/seed_001.txt
0,1,2,5,4,6,3,9,7,8,10,14,19,11,18,12,16,34,15,13,25,23,17,26,32,24,29,28,33,21,20,22,35,31,30,27,36,37,38|1,1,1,1,1,1,1,1,1,1,1,1,1,1,1,1,1,1,1,1,1,-1,1,1,-1,1,1,-1,-1,-1,-1,-1,-1,-1,-1,-1,-1,-1,-1|./seeds/seed_003.txt
5,6,4,2,3,0,7,1,8,9,19,14,10,11,18,12,16,15,17,13,25,34,26,24,29,38,37,30,27,36,28,35,21,22,20,31,33,32,23|1,1,1,1,1,1,1,1,1,1,1,1,1,1,1,1,1,1,1,1,1,1,1,1,1,1,1,1,1,1,1,1,1,1,1,1,1,1,1|./seeds/seed_000.txt
0,1,19,14,9,7,11,8,18,15,16,10,13,12,17,6,2,28,27,4,33,31,23,21,30,20,36,22,24,25,37,32,29,35,34,26,38,3,5|-1,-1,1,1,1,1,1,1,1,1,1,1,1,1,1,1,-1,-1,-1,1,-1,-1,-1,-1,-1,-1,-1,-1,1,1,-1,-1,1,-1,1,1,-1,1,1|./seeds/seed_004.txt
14,19,9,7,6,28,27,21,23,20,0,33,31,1,30,4,37,22,32,36,35,38,8,11,10,18,12,16,34,15,29,24,25,13,5,26,3,2,17|1,1,1,1,1,-1,-1,-1,-1,-1,-1,-1,-1,-1,-1,1,-1,-1,-1,-1,-1,-1,1,1,1,1,1,1,1,1,1,1,1,1,1,1,1,-1,1|./seeds/seed_005.txt
7,9,8,1,10,0,6,19,14,11,16,5,15,13,17,18,12,4,3,25,29,24,34,26,38,35,32,20,36,37,30,23,28,27,22,33,21,31,2|1,1,1,-1,1,-1,1,1,1,1,1,1,1,1,1,1,1,1,1,1,1,1,1,1,1,1,1,1,1,1,1,1,1,1,1,1,1,1,-1|./seeds/seed_002.txt
7,8,9,6,10,14,18,11,19,16,15,12,17,13,5,3,4,29,25,24,34,26,38,35,2,20,32,36,37,30,27,28,31,21,22,23,33,1,0|1,1,1,1,1,1,1,1,1,1,1,1,1,1,1,1,1,1,1,1,1,1,1,1,1,1,1,1,1,1,1,1,1,1,1,1,1,-1,-1|./seeds/seed_000.txt
5,6,4,2,3,7,8,9,10,19,14,0,1,12,11,18,15,13,17,16,24,29,26,34,25,38,28,35,30,22,20,37,27,23,33,36,31,32,21|-1,-1,-1,-1,-1,-1,-1,-1,-1,-1,-1,-1,-1,-1,-1,-1,-1,-1,-1,-1,-1,-1,-1,-1,-1,-1,-1,-1,-1,-1,-1,-1,-1,-1,-1,-1,-1,1,-1|./seeds/seed_007.txt
2,5,6,4,3,7,8,9,10,1,0,14,19,12,18,11,15,17,13,16,24,26,29,34,25,38,35,28,20,30,22,27,37,36,23,33,21,31,32|-1,-1,-1,-1,-1,-1,-1,-1,-1,-1,-1,-1,-1,-1,-1,-1,-1,-1,-1,-1,-1,-1,-1,-1,-1,-1,-1,-1,-1,-1,-1,-1,-1,-1,-1,-1,-1,-1,-1|./seeds/seed_006.txt
4,6,5,2,9,3,7,8,21,30,31,32,28,33,27,36,22,20,35,23,37,38,1,0,19,10,14,15,17,25,13,24,29,12,18,11,16,26,34|1,1,1,1,1,1,1,1,-1,-1,-1,-1,-1,-1,-1,-1,-1,-1,-1,-1,-1,-1,1,1,1,1,1,-1,-1,-1,-1,-1,-1,-1,1,1,1,1,-1|./seeds/seed_003.txt
4,6,9,5,28,30,21,7,27,31,23,20,33,32,22,36,37,35,38,19,14,3,8,2,1,10,0,17,25,15,13,12,29,24,26,11,34,18,16|1,1,1,1,-1,-1,-1,1,-1,-1,-1,-1,-1,-1,-1,-1,-1,-1,-1,1,1,1,1,1,1,1,1,-1,-1,-1,-1,-1,-1,-1,-1,1,-1,1,1|./seeds/seed_005.txt
5,2,4,6,3,8,7,9,10,0,1,19,14,12,11,13,18,17,15,16,24,26,29,25,34,32,21,31,36,38,33,23,37,28,27,30,35,22,20|-1,-1,-1,-1,-1,-1,-1,-1,-1,-1,-1,-1,-1,-1,-1,-1,-1,-1,-1,-1,-1,-1,-1,-1,-1,1,1,1,1,-1,1,1,1,-1,1,1,1,1,1|./seeds/seed_003.txt
6,5,2,4,3,7,8,9,10,0,1,14,19,12,11,18,15,13,17,16,24,29,26,34,25,38,35,28,20,22,30,37,27,23,36,33,31,32,21|-1,-1,-1,-1,-1,-1,-1,-1,-1,-1,-1,-1,-1,-1,-1,-1,-1,-1,-1,-1,-1,-1,-1,-1,-1,-1,-1,-1,-1,-1,-1,-1,-1,-1,-1,-1,-1,1,-1|./seeds/seed_001.txt
25,18,15,17,11,12,16,24,38,34,26,13,29,36,31,23,28,35,37,20,27,14,22,21,33,0,32,19,30,1,3,4,7,6,2,10,8,5,9|1,1,1,1,1,1,1,1,1,1,1,1,1,1,1,1,1,1,1,1,1,1,1,1,1,1,1,1,1,1,1,1,1,1,1,1,1,1,1|./seeds/seed_005.txt
1,0,15,17,12,11,14,19,18,25,16,13,24,29,34,26,36,4,38,3,28,31,37,21,35,23,32,22,30,20,27,2,33,6,5,7,8,9,10|1,1,1,1,1,1,1,1,1,1,1,1,1,1,1,1,1,1,1,1,1,1,1,1,1,1,1,1,1,1,1,-1,1,1,1,1,-1,-1,1|./seeds/seed_003.txt
5,6,4,2,3,7,8,9,10,19,14,0,1,12,11,18,15,13,17,16,24,29,26,34,25,38,28,35,30,22,20,37,27,23,33,36,31,32,21|-1,-1,-1,-1,-1,-1,-1,-1,-1,-1,-1,-1,-1,-1,-1,-1,-1,-1,-1,-1,-1,-1,-1,-1,-1,-1,-1,-1,-1,-1,-1,-1,-1,-1,-1,-1,-1,1,-1|./seeds/seed_007.txt
2,5,4,6,3,8,9,7,10,0,1,19,14,12,11,17,18,13,15,16,24,29,26,34,25,32,21,31,36,38,33,23,37,28,20,27,30,35,22|-1,-1,-1,-1,-1,-1,-1,-1,-1,-1,-1,-1,-1,-1,-1,-1,-1,-1,-1,-1,-1,-1,-1,-1,-1,1,1,1,1,-1,1,1,1,-1,-1,1,-1,-1,1|./seeds/seed_002.txt
6,14,4,19,5,9,7,21,28,27,30,22,23,33,20,31,36,37,32,35,38,1,0,11,3,29,8,18,15,17,12,26,24,16,34,13,25,2,10|1,1,1,1,1,1,1,-1,-1,-1,-1,-1,-1,-1,-1,-1,-1,-1,-1,-1,-1,-1,-1,1,1,1,1,1,1,1,1,1,1,1,1,1,1,-1,1|./seeds/seed_006.txt
6,4,14,19,9,5,7,28,27,21,22,23,30,20,31,37,33,36,32,35,38,8,3,1,0,29,26,11,24,34,25,18,12,15,17,16,2,13,10|1,1,1,1,1,1,1,-1,-1,-1,-1,-1,-1,-1,-1,-1,-1,-1,-1,-1,-1,1,1,-1,-1,1,1,1,1,1,1,1,1,1,1,1,1,1,1|./seeds/seed_005.txt
2,5,6,4,3,7,8,9,10,1,0,14,19,12,18,11,15,17,13,16,24,26,29,34,25,38,35,28,20,30,22,27,37,36,23,33,21,31,32|-1,-1,-1,-1,-1,-1,-1,-1,-1,-1,-1,-1,-1,-1,-1,-1,-1,-1,-1,-1,-1,-1,-1,-1,-1,-1,-1,-1,-1,-1,-1,-1,-1,-1,-1,-1,-1,-1,-1|./seeds/seed_006.txt
6,5,2,4,3,7,8,9,10,14,19,12,18,11,15,1,0,17,13,16,24,25,26,29,34,38,35,28,37,20,30,27,36,22,23,21,33,31,32|-1,-1,-1,-1,-1,-1,-1,-1,-1,-1,-1,-1,-1,-1,-1,-1,-1,-1,-1,-1,-1,-1,-1,-1,-1,-1,-1,-1,-1,-1,-1,-1,-1,-1,-1,-1,-1,-1,-1|./seeds/seed_000.txt
4,6,5,2,9,3,7,8,21,30,27,28,31,32,33,36,20,22,35,23,37,38,19,1,14,10,0,15,17,25,13,24,11,18,12,29,16,34,26|1,1,1,1,1,1,1,1,-1,-1,-1,-1,-1,-1,-1,-1,-1,-1,-1,-1,-1,-1,1,1,1,1,1,-1,-1,-1,-1,-1,1,1,-1,-1,1,-1,1|./seeds/seed_004.txt
4,6,9,5,28,21,30,23,7,27,31,20,32,33,22,36,35,37,38,3,14,19,2,8,1,0,10,17,15,13,25,12,29,24,16,18,26,34,11|1,1,1,1,-1,-1,-1,-1,1,-1,-1,-1,-1,-1,-1,-1,-1,-1,-1,1,1,1,1,1,1,1,1,-1,-1,-1,-1,-1,-1,-1,-1,-1,-1,-1,-1|./seeds/seed_000.txt
0,1,2,5,4,6,3,9,8,7,10,14,19,11,18,12,16,15,34,13,17,25,26,24,23,29,32,20,28,33,21,22,35,31,27,36,30,37,38|1,1,1,1,1,1,1,1,1,1,1,1,1,1,1,1,1,1,1,1,1,1,1,1,-1,1,-1,-1,-1,-1,-1,-1,-1,-1,-1,-1,-1,-1,-1|./seeds/seed_002.txt
5,6,4,3,2,0,7,8,1,19,9,14,10,11,18,16,12,15,17,13,25,34,26,24,29,38,27,37,36,35,30,28,21,22,20,31,32,33,23|1,1,1,1,1,1,1,1,1,1,1,1,1,1,1,1,1,1,1,1,1,1,1,1,1,1,1,1,1,1,1,1,1,1,1,1,1,1,1|./seeds/seed_005.txt
5,6,19,11,14,13,17,15,16,12,18,4,7,3,9,25,29,8,1,0,26,34,24,38,20,35,10,30,23,28,22,31,37,32,36,21,27,33,2|-1,-1,-1,-1,-1,-1,-1,-1,-1,-1,-1,-1,-1,-1,-1,-1,-1,-1,1,1,-1,-1,-1,-1,-1,-1,-1,-1,-1,-1,-1,-1,-1,-1,-1,-1,-1,-1,-1|./seeds/seed_007.txt
5,6,19,13,14,17,16,11,4,15,12,18,3,0,9,1,7,25,34,8,26,29,24,38,20,10,35,23,37,22,30,28,36,32,27,31,33,21,2|-1,-1,-1,-1,-1,-1,-1,-1,-1,-1,-1,-1,-1,1,-1,1,-1,-1,-1,-1,-1,-1,-1,-1,-1,-1,-1,-1,-1,-1,-1,-1,-1,-1,-1,-1,-1,-1,1|./seeds/seed_003.txt
0,1,2,31,32,21,5,35,36,33,38,20,23,28,4,27,30,37,22,25,3,26,6,29,24,34,9,17,13,8,15,16,12,18,10,11,7,19,14|1,1,1,-1,-1,-1,1,-1,-1,-1,-1,-1,-1,-1,1,-1,-1,-1,-1,-1,1,-1,1,-1,-1,-1,1,-1,-1,1,-1,-1,-1,-1,1,-1,1,-1,-1|./seeds/seed_001.txt
31,38,21,36,28,27,23,35,33,20,32,37,30,22,25,26,5,4,24,29,9,34,6,1,0,2,3,17,15,8,12,13,16,7,18,14,11,19,10|-1,-1,-1,-1,-1,-1,-1,-1,-1,-1,-1,-1,-1,-1,-1,-1,1,1,-1,-1,1,-1,1,1,1,1,1,-1,-1,1,-1,-1,-1,1,-1,1,-1,1,1|./seeds/seed_005.txt
0,1,2,14,12,25,16,26,29,34,5,24,11,18,19,4,17,15,13,38,6,31,22,20,35,36,21,10,8,28,32,37,33,30,27,23,9,3,7|-1,-1,-1,-1,-1,-1,-1,-1,-1,-1,-1,-1,-1,-1,-1,-1,-1,-1,-1,-1,-1,-1,-1,-1,-1,-1,-1,1,1,-1,-1,-1,-1,-1,-1,-1,1,-1,1|./seeds/seed_002.txt
0,1,2,12,14,25,29,16,11,5,34,26,18,24,19,15,17,13,4,38,6,22,31,35,20,36,21,32,28,33,37,30,27,10,8,23,3,9,7|-1,-1,-1,-1,-1,-1,-1,-1,-1,-1,-1,-1,-1,-1,-1,-1,-1,-1,-1,-1,-1,-1,-1,-1,-1,-1,-1,-1,-1,-1,-1,-1,-1,1,1,-1,-1,1,1|./seeds/seed_004.txt
6,4,14,19,9,5,7,28,27,21,22,23,30,20,31,37,33,36,32,35,38,8,3,1,0,29,26,11,24,34,25,18,12,15,17,16,2,13,10|1,1,1,1,1,1,1,-1,-1,-1,-1,-1,-1,-1,-1,-1,-1,-1,-1,-1,-1,1,1,-1,-1,1,1,1,1,1,1,1,1,1,1,1,1,1,1|./seeds/seed_005.txt
6,4,14,19,9,5,7,28,21,27,22,30,23,20,31,37,33,36,32,35,38,8,3,1,29,0,26,24,34,25,11,18,12,15,17,16,2,13,10|1,1,1,1,1,1,1,-1,-1,-1,-1,-1,-1,-1,-1,-1,-1,-1,-1,-1,-1,1,1,-1,1,-1,1,1,1,1,1,1,1,1,1,1,1,1,1|./seeds/seed_000.txt
19,14,2,7,9,0,11,1,18,15,13,16,12,28,17,8,27,21,30,10,20,23,31,33,22,32,37,24,29,25,34,36,38,35,6,5,26,4,3|1,1,-1,1,1,-1,1,-1,1,1,1,1,1,-1,1,1,-1,-1,-1,1,-1,-1,-1,-1,-1,-1,-1,1,1,1,1,-1,-1,-1,1,-1,1,1,1|./seeds/seed_003.txt
19,14,7,2,9,11,0,18,1,15,16,13,12,17,8,10,27,28,30,29,23,31,25,24,20,21,34,33,22,37,32,36,26,38,5,6,35,4,3|1,1,1,-1,1,1,-1,1,-1,1,1,1,1,1,1,1,-1,-1,-1,1,-1,-1,1,1,-1,-1,1,-1,-1,-1,-1,-1,1,-1,-1,1,-1,1,1|./seeds/seed_007.txt
31,38,21,36,28,27,23,35,33,20,32,37,30,22,25,26,5,4,24,29,9,34,6,1,0,2,3,17,15,8,12,13,16,7,18,14,11,19,10|-1,-1,-1,-1,-1,-1,-1,-1,-1,-1,-1,-1,-1,-1,-1,-1,1,1,-1,-1,1,-1,1,1,1,1,1,-1,-1,1,-1,-1,-1,1,-1,1,-1,1,1|./seeds/seed_005.txt
0,1,2,5,4,32,21,6,23,31,33,38,35,27,36,28,20,3,30,22,37,25,9,26,24,34,29,8,7,17,10,15,13,16,12,14,18,11,19|1,1,1,1,1,-1,-1,1,-1,-1,-1,-1,-1,-1,-1,-1,-1,1,-1,-1,-1,-1,1,-1,-1,-1,-1,1,1,-1,1,-1,-1,-1,-1,1,-1,-1,1|./seeds/seed_002.txt
14,19,4,27,21,28,30,33,20,23,32,22,31,36,37,1,6,35,11,9,24,0,26,25,38,7,3,34,18,29,15,12,13,2,16,17,10,8,5|1,1,1,-1,-1,-1,-1,-1,-1,-1,-1,-1,-1,-1,-1,1,1,-1,1,1,1,1,1,1,-1,1,1,1,1,1,1,1,1,-1,1,1,-1,-1,1|./seeds/seed_001.txt
14,19,4,27,21,28,20,33,30,23,32,22,31,36,6,35,9,37,7,38,11,26,24,25,3,18,2,0,29,1,34,15,13,12,16,10,17,5,8|1,1,1,-1,-1,-1,-1,-1,-1,-1,-1,-1,-1,-1,1,-1,1,-1,1,-1,1,1,1,1,1,1,-1,1,1,1,1,1,1,1,1,-1,1,1,-1|./seeds/seed_006.txt
0,1,19,9,14,8,11,7,10,31,16,21,28,18,15,33,12,13,36,37,27,38,20,17,35,22,30,32,23,2,25,26,34,24,6,29,3,5,4|1,1,-1,-1,-1,-1,-1,-1,-1,1,-1,1,1,-1,-1,1,-1,-1,1,1,1,1,1,-1,1,1,1,1,1,1,1,1,1,1,-1,1,-1,-1,-1|./seeds/seed_002.txt
28,21,37,31,35,27,33,36,23,20,38,30,32,22,25,26,24,9,34,29,0,1,19,14,8,7,4,6,5,11,10,3,16,12,2,18,17,15,13|1,1,1,1,1,1,1,1,1,1,1,1,1,1,1,1,1,-1,1,1,1,1,-1,-1,-1,-1,-1,-1,-1,-1,-1,-1,-1,-1,1,-1,1,-1,-1|./seeds/seed_005.txt
7,8,9,6,10,14,18,11,19,16,15,12,17,13,5,3,4,29,25,24,34,26,38,35,2,20,32,36,37,30,27,28,31,21,22,23,33,1,0|1,1,1,1,1,1,1,1,1,1,1,1,1,1,1,1,1,1,1,1,1,1,1,1,1,1,1,1,1,1,1,1,1,1,1,1,1,-1,-1|./seeds/seed_000.txt
7,9,8,10,6,14,19,1,11,16,15,0,18,17,13,12,5,4,3,25,29,24,26,34,38,35,20,32,36,30,37,23,28,27,33,21,31,22,2|1,1,1,1,1,1,1,-1,1,1,1,-1,1,1,1,1,1,1,1,1,1,1,1,1,1,1,1,1,1,1,1,1,1,1,1,1,1,1,-1|./seeds/seed_007.txt
6,4,14,19,9,5,7,28,27,21,22,23,30,20,31,37,33,36,32,35,38,8,3,1,0,29,26,11,24,34,25,18,12,15,17,16,2,13,10|1,1,1,1,1,1,1,-1,-1,-1,-1,-1,-1,-1,-1,-1,-1,-1,-1,-1,-1,1,1,-1,-1,1,1,1,1,1,1,1,1,1,1,1,1,1,1|./seeds/seed_005.txt
6,14,19,4,5,9,7,1,11,0,21,15,30,22,18,27,17,28,23,31,12,3,33,36,20,16,29,37,8,32,13,26,24,34,25,38,35,10,2|1,1,1,1,1,1,1,-1,1,-1,-1,1,-1,-1,1,-1,1,-1,-1,-1,1,1,-1,-1,-1,1,1,-1,1,-1,1,1,1,1,1,-1,-1,1,-1|./seeds/seed_001.txt
5,6,4,2,3,7,8,9,10,19,14,0,1,12,11,18,15,13,17,16,24,29,26,34,25,38,28,35,30,22,20,37,27,23,33,36,31,32,21|-1,-1,-1,-1,-1,-1,-1,-1,-1,-1,-1,-1,-1,-1,-1,-1,-1,-1,-1,-1,-1,-1,-1,-1,-1,-1,-1,-1,-1,-1,-1,-1,-1,-1,-1,-1,-1,1,-1|./seeds/seed_007.txt
6,5,2,4,3,7,8,9,10,0,1,14,19,12,11,18,15,13,17,16,24,29,26,34,25,38,35,28,20,22,30,37,27,23,36,33,31,32,21|-1,-1,-1,-1,-1,-1,-1,-1,-1,-1,-1,-1,-1,-1,-1,-1,-1,-1,-1,-1,-1,-1,-1,-1,-1,-1,-1,-1,-1,-1,-1,-1,-1,-1,-1,-1,-1,1,-1|./seeds/seed_001.txt
0,1,9,19,14,8,7,11,10,31,21,16,28,15,18,13,12,37,27,38,36,33,17,30,20,2,35,23,32,22,25,26,34,24,29,6,3,5,4|1,1,-1,-1,-1,-1,-1,-1,-1,1,1,-1,1,-1,-1,-1,-1,1,1,1,1,1,-1,1,1,1,1,1,1,1,1,1,1,1,1,-1,-1,-1,-1|./seeds/seed_003.txt
0,1,19,9,14,11,8,7,10,16,31,18,15,21,28,12,13,33,36,27,38,37,17,20,30,35,32,22,23,2,25,26,6,34,24,29,3,5,4|1,1,-1,-1,-1,-1,-1,-1,-1,-1,1,-1,-1,1,1,-1,-1,1,1,1,1,1,-1,1,1,1,1,1,1,1,1,1,-1,1,1,1,-1,-1,-1|./seeds/seed_004.txt
21,28,33,0,37,31,27,1,35,23,36,20,30,38,22,19,32,25,26,9,14,11,24,29,34,16,8,7,10,18,15,12,2,13,17,4,5,3,6|1,1,1,1,1,1,1,1,1,1,1,1,1,1,1,-1,1,1,1,-1,-1,-1,1,1,1,-1,-1,-1,-1,-1,-1,-1,1,-1,-1,-1,-1,-1,-1|./seeds/seed_006.txt
21,28,37,35,33,31,23,20,27,36,38,30,32,22,25,26,24,29,9,34,0,1,19,14,8,7,4,6,10,11,5,2,16,18,12,3,13,15,17|1,1,1,1,1,1,1,1,1,1,1,1,1,1,1,1,1,1,-1,1,1,1,-1,-1,-1,-1,-1,-1,-1,-1,-1,1,-1,-1,-1,-1,-1,-1,1|./seeds/seed_000.txt
7,9,8,10,6,1,14,19,0,11,16,15,18,5,17,13,12,4,3,25,29,24,34,26,38,35,32,20,37,30,36,23,28,27,33,21,22,31,2|1,1,1,1,1,-1,1,1,-1,1,1,1,1,1,1,1,1,1,1,1,1,1,1,1,1,1,1,1,1,1,1,1,1,1,1,1,1,1,-1|./seeds/seed_004.txt
7,8,9,6,10,14,18,11,19,16,15,12,17,13,5,3,4,29,25,24,34,26,38,35,2,20,32,36,37,30,27,28,31,21,22,23,33,1,0|1,1,1,1,1,1,1,1,1,1,1,1,1,1,1,1,1,1,1,1,1,1,1,1,1,1,1,1,1,1,1,1,1,1,1,1,1,-1,-1|./seeds/seed_000.txt
7,9,8,10,6,14,19,1,11,16,15,0,18,17,13,12,5,4,3,25,29,24,26,34,38,35,20,32,36,30,37,23,28,27,33,21,31,22,2|1,1,1,1,1,1,1,-1,1,1,1,-1,1,1,1,1,1,1,1,1,1,1,1,1,1,1,1,1,1,1,1,1,1,1,1,1,1,1,-1|./seeds/seed_007.txt
7,9,8,10,14,19,11,6,15,16,17,18,13,12,1,0,5,25,29,4,24,26,3,34,38,35,20,32,37,36,30,28,23,27,33,21,31,22,2|1,1,1,1,1,1,1,1,1,1,1,1,1,1,-1,-1,1,1,1,1,1,1,1,1,1,1,1,1,1,1,1,1,1,1,1,1,1,1,1|./seeds/seed_001.txt
18,15,17,12,16,25,11,13,19,14,24,34,29,28,26,36,31,38,23,35,37,21,22,20,30,27,32,33,3,1,0,4,7,6,10,8,5,2,9|1,1,1,1,1,1,1,1,1,1,1,1,1,1,1,1,1,1,1,1,1,1,1,1,1,1,1,1,1,1,1,1,1,1,1,1,1,1,1|./seeds/seed_006.txt
12,11,15,17,14,18,19,16,25,13,1,0,24,29,34,26,36,28,3,38,21,4,37,35,31,23,20,32,22,30,27,33,6,2,7,5,10,8,9|1,1,1,1,1,1,1,1,1,1,1,1,1,1,1,1,1,1,1,1,1,1,1,1,1,1,1,1,1,1,1,1,1,-1,1,1,1,1,1|./seeds/seed_007.txt
1,0,4,2,6,5,23,32,33,30,3,28,21,9,27,31,36,22,35,20,38,37,7,8,14,10,19,17,13,16,15,29,12,25,18,26,34,24,11|1,1,1,1,1,1,-1,-1,-1,-1,1,-1,-1,1,-1,-1,-1,-1,-1,-1,-1,-1,1,1,1,1,1,-1,-1,-1,-1,-1,-1,-1,-1,-1,-1,-1,-1|./seeds/seed_007.txt
1,0,4,2,6,5,3,9,32,23,33,28,21,30,31,27,36,35,22,38,20,37,7,8,10,14,19,17,15,13,16,25,12,29,18,26,34,11,24|1,1,1,1,1,1,1,1,-1,-1,-1,-1,-1,-1,-1,-1,-1,-1,-1,-1,-1,-1,1,1,1,1,1,-1,-1,-1,-1,-1,-1,-1,-1,-1,-1,-1,-1|./seeds/seed_001.txt
14,19,4,27,30,28,23,33,20,21,32,22,36,31,1,37,6,35,0,9,11,38,2,24,7,26,25,3,34,18,29,12,15,13,16,17,10,8,5|1,1,1,-1,-1,-1,-1,-1,-1,-1,-1,-1,-1,-1,1,-1,1,-1,1,1,1,-1,-1,1,1,1,1,1,1,1,1,1,1,1,1,1,-1,-1,1|./seeds/seed_007.txt
14,19,4,27,30,28,33,21,23,20,32,31,36,22,6,1,37,0,35,3,2,38,9,11,24,7,26,25,18,34,29,15,12,13,16,5,17,10,8|1,1,1,-1,-1,-1,-1,-1,-1,-1,-1,-1,-1,-1,1,1,-1,1,-1,1,-1,-1,1,1,1,1,1,1,1,1,1,1,1,1,1,1,1,-1,-1|./seeds/seed_002.txt
4,6,5,2,9,3,7,8,30,21,28,27,31,32,33,22,36,20,23,37,35,38,1,0,19,14,10,15,17,25,13,12,18,24,29,11,34,16,26|1,1,1,1,1,1,1,1,-1,-1,-1,-1,-1,-1,-1,-1,-1,-1,-1,-1,-1,-1,1,1,1,1,1,-1,-1,-1,-1,-1,1,-1,-1,1,-1,1,1|./seeds/seed_007.txt
4,6,5,2,9,3,7,8,21,30,27,28,31,32,33,36,20,22,35,23,37,38,19,1,14,10,0,15,17,25,13,24,11,18,12,29,16,34,26|1,1,1,1,1,1,1,1,-1,-1,-1,-1,-1,-1,-1,-1,-1,-1,-1,-1,-1,-1,1,1,1,1,1,-1,-1,-1,-1,-1,1,1,-1,-1,1,-1,1|./seeds/seed_004.txt
0,1,12,25,14,11,18,16,19,15,2,29,6,13,17,26,5,34,24,4,38,22,35,21,20,31,36,28,32,30,37,23,33,27,7,3,9,8,10|-1,-1,-1,-1,-1,-1,-1,-1,-1,-1,-1,-1,-1,-1,-1,-1,-1,-1,-1,-1,-1,-1,-1,-1,-1,-1,-1,-1,-1,-1,-1,-1,-1,-1,-1,-1,-1,-1,-1|./seeds/seed_006.txt
0,1,2,25,14,12,26,16,29,34,24,5,11,4,18,19,13,38,15,17,6,31,22,10,20,35,8,36,21,28,32,30,37,33,27,9,23,7,3|-1,-1,-1,-1,-1,-1,-1,-1,-1,-1,-1,-1,-1,-1,-1,-1,-1,-1,-1,-1,-1,-1,-1,1,-1,-1,1,-1,-1,-1,-1,-1,-1,-1,-1,1,-1,1,-1|./seeds/seed_003.txt
1,0,4,2,6,5,9,3,32,23,33,31,21,30,27,28,36,22,38,20,7,35,37,8,14,10,19,17,13,15,16,29,25,12,18,26,24,34,11|1,1,1,1,1,1,1,1,-1,-1,-1,-1,-1,-1,-1,-1,-1,-1,-1,-1,1,-1,-1,1,1,1,1,-1,-1,-1,-1,-1,-1,-1,-1,-1,-1,-1,-1|./seeds/seed_004.txt
4,6,9,5,28,21,23,27,32,33,30,31,22,20,36,35,38,37,7,19,1,0,14,3,2,8,10,17,25,26,15,29,13,18,34,12,24,16,11|1,1,1,1,-1,-1,-1,-1,-1,-1,-1,-1,-1,-1,-1,-1,-1,-1,1,1,1,1,1,1,1,1,1,-1,-1,-1,-1,-1,-1,-1,-1,-1,-1,-1,-1|./seeds/seed_005.txt
6,12,18,5,15,17,11,13,16,14,25,19,26,34,24,29,38,7,3,4,20,35,30,22,36,28,8,23,32,37,31,33,27,21,9,10,2,0,1|-1,-1,-1,-1,-1,-1,-1,-1,-1,-1,-1,-1,-1,-1,-1,-1,-1,-1,-1,-1,-1,-1,-1,-1,-1,-1,-1,-1,-1,-1,-1,-1,-1,-1,-1,-1,-1,-1,-1|./seeds/seed_000.txt
5,6,19,17,11,15,14,13,16,12,4,18,3,7,9,25,1,0,34,29,8,26,24,38,20,10,35,23,30,22,37,32,28,31,36,21,27,33,2|-1,-1,-1,-1,-1,-1,-1,-1,-1,-1,-1,-1,-1,-1,-1,-1,1,1,-1,-1,-1,-1,-1,-1,-1,-1,-1,-1,-1,-1,-1,-1,-1,-1,-1,-1,-1,-1,-1|./seeds/seed_004.txt
6,5,4,3,7,2,8,9,10,14,19,12,18,11,16,1,15,17,0,13,24,25,34,26,29,38,36,35,37,22,28,20,30,21,23,31,27,32,33|1,1,1,1,1,1,1,1,1,1,1,1,1,1,1,1,1,1,1,1,1,1,1,1,1,1,1,1,1,1,1,1,1,1,1,1,1,1,1|./seeds/seed_000.txt
5,6,4,2,3,7,8,9,10,1,0,14,19,12,11,16,18,15,17,24,13,25,34,29,26,38,36,35,37,22,28,30,20,21,27,23,31,32,33|1,1,1,1,1,1,1,1,1,1,1,1,1,1,1,1,1,1,1,1,1,1,1,1,1,1,1,1,1,1,1,1,1,1,1,1,1,1,1|./seeds/seed_006.txt
0,1,19,11,14,9,16,15,18,31,12,10,13,28,36,8,21,33,17,27,7,30,35,37,22,20,38,23,32,25,2,26,24,34,29,3,6,4,5|1,1,-1,-1,-1,-1,-1,-1,-1,1,-1,-1,-1,1,1,-1,1,1,-1,1,-1,1,1,1,1,1,1,1,1,1,1,1,1,1,1,-1,-1,-1,-1|./seeds/seed_001.txt
0,1,9,19,14,8,7,11,10,31,21,16,28,15,18,13,12,37,27,38,36,33,17,30,20,2,35,23,32,22,25,26,34,24,29,6,3,5,4|1,1,-1,-1,-1,-1,-1,-1,-1,1,1,-1,1,-1,-1,-1,-1,1,1,1,1,1,-1,1,1,1,1,1,1,1,1,1,1,1,1,-1,-1,-1,-1|./seeds/seed_003.txt
35,32,21,27,28,38,31,20,36,23,33,37,22,30,5,1,0,4,25,2,26,6,24,29,34,9,3,8,17,13,15,12,7,18,16,11,10,14,19|1,1,1,1,1,1,1,1,1,1,1,1,1,1,-1,-1,-1,-1,1,-1,1,-1,1,1,1,-1,-1,-1,1,1,1,1,-1,1,1,1,-1,-1,-1|./seeds/seed_006.txt
1,0,2,5,4,32,21,35,28,27,38,31,22,23,6,20,36,33,30,37,3,9,25,26,29,8,24,34,7,10,17,15,13,14,16,12,19,18,11|-1,-1,-1,-1,-1,1,1,1,1,1,1,1,1,1,-1,1,1,1,1,1,-1,-1,1,1,1,-1,1,1,-1,-1,1,1,1,-1,1,1,-1,1,1|./seeds/seed_002.txt
6,5,4,3,9,7,8,10,19,14,0,1,16,11,17,18,15,2,12,13,24,34,26,25,29,38,22,37,31,36,28,23,27,35,20,21,30,32,33|1,1,1,1,1,1,1,1,1,1,1,1,1,1,1,1,1,1,1,1,1,1,1,1,1,1,1,1,1,1,1,1,1,1,1,1,1,-1,-1|./seeds/seed_004.txt
6,5,3,4,7,9,8,19,10,14,16,11,18,17,12,15,13,2,0,1,24,25,34,26,29,38,35,22,37,36,27,31,21,28,20,30,23,32,33|1,1,1,1,1,1,1,1,1,1,1,1,1,1,1,1,1,1,1,1,1,1,1,1,1,1,1,1,1,1,1,1,1,1,1,1,1,1,1|./seeds/seed_005.txt
6,5,3,4,7,9,8,10,19,14,16,11,2,0,18,17,12,1,15,13,24,25,26,34,29,38,35,22,37,36,31,28,21,27,20,30,23,32,33|1,1,1,1,1,1,1,1,1,1,1,1,1,1,1,1,1,1,1,1,1,1,1,1,1,1,1,1,1,1,1,1,1,1,1,1,1,1,1|./seeds/seed_000.txt
6,5,4,3,9,7,8,10,19,14,16,1,0,11,17,18,15,12,2,13,24,26,34,25,29,38,22,37,36,31,35,27,28,23,20,21,30,33,32|1,1,1,1,1,1,1,1,1,1,1,1,1,1,1,1,1,1,1,1,1,1,1,1,1,1,1,1,1,1,1,1,1,1,1,1,1,1,1|./seeds/seed_007.txt
1,0,2,4,6,5,3,9,32,7,23,33,31,21,30,27,28,38,36,22,20,37,35,8,14,10,19,17,13,15,16,29,25,12,26,18,34,24,11|1,1,1,1,1,1,1,1,-1,1,-1,-1,-1,-1,-1,-1,-1,-1,-1,-1,-1,-1,-1,1,1,1,1,-1,-1,-1,-1,-1,-1,-1,-1,-1,-1,-1,-1|./seeds/seed_002.txt
4,6,5,1,0,9,2,32,27,23,21,33,30,31,28,36,35,38,22,3,20,37,7,8,19,14,10,17,25,13,15,29,12,26,34,24,18,16,11|1,1,1,1,1,1,1,-1,-1,-1,-1,-1,-1,-1,-1,-1,-1,-1,-1,1,-1,-1,1,1,1,1,1,-1,-1,-1,-1,-1,-1,-1,-1,-1,-1,-1,-1|./seeds/seed_006.txt
5,2,4,6,3,21,31,9,33,38,32,36,35,28,27,20,37,30,22,23,25,26,8,0,1,7,24,34,29,10,17,15,16,13,14,12,19,18,11|1,1,1,1,1,-1,-1,1,-1,-1,-1,-1,-1,-1,-1,-1,-1,-1,-1,-1,-1,-1,1,1,1,1,-1,-1,-1,1,-1,-1,-1,-1,1,-1,1,-1,-1|./seeds/seed_003.txt
21,38,31,33,35,32,20,27,36,37,30,28,22,5,23,4,2,25,26,6,9,24,34,29,3,0,1,8,17,15,13,7,16,12,18,10,11,14,19|-1,-1,-1,-1,-1,-1,-1,-1,-1,-1,-1,-1,-1,1,-1,1,1,-1,-1,1,1,-1,-1,-1,1,1,1,1,-1,-1,-1,1,-1,-1,-1,1,-1,1,1|./seeds/seed_006.txt
1,0,15,17,12,11,14,19,18,25,16,13,24,29,34,26,36,4,38,3,28,31,37,21,35,23,32,22,30,20,27,2,33,6,5,7,8,9,10|1,1,1,1,1,1,1,1,1,1,1,1,1,1,1,1,1,1,1,1,1,1,1,1,1,1,1,1,1,1,1,-1,1,1,1,1,-1,-1,1|./seeds/seed_003.txt
18,17,19,11,12,14,15,25,16,13,24,29,34,1,0,26,36,28,4,31,38,37,3,21,23,35,32,20,30,22,27,33,6,7,5,10,2,8,9|1,1,1,1,1,1,1,1,1,1,1,1,1,1,1,1,1,1,1,1,1,1,1,1,1,1,1,1,1,1,1,1,1,1,1,1,-1,1,1|./seeds/seed_001.txt
0,1,19,9,14,8,11,7,10,31,16,21,28,18,15,33,12,13,36,37,27,38,20,17,35,22,30,32,23,2,25,26,34,24,6,29,3,5,4|1,1,-1,-1,-1,-1,-1,-1,-1,1,-1,1,1,-1,-1,1,-1,-1,1,1,1,1,1,-1,1,1,1,1,1,1,1,1,1,1,-1,1,-1,-1,-1|./seeds/seed_002.txt
21,28,33,0,37,31,27,1,35,23,36,20,30,38,22,19,32,25,26,9,14,11,24,29,34,16,8,7,10,18,15,12,2,13,17,4,5,3,6|1,1,1,1,1,1,1,1,1,1,1,1,1,1,1,-1,1,1,1,-1,-1,-1,1,1,1,-1,-1,-1,-1,-1,-1,-1,1,-1,-1,-1,-1,-1,-1|./seeds/seed_006.txt
0,1,19,14,9,7,11,8,10,16,18,15,13,12,2,17,6,28,27,33,23,31,21,30,36,20,22,4,32,37,35,38,24,34,29,25,26,3,5|-1,-1,1,1,1,1,1,1,1,1,1,1,1,1,-1,1,1,-1,-1,-1,-1,-1,-1,-1,-1,-1,-1,1,-1,-1,-1,-1,1,1,1,1,1,1,1|./seeds/seed_002.txt
0,1,19,14,9,7,11,8,18,15,16,10,13,12,17,6,2,28,27,4,33,31,23,21,30,20,36,22,24,25,37,32,29,35,34,26,38,3,5|-1,-1,1,1,1,1,1,1,1,1,1,1,1,1,1,1,-1,-1,-1,1,-1,-1,-1,-1,-1,-1,-1,-1,1,1,-1,-1,1,-1,1,1,-1,1,1|./seeds/seed_004.txt
6,4,14,19,9,5,7,28,21,27,22,30,23,20,31,37,33,36,32,35,38,8,3,1,29,0,26,24,34,25,11,18,12,15,17,16,2,13,10|1,1,1,1,1,1,1,-1,-1,-1,-1,-1,-1,-1,-1,-1,-1,-1,-1,-1,-1,1,1,-1,1,-1,1,1,1,1,1,1,1,1,1,1,1,1,1|./seeds/seed_000.txt
6,4,5,14,19,9,7,0,1,3,8,21,11,28,27,31,30,22,20,33,15,23,36,32,18,17,12,37,16,29,38,13,35,26,24,25,34,10,2|1,1,1,1,1,1,1,-1,-1,1,1,-1,1,-1,-1,-1,-1,-1,-1,-1,1,-1,-1,-1,1,1,1,-1,1,1,-1,1,-1,1,1,1,1,1,-1|./seeds/seed_004.txt
4,6,5,2,9,3,7,8,21,30,27,28,31,32,33,36,20,22,35,23,37,38,19,1,14,10,0,15,17,25,13,24,11,18,12,29,16,34,26|1,1,1,1,1,1,1,1,-1,-1,-1,-1,-1,-1,-1,-1,-1,-1,-1,-1,-1,-1,1,1,1,1,1,-1,-1,-1,-1,-1,1,1,-1,-1,1,-1,1|./seeds/seed_004.txt
4,6,9,5,28,21,30,23,7,27,31,20,32,33,22,36,35,37,38,3,14,19,2,8,1,0,10,17,15,13,25,12,29,24,16,18,26,34,11|1,1,1,1,-1,-1,-1,-1,1,-1,-1,-1,-1,-1,-1,-1,-1,-1,-1,1,1,1,1,1,1,1,1,-1,-1,-1,-1,-1,-1,-1,-1,-1,-1,-1,-1|./seeds/seed_000.txt
21,38,31,33,35,32,20,28,27,37,22,30,23,36,5,25,4,26,9,6,24,29,34,2,3,8,17,7,15,1,0,16,13,12,18,14,10,19,11|-1,-1,-1,-1,-1,-1,-1,-1,-1,-1,-1,-1,-1,-1,1,-1,1,-1,1,1,-1,-1,-1,1,1,1,-1,1,-1,1,1,-1,-1,-1,-1,1,1,1,-1|./seeds/seed_000.txt
2,5,4,21,38,33,35,31,3,32,20,36,30,27,6,37,22,28,23,26,9,25,0,34,24,29,1,8,7,10,17,15,13,16,12,18,11,14,19|1,1,1,-1,-1,-1,-1,-1,1,-1,-1,-1,-1,-1,1,-1,-1,-1,-1,-1,1,-1,1,-1,-1,-1,1,1,1,1,-1,-1,-1,-1,-1,-1,-1,1,1|./seeds/seed_007.txt
0,1,9,19,14,8,7,11,10,31,21,16,28,15,18,13,12,37,27,38,36,33,17,30,20,2,35,23,32,22,25,26,34,24,29,6,3,5,4|1,1,-1,-1,-1,-1,-1,-1,-1,1,1,-1,1,-1,-1,-1,-1,1,1,1,1,1,-1,1,1,1,1,1,1,1,1,1,1,1,1,-1,-1,-1,-1|./seeds/seed_003.txt
0,1,19,9,14,11,8,7,10,16,31,18,15,21,28,12,13,33,36,27,38,37,17,20,30,35,32,22,23,2,25,26,6,34,24,29,3,5,4|1,1,-1,-1,-1,-1,-1,-1,-1,-1,1,-1,-1,1,1,-1,-1,1,1,1,1,1,-1,1,1,1,1,1,1,1,1,1,-1,1,1,1,-1,-1,-1|./seeds/seed_004.txt
5,6,4,3,2,0,7,8,1,19,9,14,10,11,18,16,12,15,17,13,25,34,26,24,29,38,27,37,36,35,30,28,21,22,20,31,32,33,23|1,1,1,1,1,1,1,1,1,1,1,1,1,1,1,1,1,1,1,1,1,1,1,1,1,1,1,1,1,1,1,1,1,1,1,1,1,1,1|./seeds/seed_005.txt
0,1,2,5,4,6,3,9,7,8,10,14,19,11,18,12,16,34,15,13,25,23,17,26,32,24,29,28,33,21,20,22,35,31,30,27,36,37,38|1,1,1,1,1,1,1,1,1,1,1,1,1,1,1,1,1,1,1,1,1,-1,1,1,-1,1,1,-1,-1,-1,-1,-1,-1,-1,-1,-1,-1,-1,-1|./seeds/seed_003.txt
6,5,4,14,19,9,7,1,0,21,3,30,28,8,31,27,22,23,20,32,36,33,11,37,18,15,17,38,16,12,35,29,13,26,24,25,34,10,2|1,1,1,1,1,1,1,-1,-1,-1,1,-1,-1,1,-1,-1,-1,-1,-1,-1,-1,-1,1,-1,1,1,1,-1,1,1,-1,1,1,1,1,1,1,1,-1|./seeds/seed_003.txt
6,14,4,19,5,9,7,21,28,27,30,22,23,33,20,31,36,37,32,35,38,1,0,11,3,29,8,18,15,17,12,26,24,16,34,13,25,2,10|1,1,1,1,1,1,1,-1,-1,-1,-1,-1,-1,-1,-1,-1,-1,-1,-1,-1,-1,-1,-1,1,1,1,1,1,1,1,1,1,1,1,1,1,1,-1,1|./seeds/seed_006.txt
1,0,2,5,4,32,21,35,28,27,38,31,22,23,6,20,36,33,30,37,3,9,25,26,29,8,24,34,7,10,17,15,13,14,16,12,19,18,11|-1,-1,-1,-1,-1,1,1,1,1,1,1,1,1,1,-1,1,1,1,1,1,-1,-1,1,1,1,-1,1,1,-1,-1,1,1,1,-1,1,1,-1,1,1|./seeds/seed_002.txt
35,32,21,27,28,38,31,20,36,23,33,37,22,30,5,1,0,4,25,2,26,6,24,29,34,9,3,8,17,13,15,12,7,18,16,11,10,14,19|1,1,1,1,1,1,1,1,1,1,1,1,1,1,-1,-1,-1,-1,1,-1,1,-1,1,1,1,-1,-1,-1,1,1,1,1,-1,1,1,1,-1,-1,-1|./seeds/seed_006.txt
14,19,9,7,6,28,27,21,23,20,0,33,31,1,30,4,37,22,32,36,35,38,8,11,10,18,12,16,34,15,29,24,25,13,5,26,3,2,17|1,1,1,1,1,-1,-1,-1,-1,-1,-1,-1,-1,-1,-1,1,-1,-1,-1,-1,-1,-1,1,1,1,1,1,1,1,1,1,1,1,1,1,1,1,-1,1|./seeds/seed_005.txt
14,19,0,1,7,9,11,18,15,16,12,28,13,23,17,2,21,27,6,33,20,30,8,31,22,37,10,36,34,32,4,24,35,25,29,26,38,5,3|1,1,-1,-1,1,1,1,1,1,1,1,-1,1,-1,1,-1,-1,-1,1,-1,-1,-1,1,-1,-1,-1,1,-1,1,-1,1,1,-1,1,1,1,-1,-1,1|./seeds/seed_006.txt
5,2,4,6,3,33,21,38,31,32,20,35,9,27,30,36,28,22,37,23,26,25,8,24,0,34,7,1,29,10,17,15,16,13,12,14,18,19,11|1,1,1,1,1,-1,-1,-1,-1,-1,-1,-1,1,-1,-1,-1,-1,-1,-1,-1,-1,-1,1,-1,1,-1,1,1,-1,1,-1,-1,-1,-1,-1,1,-1,1,-1|./seeds/seed_004.txt
21,38,31,33,35,32,20,27,36,37,30,28,22,5,23,4,2,25,26,6,9,24,34,29,3,0,1,8,17,15,13,7,16,12,18,10,11,14,19|-1,-1,-1,-1,-1,-1,-1,-1,-1,-1,-1,-1,-1,1,-1,1,1,-1,-1,1,1,-1,-1,-1,1,1,1,1,-1,-1,-1,1,-1,-1,-1,1,-1,1,1|./seeds/seed_006.txt
21,38,31,33,35,32,20,28,27,37,22,30,23,36,5,25,4,26,9,6,24,29,34,2,3,8,17,7,15,1,0,16,13,12,18,14,10,19,11|-1,-1,-1,-1,-1,-1,-1,-1,-1,-1,-1,-1,-1,-1,1,-1,1,-1,1,1,-1,-1,-1,1,1,1,-1,1,-1,1,1,-1,-1,-1,-1,1,1,1,-1|./seeds/seed_000.txt
21,38,31,20,35,28,33,37,32,27,30,22,36,23,26,25,5,4,9,24,6,34,29,2,3,8,17,7,15,12,16,13,0,1,14,18,19,10,11|-1,-1,-1,-1,-1,-1,-1,-1,-1,-1,-1,-1,-1,-1,-1,-1,1,1,1,-1,1,-1,-1,1,1,1,-1,1,-1,-1,-1,-1,1,1,1,-1,1,1,-1|./seeds/seed_005.txt
35,28,21,32,27,31,20,38,37,36,33,30,23,22,25,26,4,5,29,24,34,9,0,1,6,2,3,15,8,17,13,7,12,18,16,19,14,11,10|1,1,1,1,1,1,1,1,1,1,1,1,1,1,1,1,-1,-1,1,1,1,-1,-1,-1,-1,-1,-1,1,-1,1,1,-1,1,1,1,-1,-1,1,-1|./seeds/seed_005.txt
1,0,2,32,21,35,28,27,38,31,22,20,33,36,23,5,4,30,37,25,6,3,26,9,29,24,34,8,17,7,15,13,16,10,12,18,11,14,19|-1,-1,-1,1,1,1,1,1,1,1,1,1,1,1,1,-1,-1,1,1,1,-1,-1,1,-1,1,1,1,-1,1,-1,1,1,1,-1,1,1,1,-1,-1|./seeds/seed_004.txt
31,38,21,36,28,27,23,35,33,20,32,37,30,22,25,26,5,4,24,29,9,34,6,1,0,2,3,17,15,8,12,13,16,7,18,14,11,19,10|-1,-1,-1,-1,-1,-1,-1,-1,-1,-1,-1,-1,-1,-1,-1,-1,1,1,-1,-1,1,-1,1,1,1,1,1,-1,-1,1,-1,-1,-1,1,-1,1,-1,1,1|./seeds/seed_005.txt
0,1,2,32,21,31,35,36,23,28,38,27,33,20,30,5,22,37,4,25,26,3,6,29,24,34,9,17,15,13,16,12,8,18,11,10,7,19,14|1,1,1,-1,-1,-1,-1,-1,-1,-1,-1,-1,-1,-1,-1,1,-1,-1,1,-1,-1,1,1,-1,-1,-1,1,-1,-1,-1,-1,-1,1,-1,-1,1,1,-1,1|./seeds/seed_007.txt
0,1,2,5,4,6,3,9,8,7,10,14,19,11,18,12,16,15,34,13,17,25,26,24,23,29,32,20,28,33,21,22,35,31,27,36,30,37,38|1,1,1,1,1,1,1,1,1,1,1,1,1,1,1,1,1,1,1,1,1,1,1,1,-1,1,-1,-1,-1,-1,-1,-1,-1,-1,-1,-1,-1,-1,-1|./seeds/seed_002.txt
0,1,2,5,4,6,3,9,7,8,10,14,19,11,18,12,16,15,13,25,34,17,26,29,24,23,32,20,33,28,38,21,31,22,36,27,30,35,37|1,1,1,1,1,1,1,1,1,1,1,1,1,1,1,1,1,1,1,1,1,1,1,1,1,-1,-1,-1,-1,-1,1,-1,-1,-1,-1,-1,1,-1,1|./seeds/seed_007.txt
1,0,2,4,6,5,3,9,7,32,23,21,31,33,30,27,28,36,22,38,20,35,37,8,14,10,19,17,13,15,16,29,25,12,18,26,34,24,11|1,1,1,1,1,1,1,1,1,-1,-1,-1,-1,-1,-1,-1,-1,-1,-1,-1,-1,-1,-1,1,1,1,1,-1,-1,-1,-1,-1,-1,-1,-1,-1,-1,-1,-1|./seeds/seed_003.txt
1,0,4,2,6,5,3,9,32,23,33,28,21,30,31,27,36,35,22,38,20,37,7,8,10,14,19,17,15,13,16,25,12,29,18,26,34,11,24|1,1,1,1,1,1,1,1,-1,-1,-1,-1,-1,-1,-1,-1,-1,-1,-1,-1,-1,-1,1,1,1,1,1,-1,-1,-1,-1,-1,-1,-1,-1,-1,-1,-1,-1|./seeds/seed_001.txt
18,17,19,11,12,14,15,25,16,13,24,29,34,1,0,26,36,28,4,31,38,37,3,21,23,35,32,20,30,22,27,33,6,7,5,10,2,8,9|1,1,1,1,1,1,1,1,1,1,1,1,1,1,1,1,1,1,1,1,1,1,1,1,1,1,1,1,1,1,1,1,1,1,1,1,-1,1,1|./seeds/seed_001.txt
25,18,15,17,11,24,12,16,34,38,29,13,26,31,36,28,23,35,37,20,21,22,27,33,32,14,30,19,0,1,3,4,7,6,10,8,2,5,9|1,1,1,1,1,1,1,1,1,1,1,1,1,1,1,1,1,1,1,1,1,1,1,1,1,1,1,1,1,1,1,1,1,1,1,1,1,1,1|./seeds/seed_000.txt
2,5,4,31,38,21,33,35,32,30,27,37,36,3,20,22,28,23,6,26,0,25,1,9,24,29,34,8,7,17,10,15,13,16,12,18,11,14,19|1,1,1,-1,-1,-1,-1,-1,-1,-1,-1,-1,-1,1,-1,-1,-1,-1,1,-1,1,-1,1,1,-1,-1,-1,1,1,-1,1,-1,-1,-1,-1,-1,-1,1,1|./seeds/seed_001.txt
21,38,31,33,35,32,20,27,36,37,30,28,22,5,23,4,2,25,26,6,9,24,34,29,3,0,1,8,17,15,13,7,16,12,18,10,11,14,19|-1,-1,-1,-1,-1,-1,-1,-1,-1,-1,-1,-1,-1,1,-1,1,1,-1,-1,1,1,-1,-1,-1,1,1,1,1,-1,-1,-1,1,-1,-1,-1,1,-1,1,1|./seeds/seed_006.txt
19,14,2,7,9,0,11,1,18,15,13,16,12,28,27,30,8,20,21,17,31,23,10,33,22,37,32,36,38,35,24,29,34,25,6,26,5,4,3|1,1,-1,1,1,-1,1,-1,1,1,1,1,1,-1,-1,-1,1,-1,-1,1,-1,-1,1,-1,-1,-1,-1,-1,-1,-1,1,1,1,1,1,1,-1,1,1|./seeds/seed_004.txt
19,14,2,7,9,0,11,1,18,13,15,12,16,28,27,8,17,30,21,23,20,31,33,10,22,32,37,36,38,29,35,24,25,34,6,5,26,4,3|1,1,-1,1,1,-1,1,-1,1,1,1,1,1,-1,-1,1,1,-1,-1,-1,-1,-1,-1,1,-1,-1,-1,-1,-1,1,-1,1,1,1,1,-1,1,1,1|./seeds/seed_002.txt
0,1,2,5,4,6,3,9,7,8,10,14,19,11,18,12,16,34,15,13,25,23,17,26,32,24,29,28,33,21,20,22,35,31,30,27,36,37,38|1,1,1,1,1,1,1,1,1,1,1,1,1,1,1,1,1,1,1,1,1,-1,1,1,-1,1,1,-1,-1,-1,-1,-1,-1,-1,-1,-1,-1,-1,-1|./seeds/seed_003.txt
5,6,4,2,3,0,7,1,8,9,19,14,10,11,18,12,16,15,17,13,25,34,26,24,29,38,37,30,27,36,28,35,21,22,20,31,33,32,23|1,1,1,1,1,1,1,1,1,1,1,1,1,1,1,1,1,1,1,1,1,1,1,1,1,1,1,1,1,1,1,1,1,1,1,1,1,1,1|./seeds/seed_000.txt
1,0,2,5,4,32,21,35,28,27,38,6,20,31,23,36,22,33,30,3,37,9,25,26,8,29,24,34,7,10,17,15,13,14,16,12,11,19,18|-1,-1,-1,-1,-1,1,1,1,1,1,1,-1,1,1,1,1,1,1,1,-1,1,-1,1,1,-1,1,1,1,-1,-1,1,1,1,-1,1,1,1,-1,1|./seeds/seed_003.txt
35,28,21,32,27,31,20,38,37,36,33,30,23,22,25,26,4,5,29,24,34,9,0,1,6,2,3,15,8,17,13,7,12,18,16,19,14,11,10|1,1,1,1,1,1,1,1,1,1,1,1,1,1,1,1,-1,-1,1,1,1,-1,-1,-1,-1,-1,-1,1,-1,1,1,-1,1,1,1,-1,-1,1,-1|./seeds/seed_005.txt
0,1,9,8,19,7,10,14,11,28,31,33,16,30,18,22,35,13,15,37,27,21,38,32,12,20,23,2,36,26,17,25,24,3,34,6,29,5,4|-1,-1,1,1,1,1,1,1,1,-1,-1,-1,1,-1,1,-1,-1,1,1,-1,-1,-1,-1,-1,1,-1,-1,-1,-1,-1,1,-1,-1,1,-1,1,-1,1,1|./seeds/seed_003.txt
28,33,27,23,22,37,21,35,30,0,1,36,38,31,20,26,32,19,9,25,14,24,34,11,29,8,7,18,16,10,15,13,2,12,17,3,4,6,5|-1,-1,-1,-1,-1,-1,-1,-1,-1,-1,-1,-1,-1,-1,-1,-1,-1,1,1,-1,1,-1,-1,1,-1,1,1,1,1,1,1,1,-1,1,1,1,1,1,1|./seeds/seed_006.txt
2,5,6,4,3,7,8,9,10,1,0,14,19,12,18,11,15,17,13,16,24,26,29,34,25,38,35,28,20,30,22,27,37,36,23,33,21,31,32|-1,-1,-1,-1,-1,-1,-1,-1,-1,-1,-1,-1,-1,-1,-1,-1,-1,-1,-1,-1,-1,-1,-1,-1,-1,-1,-1,-1,-1,-1,-1,-1,-1,-1,-1,-1,-1,-1,-1|./seeds/seed_006.txt
2,5,4,6,3,8,9,7,10,0,1,19,14,12,11,17,18,13,15,16,24,29,26,34,25,32,21,31,36,38,33,23,37,28,20,27,30,35,22|-1,-1,-1,-1,-1,-1,-1,-1,-1,-1,-1,-1,-1,-1,-1,-1,-1,-1,-1,-1,-1,-1,-1,-1,-1,1,1,1,1,-1,1,1,1,-1,-1,1,-1,-1,1|./seeds/seed_002.txt
6,5,12,18,17,11,15,13,16,14,19,25,26,7,34,24,29,4,3,38,20,30,35,8,22,36,32,28,37,23,9,2,10,21,31,27,33,1,0|-1,-1,-1,-1,-1,-1,-1,-1,-1,-1,-1,-1,-1,-1,-1,-1,-1,-1,-1,-1,-1,-1,-1,-1,-1,-1,-1,-1,-1,-1,-1,-1,-1,-1,-1,-1,-1,-1,-1|./seeds/seed_005.txt
5,6,19,11,14,13,17,15,16,12,18,4,7,3,9,25,29,8,1,0,26,34,24,38,20,35,10,30,23,28,22,31,37,32,36,21,27,33,2|-1,-1,-1,-1,-1,-1,-1,-1,-1,-1,-1,-1,-1,-1,-1,-1,-1,-1,1,1,-1,-1,-1,-1,-1,-1,-1,-1,-1,-1,-1,-1,-1,-1,-1,-1,-1,-1,-1|./seeds/seed_007.txt
0,1,2,5,6,4,14,25,12,19,29,11,16,26,34,18,24,17,13,15,38,22,31,35,36,30,32,28,20,21,3,37,33,27,7,23,9,10,8|-1,-1,-1,-1,-1,-1,-1,-1,-1,-1,-1,-1,-1,-1,-1,-1,-1,-1,-1,-1,-1,-1,-1,-1,-1,-1,-1,-1,-1,-1,-1,-1,-1,-1,-1,-1,-1,1,-1|./seeds/seed_001.txt
12,25,0,11,17,26,1,15,16,29,18,34,24,13,38,14,19,31,21,35,20,28,36,32,6,22,2,23,27,5,37,30,33,4,7,3,8,10,9|-1,-1,-1,-1,-1,-1,-1,-1,-1,-1,-1,-1,-1,-1,-1,-1,-1,-1,-1,-1,-1,-1,-1,-1,-1,-1,-1,-1,-1,-1,-1,-1,-1,-1,-1,-1,-1,-1,-1|./seeds/seed_005.txt
5,6,4,2,3,0,7,1,8,9,19,14,10,11,18,12,16,15,17,13,25,34,26,24,29,38,37,30,27,36,28,35,21,22,20,31,33,32,23|1,1,1,1,1,1,1,1,1,1,1,1,1,1,1,1,1,1,1,1,1,1,1,1,1,1,1,1,1,1,1,1,1,1,1,1,1,1,1|./seeds/seed_000.txt
5,2,6,0,4,1,3,8,7,9,10,14,19,11,18,12,16,15,13,17,25,34,26,29,24,38,37,30,36,28,22,27,35,21,31,33,20,32,23|1,1,1,1,1,1,1,1,1,1,1,1,1,1,1,1,1,1,1,1,1,1,1,1,1,1,1,1,1,1,1,1,1,1,1,1,1,1,-1|./seeds/seed_006.txt
5,6,4,3,2,0,7,8,1,19,9,14,10,11,18,16,12,15,17,13,25,34,26,24,29,38,27,37,36,35,30,28,21,22,20,31,32,33,23|1,1,1,1,1,1,1,1,1,1,1,1,1,1,1,1,1,1,1,1,1,1,1,1,1,1,1,1,1,1,1,1,1,1,1,1,1,1,1|./seeds/seed_005.txt
0,1,2,5,4,6,3,9,8,7,10,14,19,11,18,12,16,15,17,13,25,34,26,24,29,23,32,20,28,33,21,22,36,31,35,38,27,37,30|1,1,1,1,1,1,1,1,1,1,1,1,1,1,1,1,1,1,1,1,1,1,1,1,1,-1,-1,-1,-1,-1,-1,-1,-1,-1,-1,1,-1,-1,-1|./seeds/seed_004.txt
1,0,2,32,35,21,28,4,5,31,38,27,20,30,23,33,36,37,22,25,3,26,6,29,24,34,9,8,17,15,13,12,16,7,10,18,11,14,19|-1,-1,-1,1,1,1,1,-1,-1,1,1,1,1,1,1,1,1,1,1,1,-1,1,-1,1,1,1,-1,-1,1,1,1,1,1,-1,-1,1,1,-1,1|./seeds/seed_001.txt
1,0,2,5,4,32,21,35,28,27,38,6,20,31,23,36,22,33,30,3,37,9,25,26,8,29,24,34,7,10,17,15,13,14,16,12,11,19,18|-1,-1,-1,-1,-1,1,1,1,1,1,1,-1,1,1,1,1,1,1,1,-1,1,-1,1,1,-1,1,1,1,-1,-1,1,1,1,-1,1,1,1,-1,1|./seeds/seed_003.txt
7,9,8,10,6,1,14,19,0,11,16,15,18,5,17,13,12,4,3,25,29,24,34,26,38,35,32,20,37,30,36,23,28,27,33,21,22,31,2|1,1,1,1,1,-1,1,1,-1,1,1,1,1,1,1,1,1,1,1,1,1,1,1,1,1,1,1,1,1,1,1,1,1,1,1,1,1,1,-1|./seeds/seed_004.txt
7,9,8,1,10,0,6,19,14,16,11,15,13,17,18,5,12,4,3,25,29,24,26,34,38,35,20,2,32,36,37,23,30,27,33,28,22,31,21|1,1,1,-1,1,-1,1,1,1,1,1,1,1,1,1,1,1,1,1,1,1,1,1,1,1,1,1,-1,1,1,1,1,1,1,1,1,1,1,1|./seeds/seed_003.txt
35,21,32,28,27,31,38,20,33,36,23,37,30,22,4,25,5,26,9,29,24,1,0,34,6,2,3,8,15,17,7,13,12,18,16,14,19,11,10|1,1,1,1,1,1,1,1,1,1,1,1,1,1,-1,1,-1,1,-1,1,1,-1,-1,1,-1,-1,-1,-1,1,1,-1,1,1,1,1,-1,-1,1,-1|./seeds/seed_000.txt
35,28,21,32,27,31,20,38,37,36,33,30,23,22,25,26,4,5,29,24,34,9,0,1,6,2,3,15,8,17,13,7,12,18,16,19,14,11,10|1,1,1,1,1,1,1,1,1,1,1,1,1,1,1,1,-1,-1,1,1,1,-1,-1,-1,-1,-1,-1,1,-1,1,1,-1,1,1,1,-1,-1,1,-1|./seeds/seed_005.txt
14,19,4,27,30,28,23,33,20,21,32,22,36,31,1,37,6,35,0,9,11,38,2,24,7,26,25,3,34,18,29,12,15,13,16,17,10,8,5|1,1,1,-1,-1,-1,-1,-1,-1,-1,-1,-1,-1,-1,1,-1,1,-1,1,1,1,-1,-1,1,1,1,1,1,1,1,1,1,1,1,1,1,-1,-1,1|./seeds/seed_007.txt
14,19,4,27,21,28,30,33,20,23,32,22,31,36,37,1,6,35,11,9,24,0,26,25,38,7,3,34,18,29,15,12,13,2,16,17,10,8,5|1,1,1,-1,-1,-1,-1,-1,-1,-1,-1,-1,-1,-1,-1,1,1,-1,1,1,1,1,1,1,-1,1,1,1,1,1,1,1,1,-1,1,1,-1,-1,1|./seeds/seed_001.txt
12,25,0,11,17,26,1,15,16,29,18,34,24,13,38,14,19,31,21,35,20,28,36,32,6,22,2,23,27,5,37,30,33,4,7,3,8,10,9|-1,-1,-1,-1,-1,-1,-1,-1,-1,-1,-1,-1,-1,-1,-1,-1,-1,-1,-1,-1,-1,-1,-1,-1,-1,-1,-1,-1,-1,-1,-1,-1,-1,-1,-1,-1,-1,-1,-1|./seeds/seed_005.txt
0,1,2,5,6,4,14,25,12,19,29,11,16,26,34,18,24,17,13,15,38,22,31,35,36,30,32,28,20,21,3,37,33,27,7,23,9,10,8|-1,-1,-1,-1,-1,-1,-1,-1,-1,-1,-1,-1,-1,-1,-1,-1,-1,-1,-1,-1,-1,-1,-1,-1,-1,-1,-1,-1,-1,-1,-1,-1,-1,-1,-1,-1,-1,1,-1|./seeds/seed_001.txt
7,9,8,1,10,0,6,19,14,11,16,5,15,13,17,18,12,4,3,25,29,24,34,26,38,35,32,20,36,37,30,23,28,27,22,33,21,31,2|1,1,1,-1,1,-1,1,1,1,1,1,1,1,1,1,1,1,1,1,1,1,1,1,1,1,1,1,1,1,1,1,1,1,1,1,1,1,1,-1|./seeds/seed_002.txt
7,9,8,10,6,14,19,1,11,16,15,0,18,17,13,12,5,4,3,25,29,24,26,34,38,35,20,32,36,30,37,23,28,27,33,21,31,22,2|1,1,1,1,1,1,1,-1,1,1,1,-1,1,1,1,1,1,1,1,1,1,1,1,1,1,1,1,1,1,1,1,1,1,1,1,1,1,1,-1|./seeds/seed_007.txt
0,1,2,12,14,25,5,11,29,6,16,34,26,19,24,18,4,13,15,17,38,22,31,35,20,36,28,32,21,30,33,37,27,23,10,3,8,7,9|-1,-1,-1,-1,-1,-1,-1,-1,-1,-1,-1,-1,-1,-1,-1,-1,-1,-1,-1,-1,-1,-1,-1,-1,-1,-1,-1,-1,-1,-1,-1,-1,-1,-1,1,-1,1,-1,1|./seeds/seed_007.txt
0,1,2,5,6,4,14,25,12,19,29,11,16,26,34,18,24,17,13,15,38,22,31,35,36,30,32,28,20,21,3,37,33,27,7,23,9,10,8|-1,-1,-1,-1,-1,-1,-1,-1,-1,-1,-1,-1,-1,-1,-1,-1,-1,-1,-1,-1,-1,-1,-1,-1,-1,-1,-1,-1,-1,-1,-1,-1,-1,-1,-1,-1,-1,1,-1|./seeds/seed_001.txt
7,9,8,10,6,1,14,19,0,11,16,15,18,5,17,13,12,4,3,25,29,24,34,26,38,35,32,20,37,30,36,23,28,27,33,21,22,31,2|1,1,1,1,1,-1,1,1,-1,1,1,1,1,1,1,1,1,1,1,1,1,1,1,1,1,1,1,1,1,1,1,1,1,1,1,1,1,1,-1|./seeds/seed_004.txt
7,9,8,1,10,0,6,19,14,11,16,5,15,13,17,18,12,4,3,25,29,24,34,26,38,35,32,20,36,37,30,23,28,27,22,33,21,31,2|1,1,1,-1,1,-1,1,1,1,1,1,1,1,1,1,1,1,1,1,1,1,1,1,1,1,1,1,1,1,1,1,1,1,1,1,1,1,1,-1|./seeds/seed_002.txt
1,0,4,2,6,5,3,9,32,23,33,28,21,30,31,27,36,35,22,38,20,37,7,8,10,14,19,17,15,13,16,25,12,29,18,26,34,11,24|1,1,1,1,1,1,1,1,-1,-1,-1,-1,-1,-1,-1,-1,-1,-1,-1,-1,-1,-1,1,1,1,1,1,-1,-1,-1,-1,-1,-1,-1,-1,-1,-1,-1,-1|./seeds/seed_001.txt
1,0,2,4,6,5,3,9,32,7,23,33,31,21,30,27,28,38,36,22,20,37,35,8,14,10,19,17,13,15,16,29,25,12,26,18,34,24,11|1,1,1,1,1,1,1,1,-1,1,-1,-1,-1,-1,-1,-1,-1,-1,-1,-1,-1,-1,-1,1,1,1,1,-1,-1,-1,-1,-1,-1,-1,-1,-1,-1,-1,-1|./seeds/seed_002.txt
0,1,2,5,4,32,6,31,21,23,27,33,28,38,36,35,3,20,30,22,37,9,25,26,24,29,34,8,7,10,17,15,13,16,12,14,18,11,19|1,1,1,1,1,-1,1,-1,-1,-1,-1,-1,-1,-1,-1,-1,1,-1,-1,-1,-1,1,-1,-1,-1,-1,-1,1,1,1,-1,-1,-1,-1,-1,1,-1,-1,1|./seeds/seed_003.txt
0,1,2,32,31,21,23,27,33,36,20,38,35,28,5,4,22,30,37,25,6,3,26,9,24,29,34,8,17,15,13,16,7,12,10,18,11,14,19|1,1,1,-1,-1,-1,-1,-1,-1,-1,-1,-1,-1,-1,1,1,-1,-1,-1,-1,1,1,-1,1,-1,-1,-1,1,-1,-1,-1,-1,1,-1,1,-1,-1,1,-1|./seeds/seed_004.txt
31,21,36,38,35,32,27,20,33,23,28,30,37,5,0,22,1,4,25,2,26,6,24,34,9,29,3,17,13,8,15,12,16,18,7,11,10,19,14|-1,-1,-1,-1,-1,-1,-1,-1,-1,-1,-1,-1,-1,1,1,-1,1,1,-1,1,-1,1,-1,-1,1,-1,1,-1,-1,1,-1,-1,-1,-1,1,-1,1,-1,1|./seeds/seed_006.txt
0,1,2,31,32,21,5,35,36,33,38,20,23,28,4,27,30,37,22,25,3,26,6,29,24,34,9,17,13,8,15,16,12,18,10,11,7,19,14|1,1,1,-1,-1,-1,1,-1,-1,-1,-1,-1,-1,-1,1,-1,-1,-1,-1,-1,1,-1,1,-1,-1,-1,1,-1,-1,1,-1,-1,-1,-1,1,-1,1,-1,-1|./seeds/seed_001.txt
0,1,2,25,14,12,26,16,29,34,24,5,11,4,18,19,13,38,15,17,6,31,22,10,20,35,8,36,21,28,32,30,37,33,27,9,23,7,3|-1,-1,-1,-1,-1,-1,-1,-1,-1,-1,-1,-1,-1,-1,-1,-1,-1,-1,-1,-1,-1,-1,-1,1,-1,-1,1,-1,-1,-1,-1,-1,-1,-1,-1,1,-1,1,-1|./seeds/seed_003.txt
0,1,2,12,14,25,5,11,29,6,16,34,26,19,24,18,4,13,15,17,38,22,31,35,20,36,28,32,21,30,33,37,27,23,10,3,8,7,9|-1,-1,-1,-1,-1,-1,-1,-1,-1,-1,-1,-1,-1,-1,-1,-1,-1,-1,-1,-1,-1,-1,-1,-1,-1,-1,-1,-1,-1,-1,-1,-1,-1,-1,1,-1,1,-1,1|./seeds/seed_007.txt
0,1,2,5,4,6,3,9,8,7,10,14,19,11,18,12,16,15,17,13,25,34,26,24,29,23,32,20,28,33,21,22,36,31,35,38,27,37,30|1,1,1,1,1,1,1,1,1,1,1,1,1,1,1,1,1,1,1,1,1,1,1,1,1,-1,-1,-1,-1,-1,-1,-1,-1,-1,-1,1,-1,-1,-1|./seeds/seed_004.txt
5,2,6,0,4,1,3,8,7,9,10,14,19,11,18,12,16,15,13,17,25,34,26,29,24,38,37,30,36,28,22,27,35,21,31,33,20,32,23|1,1,1,1,1,1,1,1,1,1,1,1,1,1,1,1,1,1,1,1,1,1,1,1,1,1,1,1,1,1,1,1,1,1,1,1,1,1,-1|./seeds/seed_006.txt
0,1,19,14,9,7,11,8,18,15,16,10,13,12,17,6,2,28,27,4,33,31,23,21,30,20,36,22,24,25,37,32,29,35,34,26,38,3,5|-1,-1,1,1,1,1,1,1,1,1,1,1,1,1,1,1,-1,-1,-1,1,-1,-1,-1,-1,-1,-1,-1,-1,1,1,-1,-1,1,-1,1,1,-1,1,1|./seeds/seed_004.txt
14,19,9,7,6,28,0,1,27,21,23,20,33,30,31,22,37,4,36,35,32,38,8,11,18,10,12,16,34,25,15,2,24,29,13,17,26,5,3|1,1,1,1,1,-1,-1,-1,-1,-1,-1,-1,-1,-1,-1,-1,-1,1,-1,-1,-1,-1,1,1,1,1,1,1,1,1,1,-1,1,1,1,1,1,1,1|./seeds/seed_000.txt
4,6,9,5,28,21,30,23,7,27,31,20,32,33,22,36,35,37,38,3,14,19,2,8,1,0,10,17,15,13,25,12,29,24,16,18,26,34,11|1,1,1,1,-1,-1,-1,-1,1,-1,-1,-1,-1,-1,-1,-1,-1,-1,-1,1,1,1,1,1,1,1,1,-1,-1,-1,-1,-1,-1,-1,-1,-1,-1,-1,-1|./seeds/seed_000.txt
4,6,5,9,2,28,21,30,27,7,32,23,31,22,36,33,20,3,37,35,38,1,8,0,14,19,10,17,25,15,13,12,24,29,34,26,16,18,11|1,1,1,1,1,-1,-1,-1,-1,1,-1,-1,-1,-1,-1,-1,-1,1,-1,-1,-1,1,1,1,1,1,1,-1,-1,-1,-1,-1,-1,-1,-1,-1,-1,-1,-1|./seeds/seed_006.txt
0,1,2,5,4,32,6,31,21,23,27,33,28,38,36,35,3,20,30,22,37,9,25,26,24,29,34,8,7,10,17,15,13,16,12,14,18,11,19|1,1,1,1,1,-1,1,-1,-1,-1,-1,-1,-1,-1,-1,-1,1,-1,-1,-1,-1,1,-1,-1,-1,-1,-1,1,1,1,-1,-1,-1,-1,-1,1,-1,-1,1|./seeds/seed_003.txt
31,21,36,38,35,32,27,20,33,23,28,30,37,5,0,22,1,4,25,2,26,6,24,34,9,29,3,17,13,8,15,12,16,18,7,11,10,19,14|-1,-1,-1,-1,-1,-1,-1,-1,-1,-1,-1,-1,-1,1,1,-1,1,1,-1,1,-1,1,-1,-1,1,-1,1,-1,-1,1,-1,-1,-1,-1,1,-1,1,-1,1|./seeds/seed_006.txt
6,5,4,3,2,7,8,9,14,10,19,18,12,11,15,17,16,13,1,0,24,25,29,26,34,38,35,28,20,37,30,27,21,36,23,22,33,31,32|-1,-1,-1,-1,-1,-1,-1,-1,-1,-1,-1,-1,-1,-1,-1,-1,-1,-1,-1,-1,-1,-1,-1,-1,-1,-1,-1,-1,-1,-1,-1,-1,-1,-1,-1,-1,-1,-1,-1|./seeds/seed_005.txt
6,5,2,4,3,7,8,9,10,14,19,12,18,11,15,1,0,17,13,16,24,25,26,29,34,38,35,28,37,20,30,27,36,22,23,21,33,31,32|-1,-1,-1,-1,-1,-1,-1,-1,-1,-1,-1,-1,-1,-1,-1,-1,-1,-1,-1,-1,-1,-1,-1,-1,-1,-1,-1,-1,-1,-1,-1,-1,-1,-1,-1,-1,-1,-1,-1|./seeds/seed_000.txt
5,2,4,6,3,9,21,33,31,38,32,35,36,28,20,27,30,37,22,23,8,7,26,25,0,1,34,10,24,29,17,14,15,19,16,13,12,18,11|1,1,1,1,1,1,-1,-1,-1,-1,-1,-1,-1,-1,-1,-1,-1,-1,-1,-1,1,1,-1,-1,1,1,-1,1,-1,-1,-1,1,-1,1,-1,-1,-1,-1,-1|./seeds/seed_002.txt
21,38,31,20,35,28,33,37,32,27,30,22,36,23,26,25,5,4,9,24,6,34,29,2,3,8,17,7,15,12,16,13,0,1,14,18,19,10,11|-1,-1,-1,-1,-1,-1,-1,-1,-1,-1,-1,-1,-1,-1,-1,-1,1,1,1,-1,1,-1,-1,1,1,1,-1,1,-1,-1,-1,-1,1,1,1,-1,1,1,-1|./seeds/seed_005.txt
6,4,5,14,19,9,7,0,1,11,3,21,30,8,22,31,27,28,15,18,23,20,33,36,17,12,29,37,32,16,13,38,26,35,24,25,34,10,2|1,1,1,1,1,1,1,-1,-1,1,1,-1,-1,1,-1,-1,-1,-1,1,1,-1,-1,-1,-1,1,1,1,-1,-1,1,1,-1,1,-1,1,1,1,1,-1|./seeds/seed_007.txt
6,4,5,14,19,9,7,0,1,3,8,21,11,28,27,31,30,22,20,33,15,23,36,32,18,17,12,37,16,29,38,13,35,26,24,25,34,10,2|1,1,1,1,1,1,1,-1,-1,1,1,-1,1,-1,-1,-1,-1,-1,-1,-1,1,-1,-1,-1,1,1,1,-1,1,1,-1,1,-1,1,1,1,1,1,-1|./seeds/seed_004.txt
4,6,9,5,28,21,30,23,7,27,31,20,32,33,22,36,35,37,38,3,14,19,2,8,1,0,10,17,15,13,25,12,29,24,16,18,26,34,11|1,1,1,1,-1,-1,-1,-1,1,-1,-1,-1,-1,-1,-1,-1,-1,-1,-1,1,1,1,1,1,1,1,1,-1,-1,-1,-1,-1,-1,-1,-1,-1,-1,-1,-1|./seeds/seed_000.txt
4,6,5,9,2,28,21,30,27,7,32,23,31,22,36,33,20,3,37,35,38,1,8,0,14,19,10,17,25,15,13,12,24,29,34,26,16,18,11|1,1,1,1,1,-1,-1,-1,-1,1,-1,-1,-1,-1,-1,-1,-1,1,-1,-1,-1,1,1,1,1,1,1,-1,-1,-1,-1,-1,-1,-1,-1,-1,-1,-1,-1|./seeds/seed_006.txt
1,0,4,2,6,5,9,3,32,23,33,31,21,30,27,28,36,22,38,20,7,35,37,8,14,10,19,17,13,15,16,29,25,12,18,26,24,34,11|1,1,1,1,1,1,1,1,-1,-1,-1,-1,-1,-1,-1,-1,-1,-1,-1,-1,1,-1,-1,1,1,1,1,-1,-1,-1,-1,-1,-1,-1,-1,-1,-1,-1,-1|./seeds/seed_004.txt
4,6,9,5,23,32,28,21,27,33,31,30,35,36,22,20,38,37,7,1,0,3,2,19,14,8,10,17,25,15,13,26,29,18,24,12,16,34,11|1,1,1,1,-1,-1,-1,-1,-1,-1,-1,-1,-1,-1,-1,-1,-1,-1,1,1,1,1,1,1,1,1,1,-1,-1,-1,-1,-1,-1,-1,-1,-1,-1,-1,-1|./seeds/seed_000.txt
1,0,2,35,32,21,28,27,38,31,36,22,23,30,20,33,37,5,4,25,26,3,29,24,6,34,9,17,15,13,8,12,16,7,18,11,10,14,19|-1,-1,-1,1,1,1,1,1,1,1,1,1,1,1,1,1,1,-1,-1,1,1,-1,1,1,-1,1,-1,1,1,1,-1,1,1,-1,1,1,-1,-1,1|./seeds/seed_007.txt
1,0,2,5,4,32,21,35,28,27,38,31,22,23,6,20,36,33,30,37,3,9,25,26,29,8,24,34,7,10,17,15,13,14,16,12,19,18,11|-1,-1,-1,-1,-1,1,1,1,1,1,1,1,1,1,-1,1,1,1,1,1,-1,-1,1,1,1,-1,1,1,-1,-1,1,1,1,-1,1,1,-1,1,1|./seeds/seed_002.txt
5,6,4,3,2,0,7,8,1,19,9,14,10,11,18,16,12,15,17,13,25,34,26,24,29,38,27,37,36,35,30,28,21,22,20,31,32,33,23|1,1,1,1,1,1,1,1,1,1,1,1,1,1,1,1,1,1,1,1,1,1,1,1,1,1,1,1,1,1,1,1,1,1,1,1,1,1,1|./seeds/seed_005.txt
0,1,2,5,4,6,3,9,8,7,10,14,19,11,18,12,16,15,17,13,25,34,26,24,29,23,32,20,28,33,21,22,36,31,35,38,27,37,30|1,1,1,1,1,1,1,1,1,1,1,1,1,1,1,1,1,1,1,1,1,1,1,1,1,-1,-1,-1,-1,-1,-1,-1,-1,-1,-1,1,-1,-1,-1|./seeds/seed_004.txt
5,6,4,3,2,9,8,7,10,1,0,19,14,16,11,12,17,18,15,13,24,34,25,26,29,33,32,21,27,31,38,30,22,23,37,20,36,28,35|1,1,1,1,1,1,1,1,1,1,1,1,1,1,1,1,1,1,1,1,1,1,1,1,1,-1,-1,-1,-1,-1,1,-1,1,-1,1,-1,1,-1,1|./seeds/seed_003.txt
5,6,4,3,2,7,8,9,10,14,19,16,1,12,11,0,18,17,15,13,24,25,29,26,34,22,38,36,37,35,28,30,20,23,21,31,27,32,33|1,1,1,1,1,1,1,1,1,1,1,1,1,1,1,1,1,1,1,1,1,1,1,1,1,1,1,1,1,1,1,1,1,1,1,1,1,1,-1|./seeds/seed_007.txt
18,15,11,17,12,16,14,13,6,5,19,24,34,29,25,26,4,7,35,38,36,20,3,30,28,37,23,33,32,31,27,21,8,22,9,10,2,1,0|1,1,1,1,1,1,1,1,1,1,1,1,1,1,1,1,1,1,1,1,1,1,1,1,1,1,1,1,1,1,1,1,1,1,1,1,1,-1,-1|./seeds/seed_006.txt
6,5,11,17,18,15,16,19,14,12,4,13,7,3,29,9,24,34,26,8,25,1,0,35,10,38,23,36,20,28,30,32,21,37,33,31,27,22,2|1,1,1,1,1,1,1,1,1,1,1,1,1,1,1,1,1,1,1,1,1,-1,-1,1,1,1,1,1,1,1,1,1,1,1,1,1,1,1,1|./seeds/seed_007.txt
21,38,31,20,35,28,33,37,32,27,30,22,36,23,26,25,5,4,9,24,6,34,29,2,3,8,17,7,15,12,16,13,0,1,14,18,19,10,11|-1,-1,-1,-1,-1,-1,-1,-1,-1,-1,-1,-1,-1,-1,-1,-1,1,1,1,-1,1,-1,-1,1,1,1,-1,1,-1,-1,-1,-1,1,1,1,-1,1,1,-1|./seeds/seed_005.txt
5,2,4,6,3,21,31,9,33,38,32,36,35,28,27,20,37,30,22,23,25,26,8,0,1,7,24,34,29,10,17,15,16,13,14,12,19,18,11|1,1,1,1,1,-1,-1,1,-1,-1,-1,-1,-1,-1,-1,-1,-1,-1,-1,-1,-1,-1,1,1,1,1,-1,-1,-1,1,-1,-1,-1,-1,1,-1,1,-1,-1|./seeds/seed_003.txt
21,38,31,33,35,32,20,27,36,37,30,28,22,5,23,4,2,25,26,6,9,24,34,29,3,0,1,8,17,15,13,7,16,12,18,10,11,14,19|-1,-1,-1,-1,-1,-1,-1,-1,-1,-1,-1,-1,-1,1,-1,1,1,-1,-1,1,1,-1,-1,-1,1,1,1,1,-1,-1,-1,1,-1,-1,-1,1,-1,1,1|./seeds/seed_006.txt
5,2,4,6,3,9,21,33,31,38,32,35,36,28,20,27,30,37,22,23,8,7,26,25,0,1,34,10,24,29,17,14,15,19,16,13,12,18,11|1,1,1,1,1,1,-1,-1,-1,-1,-1,-1,-1,-1,-1,-1,-1,-1,-1,-1,1,1,-1,-1,1,1,-1,1,-1,-1,-1,1,-1,1,-1,-1,-1,-1,-1|./seeds/seed_002.txt
5,6,17,11,15,4,16,18,19,14,12,13,3,7,9,29,34,24,25,26,1,8,0,38,10,35,23,20,36,32,28,30,21,31,33,37,22,27,2|1,1,1,1,1,1,1,1,1,1,1,1,1,1,1,1,1,1,1,1,-1,1,-1,1,1,1,1,1,1,1,1,1,1,1,1,1,1,1,1|./seeds/seed_004.txt
6,5,11,17,18,15,16,19,14,12,4,13,7,3,29,9,24,34,26,8,25,1,0,35,10,38,23,36,20,28,30,32,21,37,33,31,27,22,2|1,1,1,1,1,1,1,1,1,1,1,1,1,1,1,1,1,1,1,1,1,-1,-1,1,1,1,1,1,1,1,1,1,1,1,1,1,1,1,1|./seeds/seed_007.txt
0,1,2,31,32,21,5,35,36,33,38,20,23,28,4,27,30,37,22,25,3,26,6,29,24,34,9,17,13,8,15,16,12,18,10,11,7,19,14|1,1,1,-1,-1,-1,1,-1,-1,-1,-1,-1,-1,-1,1,-1,-1,-1,-1,-1,1,-1,1,-1,-1,-1,1,-1,-1,1,-1,-1,-1,-1,1,-1,1,-1,-1|./seeds/seed_001.txt
31,38,21,36,28,27,23,35,33,20,32,37,30,22,25,26,5,4,24,29,9,34,6,1,0,2,3,17,15,8,12,13,16,7,18,14,11,19,10|-1,-1,-1,-1,-1,-1,-1,-1,-1,-1,-1,-1,-1,-1,-1,-1,1,1,-1,-1,1,-1,1,1,1,1,1,-1,-1,1,-1,-1,-1,1,-1,1,-1,1,1|./seeds/seed_005.txt
19,14,2,7,9,0,11,1,18,15,13,16,12,28,27,30,8,20,21,17,31,23,10,33,22,37,32,36,38,35,24,29,34,25,6,26,5,4,3|1,1,-1,1,1,-1,1,-1,1,1,1,1,1,-1,-1,-1,1,-1,-1,1,-1,-1,1,-1,-1,-1,-1,-1,-1,-1,1,1,1,1,1,1,-1,1,1|./seeds/seed_004.txt
19,14,2,7,9,0,11,1,18,13,15,12,16,28,27,8,17,30,21,23,20,31,33,10,22,32,37,36,38,29,35,24,25,34,6,5,26,4,3|1,1,-1,1,1,-1,1,-1,1,1,1,1,1,-1,-1,1,1,-1,-1,-1,-1,-1,-1,1,-1,-1,-1,-1,-1,1,-1,1,1,1,1,-1,1,1,1|./seeds/seed_002.txt
35,28,21,32,27,31,20,38,37,36,33,30,23,22,25,26,4,5,29,24,34,9,0,1,6,2,3,15,8,17,13,7,12,18,16,19,14,11,10|1,1,1,1,1,1,1,1,1,1,1,1,1,1,1,1,-1,-1,1,1,1,-1,-1,-1,-1,-1,-1,1,-1,1,1,-1,1,1,1,-1,-1,1,-1|./seeds/seed_005.txt
35,21,32,28,27,31,38,20,33,36,23,37,30,22,4,25,5,26,9,29,24,1,0,34,6,2,3,8,15,17,7,13,12,18,16,14,19,11,10|1,1,1,1,1,1,1,1,1,1,1,1,1,1,-1,1,-1,1,-1,1,1,-1,-1,1,-1,-1,-1,-1,1,1,-1,1,1,1,1,-1,-1,1,-1|./seeds/seed_000.txt
14,19,4,27,30,28,33,21,23,20,32,31,36,22,6,1,37,0,35,3,2,38,9,11,24,7,26,25,18,34,29,15,12,13,16,5,17,10,8|1,1,1,-1,-1,-1,-1,-1,-1,-1,-1,-1,-1,-1,1,1,-1,1,-1,1,-1,-1,1,1,1,1,1,1,1,1,1,1,1,1,1,1,1,-1,-1|./seeds/seed_002.txt
14,19,4,27,21,28,20,33,30,23,32,22,31,36,6,35,9,37,7,38,11,26,24,25,3,18,2,0,29,1,34,15,13,12,16,10,17,5,8|1,1,1,-1,-1,-1,-1,-1,-1,-1,-1,-1,-1,-1,1,-1,1,-1,1,-1,1,1,1,1,1,1,-1,1,1,1,1,1,1,1,1,-1,1,1,-1|./seeds/seed_006.txt
5,6,4,3,2,7,8,9,10,14,19,16,1,12,11,0,18,17,15,13,24,25,29,26,34,22,38,36,37,35,28,30,20,23,21,31,27,32,33|1,1,1,1,1,1,1,1,1,1,1,1,1,1,1,1,1,1,1,1,1,1,1,1,1,1,1,1,1,1,1,1,1,1,1,1,1,1,-1|./seeds/seed_007.txt
5,6,4,3,2,8,7,9,10,19,14,1,0,16,12,11,17,18,15,13,24,25,34,29,26,38,22,37,36,35,28,20,30,23,21,31,33,27,32|1,1,1,1,1,1,1,1,1,1,1,1,1,1,1,1,1,1,1,1,1,1,1,1,1,1,1,1,1,1,1,1,1,1,1,1,-1,1,1|./seeds/seed_004.txt
6,12,18,5,15,17,11,13,16,14,25,19,26,34,24,29,38,7,3,4,20,35,30,22,36,28,8,23,32,37,31,33,27,21,9,10,2,0,1|-1,-1,-1,-1,-1,-1,-1,-1,-1,-1,-1,-1,-1,-1,-1,-1,-1,-1,-1,-1,-1,-1,-1,-1,-1,-1,-1,-1,-1,-1,-1,-1,-1,-1,-1,-1,-1,-1,-1|./seeds/seed_000.txt
6,5,11,19,13,15,14,17,18,12,16,4,7,25,29,26,9,34,24,3,8,38,20,35,1,0,30,23,28,31,37,32,36,22,10,21,27,33,2|-1,-1,-1,-1,-1,-1,-1,-1,-1,-1,-1,-1,-1,-1,-1,-1,-1,-1,-1,-1,-1,-1,-1,-1,1,1,-1,-1,-1,-1,-1,-1,-1,-1,-1,-1,-1,-1,-1|./seeds/seed_001.txt
14,19,4,21,28,27,30,36,23,20,33,32,6,22,31,9,37,35,7,38,24,25,26,34,29,1,3,2,0,11,5,10,18,15,13,12,8,16,17|1,1,1,-1,-1,-1,-1,-1,-1,-1,-1,-1,1,-1,-1,1,-1,-1,1,-1,1,1,1,1,1,1,1,-1,1,1,1,-1,1,1,1,1,1,1,-1|./seeds/seed_000.txt
14,19,4,6,20,27,21,23,30,28,1,33,0,32,31,36,22,3,2,24,9,37,7,35,11,26,25,38,18,34,29,15,12,13,16,17,5,10,8|1,1,1,1,-1,-1,-1,-1,-1,-1,1,-1,1,-1,-1,-1,-1,1,-1,1,1,-1,1,-1,1,1,1,-1,1,1,1,1,1,1,1,1,1,-1,-1|./seeds/seed_003.txt
1,0,2,5,4,32,21,35,28,27,38,6,20,31,23,36,22,33,30,3,37,9,25,26,8,29,24,34,7,10,17,15,13,14,16,12,11,19,18|-1,-1,-1,-1,-1,1,1,1,1,1,1,-1,1,1,1,1,1,1,1,-1,1,-1,1,1,-1,1,1,1,-1,-1,1,1,1,-1,1,1,1,-1,1|./seeds/seed_003.txt
1,0,2,5,4,32,21,35,28,27,38,31,22,23,6,20,36,33,30,37,3,9,25,26,29,8,24,34,7,10,17,15,13,14,16,12,19,18,11|-1,-1,-1,-1,-1,1,1,1,1,1,1,1,1,1,-1,1,1,1,1,1,-1,-1,1,1,1,-1,1,1,-1,-1,1,1,1,-1,1,1,-1,1,1|./seeds/seed_002.txt
15,1,0,17,11,18,12,14,19,16,25,13,24,29,34,4,3,26,36,28,38,31,37,21,23,35,22,32,20,30,27,33,2,5,6,7,8,10,9|1,1,1,1,1,1,1,1,1,1,1,1,1,1,1,1,1,1,1,1,1,1,1,1,1,1,1,1,1,1,1,1,-1,1,1,1,-1,1,-1|./seeds/seed_002.txt
15,17,11,18,12,16,1,19,0,14,25,13,24,29,34,36,26,38,3,28,4,31,21,37,20,35,22,32,23,30,27,33,5,6,2,7,9,10,8|1,1,1,1,1,1,1,1,1,1,1,1,1,1,1,1,1,1,1,1,1,1,1,1,1,1,1,1,1,1,1,1,1,1,-1,1,-1,1,-1|./seeds/seed_004.txt
0,1,19,14,9,7,11,8,18,15,16,10,13,12,17,6,2,28,27,4,33,31,23,21,30,20,36,22,24,25,37,32,29,35,34,26,38,3,5|-1,-1,1,1,1,1,1,1,1,1,1,1,1,1,1,1,-1,-1,-1,1,-1,-1,-1,-1,-1,-1,-1,-1,1,1,-1,-1,1,-1,1,1,-1,1,1|./seeds/seed_004.txt
19,14,0,1,7,9,11,18,15,16,13,12,17,8,10,2,25,24,6,34,28,29,26,27,23,21,30,31,4,33,22,20,36,37,32,35,38,3,5|1,1,-1,-1,1,1,1,1,1,1,1,1,1,1,1,-1,1,1,1,1,-1,1,1,-1,-1,-1,-1,-1,1,-1,-1,-1,-1,-1,-1,-1,-1,1,-1|./seeds/seed_001.txt
21,38,31,33,35,32,20,27,36,37,30,28,22,5,23,4,2,25,26,6,9,24,34,29,3,0,1,8,17,15,13,7,16,12,18,10,11,14,19|-1,-1,-1,-1,-1,-1,-1,-1,-1,-1,-1,-1,-1,1,-1,1,1,-1,-1,1,1,-1,-1,-1,1,1,1,1,-1,-1,-1,1,-1,-1,-1,1,-1,1,1|./seeds/seed_006.txt
5,2,4,6,3,33,21,38,31,32,20,35,9,27,30,36,28,22,37,23,26,25,8,24,0,34,7,1,29,10,17,15,16,13,12,14,18,19,11|1,1,1,1,1,-1,-1,-1,-1,-1,-1,-1,1,-1,-1,-1,-1,-1,-1,-1,-1,-1,1,-1,1,-1,1,1,-1,1,-1,-1,-1,-1,-1,1,-1,1,-1|./seeds/seed_004.txt
25,18,15,17,11,12,16,24,38,34,26,13,29,36,31,23,28,35,37,20,27,14,22,21,33,0,32,19,30,1,3,4,7,6,2,10,8,5,9|1,1,1,1,1,1,1,1,1,1,1,1,1,1,1,1,1,1,1,1,1,1,1,1,1,1,1,1,1,1,1,1,1,1,1,1,1,1,1|./seeds/seed_005.txt
1,0,15,17,12,11,14,19,18,25,16,13,24,29,34,26,36,4,38,3,28,31,37,21,35,23,32,22,30,20,27,2,33,6,5,7,8,9,10|1,1,1,1,1,1,1,1,1,1,1,1,1,1,1,1,1,1,1,1,1,1,1,1,1,1,1,1,1,1,1,-1,1,1,1,1,-1,-1,1|./seeds/seed_003.txt
6,14,19,4,5,9,7,1,11,0,21,15,30,22,18,27,17,28,23,31,12,3,33,36,20,16,29,37,8,32,13,26,24,34,25,38,35,10,2|1,1,1,1,1,1,1,-1,1,-1,-1,1,-1,-1,1,-1,1,-1,-1,-1,1,1,-1,-1,-1,1,1,-1,1,-1,1,1,1,1,1,-1,-1,1,-1|./seeds/seed_001.txt
6,4,5,14,19,9,7,0,1,11,3,21,30,8,22,31,27,28,15,18,23,20,33,36,17,12,29,37,32,16,13,38,26,35,24,25,34,10,2|1,1,1,1,1,1,1,-1,-1,1,1,-1,-1,1,-1,-1,-1,-1,1,1,-1,-1,-1,-1,1,1,1,-1,-1,1,1,-1,1,-1,1,1,1,1,-1|./seeds/seed_007.txt
4,6,9,5,28,30,21,7,27,31,23,20,33,32,22,36,37,35,38,19,14,3,8,2,1,10,0,17,25,15,13,12,29,24,26,11,34,18,16|1,1,1,1,-1,-1,-1,1,-1,-1,-1,-1,-1,-1,-1,-1,-1,-1,-1,1,1,1,1,1,1,1,1,-1,-1,-1,-1,-1,-1,-1,-1,1,-1,1,1|./seeds/seed_005.txt
4,6,5,2,9,3,7,8,21,30,31,28,27,32,33,36,22,23,20,37,35,38,19,1,14,10,0,15,17,25,11,13,18,16,26,24,29,34,12|1,1,1,1,1,1,1,1,-1,-1,-1,-1,-1,-1,-1,-1,-1,-1,-1,-1,-1,-1,1,1,1,1,1,-1,-1,-1,1,-1,1,1,1,-1,-1,-1,-1|./seeds/seed_002.txt
1,0,2,32,21,35,28,27,38,31,22,20,33,36,23,5,4,30,37,25,6,3,26,9,29,24,34,8,17,7,15,13,16,10,12,18,11,14,19|-1,-1,-1,1,1,1,1,1,1,1,1,1,1,1,1,-1,-1,1,1,1,-1,-1,1,-1,1,1,1,-1,1,-1,1,1,1,-1,1,1,1,-1,-1|./seeds/seed_004.txt
1,0,2,35,32,21,28,27,38,31,36,22,23,30,20,33,37,5,4,25,26,3,29,24,6,34,9,17,15,13,8,12,16,7,18,11,10,14,19|-1,-1,-1,1,1,1,1,1,1,1,1,1,1,1,1,1,1,-1,-1,1,1,-1,1,1,-1,1,-1,1,1,1,-1,1,1,-1,1,1,-1,-1,1|./seeds/seed_007.txt
14,19,9,7,6,28,27,21,23,20,0,33,31,1,30,4,37,22,32,36,35,38,8,11,10,18,12,16,34,15,29,24,25,13,5,26,3,2,17|1,1,1,1,1,-1,-1,-1,-1,-1,-1,-1,-1,-1,-1,1,-1,-1,-1,-1,-1,-1,1,1,1,1,1,1,1,1,1,1,1,1,1,1,1,-1,1|./seeds/seed_005.txt
0,1,19,14,7,9,11,18,15,16,13,12,17,8,10,6,2,24,25,28,4,29,34,27,26,23,33,31,21,30,20,22,36,37,3,35,32,38,5|-1,-1,1,1,1,1,1,1,1,1,1,1,1,1,1,1,-1,1,1,-1,1,1,1,-1,1,-1,-1,-1,-1,-1,-1,-1,-1,-1,1,-1,-1,-1,1|./seeds/seed_007.txt
5,6,4,3,2,7,8,9,10,14,19,16,1,12,11,0,18,17,15,13,24,25,29,26,34,22,38,36,37,35,28,30,20,23,21,31,27,32,33|1,1,1,1,1,1,1,1,1,1,1,1,1,1,1,1,1,1,1,1,1,1,1,1,1,1,1,1,1,1,1,1,1,1,1,1,1,1,-1|./seeds/seed_007.txt
5,6,4,2,3,7,8,9,10,1,0,14,19,12,11,16,18,15,17,24,13,25,34,29,26,38,36,35,37,22,28,30,20,21,27,23,31,32,33|1,1,1,1,1,1,1,1,1,1,1,1,1,1,1,1,1,1,1,1,1,1,1,1,1,1,1,1,1,1,1,1,1,1,1,1,1,1,1|./seeds/seed_006.txt
15,1,0,17,11,18,12,14,19,16,25,13,24,29,34,4,3,26,36,28,38,31,37,21,23,35,22,32,20,30,27,33,2,5,6,7,8,10,9|1,1,1,1,1,1,1,1,1,1,1,1,1,1,1,1,1,1,1,1,1,1,1,1,1,1,1,1,1,1,1,1,-1,1,1,1,-1,1,-1|./seeds/seed_002.txt
1,0,15,17,12,11,14,19,18,25,16,13,24,29,34,26,36,4,38,3,28,31,37,21,35,23,32,22,30,20,27,2,33,6,5,7,8,9,10|1,1,1,1,1,1,1,1,1,1,1,1,1,1,1,1,1,1,1,1,1,1,1,1,1,1,1,1,1,1,1,-1,1,1,1,1,-1,-1,1|./seeds/seed_003.txt
1,0,15,17,12,11,14,19,18,25,16,13,24,29,34,26,36,4,38,3,28,31,37,21,35,23,32,22,30,20,27,2,33,6,5,7,8,9,10|1,1,1,1,1,1,1,1,1,1,1,1,1,1,1,1,1,1,1,1,1,1,1,1,1,1,1,1,1,1,1,-1,1,1,1,1,-1,-1,1|./seeds/seed_003.txt
18,15,17,12,16,25,11,13,19,14,24,34,29,28,26,36,31,38,23,35,37,21,22,20,30,27,32,33,3,1,0,4,7,6,10,8,5,2,9|1,1,1,1,1,1,1,1,1,1,1,1,1,1,1,1,1,1,1,1,1,1,1,1,1,1,1,1,1,1,1,1,1,1,1,1,1,1,1|./seeds/seed_006.txt
6,5,11,15,17,18,14,16,19,12,13,4,7,29,24,25,26,34,3,9,8,35,38,1,20,23,36,30,28,0,37,10,32,33,21,31,27,22,2|1,1,1,1,1,1,1,1,1,1,1,1,1,1,1,1,1,1,1,1,1,1,1,-1,1,1,1,1,1,-1,1,1,1,1,1,1,1,1,1|./seeds/seed_001.txt
6,5,19,4,16,17,11,14,15,18,13,12,7,3,0,1,9,24,29,26,34,25,8,38,20,23,10,36,35,37,32,33,31,28,30,21,27,22,2|1,1,1,1,1,1,1,1,1,1,1,1,1,1,-1,-1,1,1,1,1,1,1,1,1,1,1,1,1,1,1,1,1,1,1,1,1,1,1,-1|./seeds/seed_003.txt
6,5,4,2,3,7,9,8,10,14,1,0,19,11,16,12,18,17,15,13,24,25,34,29,26,38,37,35,36,28,22,30,20,21,23,31,32,27,33|1,1,1,1,1,1,1,1,1,1,1,1,1,1,1,1,1,1,1,1,1,1,1,1,1,1,1,1,1,1,1,1,1,1,1,1,1,1,-1|./seeds/seed_001.txt
6,5,4,3,7,2,8,14,9,10,19,12,16,18,11,15,17,1,13,24,0,25,34,29,26,38,35,36,37,22,28,20,21,30,23,31,27,32,33|1,1,1,1,1,1,1,1,1,1,1,1,1,1,1,1,1,1,1,1,1,1,1,1,1,1,1,1,1,1,1,1,1,1,1,1,1,1,1|./seeds/seed_005.txt
0,1,2,32,31,21,23,27,33,36,20,38,35,28,5,4,22,30,37,25,6,3,26,9,24,29,34,8,17,15,13,16,7,12,10,18,11,14,19|1,1,1,-1,-1,-1,-1,-1,-1,-1,-1,-1,-1,-1,1,1,-1,-1,-1,-1,1,1,-1,1,-1,-1,-1,1,-1,-1,-1,-1,1,-1,1,-1,-1,1,-1|./seeds/seed_004.txt
0,1,2,5,4,32,6,31,21,23,27,33,28,38,36,35,3,20,30,22,37,9,25,26,24,29,34,8,7,10,17,15,13,16,12,14,18,11,19|1,1,1,1,1,-1,1,-1,-1,-1,-1,-1,-1,-1,-1,-1,1,-1,-1,-1,-1,1,-1,-1,-1,-1,-1,1,1,1,-1,-1,-1,-1,-1,1,-1,-1,1|./seeds/seed_003.txt
21,38,31,33,35,32,20,28,27,37,22,30,23,36,5,25,4,26,9,6,24,29,34,2,3,8,17,7,15,1,0,16,13,12,18,14,10,19,11|-1,-1,-1,-1,-1,-1,-1,-1,-1,-1,-1,-1,-1,-1,1,-1,1,-1,1,1,-1,-1,-1,1,1,1,-1,1,-1,1,1,-1,-1,-1,-1,1,1,1,-1|./seeds/seed_000.txt
2,5,4,21,38,33,35,31,3,32,20,36,30,27,6,37,22,28,23,26,9,25,0,34,24,29,1,8,7,10,17,15,13,16,12,18,11,14,19|1,1,1,-1,-1,-1,-1,-1,1,-1,-1,-1,-1,-1,1,-1,-1,-1,-1,-1,1,-1,1,-1,-1,-1,1,1,1,1,-1,-1,-1,-1,-1,-1,-1,1,1|./seeds/seed_007.txt
0,1,2,5,4,32,21,6,23,31,33,38,35,27,36,28,20,3,30,22,37,25,9,26,24,34,29,8,7,17,10,15,13,16,12,14,18,11,19|1,1,1,1,1,-1,-1,1,-1,-1,-1,-1,-1,-1,-1,-1,-1,1,-1,-1,-1,-1,1,-1,-1,-1,-1,1,1,-1,1,-1,-1,-1,-1,1,-1,-1,1|./seeds/seed_002.txt
31,21,36,38,35,32,27,20,33,23,28,30,37,5,0,22,1,4,25,2,26,6,24,34,9,29,3,17,13,8,15,12,16,18,7,11,10,19,14|-1,-1,-1,-1,-1,-1,-1,-1,-1,-1,-1,-1,-1,1,1,-1,1,1,-1,1,-1,1,-1,-1,1,-1,1,-1,-1,1,-1,-1,-1,-1,1,-1,1,-1,1|./seeds/seed_006.txt
1,0,2,32,35,21,28,4,5,31,38,27,20,30,23,33,36,37,22,25,3,26,6,29,24,34,9,8,17,15,13,12,16,7,10,18,11,14,19|-1,-1,-1,1,1,1,1,-1,-1,1,1,1,1,1,1,1,1,1,1,1,-1,1,-1,1,1,1,-1,-1,1,1,1,1,1,-1,-1,1,1,-1,1|./seeds/seed_001.txt
1,0,2,5,4,32,21,35,28,27,38,31,22,23,6,20,36,33,30,37,3,9,25,26,29,8,24,34,7,10,17,15,13,14,16,12,19,18,11|-1,-1,-1,-1,-1,1,1,1,1,1,1,1,1,1,-1,1,1,1,1,1,-1,-1,1,1,1,-1,1,1,-1,-1,1,1,1,-1,1,1,-1,1,1|./seeds/seed_002.txt
6,5,3,4,7,9,8,19,10,14,16,11,18,17,12,15,13,2,0,1,24,25,34,26,29,38,35,22,37,36,27,31,21,28,20,30,23,32,33|1,1,1,1,1,1,1,1,1,1,1,1,1,1,1,1,1,1,1,1,1,1,1,1,1,1,1,1,1,1,1,1,1,1,1,1,1,1,1|./seeds/seed_005.txt
6,5,3,4,7,9,8,10,19,14,16,11,2,0,18,17,12,1,15,13,24,25,26,34,29,38,35,22,37,36,31,28,21,27,20,30,23,32,33|1,1,1,1,1,1,1,1,1,1,1,1,1,1,1,1,1,1,1,1,1,1,1,1,1,1,1,1,1,1,1,1,1,1,1,1,1,1,1|./seeds/seed_000.txt
5,6,17,4,16,15,11,19,18,14,12,13,3,7,1,0,9,24,8,29,34,26,25,10,38,20,23,35,36,28,32,37,21,30,31,33,27,22,2|1,1,1,1,1,1,1,1,1,1,1,1,1,1,-1,-1,1,1,1,1,1,1,1,1,1,1,1,1,1,1,1,1,1,1,1,1,1,1,1|./seeds/seed_002.txt
5,6,17,11,15,4,16,18,19,14,12,13,3,7,9,29,34,24,25,26,1,8,0,38,10,35,23,20,36,32,28,30,21,31,33,37,22,27,2|1,1,1,1,1,1,1,1,1,1,1,1,1,1,1,1,1,1,1,1,-1,1,-1,1,1,1,1,1,1,1,1,1,1,1,1,1,1,1,1|./seeds/seed_004.txt
19,14,2,7,9,0,11,1,18,15,13,16,12,28,17,8,27,21,30,10,20,23,31,33,22,32,37,24,29,25,34,36,38,35,6,5,26,4,3|1,1,-1,1,1,-1,1,-1,1,1,1,1,1,-1,1,1,-1,-1,-1,1,-1,-1,-1,-1,-1,-1,-1,1,1,1,1,-1,-1,-1,1,-1,1,1,1|./seeds/seed_003.txt
19,14,2,7,9,0,11,1,18,15,13,16,12,28,27,30,8,20,21,17,31,23,10,33,22,37,32,36,38,35,24,29,34,25,6,26,5,4,3|1,1,-1,1,1,-1,1,-1,1,1,1,1,1,-1,-1,-1,1,-1,-1,1,-1,-1,1,-1,-1,-1,-1,-1,-1,-1,1,1,1,1,1,1,-1,1,1|./seeds/seed_004.txt
6,4,14,19,9,5,7,28,27,21,22,23,30,20,31,37,33,36,32,35,38,8,3,1,0,29,26,11,24,34,25,18,12,15,17,16,2,13,10|1,1,1,1,1,1,1,-1,-1,-1,-1,-1,-1,-1,-1,-1,-1,-1,-1,-1,-1,1,1,-1,-1,1,1,1,1,1,1,1,1,1,1,1,1,1,1|./seeds/seed_005.txt
6,4,5,14,19,9,7,0,1,3,8,21,11,28,27,31,30,22,20,33,15,23,36,32,18,17,12,37,16,29,38,13,35,26,24,25,34,10,2|1,1,1,1,1,1,1,-1,-1,1,1,-1,1,-1,-1,-1,-1,-1,-1,-1,1,-1,-1,-1,1,1,1,-1,1,1,-1,1,-1,1,1,1,1,1,-1|./seeds/seed_004.txt
35,28,21,32,27,31,20,38,37,36,33,30,23,22,25,26,4,5,29,24,34,9,0,1,6,2,3,15,8,17,13,7,12,18,16,19,14,11,10|1,1,1,1,1,1,1,1,1,1,1,1,1,1,1,1,-1,-1,1,1,1,-1,-1,-1,-1,-1,-1,1,-1,1,1,-1,1,1,1,-1,-1,1,-1|./seeds/seed_005.txt
1,0,2,5,4,32,21,35,28,27,38,31,22,23,6,20,36,33,30,37,3,9,25,26,29,8,24,34,7,10,17,15,13,14,16,12,19,18,11|-1,-1,-1,-1,-1,1,1,1,1,1,1,1,1,1,-1,1,1,1,1,1,-1,-1,1,1,1,-1,1,1,-1,-1,1,1,1,-1,1,1,-1,1,1|./seeds/seed_002.txt
14,19,4,6,20,27,21,23,30,28,1,33,0,32,31,36,22,3,2,24,9,37,7,35,11,26,25,38,18,34,29,15,12,13,16,17,5,10,8|1,1,1,1,-1,-1,-1,-1,-1,-1,1,-1,1,-1,-1,-1,-1,1,-1,1,1,-1,1,-1,1,1,1,-1,1,1,1,1,1,1,1,1,1,-1,-1|./seeds/seed_003.txt
14,19,4,27,28,30,20,23,33,21,32,31,36,22,6,1,37,35,9,2,0,38,7,11,3,24,26,25,34,18,29,12,15,13,16,17,10,5,8|1,1,1,-1,-1,-1,-1,-1,-1,-1,-1,-1,-1,-1,1,1,-1,-1,1,-1,1,-1,1,1,1,1,1,1,1,1,1,1,1,1,1,1,-1,1,-1|./seeds/seed_004.txt
0,1,2,5,4,6,3,9,7,8,10,14,19,11,18,12,16,34,15,13,25,23,17,26,32,24,29,28,33,21,20,22,35,31,30,27,36,37,38|1,1,1,1,1,1,1,1,1,1,1,1,1,1,1,1,1,1,1,1,1,-1,1,1,-1,1,1,-1,-1,-1,-1,-1,-1,-1,-1,-1,-1,-1,-1|./seeds/seed_003.txt
0,1,2,5,4,6,3,9,8,7,10,14,19,11,18,12,16,15,34,13,17,25,26,24,23,29,32,20,28,33,21,22,35,31,27,36,30,37,38|1,1,1,1,1,1,1,1,1,1,1,1,1,1,1,1,1,1,1,1,1,1,1,1,-1,1,-1,-1,-1,-1,-1,-1,-1,-1,-1,-1,-1,-1,-1|./seeds/seed_002.txt
5,4,6,2,3,8,7,9,10,19,14,0,1,12,11,18,17,13,15,16,24,29,26,34,25,38,28,20,35,30,22,32,37,27,23,21,33,36,31|-1,-1,-1,-1,-1,-1,-1,-1,-1,-1,-1,-1,-1,-1,-1,-1,-1,-1,-1,-1,-1,-1,-1,-1,-1,-1,-1,-1,-1,-1,-1,1,-1,-1,-1,1,-1,-1,-1|./seeds/seed_004.txt
6,5,4,3,2,7,8,9,14,10,19,18,12,11,15,17,16,13,1,0,24,25,29,26,34,38,35,28,20,37,30,27,21,36,23,22,33,31,32|-1,-1,-1,-1,-1,-1,-1,-1,-1,-1,-1,-1,-1,-1,-1,-1,-1,-1,-1,-1,-1,-1,-1,-1,-1,-1,-1,-1,-1,-1,-1,-1,-1,-1,-1,-1,-1,-1,-1|./seeds/seed_005.txt
0,1,2,12,14,25,5,11,29,6,16,34,26,19,24,18,4,13,15,17,38,22,31,35,20,36,28,32,21,30,33,37,27,23,10,3,8,7,9|-1,-1,-1,-1,-1,-1,-1,-1,-1,-1,-1,-1,-1,-1,-1,-1,-1,-1,-1,-1,-1,-1,-1,-1,-1,-1,-1,-1,-1,-1,-1,-1,-1,-1,1,-1,1,-1,1|./seeds/seed_007.txt
0,1,2,12,14,25,29,16,11,5,34,26,18,24,19,15,17,13,4,38,6,22,31,35,20,36,21,32,28,33,37,30,27,10,8,23,3,9,7|-1,-1,-1,-1,-1,-1,-1,-1,-1,-1,-1,-1,-1,-1,-1,-1,-1,-1,-1,-1,-1,-1,-1,-1,-1,-1,-1,-1,-1,-1,-1,-1,-1,1,1,-1,-1,1,1|./seeds/seed_004.txt
6,5,4,3,2,7,8,9,14,10,19,18,12,11,15,17,16,13,1,0,24,25,29,26,34,38,35,28,20,37,30,27,21,36,23,22,33,31,32|-1,-1,-1,-1,-1,-1,-1,-1,-1,-1,-1,-1,-1,-1,-1,-1,-1,-1,-1,-1,-1,-1,-1,-1,-1,-1,-1,-1,-1,-1,-1,-1,-1,-1,-1,-1,-1,-1,-1|./seeds/seed_005.txt
5,2,4,6,3,8,7,9,10,0,1,19,14,12,11,13,18,17,15,16,24,26,29,25,34,32,21,31,36,38,33,23,37,28,27,30,35,22,20|-1,-1,-1,-1,-1,-1,-1,-1,-1,-1,-1,-1,-1,-1,-1,-1,-1,-1,-1,-1,-1,-1,-1,-1,-1,1,1,1,1,-1,1,1,1,-1,1,1,1,1,1|./seeds/seed_003.txt
18,15,17,12,16,25,11,13,19,14,24,34,29,28,26,36,31,38,23,35,37,21,22,20,30,27,32,33,3,1,0,4,7,6,10,8,5,2,9|1,1,1,1,1,1,1,1,1,1,1,1,1,1,1,1,1,1,1,1,1,1,1,1,1,1,1,1,1,1,1,1,1,1,1,1,1,1,1|./seeds/seed_006.txt
15,1,0,17,11,18,12,14,19,16,25,13,24,29,34,4,3,26,36,28,38,31,37,21,23,35,22,32,20,30,27,33,2,5,6,7,8,10,9|1,1,1,1,1,1,1,1,1,1,1,1,1,1,1,1,1,1,1,1,1,1,1,1,1,1,1,1,1,1,1,1,-1,1,1,1,-1,1,-1|./seeds/seed_002.txt
1,0,4,2,6,5,3,9,32,23,33,28,21,30,31,27,36,35,22,38,20,37,7,8,10,14,19,17,15,13,16,25,12,29,18,26,34,11,24|1,1,1,1,1,1,1,1,-1,-1,-1,-1,-1,-1,-1,-1,-1,-1,-1,-1,-1,-1,1,1,1,1,1,-1,-1,-1,-1,-1,-1,-1,-1,-1,-1,-1,-1|./seeds/seed_001.txt
1,0,4,2,6,5,9,3,32,23,33,31,21,30,27,28,36,22,38,20,7,35,37,8,14,10,19,17,13,15,16,29,25,12,18,26,24,34,11|1,1,1,1,1,1,1,1,-1,-1,-1,-1,-1,-1,-1,-1,-1,-1,-1,-1,1,-1,-1,1,1,1,1,-1,-1,-1,-1,-1,-1,-1,-1,-1,-1,-1,-1|./seeds/seed_004.txt
7,9,8,10,6,14,19,1,11,16,15,0,18,17,13,12,5,4,3,25,29,24,26,34,38,35,20,32,36,30,37,23,28,27,33,21,31,22,2|1,1,1,1,1,1,1,-1,1,1,1,-1,1,1,1,1,1,1,1,1,1,1,1,1,1,1,1,1,1,1,1,1,1,1,1,1,1,1,-1|./seeds/seed_007.txt
7,9,8,1,10,0,6,19,14,16,11,15,13,17,18,5,12,4,3,25,29,24,26,34,38,35,20,2,32,36,37,23,30,27,33,28,22,31,21|1,1,1,-1,1,-1,1,1,1,1,1,1,1,1,1,1,1,1,1,1,1,1,1,1,1,1,1,-1,1,1,1,1,1,1,1,1,1,1,1|./seeds/seed_003.txt
19,14,7,2,9,11,0,18,1,15,16,13,12,17,8,10,27,28,30,29,23,31,25,24,20,21,34,33,22,37,32,36,26,38,5,6,35,4,3|1,1,1,-1,1,1,-1,1,-1,1,1,1,1,1,1,1,-1,-1,-1,1,-1,-1,1,1,-1,-1,1,-1,-1,-1,-1,-1,1,-1,-1,1,-1,1,1|./seeds/seed_007.txt
19,14,9,7,27,28,20,21,23,31,30,37,33,6,22,32,36,35,4,38,2,8,0,11,1,18,10,29,34,25,12,13,24,16,15,26,17,3,5|1,1,1,1,-1,-1,-1,-1,-1,-1,-1,-1,-1,1,-1,-1,-1,-1,1,-1,-1,1,-1,1,-1,1,1,1,1,1,1,1,1,1,1,1,1,1,1|./seeds/seed_005.txt
1,0,4,2,6,5,9,3,32,23,33,31,21,30,27,28,36,22,38,20,7,35,37,8,14,10,19,17,13,15,16,29,25,12,18,26,24,34,11|1,1,1,1,1,1,1,1,-1,-1,-1,-1,-1,-1,-1,-1,-1,-1,-1,-1,1,-1,-1,1,1,1,1,-1,-1,-1,-1,-1,-1,-1,-1,-1,-1,-1,-1|./seeds/seed_004.txt
4,6,5,1,0,9,2,32,27,23,21,33,30,31,28,36,35,38,22,3,20,37,7,8,19,14,10,17,25,13,15,29,12,26,34,24,18,16,11|1,1,1,1,1,1,1,-1,-1,-1,-1,-1,-1,-1,-1,-1,-1,-1,-1,1,-1,-1,1,1,1,1,1,-1,-1,-1,-1,-1,-1,-1,-1,-1,-1,-1,-1|./seeds/seed_006.txt
2,5,4,31,38,21,33,35,32,30,27,37,36,3,20,22,28,23,6,26,0,25,1,9,24,29,34,8,7,17,10,15,13,16,12,18,11,14,19|1,1,1,-1,-1,-1,-1,-1,-1,-1,-1,-1,-1,1,-1,-1,-1,-1,1,-1,1,-1,1,1,-1,-1,-1,1,1,-1,1,-1,-1,-1,-1,-1,-1,1,1|./seeds/seed_001.txt
5,2,4,6,3,33,21,38,31,32,20,35,9,27,30,36,28,22,37,23,26,25,8,24,0,34,7,1,29,10,17,15,16,13,12,14,18,19,11|1,1,1,1,1,-1,-1,-1,-1,-1,-1,-1,1,-1,-1,-1,-1,-1,-1,-1,-1,-1,1,-1,1,-1,1,1,-1,1,-1,-1,-1,-1,-1,1,-1,1,-1|./seeds/seed_004.txt
6,5,4,2,3,7,9,8,10,14,1,0,19,11,16,12,18,17,15,13,24,25,34,29,26,38,37,35,36,28,22,30,20,21,23,31,32,27,33|1,1,1,1,1,1,1,1,1,1,1,1,1,1,1,1,1,1,1,1,1,1,1,1,1,1,1,1,1,1,1,1,1,1,1,1,1,1,-1|./seeds/seed_001.txt
6,5,4,3,7,2,8,14,9,10,19,12,16,18,11,15,17,1,13,24,0,25,34,29,26,38,35,36,37,22,28,20,21,30,23,31,27,32,33|1,1,1,1,1,1,1,1,1,1,1,1,1,1,1,1,1,1,1,1,1,1,1,1,1,1,1,1,1,1,1,1,1,1,1,1,1,1,1|./seeds/seed_005.txt
7,9,8,10,14,19,11,6,15,16,17,18,13,12,1,0,5,25,29,4,24,26,3,34,38,35,20,32,37,36,30,28,23,27,33,21,31,22,2|1,1,1,1,1,1,1,1,1,1,1,1,1,1,-1,-1,1,1,1,1,1,1,1,1,1,1,1,1,1,1,1,1,1,1,1,1,1,1,1|./seeds/seed_001.txt
7,9,8,10,6,1,14,19,0,11,16,15,18,5,17,13,12,4,3,25,29,24,34,26,38,35,32,20,37,30,36,23,28,27,33,21,22,31,2|1,1,1,1,1,-1,1,1,-1,1,1,1,1,1,1,1,1,1,1,1,1,1,1,1,1,1,1,1,1,1,1,1,1,1,1,1,1,1,-1|./seeds/seed_004.txt
6,4,14,19,9,5,7,28,21,27,22,30,23,20,31,37,33,36,32,35,38,8,3,1,29,0,26,24,34,25,11,18,12,15,17,16,2,13,10|1,1,1,1,1,1,1,-1,-1,-1,-1,-1,-1,-1,-1,-1,-1,-1,-1,-1,-1,1,1,-1,1,-1,1,1,1,1,1,1,1,1,1,1,1,1,1|./seeds/seed_000.txt
6,4,5,14,19,9,7,0,1,11,3,21,30,8,22,31,27,28,15,18,23,20,33,36,17,12,29,37,32,16,13,38,26,35,24,25,34,10,2|1,1,1,1,1,1,1,-1,-1,1,1,-1,-1,1,-1,-1,-1,-1,1,1,-1,-1,-1,-1,1,1,1,-1,-1,1,1,-1,1,-1,1,1,1,1,-1|./seeds/seed_007.txt
5,6,4,3,2,9,8,7,10,1,0,19,14,16,11,12,17,18,15,13,24,34,25,26,29,33,32,21,27,31,38,30,22,23,37,20,36,28,35|1,1,1,1,1,1,1,1,1,1,1,1,1,1,1,1,1,1,1,1,1,1,1,1,1,-1,-1,-1,-1,-1,1,-1,1,-1,1,-1,1,-1,1|./seeds/seed_003.txt
6,5,4,2,3,7,9,8,10,14,1,0,19,11,16,12,18,17,15,13,24,25,34,29,26,38,37,35,36,28,22,30,20,21,23,31,32,27,33|1,1,1,1,1,1,1,1,1,1,1,1,1,1,1,1,1,1,1,1,1,1,1,1,1,1,1,1,1,1,1,1,1,1,1,1,1,1,-1|./seeds/seed_001.txt
14,19,0,1,7,9,11,18,15,16,12,28,13,23,17,2,21,27,6,33,20,30,8,31,22,37,10,36,34,32,4,24,35,25,29,26,38,5,3|1,1,-1,-1,1,1,1,1,1,1,1,-1,1,-1,1,-1,-1,-1,1,-1,-1,-1,1,-1,-1,-1,1,-1,1,-1,1,1,-1,1,1,1,-1,-1,1|./seeds/seed_006.txt
0,1,19,14,9,7,11,8,10,16,18,15,13,12,2,17,6,28,27,33,23,31,21,30,36,20,22,4,32,37,35,38,24,34,29,25,26,3,5|-1,-1,1,1,1,1,1,1,1,1,1,1,1,1,-1,1,1,-1,-1,-1,-1,-1,-1,-1,-1,-1,-1,1,-1,-1,-1,-1,1,1,1,1,1,1,1|./seeds/seed_002.txt
4,6,9,5,23,32,28,21,27,33,31,30,35,36,22,20,38,37,7,1,0,3,2,19,14,8,10,17,25,15,13,26,29,18,24,12,16,34,11|1,1,1,1,-1,-1,-1,-1,-1,-1,-1,-1,-1,-1,-1,-1,-1,-1,1,1,1,1,1,1,1,1,1,-1,-1,-1,-1,-1,-1,-1,-1,-1,-1,-1,-1|./seeds/seed_000.txt
1,0,4,2,6,5,3,9,32,23,33,28,21,30,31,27,36,35,22,38,20,37,7,8,10,14,19,17,15,13,16,25,12,29,18,26,34,11,24|1,1,1,1,1,1,1,1,-1,-1,-1,-1,-1,-1,-1,-1,-1,-1,-1,-1,-1,-1,1,1,1,1,1,-1,-1,-1,-1,-1,-1,-1,-1,-1,-1,-1,-1|./seeds/seed_001.txt
6,4,5,14,19,9,7,0,1,3,8,21,11,28,27,31,30,22,20,33,15,23,36,32,18,17,12,37,16,29,38,13,35,26,24,25,34,10,2|1,1,1,1,1,1,1,-1,-1,1,1,-1,1,-1,-1,-1,-1,-1,-1,-1,1,-1,-1,-1,1,1,1,-1,1,1,-1,1,-1,1,1,1,1,1,-1|./seeds/seed_004.txt
6,4,14,19,9,5,7,28,21,27,22,30,23,20,31,37,33,36,32,35,38,8,3,1,29,0,26,24,34,25,11,18,12,15,17,16,2,13,10|1,1,1,1,1,1,1,-1,-1,-1,-1,-1,-1,-1,-1,-1,-1,-1,-1,-1,-1,1,1,-1,1,-1,1,1,1,1,1,1,1,1,1,1,1,1,1|./seeds/seed_000.txt
0,1,19,14,7,9,11,18,15,16,13,12,17,8,10,6,2,24,25,28,4,29,34,27,26,23,33,31,21,30,20,22,36,37,3,35,32,38,5|-1,-1,1,1,1,1,1,1,1,1,1,1,1,1,1,1,-1,1,1,-1,1,1,1,-1,1,-1,-1,-1,-1,-1,-1,-1,-1,-1,1,-1,-1,-1,1|./seeds/seed_007.txt
0,1,19,14,7,9,11,2,8,13,18,15,16,10,17,12,6,28,21,27,31,30,23,33,20,4,36,22,37,32,24,35,25,34,29,38,26,3,5|-1,-1,1,1,1,1,1,-1,1,1,1,1,1,1,1,1,1,-1,-1,-1,-1,-1,-1,-1,-1,1,-1,-1,-1,-1,1,-1,1,1,1,-1,1,1,1|./seeds/seed_003.txt
31,38,21,36,28,27,23,35,33,20,32,37,30,22,25,26,5,4,24,29,9,34,6,1,0,2,3,17,15,8,12,13,16,7,18,14,11,19,10|-1,-1,-1,-1,-1,-1,-1,-1,-1,-1,-1,-1,-1,-1,-1,-1,1,1,-1,-1,1,-1,1,1,1,1,1,-1,-1,1,-1,-1,-1,1,-1,1,-1,1,1|./seeds/seed_005.txt
0,1,2,31,32,21,5,35,36,33,38,20,23,28,4,27,30,37,22,25,3,26,6,29,24,34,9,17,13,8,15,16,12,18,10,11,7,19,14|1,1,1,-1,-1,-1,1,-1,-1,-1,-1,-1,-1,-1,1,-1,-1,-1,-1,-1,1,-1,1,-1,-1,-1,1,-1,-1,1,-1,-1,-1,-1,1,-1,1,-1,-1|./seeds/seed_001.txt
4,6,5,9,2,28,21,30,27,7,32,23,31,22,36,33,20,3,37,35,38,1,8,0,14,19,10,17,25,15,13,12,24,29,34,26,16,18,11|1,1,1,1,1,-1,-1,-1,-1,1,-1,-1,-1,-1,-1,-1,-1,1,-1,-1,-1,1,1,1,1,1,1,-1,-1,-1,-1,-1,-1,-1,-1,-1,-1,-1,-1|./seeds/seed_006.txt
4,6,5,2,9,3,7,8,21,30,31,28,27,32,33,36,22,23,20,37,35,38,19,1,14,10,0,15,17,25,11,13,18,16,26,24,29,34,12|1,1,1,1,1,1,1,1,-1,-1,-1,-1,-1,-1,-1,-1,-1,-1,-1,-1,-1,-1,1,1,1,1,1,-1,-1,-1,1,-1,1,1,1,-1,-1,-1,-1|./seeds/seed_002.txt
6,14,19,4,5,9,7,1,11,0,21,15,30,22,18,27,17,28,23,31,12,3,33,36,20,16,29,37,8,32,13,26,24,34,25,38,35,10,2|1,1,1,1,1,1,1,-1,1,-1,-1,1,-1,-1,1,-1,1,-1,-1,-1,1,1,-1,-1,-1,1,1,-1,1,-1,1,1,1,1,1,-1,-1,1,-1|./seeds/seed_001.txt
6,14,4,19,5,9,7,21,28,27,30,22,23,33,20,31,36,37,32,35,38,1,0,11,3,29,8,18,15,17,12,26,24,16,34,13,25,2,10|1,1,1,1,1,1,1,-1,-1,-1,-1,-1,-1,-1,-1,-1,-1,-1,-1,-1,-1,-1,-1,1,1,1,1,1,1,1,1,1,1,1,1,1,1,-1,1|./seeds/seed_006.txt
0,1,2,5,4,6,3,9,8,7,10,14,19,11,18,12,16,15,34,13,17,25,26,24,23,29,32,20,28,33,21,22,35,31,27,36,30,37,38|1,1,1,1,1,1,1,1,1,1,1,1,1,1,1,1,1,1,1,1,1,1,1,1,-1,1,-1,-1,-1,-1,-1,-1,-1,-1,-1,-1,-1,-1,-1|./seeds/seed_002.txt
5,6,4,3,2,0,7,8,1,19,9,14,10,11,18,16,12,15,17,13,25,34,26,24,29,38,27,37,36,35,30,28,21,22,20,31,32,33,23|1,1,1,1,1,1,1,1,1,1,1,1,1,1,1,1,1,1,1,1,1,1,1,1,1,1,1,1,1,1,1,1,1,1,1,1,1,1,1|./seeds/seed_005.txt
0,1,19,9,14,11,8,16,18,13,28,15,7,33,10,22,30,35,27,37,12,31,36,21,23,38,17,32,20,26,25,2,24,34,29,3,6,4,5|-1,-1,1,1,1,1,1,1,1,1,-1,1,1,-1,1,-1,-1,-1,-1,-1,1,-1,-1,-1,-1,-1,1,-1,-1,-1,-1,-1,-1,-1,-1,1,1,1,1|./seeds/seed_001.txt
0,1,9,19,8,14,7,11,10,16,18,28,13,15,33,35,22,31,12,30,27,37,36,38,21,17,23,20,32,26,2,25,3,24,6,34,29,5,4|-1,-1,1,1,1,1,1,1,1,1,1,-1,1,1,-1,-1,-1,-1,1,-1,-1,-1,-1,-1,-1,1,-1,-1,-1,-1,-1,-1,1,-1,1,-1,-1,1,1|./seeds/seed_007.txt
2,5,6,4,3,7,8,9,10,1,0,14,19,12,18,11,15,17,13,16,24,26,29,34,25,38,35,28,20,30,22,27,37,36,23,33,21,31,32|-1,-1,-1,-1,-1,-1,-1,-1,-1,-1,-1,-1,-1,-1,-1,-1,-1,-1,-1,-1,-1,-1,-1,-1,-1,-1,-1,-1,-1,-1,-1,-1,-1,-1,-1,-1,-1,-1,-1|./seeds/seed_006.txt
6,5,2,4,3,7,8,9,10,14,19,12,18,11,15,1,0,17,13,16,24,25,26,29,34,38,35,28,37,20,30,27,36,22,23,21,33,31,32|-1,-1,-1,-1,-1,-1,-1,-1,-1,-1,-1,-1,-1,-1,-1,-1,-1,-1,-1,-1,-1,-1,-1,-1,-1,-1,-1,-1,-1,-1,-1,-1,-1,-1,-1,-1,-1,-1,-1|./seeds/seed_000.txt
0,1,19,14,7,9,11,18,15,16,13,12,17,8,10,6,2,24,25,28,4,29,34,27,26,23,33,31,21,30,20,22,36,37,3,35,32,38,5|-1,-1,1,1,1,1,1,1,1,1,1,1,1,1,1,1,-1,1,1,-1,1,1,1,-1,1,-1,-1,-1,-1,-1,-1,-1,-1,-1,1,-1,-1,-1,1|./seeds/seed_007.txt
14,19,9,7,6,28,27,21,23,20,0,33,31,1,30,4,37,22,32,36,35,38,8,11,10,18,12,16,34,15,29,24,25,13,5,26,3,2,17|1,1,1,1,1,-1,-1,-1,-1,-1,-1,-1,-1,-1,-1,1,-1,-1,-1,-1,-1,-1,1,1,1,1,1,1,1,1,1,1,1,1,1,1,1,-1,1|./seeds/seed_005.txt
6,5,2,4,3,7,8,9,10,14,19,12,18,11,15,1,0,17,13,16,24,25,26,29,34,38,35,28,37,20,30,27,36,22,23,21,33,31,32|-1,-1,-1,-1,-1,-1,-1,-1,-1,-1,-1,-1,-1,-1,-1,-1,-1,-1,-1,-1,-1,-1,-1,-1,-1,-1,-1,-1,-1,-1,-1,-1,-1,-1,-1,-1,-1,-1,-1|./seeds/seed_000.txt
6,5,4,3,2,7,8,9,14,10,19,18,12,11,15,17,16,13,1,0,24,25,29,26,34,38,35,28,20,37,30,27,21,36,23,22,33,31,32|-1,-1,-1,-1,-1,-1,-1,-1,-1,-1,-1,-1,-1,-1,-1,-1,-1,-1,-1,-1,-1,-1,-1,-1,-1,-1,-1,-1,-1,-1,-1,-1,-1,-1,-1,-1,-1,-1,-1|./seeds/seed_005.txt
0,1,19,14,7,9,11,2,8,13,18,15,16,10,17,12,6,28,21,27,31,30,23,33,20,4,36,22,37,32,24,35,25,34,29,38,26,3,5|-1,-1,1,1,1,1,1,-1,1,1,1,1,1,1,1,1,1,-1,-1,-1,-1,-1,-1,-1,-1,1,-1,-1,-1,-1,1,-1,1,1,1,-1,1,1,1|./seeds/seed_003.txt
0,1,19,14,9,7,11,8,18,15,16,10,13,12,17,6,2,28,27,4,33,31,23,21,30,20,36,22,24,25,37,32,29,35,34,26,38,3,5|-1,-1,1,1,1,1,1,1,1,1,1,1,1,1,1,1,-1,-1,-1,1,-1,-1,-1,-1,-1,-1,-1,-1,1,1,-1,-1,1,-1,1,1,-1,1,1|./seeds/seed_004.txt
0,1,2,14,12,25,16,26,29,34,5,24,11,18,19,4,17,15,13,38,6,31,22,20,35,36,21,10,8,28,32,37,33,30,27,23,9,3,7|-1,-1,-1,-1,-1,-1,-1,-1,-1,-1,-1,-1,-1,-1,-1,-1,-1,-1,-1,-1,-1,-1,-1,-1,-1,-1,-1,1,1,-1,-1,-1,-1,-1,-1,-1,1,-1,1|./seeds/seed_002.txt
0,1,2,25,14,12,26,16,29,34,24,5,11,4,18,19,13,38,15,17,6,31,22,10,20,35,8,36,21,28,32,30,37,33,27,9,23,7,3|-1,-1,-1,-1,-1,-1,-1,-1,-1,-1,-1,-1,-1,-1,-1,-1,-1,-1,-1,-1,-1,-1,-1,1,-1,-1,1,-1,-1,-1,-1,-1,-1,-1,-1,1,-1,1,-1|./seeds/seed_003.txt
14,19,9,7,6,28,27,21,23,20,0,33,31,1,30,4,37,22,32,36,35,38,8,11,10,18,12,16,34,15,29,24,25,13,5,26,3,2,17|1,1,1,1,1,-1,-1,-1,-1,-1,-1,-1,-1,-1,-1,1,-1,-1,-1,-1,-1,-1,1,1,1,1,1,1,1,1,1,1,1,1,1,1,1,-1,1|./seeds/seed_005.txt
0,1,19,14,9,7,11,8,10,16,18,15,13,12,2,17,6,28,27,33,23,31,21,30,36,20,22,4,32,37,35,38,24,34,29,25,26,3,5|-1,-1,1,1,1,1,1,1,1,1,1,1,1,1,-1,1,1,-1,-1,-1,-1,-1,-1,-1,-1,-1,-1,1,-1,-1,-1,-1,1,1,1,1,1,1,1|./seeds/seed_002.txt
5,6,4,2,3,7,8,9,10,1,0,14,19,12,11,16,18,15,17,24,13,25,34,29,26,38,36,35,37,22,28,30,20,21,27,23,31,32,33|1,1,1,1,1,1,1,1,1,1,1,1,1,1,1,1,1,1,1,1,1,1,1,1,1,1,1,1,1,1,1,1,1,1,1,1,1,1,1|./seeds/seed_006.txt
6,5,4,2,3,7,9,8,10,14,1,0,19,11,16,12,18,17,15,13,24,25,34,29,26,38,37,35,36,28,22,30,20,21,23,31,32,27,33|1,1,1,1,1,1,1,1,1,1,1,1,1,1,1,1,1,1,1,1,1,1,1,1,1,1,1,1,1,1,1,1,1,1,1,1,1,1,-1|./seeds/seed_001.txt
5,6,4,3,2,7,8,9,10,14,19,16,1,12,11,0,18,17,15,13,24,25,29,26,34,22,38,36,37,35,28,30,20,23,21,31,27,32,33|1,1,1,1,1,1,1,1,1,1,1,1,1,1,1,1,1,1,1,1,1,1,1,1,1,1,1,1,1,1,1,1,1,1,1,1,1,1,-1|./seeds/seed_007.txt
5,6,4,3,2,8,7,9,10,19,14,1,0,16,12,11,17,18,15,13,24,25,34,29,26,38,22,37,36,35,28,20,30,23,21,31,33,27,32|1,1,1,1,1,1,1,1,1,1,1,1,1,1,1,1,1,1,1,1,1,1,1,1,1,1,1,1,1,1,1,1,1,1,1,1,-1,1,1|./seeds/seed_004.txt
0,1,2,31,32,21,5,35,36,33,38,20,23,28,4,27,30,37,22,25,3,26,6,29,24,34,9,17,13,8,15,16,12,18,10,11,7,19,14|1,1,1,-1,-1,-1,1,-1,-1,-1,-1,-1,-1,-1,1,-1,-1,-1,-1,-1,1,-1,1,-1,-1,-1,1,-1,-1,1,-1,-1,-1,-1,1,-1,1,-1,-1|./seeds/seed_001.txt
0,1,2,5,4,32,21,6,23,31,33,38,35,27,36,28,20,3,30,22,37,25,9,26,24,34,29,8,7,17,10,15,13,16,12,14,18,11,19|1,1,1,1,1,-1,-1,1,-1,-1,-1,-1,-1,-1,-1,-1,-1,1,-1,-1,-1,-1,1,-1,-1,-1,-1,1,1,-1,1,-1,-1,-1,-1,1,-1,-1,1|./seeds/seed_002.txt
4,6,5,2,9,3,7,30,21,28,27,32,1,31,8,33,22,36,23,37,20,0,35,38,14,19,10,15,17,25,13,12,29,24,18,34,11,26,16|1,1,1,1,1,1,1,-1,-1,-1,-1,-1,1,-1,1,-1,-1,-1,-1,-1,-1,1,-1,-1,1,1,1,-1,-1,-1,-1,-1,-1,-1,1,-1,1,1,-1|./seeds/seed_001.txt
4,6,5,2,9,3,7,8,21,30,31,28,27,32,33,36,22,23,20,37,35,38,19,1,14,10,0,15,17,25,11,13,18,16,26,24,29,34,12|1,1,1,1,1,1,1,1,-1,-1,-1,-1,-1,-1,-1,-1,-1,-1,-1,-1,-1,-1,1,1,1,1,1,-1,-1,-1,1,-1,1,1,1,-1,-1,-1,-1|./seeds/seed_002.txt
19,14,7,11,9,2,0,18,13,16,1,15,12,17,10,27,8,24,28,29,25,34,30,21,31,20,23,22,33,26,37,32,5,36,35,6,38,4,3|1,1,1,1,1,-1,-1,1,1,1,-1,1,1,1,1,-1,1,1,-1,1,1,1,-1,-1,-1,-1,-1,-1,-1,1,-1,-1,-1,-1,-1,1,-1,1,1|./seeds/seed_001.txt
19,14,7,9,11,2,0,27,1,18,28,21,23,20,16,33,30,13,15,12,31,22,37,17,32,36,29,24,35,34,25,38,6,8,10,4,26,5,3|1,1,1,1,1,-1,-1,-1,-1,1,-1,-1,-1,-1,1,-1,-1,1,1,1,-1,-1,-1,1,-1,-1,1,1,-1,1,1,-1,1,1,1,1,1,-1,-1|./seeds/seed_006.txt
21,38,31,20,35,28,33,37,32,27,30,22,36,23,26,25,5,4,9,24,6,34,29,2,3,8,17,7,15,12,16,13,0,1,14,18,19,10,11|-1,-1,-1,-1,-1,-1,-1,-1,-1,-1,-1,-1,-1,-1,-1,-1,1,1,1,-1,1,-1,-1,1,1,1,-1,1,-1,-1,-1,-1,1,1,1,-1,1,1,-1|./seeds/seed_005.txt
2,5,4,31,38,21,33,35,32,30,27,37,36,3,20,22,28,23,6,26,0,25,1,9,24,29,34,8,7,17,10,15,13,16,12,18,11,14,19|1,1,1,-1,-1,-1,-1,-1,-1,-1,-1,-1,-1,1,-1,-1,-1,-1,1,-1,1,-1,1,1,-1,-1,-1,1,1,-1,1,-1,-1,-1,-1,-1,-1,1,1|./seeds/seed_001.txt
19,14,7,2,9,11,0,18,1,15,16,13,12,17,8,10,27,28,30,29,23,31,25,24,20,21,34,33,22,37,32,36,26,38,5,6,35,4,3|1,1,1,-1,1,1,-1,1,-1,1,1,1,1,1,1,1,-1,-1,-1,1,-1,-1,1,1,-1,-1,1,-1,-1,-1,-1,-1,1,-1,-1,1,-1,1,1|./seeds/seed_007.txt
19,14,2,7,9,0,11,1,18,13,15,12,16,28,27,8,17,30,21,23,20,31,33,10,22,32,37,36,38,29,35,24,25,34,6,5,26,4,3|1,1,-1,1,1,-1,1,-1,1,1,1,1,1,-1,-1,1,1,-1,-1,-1,-1,-1,-1,1,-1,-1,-1,-1,-1,1,-1,1,1,1,1,-1,1,1,1|./seeds/seed_002.txt
18,15,11,17,12,16,14,13,6,5,19,24,34,29,25,26,4,7,35,38,36,20,3,30,28,37,23,33,32,31,27,21,8,22,9,10,2,1,0|1,1,1,1,1,1,1,1,1,1,1,1,1,1,1,1,1,1,1,1,1,1,1,1,1,1,1,1,1,1,1,1,1,1,1,1,1,-1,-1|./seeds/seed_006.txt
6,5,11,17,18,15,16,19,14,12,4,13,7,3,29,9,24,34,26,8,25,1,0,35,10,38,23,36,20,28,30,32,21,37,33,31,27,22,2|1,1,1,1,1,1,1,1,1,1,1,1,1,1,1,1,1,1,1,1,1,-1,-1,1,1,1,1,1,1,1,1,1,1,1,1,1,1,1,1|./seeds/seed_007.txt
1,0,2,5,4,32,21,35,28,27,38,31,22,23,6,20,36,33,30,37,3,9,25,26,29,8,24,34,7,10,17,15,13,14,16,12,19,18,11|-1,-1,-1,-1,-1,1,1,1,1,1,1,1,1,1,-1,1,1,1,1,1,-1,-1,1,1,1,-1,1,1,-1,-1,1,1,1,-1,1,1,-1,1,1|./seeds/seed_002.txt
1,0,2,35,32,21,28,27,38,31,36,22,23,30,20,33,37,5,4,25,26,3,29,24,6,34,9,17,15,13,8,12,16,7,18,11,10,14,19|-1,-1,-1,1,1,1,1,1,1,1,1,1,1,1,1,1,1,-1,-1,1,1,-1,1,1,-1,1,-1,1,1,1,-1,1,1,-1,1,1,-1,-1,1|./seeds/seed_007.txt
5,6,4,2,3,7,8,9,10,19,14,0,1,12,11,18,15,13,17,16,24,29,26,34,25,38,28,35,30,22,20,37,27,23,33,36,31,32,21|-1,-1,-1,-1,-1,-1,-1,-1,-1,-1,-1,-1,-1,-1,-1,-1,-1,-1,-1,-1,-1,-1,-1,-1,-1,-1,-1,-1,-1,-1,-1,-1,-1,-1,-1,-1,-1,1,-1|./seeds/seed_007.txt
2,5,6,4,3,7,8,9,10,1,0,14,19,12,18,11,15,17,13,16,24,26,29,34,25,38,35,28,20,30,22,27,37,36,23,33,21,31,32|-1,-1,-1,-1,-1,-1,-1,-1,-1,-1,-1,-1,-1,-1,-1,-1,-1,-1,-1,-1,-1,-1,-1,-1,-1,-1,-1,-1,-1,-1,-1,-1,-1,-1,-1,-1,-1,-1,-1|./seeds/seed_006.txt
0,1,19,14,9,7,11,8,18,15,16,10,13,12,17,6,2,28,27,4,33,31,23,21,30,20,36,22,24,25,37,32,29,35,34,26,38,3,5|-1,-1,1,1,1,1,1,1,1,1,1,1,1,1,1,1,-1,-1,-1,1,-1,-1,-1,-1,-1,-1,-1,-1,1,1,-1,-1,1,-1,1,1,-1,1,1|./seeds/seed_004.txt
14,19,9,7,6,28,27,21,23,20,0,33,31,1,30,4,37,22,32,36,35,38,8,11,10,18,12,16,34,15,29,24,25,13,5,26,3,2,17|1,1,1,1,1,-1,-1,-1,-1,-1,-1,-1,-1,-1,-1,1,-1,-1,-1,-1,-1,-1,1,1,1,1,1,1,1,1,1,1,1,1,1,1,1,-1,1|./seeds/seed_005.txt
1,0,2,32,35,21,28,4,5,31,38,27,20,30,23,33,36,37,22,25,3,26,6,29,24,34,9,8,17,15,13,12,16,7,10,18,11,14,19|-1,-1,-1,1,1,1,1,-1,-1,1,1,1,1,1,1,1,1,1,1,1,-1,1,-1,1,1,1,-1,-1,1,1,1,1,1,-1,-1,1,1,-1,1|./seeds/seed_001.txt
35,28,21,32,27,31,20,38,37,36,33,30,23,22,25,26,4,5,29,24,34,9,0,1,6,2,3,15,8,17,13,7,12,18,16,19,14,11,10|1,1,1,1,1,1,1,1,1,1,1,1,1,1,1,1,-1,-1,1,1,1,-1,-1,-1,-1,-1,-1,1,-1,1,1,-1,1,1,1,-1,-1,1,-1|./seeds/seed_005.txt
4,6,9,5,23,32,28,21,27,33,31,30,35,36,22,20,38,37,7,1,0,3,2,19,14,8,10,17,25,15,13,26,29,18,24,12,16,34,11|1,1,1,1,-1,-1,-1,-1,-1,-1,-1,-1,-1,-1,-1,-1,-1,-1,1,1,1,1,1,1,1,1,1,-1,-1,-1,-1,-1,-1,-1,-1,-1,-1,-1,-1|./seeds/seed_000.txt
4,6,5,1,0,9,2,32,27,23,21,33,30,31,28,36,35,38,22,3,20,37,7,8,19,14,10,17,25,13,15,29,12,26,34,24,18,16,11|1,1,1,1,1,1,1,-1,-1,-1,-1,-1,-1,-1,-1,-1,-1,-1,-1,1,-1,-1,1,1,1,1,1,-1,-1,-1,-1,-1,-1,-1,-1,-1,-1,-1,-1|./seeds/seed_006.txt
28,33,27,23,22,37,21,35,30,0,1,36,38,31,20,26,32,19,9,25,14,24,34,11,29,8,7,18,16,10,15,13,2,12,17,3,4,6,5|-1,-1,-1,-1,-1,-1,-1,-1,-1,-1,-1,-1,-1,-1,-1,-1,-1,1,1,-1,1,-1,-1,1,-1,1,1,1,1,1,1,1,-1,1,1,1,1,1,1|./seeds/seed_006.txt
0,1,9,8,19,7,10,14,11,28,31,33,16,30,18,22,35,13,15,37,27,21,38,32,12,20,23,2,36,26,17,25,24,3,34,6,29,5,4|-1,-1,1,1,1,1,1,1,1,-1,-1,-1,1,-1,1,-1,-1,1,1,-1,-1,-1,-1,-1,1,-1,-1,-1,-1,-1,1,-1,-1,1,-1,1,-1,1,1|./seeds/seed_003.txt
4,6,5,2,9,3,7,8,21,30,31,32,28,33,27,36,22,20,35,23,37,38,1,0,19,10,14,15,17,25,13,24,29,12,18,11,16,26,34|1,1,1,1,1,1,1,1,-1,-1,-1,-1,-1,-1,-1,-1,-1,-1,-1,-1,-1,-1,1,1,1,1,1,-1,-1,-1,-1,-1,-1,-1,1,1,1,1,-1|./seeds/seed_003.txt
4,6,5,2,9,3,7,8,21,30,31,28,27,32,33,36,22,23,20,37,35,38,19,1,14,10,0,15,17,25,11,13,18,16,26,24,29,34,12|1,1,1,1,1,1,1,1,-1,-1,-1,-1,-1,-1,-1,-1,-1,-1,-1,-1,-1,-1,1,1,1,1,1,-1,-1,-1,1,-1,1,1,1,-1,-1,-1,-1|./seeds/seed_002.txt
6,5,11,17,18,15,16,19,14,12,4,13,7,3,29,9,24,34,26,8,25,1,0,35,10,38,23,36,20,28,30,32,21,37,33,31,27,22,2|1,1,1,1,1,1,1,1,1,1,1,1,1,1,1,1,1,1,1,1,1,-1,-1,1,1,1,1,1,1,1,1,1,1,1,1,1,1,1,1|./seeds/seed_007.txt
5,6,17,4,16,15,11,19,18,14,12,13,3,7,1,0,9,24,8,29,34,26,25,10,38,20,23,35,36,28,32,37,21,30,31,33,27,22,2|1,1,1,1,1,1,1,1,1,1,1,1,1,1,-1,-1,1,1,1,1,1,1,1,1,1,1,1,1,1,1,1,1,1,1,1,1,1,1,1|./seeds/seed_002.txt
14,19,4,27,21,28,20,33,30,23,32,22,31,36,6,35,9,37,7,38,11,26,24,25,3,18,2,0,29,1,34,15,13,12,16,10,17,5,8|1,1,1,-1,-1,-1,-1,-1,-1,-1,-1,-1,-1,-1,1,-1,1,-1,1,-1,1,1,1,1,1,1,-1,1,1,1,1,1,1,1,1,-1,1,1,-1|./seeds/seed_006.txt
14,19,4,21,28,27,30,36,23,20,33,32,6,22,31,9,37,35,7,38,24,25,26,34,29,1,3,2,0,11,5,10,18,15,13,12,8,16,17|1,1,1,-1,-1,-1,-1,-1,-1,-1,-1,-1,1,-1,-1,1,-1,-1,1,-1,1,1,1,1,1,1,1,-1,1,1,1,-1,1,1,1,1,1,1,-1|./seeds/seed_000.txt
0,1,19,9,14,11,8,16,18,13,28,15,7,33,10,22,30,35,27,37,12,31,36,21,23,38,17,32,20,26,25,2,24,34,29,3,6,4,5|-1,-1,1,1,1,1,1,1,1,1,-1,1,1,-1,1,-1,-1,-1,-1,-1,1,-1,-1,-1,-1,-1,1,-1,-1,-1,-1,-1,-1,-1,-1,1,1,1,1|./seeds/seed_001.txt
0,1,9,19,8,14,7,11,10,16,18,28,13,15,33,35,22,31,12,30,27,37,36,38,21,17,23,20,32,26,2,25,3,24,6,34,29,5,4|-1,-1,1,1,1,1,1,1,1,1,1,-1,1,1,-1,-1,-1,-1,1,-1,-1,-1,-1,-1,-1,1,-1,-1,-1,-1,-1,-1,1,-1,1,-1,-1,1,1|./seeds/seed_007.txt
6,4,14,19,9,5,7,28,21,27,22,30,23,20,31,37,33,36,32,35,38,8,3,1,29,0,26,24,34,25,11,18,12,15,17,16,2,13,10|1,1,1,1,1,1,1,-1,-1,-1,-1,-1,-1,-1,-1,-1,-1,-1,-1,-1,-1,1,1,-1,1,-1,1,1,1,1,1,1,1,1,1,1,1,1,1|./seeds/seed_000.txt
6,4,14,19,9,5,7,28,27,21,22,23,30,20,31,37,33,36,32,35,38,8,3,1,0,29,26,11,24,34,25,18,12,15,17,16,2,13,10|1,1,1,1,1,1,1,-1,-1,-1,-1,-1,-1,-1,-1,-1,-1,-1,-1,-1,-1,1,1,-1,-1,1,1,1,1,1,1,1,1,1,1,1,1,1,1|./seeds/seed_005.txt
25,18,15,17,11,24,12,16,34,38,29,13,26,31,36,28,23,35,37,20,21,22,27,33,32,14,30,19,0,1,3,4,7,6,10,8,2,5,9|1,1,1,1,1,1,1,1,1,1,1,1,1,1,1,1,1,1,1,1,1,1,1,1,1,1,1,1,1,1,1,1,1,1,1,1,1,1,1|./seeds/seed_000.txt
1,0,15,17,12,11,14,19,18,25,16,13,24,29,34,26,36,4,38,3,28,31,37,21,35,23,32,22,30,20,27,2,33,6,5,7,8,9,10|1,1,1,1,1,1,1,1,1,1,1,1,1,1,1,1,1,1,1,1,1,1,1,1,1,1,1,1,1,1,1,-1,1,1,1,1,-1,-1,1|./seeds/seed_003.txt
15,17,11,18,12,16,1,19,0,14,25,13,24,29,34,36,26,38,3,28,4,31,21,37,20,35,22,32,23,30,27,33,5,6,2,7,9,10,8|1,1,1,1,1,1,1,1,1,1,1,1,1,1,1,1,1,1,1,1,1,1,1,1,1,1,1,1,1,1,1,1,1,1,-1,1,-1,1,-1|./seeds/seed_004.txt
12,11,15,17,14,18,19,16,25,13,1,0,24,29,34,26,36,28,3,38,21,4,37,35,31,23,20,32,22,30,27,33,6,2,7,5,10,8,9|1,1,1,1,1,1,1,1,1,1,1,1,1,1,1,1,1,1,1,1,1,1,1,1,1,1,1,1,1,1,1,1,1,-1,1,1,1,1,1|./seeds/seed_007.txt
5,6,19,11,14,13,17,15,16,12,18,4,7,3,9,25,29,8,1,0,26,34,24,38,20,35,10,30,23,28,22,31,37,32,36,21,27,33,2|-1,-1,-1,-1,-1,-1,-1,-1,-1,-1,-1,-1,-1,-1,-1,-1,-1,-1,1,1,-1,-1,-1,-1,-1,-1,-1,-1,-1,-1,-1,-1,-1,-1,-1,-1,-1,-1,-1|./seeds/seed_007.txt
5,6,19,17,13,11,4,16,14,15,12,18,3,1,0,9,7,25,8,29,34,24,26,38,10,20,23,35,30,28,37,22,36,32,31,27,21,33,2|-1,-1,-1,-1,-1,-1,-1,-1,-1,-1,-1,-1,-1,1,1,-1,-1,-1,-1,-1,-1,-1,-1,-1,-1,-1,-1,-1,-1,-1,-1,-1,-1,-1,-1,-1,-1,-1,-1|./seeds/seed_002.txt
5,2,4,6,3,9,21,33,31,38,32,35,36,28,20,27,30,37,22,23,8,7,26,25,0,1,34,10,24,29,17,14,15,19,16,13,12,18,11|1,1,1,1,1,1,-1,-1,-1,-1,-1,-1,-1,-1,-1,-1,-1,-1,-1,-1,1,1,-1,-1,1,1,-1,1,-1,-1,-1,1,-1,1,-1,-1,-1,-1,-1|./seeds/seed_002.txt
21,38,31,33,35,32,20,28,27,37,22,30,23,36,5,25,4,26,9,6,24,29,34,2,3,8,17,7,15,1,0,16,13,12,18,14,10,19,11|-1,-1,-1,-1,-1,-1,-1,-1,-1,-1,-1,-1,-1,-1,1,-1,1,-1,1,1,-1,-1,-1,1,1,1,-1,1,-1,1,1,-1,-1,-1,-1,1,1,1,-1|./seeds/seed_000.txt
18,15,17,12,16,25,11,13,19,14,24,34,29,28,26,36,31,38,23,35,37,21,22,20,30,27,32,33,3,1,0,4,7,6,10,8,5,2,9|1,1,1,1,1,1,1,1,1,1,1,1,1,1,1,1,1,1,1,1,1,1,1,1,1,1,1,1,1,1,1,1,1,1,1,1,1,1,1|./seeds/seed_006.txt
25,18,15,17,11,24,12,16,34,38,29,13,26,31,36,28,23,35,37,20,21,22,27,33,32,14,30,19,0,1,3,4,7,6,10,8,2,5,9|1,1,1,1,1,1,1,1,1,1,1,1,1,1,1,1,1,1,1,1,1,1,1,1,1,1,1,1,1,1,1,1,1,1,1,1,1,1,1|./seeds/seed_000.txt
19,14,7,11,9,2,0,18,13,16,1,15,12,17,10,27,8,24,28,29,25,34,30,21,31,20,23,22,33,26,37,32,5,36,35,6,38,4,3|1,1,1,1,1,-1,-1,1,1,1,-1,1,1,1,1,-1,1,1,-1,1,1,1,-1,-1,-1,-1,-1,-1,-1,1,-1,-1,-1,-1,-1,1,-1,1,1|./seeds/seed_001.txt
19,14,9,7,27,28,20,21,23,31,30,37,33,6,22,32,36,35,4,38,2,8,0,11,1,18,10,29,34,25,12,13,24,16,15,26,17,3,5|1,1,1,1,-1,-1,-1,-1,-1,-1,-1,-1,-1,1,-1,-1,-1,-1,1,-1,-1,1,-1,1,-1,1,1,1,1,1,1,1,1,1,1,1,1,1,1|./seeds/seed_005.txt
4,6,9,5,28,30,21,7,27,31,23,20,33,32,22,36,37,35,38,19,14,3,8,2,1,10,0,17,25,15,13,12,29,24,26,11,34,18,16|1,1,1,1,-1,-1,-1,1,-1,-1,-1,-1,-1,-1,-1,-1,-1,-1,-1,1,1,1,1,1,1,1,1,-1,-1,-1,-1,-1,-1,-1,-1,1,-1,1,1|./seeds/seed_005.txt
4,6,5,2,9,3,7,8,30,21,28,27,31,32,33,22,36,20,23,37,35,38,1,0,19,14,10,15,17,25,13,12,18,24,29,11,34,16,26|1,1,1,1,1,1,1,1,-1,-1,-1,-1,-1,-1,-1,-1,-1,-1,-1,-1,-1,-1,1,1,1,1,1,-1,-1,-1,-1,-1,1,-1,-1,1,-1,1,1|./seeds/seed_007.txt
19,14,2,7,9,0,11,1,18,15,13,16,12,28,17,8,27,21,30,10,20,23,31,33,22,32,37,24,29,25,34,36,38,35,6,5,26,4,3|1,1,-1,1,1,-1,1,-1,1,1,1,1,1,-1,1,1,-1,-1,-1,1,-1,-1,-1,-1,-1,-1,-1,1,1,1,1,-1,-1,-1,1,-1,1,1,1|./seeds/seed_003.txt
19,14,2,7,9,0,11,1,18,13,15,12,16,28,27,8,17,30,21,23,20,31,33,10,22,32,37,36,38,29,35,24,25,34,6,5,26,4,3|1,1,-1,1,1,-1,1,-1,1,1,1,1,1,-1,-1,1,1,-1,-1,-1,-1,-1,-1,1,-1,-1,-1,-1,-1,1,-1,1,1,1,1,-1,1,1,1|./seeds/seed_002.txt
7,8,9,6,10,14,18,11,19,16,15,12,17,13,5,3,4,29,25,24,34,26,38,35,2,20,32,36,37,30,27,28,31,21,22,23,33,1,0|1,1,1,1,1,1,1,1,1,1,1,1,1,1,1,1,1,1,1,1,1,1,1,1,1,1,1,1,1,1,1,1,1,1,1,1,1,-1,-1|./seeds/seed_000.txt
7,9,8,1,10,0,6,19,14,16,11,15,13,17,18,5,12,4,3,25,29,24,26,34,38,35,20,2,32,36,37,23,30,27,33,28,22,31,21|1,1,1,-1,1,-1,1,1,1,1,1,1,1,1,1,1,1,1,1,1,1,1,1,1,1,1,1,-1,1,1,1,1,1,1,1,1,1,1,1|./seeds/seed_003.txt
0,1,19,9,14,11,8,16,18,13,28,15,7,33,10,22,30,35,27,37,12,31,36,21,23,38,17,32,20,26,25,2,24,34,29,3,6,4,5|-1,-1,1,1,1,1,1,1,1,1,-1,1,1,-1,1,-1,-1,-1,-1,-1,1,-1,-1,-1,-1,-1,1,-1,-1,-1,-1,-1,-1,-1,-1,1,1,1,1|./seeds/seed_001.txt
28,33,23,35,27,21,38,22,37,31,36,20,30,32,26,25,24,9,29,1,0,34,19,14,7,8,5,4,6,11,3,10,18,16,2,12,13,15,17|-1,-1,-1,-1,-1,-1,-1,-1,-1,-1,-1,-1,-1,-1,-1,-1,-1,1,-1,-1,-1,-1,1,1,1,1,1,1,1,1,1,1,1,1,-1,1,1,1,-1|./seeds/seed_000.txt
6,14,19,4,5,9,7,1,11,0,21,15,30,22,18,27,17,28,23,31,12,3,33,36,20,16,29,37,8,32,13,26,24,34,25,38,35,10,2|1,1,1,1,1,1,1,-1,1,-1,-1,1,-1,-1,1,-1,1,-1,-1,-1,1,1,-1,-1,-1,1,1,-1,1,-1,1,1,1,1,1,-1,-1,1,-1|./seeds/seed_001.txt
6,4,5,14,19,9,7,0,1,3,8,21,11,28,27,31,30,22,20,33,15,23,36,32,18,17,12,37,16,29,38,13,35,26,24,25,34,10,2|1,1,1,1,1,1,1,-1,-1,1,1,-1,1,-1,-1,-1,-1,-1,-1,-1,1,-1,-1,-1,1,1,1,-1,1,1,-1,1,-1,1,1,1,1,1,-1|./seeds/seed_004.txt
6,5,4,3,7,2,8,9,10,14,19,12,18,11,16,1,15,17,0,13,24,25,34,26,29,38,36,35,37,22,28,20,30,21,23,31,27,32,33|1,1,1,1,1,1,1,1,1,1,1,1,1,1,1,1,1,1,1,1,1,1,1,1,1,1,1,1,1,1,1,1,1,1,1,1,1,1,1|./seeds/seed_000.txt
5,4,6,2,3,9,8,7,10,14,19,1,0,16,12,11,17,18,15,13,24,25,29,34,26,33,38,22,27,37,32,31,36,21,35,23,30,28,20|1,1,1,1,1,1,1,1,1,1,1,1,1,1,1,1,1,1,1,1,1,1,1,1,1,-1,1,1,-1,1,-1,-1,1,-1,1,-1,-1,1,-1|./seeds/seed_002.txt
1,0,2,32,35,21,28,4,5,31,38,27,20,30,23,33,36,37,22,25,3,26,6,29,24,34,9,8,17,15,13,12,16,7,10,18,11,14,19|-1,-1,-1,1,1,1,1,-1,-1,1,1,1,1,1,1,1,1,1,1,1,-1,1,-1,1,1,1,-1,-1,1,1,1,1,1,-1,-1,1,1,-1,1|./seeds/seed_001.txt
1,0,2,35,32,21,28,27,38,31,36,22,23,30,20,33,37,5,4,25,26,3,29,24,6,34,9,17,15,13,8,12,16,7,18,11,10,14,19|-1,-1,-1,1,1,1,1,1,1,1,1,1,1,1,1,1,1,-1,-1,1,1,-1,1,1,-1,1,-1,1,1,1,-1,1,1,-1,1,1,-1,-1,1|./seeds/seed_007.txt
1,0,19,9,11,14,8,10,7,16,15,18,31,12,13,21,28,17,33,27,36,35,38,37,20,30,22,32,23,2,25,26,34,24,29,3,6,5,4|1,1,-1,-1,-1,-1,-1,-1,-1,-1,-1,-1,1,-1,-1,1,1,-1,1,1,1,1,1,1,1,1,1,1,1,1,1,1,1,1,1,-1,-1,-1,-1|./seeds/seed_007.txt
0,1,9,19,14,8,7,11,10,31,21,16,28,15,18,13,12,37,27,38,36,33,17,30,20,2,35,23,32,22,25,26,34,24,29,6,3,5,4|1,1,-1,-1,-1,-1,-1,-1,-1,1,1,-1,1,-1,-1,-1,-1,1,1,1,1,1,-1,1,1,1,1,1,1,1,1,1,1,1,1,-1,-1,-1,-1|./seeds/seed_003.txt
25,18,15,17,11,12,16,24,38,34,26,13,29,36,31,23,28,35,37,20,27,14,22,21,33,0,32,19,30,1,3,4,7,6,2,10,8,5,9|1,1,1,1,1,1,1,1,1,1,1,1,1,1,1,1,1,1,1,1,1,1,1,1,1,1,1,1,1,1,1,1,1,1,1,1,1,1,1|./seeds/seed_005.txt
12,11,15,17,14,18,19,16,25,13,1,0,24,29,34,26,36,28,3,38,21,4,37,35,31,23,20,32,22,30,27,33,6,2,7,5,10,8,9|1,1,1,1,1,1,1,1,1,1,1,1,1,1,1,1,1,1,1,1,1,1,1,1,1,1,1,1,1,1,1,1,1,-1,1,1,1,1,1|./seeds/seed_007.txt
0,1,2,12,14,25,5,11,29,6,16,34,26,19,24,18,4,13,15,17,38,22,31,35,20,36,28,32,21,30,33,37,27,23,10,3,8,7,9|-1,-1,-1,-1,-1,-1,-1,-1,-1,-1,-1,-1,-1,-1,-1,-1,-1,-1,-1,-1,-1,-1,-1,-1,-1,-1,-1,-1,-1,-1,-1,-1,-1,-1,1,-1,1,-1,1|./seeds/seed_007.txt
12,25,0,11,17,26,1,15,16,29,18,34,24,13,38,14,19,31,21,35,20,28,36,32,6,22,2,23,27,5,37,30,33,4,7,3,8,10,9|-1,-1,-1,-1,-1,-1,-1,-1,-1,-1,-1,-1,-1,-1,-1,-1,-1,-1,-1,-1,-1,-1,-1,-1,-1,-1,-1,-1,-1,-1,-1,-1,-1,-1,-1,-1,-1,-1,-1|./seeds/seed_005.txt
0,1,19,14,9,7,11,8,18,15,16,10,13,12,17,6,2,28,27,4,33,31,23,21,30,20,36,22,24,25,37,32,29,35,34,26,38,3,5|-1,-1,1,1,1,1,1,1,1,1,1,1,1,1,1,1,-1,-1,-1,1,-1,-1,-1,-1,-1,-1,-1,-1,1,1,-1,-1,1,-1,1,1,-1,1,1|./seeds/seed_004.txt
0,1,19,14,7,9,11,2,8,13,18,15,16,10,17,12,6,28,21,27,31,30,23,33,20,4,36,22,37,32,24,35,25,34,29,38,26,3,5|-1,-1,1,1,1,1,1,-1,1,1,1,1,1,1,1,1,1,-1,-1,-1,-1,-1,-1,-1,-1,1,-1,-1,-1,-1,1,-1,1,1,1,-1,1,1,1|./seeds/seed_003.txt
1,0,2,32,21,35,28,27,38,31,22,20,33,36,23,5,4,30,37,25,6,3,26,9,29,24,34,8,17,7,15,13,16,10,12,18,11,14,19|-1,-1,-1,1,1,1,1,1,1,1,1,1,1,1,1,-1,-1,1,1,1,-1,-1,1,-1,1,1,1,-1,1,-1,1,1,1,-1,1,1,1,-1,-1|./seeds/seed_004.txt
1,0,2,5,4,32,21,35,28,27,38,31,22,23,6,20,36,33,30,37,3,9,25,26,29,8,24,34,7,10,17,15,13,14,16,12,19,18,11|-1,-1,-1,-1,-1,1,1,1,1,1,1,1,1,1,-1,1,1,1,1,1,-1,-1,1,1,1,-1,1,1,-1,-1,1,1,1,-1,1,1,-1,1,1|./seeds/seed_002.txt
0,1,2,5,4,6,3,9,8,7,10,14,19,11,18,12,16,15,17,13,25,34,26,24,29,23,32,20,28,33,21,22,36,31,35,38,27,37,30|1,1,1,1,1,1,1,1,1,1,1,1,1,1,1,1,1,1,1,1,1,1,1,1,1,-1,-1,-1,-1,-1,-1,-1,-1,-1,-1,1,-1,-1,-1|./seeds/seed_004.txt
0,1,2,5,4,6,3,9,8,7,10,14,19,11,18,12,16,15,34,13,17,25,26,24,23,29,32,20,28,33,21,22,35,31,27,36,30,37,38|1,1,1,1,1,1,1,1,1,1,1,1,1,1,1,1,1,1,1,1,1,1,1,1,-1,1,-1,-1,-1,-1,-1,-1,-1,-1,-1,-1,-1,-1,-1|./seeds/seed_002.txt
2,5,6,4,3,7,8,9,10,1,0,14,19,12,18,11,15,17,13,16,24,26,29,34,25,38,35,28,20,30,22,27,37,36,23,33,21,31,32|-1,-1,-1,-1,-1,-1,-1,-1,-1,-1,-1,-1,-1,-1,-1,-1,-1,-1,-1,-1,-1,-1,-1,-1,-1,-1,-1,-1,-1,-1,-1,-1,-1,-1,-1,-1,-1,-1,-1|./seeds/seed_006.txt
6,5,4,3,2,7,8,9,14,10,19,18,12,11,15,17,16,13,1,0,24,25,29,26,34,38,35,28,20,37,30,27,21,36,23,22,33,31,32|-1,-1,-1,-1,-1,-1,-1,-1,-1,-1,-1,-1,-1,-1,-1,-1,-1,-1,-1,-1,-1,-1,-1,-1,-1,-1,-1,-1,-1,-1,-1,-1,-1,-1,-1,-1,-1,-1,-1|./seeds/seed_005.txt
2,5,4,6,3,8,9,7,10,0,1,19,14,12,11,17,18,13,15,16,24,29,26,34,25,32,21,31,36,38,33,23,37,28,20,27,30,35,22|-1,-1,-1,-1,-1,-1,-1,-1,-1,-1,-1,-1,-1,-1,-1,-1,-1,-1,-1,-1,-1,-1,-1,-1,-1,1,1,1,1,-1,1,1,1,-1,-1,1,-1,-1,1|./seeds/seed_002.txt
5,4,6,2,3,8,7,9,10,19,14,0,1,12,11,18,17,13,15,16,24,29,26,34,25,38,28,20,35,30,22,32,37,27,23,21,33,36,31|-1,-1,-1,-1,-1,-1,-1,-1,-1,-1,-1,-1,-1,-1,-1,-1,-1,-1,-1,-1,-1,-1,-1,-1,-1,-1,-1,-1,-1,-1,-1,1,-1,-1,-1,1,-1,-1,-1|./seeds/seed_004.txt
31,36,21,38,35,23,33,27,28,32,20,37,30,22,25,5,4,26,9,24,6,29,1,34,0,2,3,17,8,15,7,13,12,16,18,14,11,10,19|-1,-1,-1,-1,-1,-1,-1,-1,-1,-1,-1,-1,-1,-1,-1,1,1,-1,1,-1,1,-1,1,-1,1,1,1,-1,1,-1,1,-1,-1,-1,-1,1,-1,1,1|./seeds/seed_000.txt
0,1,2,5,4,32,21,6,23,31,33,38,35,27,36,28,20,3,30,22,37,25,9,26,24,34,29,8,7,17,10,15,13,16,12,14,18,11,19|1,1,1,1,1,-1,-1,1,-1,-1,-1,-1,-1,-1,-1,-1,-1,1,-1,-1,-1,-1,1,-1,-1,-1,-1,1,1,-1,1,-1,-1,-1,-1,1,-1,-1,1|./seeds/seed_002.txt
5,6,19,17,11,15,14,13,16,12,4,18,3,7,9,25,1,0,34,29,8,26,24,38,20,10,35,23,30,22,37,32,28,31,36,21,27,33,2|-1,-1,-1,-1,-1,-1,-1,-1,-1,-1,-1,-1,-1,-1,-1,-1,1,1,-1,-1,-1,-1,-1,-1,-1,-1,-1,-1,-1,-1,-1,-1,-1,-1,-1,-1,-1,-1,-1|./seeds/seed_004.txt
5,6,19,17,13,11,4,16,14,15,12,18,3,1,0,9,7,25,8,29,34,24,26,38,10,20,23,35,30,28,37,22,36,32,31,27,21,33,2|-1,-1,-1,-1,-1,-1,-1,-1,-1,-1,-1,-1,-1,1,1,-1,-1,-1,-1,-1,-1,-1,-1,-1,-1,-1,-1,-1,-1,-1,-1,-1,-1,-1,-1,-1,-1,-1,-1|./seeds/seed_002.txt
6,5,4,3,7,2,8,14,9,10,19,12,16,18,11,15,17,1,13,24,0,25,34,29,26,38,35,36,37,22,28,20,21,30,23,31,27,32,33|1,1,1,1,1,1,1,1,1,1,1,1,1,1,1,1,1,1,1,1,1,1,1,1,1,1,1,1,1,1,1,1,1,1,1,1,1,1,1|./seeds/seed_005.txt
5,6,4,3,2,9,8,7,10,1,0,19,14,16,11,12,17,18,15,13,24,34,25,26,29,33,32,21,27,31,38,30,22,23,37,20,36,28,35|1,1,1,1,1,1,1,1,1,1,1,1,1,1,1,1,1,1,1,1,1,1,1,1,1,-1,-1,-1,-1,-1,1,-1,1,-1,1,-1,1,-1,1|./seeds/seed_003.txt
6,5,19,4,16,17,11,14,15,18,13,12,7,3,0,1,9,24,29,26,34,25,8,38,20,23,10,36,35,37,32,33,31,28,30,21,27,22,2|1,1,1,1,1,1,1,1,1,1,1,1,1,1,-1,-1,1,1,1,1,1,1,1,1,1,1,1,1,1,1,1,1,1,1,1,1,1,1,-1|./seeds/seed_003.txt
6,5,11,17,18,15,16,19,14,12,4,13,7,3,29,9,24,34,26,8,25,1,0,35,10,38,23,36,20,28,30,32,21,37,33,31,27,22,2|1,1,1,1,1,1,1,1,1,1,1,1,1,1,1,1,1,1,1,1,1,-1,-1,1,1,1,1,1,1,1,1,1,1,1,1,1,1,1,1|./seeds/seed_007.txt
0,1,2,5,4,6,3,9,8,7,10,14,19,11,18,12,16,15,34,13,17,25,26,24,23,29,32,20,28,33,21,22,35,31,27,36,30,37,38|1,1,1,1,1,1,1,1,1,1,1,1,1,1,1,1,1,1,1,1,1,1,1,1,-1,1,-1,-1,-1,-1,-1,-1,-1,-1,-1,-1,-1,-1,-1|./seeds/seed_002.txt
5,6,4,3,2,0,7,8,1,19,9,14,10,11,18,16,12,15,17,13,25,34,26,24,29,38,27,37,36,35,30,28,21,22,20,31,32,33,23|1,1,1,1,1,1,1,1,1,1,1,1,1,1,1,1,1,1,1,1,1,1,1,1,1,1,1,1,1,1,1,1,1,1,1,1,1,1,1|./seeds/seed_005.txt
14,19,9,7,6,28,27,21,23,20,0,33,31,1,30,4,37,22,32,36,35,38,8,11,10,18,12,16,34,15,29,24,25,13,5,26,3,2,17|1,1,1,1,1,-1,-1,-1,-1,-1,-1,-1,-1,-1,-1,1,-1,-1,-1,-1,-1,-1,1,1,1,1,1,1,1,1,1,1,1,1,1,1,1,-1,1|./seeds/seed_005.txt
0,1,19,14,7,9,11,2,8,13,18,15,16,10,17,12,6,28,21,27,31,30,23,33,20,4,36,22,37,32,24,35,25,34,29,38,26,3,5|-1,-1,1,1,1,1,1,-1,1,1,1,1,1,1,1,1,1,-1,-1,-1,-1,-1,-1,-1,-1,1,-1,-1,-1,-1,1,-1,1,1,1,-1,1,1,1|./seeds/seed_003.txt
0,1,19,9,14,8,11,7,10,31,16,21,28,18,15,33,12,13,36,37,27,38,20,17,35,22,30,32,23,2,25,26,34,24,6,29,3,5,4|1,1,-1,-1,-1,-1,-1,-1,-1,1,-1,1,1,-1,-1,1,-1,-1,1,1,1,1,1,-1,1,1,1,1,1,1,1,1,1,1,-1,1,-1,-1,-1|./seeds/seed_002.txt
21,28,37,35,33,31,23,20,27,36,38,30,32,22,25,26,24,29,9,34,0,1,19,14,8,7,4,6,10,11,5,2,16,18,12,3,13,15,17|1,1,1,1,1,1,1,1,1,1,1,1,1,1,1,1,1,1,-1,1,1,1,-1,-1,-1,-1,-1,-1,-1,-1,-1,1,-1,-1,-1,-1,-1,-1,1|./seeds/seed_000.txt
0,1,19,14,7,9,11,2,8,13,18,15,16,10,17,12,6,28,21,27,31,30,23,33,20,4,36,22,37,32,24,35,25,34,29,38,26,3,5|-1,-1,1,1,1,1,1,-1,1,1,1,1,1,1,1,1,1,-1,-1,-1,-1,-1,-1,-1,-1,1,-1,-1,-1,-1,1,-1,1,1,1,-1,1,1,1|./seeds/seed_003.txt
0,1,19,14,9,7,11,8,18,15,16,10,13,12,17,6,2,28,27,4,33,31,23,21,30,20,36,22,24,25,37,32,29,35,34,26,38,3,5|-1,-1,1,1,1,1,1,1,1,1,1,1,1,1,1,1,-1,-1,-1,1,-1,-1,-1,-1,-1,-1,-1,-1,1,1,-1,-1,1,-1,1,1,-1,1,1|./seeds/seed_004.txt
5,6,4,3,2,9,8,7,10,1,0,19,14,16,11,12,17,18,15,13,24,34,25,26,29,33,32,21,27,31,38,30,22,23,37,20,36,28,35|1,1,1,1,1,1,1,1,1,1,1,1,1,1,1,1,1,1,1,1,1,1,1,1,1,-1,-1,-1,-1,-1,1,-1,1,-1,1,-1,1,-1,1|./seeds/seed_003.txt
5,6,4,3,2,7,8,9,10,14,19,16,1,12,11,0,18,17,15,13,24,25,29,26,34,22,38,36,37,35,28,30,20,23,21,31,27,32,33|1,1,1,1,1,1,1,1,1,1,1,1,1,1,1,1,1,1,1,1,1,1,1,1,1,1,1,1,1,1,1,1,1,1,1,1,1,1,-1|./seeds/seed_007.txt
0,1,2,5,4,32,21,6,23,31,33,38,35,27,36,28,20,3,30,22,37,25,9,26,24,34,29,8,7,17,10,15,13,16,12,14,18,11,19|1,1,1,1,1,-1,-1,1,-1,-1,-1,-1,-1,-1,-1,-1,-1,1,-1,-1,-1,-1,1,-1,-1,-1,-1,1,1,-1,1,-1,-1,-1,-1,1,-1,-1,1|./seeds/seed_002.txt
0,1,2,32,21,31,35,36,23,28,38,27,33,20,30,5,22,37,4,25,26,3,6,29,24,34,9,17,15,13,16,12,8,18,11,10,7,19,14|1,1,1,-1,-1,-1,-1,-1,-1,-1,-1,-1,-1,-1,-1,1,-1,-1,1,-1,-1,1,1,-1,-1,-1,1,-1,-1,-1,-1,-1,1,-1,-1,1,1,-1,1|./seeds/seed_007.txt
0,1,2,12,14,25,5,11,29,6,16,34,26,19,24,18,4,13,15,17,38,22,31,35,20,36,28,32,21,30,33,37,27,23,10,3,8,7,9|-1,-1,-1,-1,-1,-1,-1,-1,-1,-1,-1,-1,-1,-1,-1,-1,-1,-1,-1,-1,-1,-1,-1,-1,-1,-1,-1,-1,-1,-1,-1,-1,-1,-1,1,-1,1,-1,1|./seeds/seed_007.txt
0,1,2,14,12,25,16,26,29,34,5,24,11,18,19,4,17,15,13,38,6,31,22,20,35,36,21,10,8,28,32,37,33,30,27,23,9,3,7|-1,-1,-1,-1,-1,-1,-1,-1,-1,-1,-1,-1,-1,-1,-1,-1,-1,-1,-1,-1,-1,-1,-1,-1,-1,-1,-1,1,1,-1,-1,-1,-1,-1,-1,-1,1,-1,1|./seeds/seed_002.txt
2,5,4,6,3,8,9,7,10,0,1,19,14,12,11,17,18,13,15,16,24,29,26,34,25,32,21,31,36,38,33,23,37,28,20,27,30,35,22|-1,-1,-1,-1,-1,-1,-1,-1,-1,-1,-1,-1,-1,-1,-1,-1,-1,-1,-1,-1,-1,-1,-1,-1,-1,1,1,1,1,-1,1,1,1,-1,-1,1,-1,-1,1|./seeds/seed_002.txt
6,5,4,3,2,7,8,9,14,10,19,18,12,11,15,17,16,13,1,0,24,25,29,26,34,38,35,28,20,37,30,27,21,36,23,22,33,31,32|-1,-1,-1,-1,-1,-1,-1,-1,-1,-1,-1,-1,-1,-1,-1,-1,-1,-1,-1,-1,-1,-1,-1,-1,-1,-1,-1,-1,-1,-1,-1,-1,-1,-1,-1,-1,-1,-1,-1|./seeds/seed_005.txt
4,6,5,1,0,9,2,32,27,23,21,33,30,31,28,36,35,38,22,3,20,37,7,8,19,14,10,17,25,13,15,29,12,26,34,24,18,16,11|1,1,1,1,1,1,1,-1,-1,-1,-1,-1,-1,-1,-1,-1,-1,-1,-1,1,-1,-1,1,1,1,1,1,-1,-1,-1,-1,-1,-1,-1,-1,-1,-1,-1,-1|./seeds/seed_006.txt
1,0,4,2,6,5,3,9,32,23,33,28,21,30,31,27,36,35,22,38,20,37,7,8,10,14,19,17,15,13,16,25,12,29,18,26,34,11,24|1,1,1,1,1,1,1,1,-1,-1,-1,-1,-1,-1,-1,-1,-1,-1,-1,-1,-1,-1,1,1,1,1,1,-1,-1,-1,-1,-1,-1,-1,-1,-1,-1,-1,-1|./seeds/seed_001.txt
0,1,9,8,19,7,10,14,11,28,31,33,16,30,18,22,35,13,15,37,27,21,38,32,12,20,23,2,36,26,17,25,24,3,34,6,29,5,4|-1,-1,1,1,1,1,1,1,1,-1,-1,-1,1,-1,1,-1,-1,1,1,-1,-1,-1,-1,-1,1,-1,-1,-1,-1,-1,1,-1,-1,1,-1,1,-1,1,1|./seeds/seed_003.txt
0,1,9,19,8,14,7,11,10,16,18,28,13,15,33,35,22,31,12,30,27,37,36,38,21,17,23,20,32,26,2,25,3,24,6,34,29,5,4|-1,-1,1,1,1,1,1,1,1,1,1,-1,1,1,-1,-1,-1,-1,1,-1,-1,-1,-1,-1,-1,1,-1,-1,-1,-1,-1,-1,1,-1,1,-1,-1,1,1|./seeds/seed_007.txt
5,6,4,3,2,0,7,8,1,19,9,14,10,11,18,16,12,15,17,13,25,34,26,24,29,38,27,37,36,35,30,28,21,22,20,31,32,33,23|1,1,1,1,1,1,1,1,1,1,1,1,1,1,1,1,1,1,1,1,1,1,1,1,1,1,1,1,1,1,1,1,1,1,1,1,1,1,1|./seeds/seed_005.txt
0,1,2,5,4,6,3,9,8,7,10,14,19,11,18,12,16,15,17,13,25,34,26,24,29,23,32,20,28,33,21,22,36,31,35,38,27,37,30|1,1,1,1,1,1,1,1,1,1,1,1,1,1,1,1,1,1,1,1,1,1,1,1,1,-1,-1,-1,-1,-1,-1,-1,-1,-1,-1,1,-1,-1,-1|./seeds/seed_004.txt
5,6,17,4,16,15,11,19,18,14,12,13,3,7,1,0,9,24,8,29,34,26,25,10,38,20,23,35,36,28,32,37,21,30,31,33,27,22,2|1,1,1,1,1,1,1,1,1,1,1,1,1,1,-1,-1,1,1,1,1,1,1,1,1,1,1,1,1,1,1,1,1,1,1,1,1,1,1,1|./seeds/seed_002.txt
18,15,11,17,12,16,14,13,6,5,19,24,34,29,25,26,4,7,35,38,36,20,3,30,28,37,23,33,32,31,27,21,8,22,9,10,2,1,0|1,1,1,1,1,1,1,1,1,1,1,1,1,1,1,1,1,1,1,1,1,1,1,1,1,1,1,1,1,1,1,1,1,1,1,1,1,-1,-1|./seeds/seed_006.txt
6,5,3,4,7,9,8,10,19,14,16,11,2,0,18,17,12,1,15,13,24,25,26,34,29,38,35,22,37,36,31,28,21,27,20,30,23,32,33|1,1,1,1,1,1,1,1,1,1,1,1,1,1,1,1,1,1,1,1,1,1,1,1,1,1,1,1,1,1,1,1,1,1,1,1,1,1,1|./seeds/seed_000.txt
5,6,4,3,9,7,8,10,19,1,0,14,16,2,17,11,18,15,12,13,24,34,26,25,29,38,33,30,32,22,37,36,31,28,27,21,23,20,35|1,1,1,1,1,1,1,1,1,1,1,1,1,1,1,1,1,1,1,1,1,1,1,1,1,1,-1,-1,-1,1,1,1,1,1,1,-1,1,1,1|./seeds/seed_002.txt
6,4,14,19,9,5,7,28,27,21,22,23,30,20,31,37,33,36,32,35,38,8,3,1,0,29,26,11,24,34,25,18,12,15,17,16,2,13,10|1,1,1,1,1,1,1,-1,-1,-1,-1,-1,-1,-1,-1,-1,-1,-1,-1,-1,-1,1,1,-1,-1,1,1,1,1,1,1,1,1,1,1,1,1,1,1|./seeds/seed_005.txt
6,5,4,14,19,9,7,1,0,21,3,30,28,8,31,27,22,23,20,32,36,33,11,37,18,15,17,38,16,12,35,29,13,26,24,25,34,10,2|1,1,1,1,1,1,1,-1,-1,-1,1,-1,-1,1,-1,-1,-1,-1,-1,-1,-1,-1,1,-1,1,1,1,-1,1,1,-1,1,1,1,1,1,1,1,-1|./seeds/seed_003.txt
6,5,11,19,13,15,14,17,18,12,16,4,7,25,29,26,9,34,24,3,8,38,20,35,1,0,30,23,28,31,37,32,36,22,10,21,27,33,2|-1,-1,-1,-1,-1,-1,-1,-1,-1,-1,-1,-1,-1,-1,-1,-1,-1,-1,-1,-1,-1,-1,-1,-1,1,1,-1,-1,-1,-1,-1,-1,-1,-1,-1,-1,-1,-1,-1|./seeds/seed_001.txt
6,5,12,18,17,11,15,13,16,14,19,25,26,7,34,24,29,4,3,38,20,30,35,8,22,36,32,28,37,23,9,2,10,21,31,27,33,1,0|-1,-1,-1,-1,-1,-1,-1,-1,-1,-1,-1,-1,-1,-1,-1,-1,-1,-1,-1,-1,-1,-1,-1,-1,-1,-1,-1,-1,-1,-1,-1,-1,-1,-1,-1,-1,-1,-1,-1|./seeds/seed_005.txt
0,1,2,5,4,6,3,9,7,8,10,14,19,11,18,12,16,34,15,13,25,23,17,26,32,24,29,28,33,21,20,22,35,31,30,27,36,37,38|1,1,1,1,1,1,1,1,1,1,1,1,1,1,1,1,1,1,1,1,1,-1,1,1,-1,1,1,-1,-1,-1,-1,-1,-1,-1,-1,-1,-1,-1,-1|./seeds/seed_003.txt
0,1,2,5,4,6,3,9,8,7,10,14,19,11,18,12,16,15,34,13,17,25,26,24,23,29,32,20,28,33,21,22,35,31,27,36,30,37,38|1,1,1,1,1,1,1,1,1,1,1,1,1,1,1,1,1,1,1,1,1,1,1,1,-1,1,-1,-1,-1,-1,-1,-1,-1,-1,-1,-1,-1,-1,-1|./seeds/seed_002.txt
5,2,6,0,4,1,3,8,7,9,10,14,19,11,18,12,16,15,13,17,25,34,26,29,24,38,37,30,36,28,22,27,35,21,31,33,20,32,23|1,1,1,1,1,1,1,1,1,1,1,1,1,1,1,1,1,1,1,1,1,1,1,1,1,1,1,1,1,1,1,1,1,1,1,1,1,1,-1|./seeds/seed_006.txt
0,1,2,5,6,4,3,9,7,8,10,14,19,11,18,12,16,15,25,13,17,34,26,24,29,23,20,32,33,28,38,30,21,31,35,37,27,36,22|1,1,1,1,1,1,1,1,1,1,1,1,1,1,1,1,1,1,1,1,1,1,1,1,1,-1,-1,-1,-1,-1,1,1,-1,-1,-1,1,-1,-1,-1|./seeds/seed_001.txt
1,0,2,5,4,32,21,35,28,27,38,31,22,23,6,20,36,33,30,37,3,9,25,26,29,8,24,34,7,10,17,15,13,14,16,12,19,18,11|-1,-1,-1,-1,-1,1,1,1,1,1,1,1,1,1,-1,1,1,1,1,1,-1,-1,1,1,1,-1,1,1,-1,-1,1,1,1,-1,1,1,-1,1,1|./seeds/seed_002.txt
1,0,2,35,32,21,28,27,38,31,36,22,23,30,20,33,37,5,4,25,26,3,29,24,6,34,9,17,15,13,8,12,16,7,18,11,10,14,19|-1,-1,-1,1,1,1,1,1,1,1,1,1,1,1,1,1,1,-1,-1,1,1,-1,1,1,-1,1,-1,1,1,1,-1,1,1,-1,1,1,-1,-1,1|./seeds/seed_007.txt
5,2,4,6,3,9,21,33,31,38,32,35,36,28,20,27,30,37,22,23,8,7,26,25,0,1,34,10,24,29,17,14,15,19,16,13,12,18,11|1,1,1,1,1,1,-1,-1,-1,-1,-1,-1,-1,-1,-1,-1,-1,-1,-1,-1,1,1,-1,-1,1,1,-1,1,-1,-1,-1,1,-1,1,-1,-1,-1,-1,-1|./seeds/seed_002.txt
21,38,31,33,35,32,20,27,36,37,30,28,22,5,23,4,2,25,26,6,9,24,34,29,3,0,1,8,17,15,13,7,16,12,18,10,11,14,19|-1,-1,-1,-1,-1,-1,-1,-1,-1,-1,-1,-1,-1,1,-1,1,1,-1,-1,1,1,-1,-1,-1,1,1,1,1,-1,-1,-1,1,-1,-1,-1,1,-1,1,1|./seeds/seed_006.txt
6,4,14,19,9,5,7,28,21,27,22,30,23,20,31,37,33,36,32,35,38,8,3,1,29,0,26,24,34,25,11,18,12,15,17,16,2,13,10|1,1,1,1,1,1,1,-1,-1,-1,-1,-1,-1,-1,-1,-1,-1,-1,-1,-1,-1,1,1,-1,1,-1,1,1,1,1,1,1,1,1,1,1,1,1,1|./seeds/seed_000.txt
6,4,14,19,9,5,7,28,27,21,22,23,30,20,31,37,33,36,32,35,38,8,3,1,0,29,26,11,24,34,25,18,12,15,17,16,2,13,10|1,1,1,1,1,1,1,-1,-1,-1,-1,-1,-1,-1,-1,-1,-1,-1,-1,-1,-1,1,1,-1,-1,1,1,1,1,1,1,1,1,1,1,1,1,1,1|./seeds/seed_005.txt
19,14,9,7,27,28,20,21,23,31,30,37,33,6,22,32,36,35,4,38,2,8,0,11,1,18,10,29,34,25,12,13,24,16,15,26,17,3,5|1,1,1,1,-1,-1,-1,-1,-1,-1,-1,-1,-1,1,-1,-1,-1,-1,1,-1,-1,1,-1,1,-1,1,1,1,1,1,1,1,1,1,1,1,1,1,1|./seeds/seed_005.txt
19,14,7,11,9,2,0,18,13,16,1,15,12,17,10,27,8,24,28,29,25,34,30,21,31,20,23,22,33,26,37,32,5,36,35,6,38,4,3|1,1,1,1,1,-1,-1,1,1,1,-1,1,1,1,1,-1,1,1,-1,1,1,1,-1,-1,-1,-1,-1,-1,-1,1,-1,-1,-1,-1,-1,1,-1,1,1|./seeds/seed_001.txt
0,1,2,5,4,6,3,9,8,7,10,14,19,11,18,12,16,15,34,13,17,25,26,24,23,29,32,20,28,33,21,22,35,31,27,36,30,37,38|1,1,1,1,1,1,1,1,1,1,1,1,1,1,1,1,1,1,1,1,1,1,1,1,-1,1,-1,-1,-1,-1,-1,-1,-1,-1,-1,-1,-1,-1,-1|./seeds/seed_002.txt
0,1,2,5,4,6,3,9,7,8,10,14,19,11,18,12,16,15,13,25,34,17,26,29,24,23,32,20,33,28,38,21,31,22,36,27,30,35,37|1,1,1,1,1,1,1,1,1,1,1,1,1,1,1,1,1,1,1,1,1,1,1,1,1,-1,-1,-1,-1,-1,1,-1,-1,-1,-1,-1,1,-1,1|./seeds/seed_007.txt
1,0,4,2,6,5,3,9,32,23,33,28,21,30,31,27,36,35,22,38,20,37,7,8,10,14,19,17,15,13,16,25,12,29,18,26,34,11,24|1,1,1,1,1,1,1,1,-1,-1,-1,-1,-1,-1,-1,-1,-1,-1,-1,-1,-1,-1,1,1,1,1,1,-1,-1,-1,-1,-1,-1,-1,-1,-1,-1,-1,-1|./seeds/seed_001.txt
4,6,5,1,0,9,2,32,27,23,21,33,30,31,28,36,35,38,22,3,20,37,7,8,19,14,10,17,25,13,15,29,12,26,34,24,18,16,11|1,1,1,1,1,1,1,-1,-1,-1,-1,-1,-1,-1,-1,-1,-1,-1,-1,1,-1,-1,1,1,1,1,1,-1,-1,-1,-1,-1,-1,-1,-1,-1,-1,-1,-1|./seeds/seed_006.txt
1,0,4,2,6,5,3,9,32,23,33,28,21,30,31,27,36,35,22,38,20,37,7,8,10,14,19,17,15,13,16,25,12,29,18,26,34,11,24|1,1,1,1,1,1,1,1,-1,-1,-1,-1,-1,-1,-1,-1,-1,-1,-1,-1,-1,-1,1,1,1,1,1,-1,-1,-1,-1,-1,-1,-1,-1,-1,-1,-1,-1|./seeds/seed_001.txt
4,6,9,5,28,21,23,27,32,33,30,31,22,20,36,35,38,37,7,19,1,0,14,3,2,8,10,17,25,26,15,29,13,18,34,12,24,16,11|1,1,1,1,-1,-1,-1,-1,-1,-1,-1,-1,-1,-1,-1,-1,-1,-1,1,1,1,1,1,1,1,1,1,-1,-1,-1,-1,-1,-1,-1,-1,-1,-1,-1,-1|./seeds/seed_005.txt
4,6,5,1,0,9,2,32,27,23,21,33,30,31,28,36,35,38,22,3,20,37,7,8,19,14,10,17,25,13,15,29,12,26,34,24,18,16,11|1,1,1,1,1,1,1,-1,-1,-1,-1,-1,-1,-1,-1,-1,-1,-1,-1,1,-1,-1,1,1,1,1,1,-1,-1,-1,-1,-1,-1,-1,-1,-1,-1,-1,-1|./seeds/seed_006.txt
1,0,4,2,6,5,3,9,32,23,33,28,21,30,31,27,36,35,22,38,20,37,7,8,10,14,19,17,15,13,16,25,12,29,18,26,34,11,24|1,1,1,1,1,1,1,1,-1,-1,-1,-1,-1,-1,-1,-1,-1,-1,-1,-1,-1,-1,1,1,1,1,1,-1,-1,-1,-1,-1,-1,-1,-1,-1,-1,-1,-1|./seeds/seed_001.txt
1,0,2,4,6,5,3,9,32,7,23,33,31,21,30,27,28,38,36,22,20,37,35,8,14,10,19,17,13,15,16,29,25,12,26,18,34,24,11|1,1,1,1,1,1,1,1,-1,1,-1,-1,-1,-1,-1,-1,-1,-1,-1,-1,-1,-1,-1,1,1,1,1,-1,-1,-1,-1,-1,-1,-1,-1,-1,-1,-1,-1|./seeds/seed_002.txt
4,6,9,5,23,32,28,21,27,33,31,30,35,36,22,20,38,37,7,1,0,3,2,19,14,8,10,17,25,15,13,26,29,18,24,12,16,34,11|1,1,1,1,-1,-1,-1,-1,-1,-1,-1,-1,-1,-1,-1,-1,-1,-1,1,1,1,1,1,1,1,1,1,-1,-1,-1,-1,-1,-1,-1,-1,-1,-1,-1,-1|./seeds/seed_000.txt
35,21,32,28,27,31,38,20,33,36,23,37,30,22,4,25,5,26,9,29,24,1,0,34,6,2,3,8,15,17,7,13,12,18,16,14,19,11,10|1,1,1,1,1,1,1,1,1,1,1,1,1,1,-1,1,-1,1,-1,1,1,-1,-1,1,-1,-1,-1,-1,1,1,-1,1,1,1,1,-1,-1,1,-1|./seeds/seed_000.txt
35,28,21,32,27,31,20,38,37,36,33,30,23,22,25,26,4,5,29,24,34,9,0,1,6,2,3,15,8,17,13,7,12,18,16,19,14,11,10|1,1,1,1,1,1,1,1,1,1,1,1,1,1,1,1,-1,-1,1,1,1,-1,-1,-1,-1,-1,-1,1,-1,1,1,-1,1,1,1,-1,-1,1,-1|./seeds/seed_005.txt
21,38,31,33,35,32,20,27,36,37,30,28,22,5,23,4,2,25,26,6,9,24,34,29,3,0,1,8,17,15,13,7,16,12,18,10,11,14,19|-1,-1,-1,-1,-1,-1,-1,-1,-1,-1,-1,-1,-1,1,-1,1,1,-1,-1,1,1,-1,-1,-1,1,1,1,1,-1,-1,-1,1,-1,-1,-1,1,-1,1,1|./seeds/seed_006.txt
2,5,4,31,38,21,33,35,32,30,27,37,36,3,20,22,28,23,6,26,0,25,1,9,24,29,34,8,7,17,10,15,13,16,12,18,11,14,19|1,1,1,-1,-1,-1,-1,-1,-1,-1,-1,-1,-1,1,-1,-1,-1,-1,1,-1,1,-1,1,1,-1,-1,-1,1,1,-1,1,-1,-1,-1,-1,-1,-1,1,1|./seeds/seed_001.txt
0,1,19,14,7,9,11,18,15,16,13,12,17,8,10,6,2,24,25,28,4,29,34,27,26,23,33,31,21,30,20,22,36,37,3,35,32,38,5|-1,-1,1,1,1,1,1,1,1,1,1,1,1,1,1,1,-1,1,1,-1,1,1,1,-1,1,-1,-1,-1,-1,-1,-1,-1,-1,-1,1,-1,-1,-1,1|./seeds/seed_007.txt
14,19,9,7,6,28,27,21,23,20,0,33,31,1,30,4,37,22,32,36,35,38,8,11,10,18,12,16,34,15,29,24,25,13,5,26,3,2,17|1,1,1,1,1,-1,-1,-1,-1,-1,-1,-1,-1,-1,-1,1,-1,-1,-1,-1,-1,-1,1,1,1,1,1,1,1,1,1,1,1,1,1,1,1,-1,1|./seeds/seed_005.txt
0,1,19,14,9,7,11,8,18,15,16,10,13,12,17,6,2,28,27,4,33,31,23,21,30,20,36,22,24,25,37,32,29,35,34,26,38,3,5|-1,-1,1,1,1,1,1,1,1,1,1,1,1,1,1,1,-1,-1,-1,1,-1,-1,-1,-1,-1,-1,-1,-1,1,1,-1,-1,1,-1,1,1,-1,1,1|./seeds/seed_004.txt
14,19,9,7,6,28,0,1,27,21,23,20,33,30,31,22,37,4,36,35,32,38,8,11,18,10,12,16,34,25,15,2,24,29,13,17,26,5,3|1,1,1,1,1,-1,-1,-1,-1,-1,-1,-1,-1,-1,-1,-1,-1,1,-1,-1,-1,-1,1,1,1,1,1,1,1,1,1,-1,1,1,1,1,1,1,1|./seeds/seed_000.txt
6,5,11,17,18,15,16,19,14,12,4,13,7,3,29,9,24,34,26,8,25,1,0,35,10,38,23,36,20,28,30,32,21,37,33,31,27,22,2|1,1,1,1,1,1,1,1,1,1,1,1,1,1,1,1,1,1,1,1,1,-1,-1,1,1,1,1,1,1,1,1,1,1,1,1,1,1,1,1|./seeds/seed_007.txt
6,5,18,15,17,11,12,16,13,14,4,19,25,29,24,34,26,7,3,8,38,35,28,36,30,23,20,37,9,10,32,2,33,22,31,27,21,0,1|1,1,1,1,1,1,1,1,1,1,1,1,1,1,1,1,1,1,1,1,1,1,1,1,1,1,1,1,1,1,1,1,1,1,1,1,1,1,1|./seeds/seed_005.txt
1,0,2,32,35,21,28,4,5,31,38,27,20,30,23,33,36,37,22,25,3,26,6,29,24,34,9,8,17,15,13,12,16,7,10,18,11,14,19|-1,-1,-1,1,1,1,1,-1,-1,1,1,1,1,1,1,1,1,1,1,1,-1,1,-1,1,1,1,-1,-1,1,1,1,1,1,-1,-1,1,1,-1,1|./seeds/seed_001.txt
1,0,2,5,4,32,21,35,28,27,38,31,22,23,6,20,36,33,30,37,3,9,25,26,29,8,24,34,7,10,17,15,13,14,16,12,19,18,11|-1,-1,-1,-1,-1,1,1,1,1,1,1,1,1,1,-1,1,1,1,1,1,-1,-1,1,1,1,-1,1,1,-1,-1,1,1,1,-1,1,1,-1,1,1|./seeds/seed_002.txt
5,6,19,11,14,13,17,15,16,12,18,4,7,3,9,25,29,8,1,0,26,34,24,38,20,35,10,30,23,28,22,31,37,32,36,21,27,33,2|-1,-1,-1,-1,-1,-1,-1,-1,-1,-1,-1,-1,-1,-1,-1,-1,-1,-1,1,1,-1,-1,-1,-1,-1,-1,-1,-1,-1,-1,-1,-1,-1,-1,-1,-1,-1,-1,-1|./seeds/seed_007.txt
18,12,11,17,15,13,16,14,5,6,19,25,24,38,26,34,29,35,20,30,7,4,3,36,28,22,23,32,31,37,27,21,33,8,9,10,2,1,0|-1,-1,-1,-1,-1,-1,-1,-1,-1,-1,-1,-1,-1,-1,-1,-1,-1,-1,-1,-1,-1,-1,-1,-1,-1,-1,-1,-1,-1,-1,-1,-1,-1,-1,-1,-1,-1,1,1|./seeds/seed_006.txt
7,8,9,6,10,14,18,11,19,16,15,12,17,13,5,3,4,29,25,24,34,26,38,35,2,20,32,36,37,30,27,28,31,21,22,23,33,1,0|1,1,1,1,1,1,1,1,1,1,1,1,1,1,1,1,1,1,1,1,1,1,1,1,1,1,1,1,1,1,1,1,1,1,1,1,1,-1,-1|./seeds/seed_000.txt
7,9,8,1,10,0,6,19,14,11,16,5,15,13,17,18,12,4,3,25,29,24,34,26,38,35,32,20,36,37,30,23,28,27,22,33,21,31,2|1,1,1,-1,1,-1,1,1,1,1,1,1,1,1,1,1,1,1,1,1,1,1,1,1,1,1,1,1,1,1,1,1,1,1,1,1,1,1,-1|./seeds/seed_002.txt
31,36,21,38,35,23,33,27,28,32,20,37,30,22,25,5,4,26,9,24,6,29,1,34,0,2,3,17,8,15,7,13,12,16,18,14,11,10,19|-1,-1,-1,-1,-1,-1,-1,-1,-1,-1,-1,-1,-1,-1,-1,1,1,-1,1,-1,1,-1,1,-1,1,1,1,-1,1,-1,1,-1,-1,-1,-1,1,-1,1,1|./seeds/seed_000.txt
0,1,2,32,21,31,35,36,23,28,38,27,33,20,30,5,22,37,4,25,26,3,6,29,24,34,9,17,15,13,16,12,8,18,11,10,7,19,14|1,1,1,-1,-1,-1,-1,-1,-1,-1,-1,-1,-1,-1,-1,1,-1,-1,1,-1,-1,1,1,-1,-1,-1,1,-1,-1,-1,-1,-1,1,-1,-1,1,1,-1,1|./seeds/seed_007.txt
6,5,2,4,3,7,8,9,10,14,19,12,18,11,15,1,0,17,13,16,24,25,26,29,34,38,35,28,37,20,30,27,36,22,23,21,33,31,32|-1,-1,-1,-1,-1,-1,-1,-1,-1,-1,-1,-1,-1,-1,-1,-1,-1,-1,-1,-1,-1,-1,-1,-1,-1,-1,-1,-1,-1,-1,-1,-1,-1,-1,-1,-1,-1,-1,-1|./seeds/seed_000.txt
5,2,4,6,3,8,7,9,10,0,1,19,14,12,11,13,18,17,15,16,24,26,29,25,34,32,21,31,36,38,33,23,37,28,27,30,35,22,20|-1,-1,-1,-1,-1,-1,-1,-1,-1,-1,-1,-1,-1,-1,-1,-1,-1,-1,-1,-1,-1,-1,-1,-1,-1,1,1,1,1,-1,1,1,1,-1,1,1,1,1,1|./seeds/seed_003.txt
6,5,4,3,7,2,8,14,9,10,19,12,16,18,11,15,17,1,13,24,0,25,34,29,26,38,35,36,37,22,28,20,21,30,23,31,27,32,33|1,1,1,1,1,1,1,1,1,1,1,1,1,1,1,1,1,1,1,1,1,1,1,1,1,1,1,1,1,1,1,1,1,1,1,1,1,1,1|./seeds/seed_005.txt
6,5,4,3,7,2,8,9,10,14,19,12,18,11,16,1,15,17,0,13,24,25,34,26,29,38,36,35,37,22,28,20,30,21,23,31,27,32,33|1,1,1,1,1,1,1,1,1,1,1,1,1,1,1,1,1,1,1,1,1,1,1,1,1,1,1,1,1,1,1,1,1,1,1,1,1,1,1|./seeds/seed_000.txt
4,6,9,5,28,30,21,7,27,31,23,20,33,32,22,36,37,35,38,19,14,3,8,2,1,10,0,17,25,15,13,12,29,24,26,11,34,18,16|1,1,1,1,-1,-1,-1,1,-1,-1,-1,-1,-1,-1,-1,-1,-1,-1,-1,1,1,1,1,1,1,1,1,-1,-1,-1,-1,-1,-1,-1,-1,1,-1,1,1|./seeds/seed_005.txt
4,6,5,2,9,3,7,30,21,28,27,32,1,31,8,33,22,36,23,37,20,0,35,38,14,19,10,15,17,25,13,12,29,24,18,34,11,26,16|1,1,1,1,1,1,1,-1,-1,-1,-1,-1,1,-1,1,-1,-1,-1,-1,-1,-1,1,-1,-1,1,1,1,-1,-1,-1,-1,-1,-1,-1,1,-1,1,1,-1|./seeds/seed_001.txt
31,21,36,38,35,32,27,20,33,23,28,30,37,5,0,22,1,4,25,2,26,6,24,34,9,29,3,17,13,8,15,12,16,18,7,11,10,19,14|-1,-1,-1,-1,-1,-1,-1,-1,-1,-1,-1,-1,-1,1,1,-1,1,1,-1,1,-1,1,-1,-1,1,-1,1,-1,-1,1,-1,-1,-1,-1,1,-1,1,-1,1|./seeds/seed_006.txt
0,1,2,31,32,21,5,35,36,33,38,20,23,28,4,27,30,37,22,25,3,26,6,29,24,34,9,17,13,8,15,16,12,18,10,11,7,19,14|1,1,1,-1,-1,-1,1,-1,-1,-1,-1,-1,-1,-1,1,-1,-1,-1,-1,-1,1,-1,1,-1,-1,-1,1,-1,-1,1,-1,-1,-1,-1,1,-1,1,-1,-1|./seeds/seed_001.txt
