# relative_time, cycles_done, cur_item, corpus_count, pending_total, pending_favs, map_size, saved_crashes, saved_hangs, max_depth, execs_per_sec, total_execs, edges_found
60, 1, 5, 147, 75, 0, 2.00%, 5, 2, 8, 2216.16, 159354, 1311
66, 1, 39, 148, 76, 0, 2.00%, 5, 2, 8, 1994.99, 169098, 1311
71, 1, 149, 150, 77, 0, 2.00%, 5, 2, 8, 2850.16, 184604, 1311
76, 1, 103, 151, 76, 0, 2.00%, 5, 2, 8, 165.66, 195659, 1311
81, 2, 27, 151, 75, 0, 2.00%, 5, 2, 8, 2434.57, 208339, 1311
86, 2, 27, 152, 74, 0, 2.00%, 5, 2, 8, 2893.51, 223803, 1312
91, 2, 130, 153, 75, 0, 2.00%, 5, 2, 8, 3011.72, 239177, 1312
96, 2, 55, 156, 76, 0, 2.00%, 5, 2, 8, 2813.49, 253440, 1312
101, 2, 154, 157, 76, 0, 2.00%, 5, 2, 8, 2688.12, 267518, 1312
106, 2, 125, 157, 75, 0, 2.00%, 5, 2, 8, 2920.12, 282612, 1312
111, 2, 55, 157, 74, 0, 2.00%, 5, 2, 8, 3008.18, 292606, 1312
116, 3, 35, 159, 75, 0, 2.01%, 5, 2, 8, 2104.75, 303340, 1314
121, 3, 154, 159, 75, 0, 2.01%, 5, 2, 8, 2312.60, 316341, 1314
127, 3, 55, 159, 75, 0, 2.01%, 5, 2, 8, 2020.44, 326456, 1314
132, 3, 61, 159, 74, 0, 2.01%, 5, 2, 8, 1578.88, 334235, 1314
137, 3, 88, 159, 74, 0, 2.01%, 5, 2, 8, 1531.37, 341853, 1314
142, 3, 39, 159, 73, 0, 2.01%, 5, 2, 8, 1616.75, 349920, 1314
147, 3, 3, 160, 74, 0, 2.01%, 5, 2, 8, 1944.96, 356828, 1314
152, 3, 125, 160, 74, 0, 2.01%, 5, 2, 8, 2511.62, 370069, 1314
157, 4, 55, 160, 73, 0, 2.01%, 5, 2, 8, 2817.29, 384932, 1314
162, 4, 4, 160, 73, 0, 2.01%, 5, 2, 8, 2563.75, 397759, 1314
167, 4, 130, 160, 73, 0, 2.01%, 5, 2, 8, 1675.79, 405727, 1314
172, 4, 27, 160, 73, 0, 2.01%, 5, 2, 8, 1184.35, 411600, 1314
177, 4, 79, 160, 72, 0, 2.01%, 5, 2, 8, 2313.46, 418060, 1314
182, 4, 62, 161, 71, 0, 2.02%, 5, 2, 8, 2380.20, 430054, 1323
188, 4, 130, 161, 70, 0, 2.02%, 6, 2, 8, 2380.35, 442181, 1323
193, 4, 160, 161, 69, 0, 2.02%, 6, 2, 8, 2338.03, 454320, 1323
198, 4, 160, 161, 69, 0, 2.02%, 8, 2, 8, 1471.08, 460695, 1323
203, 4, 160, 162, 70, 0, 2.02%, 8, 2, 8, 377.50, 462836, 1323
208, 5, 125, 162, 70, 0, 2.02%, 8, 2, 8, 1298.59, 469184, 1323
213, 5, 56, 163, 71, 0, 2.02%, 8, 2, 8, 1663.79, 475273, 1323
218, 5, 9, 163, 70, 0, 2.02%, 8, 2, 8, 2491.23, 488865, 1323
223, 5, 121, 163, 70, 0, 2.02%, 9, 2, 8, 2472.67, 501975, 1323
229, 5, 7, 163, 70, 0, 2.02%, 9, 2, 8, 2814.72, 516865, 1323
234, 5, 55, 163, 70, 0, 2.02%, 9, 2, 8, 1710.55, 524579, 1323
239, 5, 161, 163, 70, 0, 2.02%, 9, 2, 8, 384.54, 533449, 1323
244, 5, 4, 163, 69, 0, 2.02%, 9, 2, 8, 257.23, 540862, 1323
249, 6, 5, 164, 69, 0, 2.02%, 10, 2, 8, 2165.88, 552154, 1323
254, 6, 130, 164, 67, 0, 2.02%, 10, 2, 8, 2620.14, 566335, 1323
260, 6, 5, 165, 68, 0, 2.02%, 10, 2, 8, 2942.86, 578288, 1323
265, 6, 2, 165, 68, 0, 2.02%, 10, 2, 8, 2788.77, 592298, 1323
270, 6, 39, 166, 69, 0, 2.02%, 11, 2, 8, 2633.94, 605718, 1323
275, 6, 3, 166, 68, 0, 2.02%, 12, 2, 8, 2668.42, 619435, 1323
280, 6, 114, 166, 67, 0, 2.02%, 12, 2, 8, 2761.25, 629402, 1323
285, 7, 87, 167, 68, 0, 2.02%, 13, 2, 8, 2551.18, 641173, 1323
290, 7, 104, 167, 66, 0, 2.02%, 13, 2, 8, 2727.20, 655507, 1323
296, 7, 160, 168, 65, 0, 2.02%, 13, 2, 8, 2669.68, 669661, 1323
301, 7, 9, 168, 65, 0, 2.02%, 13, 2, 8, 2264.08, 678444, 1323
306, 7, 5, 169, 65, 0, 2.02%, 13, 2, 8, 2457.49, 690566, 1323
311, 7, 168, 169, 65, 0, 2.02%, 13, 2, 8, 330.09, 698935, 1323
316, 7, 7, 169, 65, 0, 2.02%, 13, 2, 8, 2730.31, 712584, 1323
321, 8, 160, 169, 65, 0, 2.02%, 13, 2, 8, 66.04, 719965, 1323
327, 8, 168, 172, 68, 0, 2.02%, 13, 2, 8, 1722.32, 729371, 1323
332, 8, 7, 172, 68, 0, 2.02%, 13, 2, 8, 2570.70, 740342, 1323
337, 8, 125, 172, 66, 0, 2.02%, 13, 2, 8, 2684.90, 753655, 1323
342, 8, 27, 172, 65, 0, 2.02%, 13, 2, 8, 2686.23, 767119, 1323
347, 8, 69, 172, 65, 0, 2.02%, 13, 2, 8, 2717.78, 777740, 1323
352, 8, 55, 172, 65, 0, 2.02%, 13, 2, 8, 2767.48, 791647, 1323
357, 9, 69, 172, 65, 0, 2.02%, 14, 2, 8, 2267.35, 803216, 1323
362, 9, 116, 172, 65, 0, 2.02%, 14, 2, 8, 998.23, 809810, 1323
367, 9, 27, 172, 65, 0, 2.02%, 14, 2, 8, 1861.91, 819291, 1323
373, 9, 158, 172, 64, 0, 2.02%, 15, 2, 8, 2599.26, 833933, 1323
379, 9, 130, 174, 66, 0, 2.02%, 15, 2, 8, 226.91, 844208, 1323
384, 9, 151, 174, 66, 0, 2.02%, 15, 2, 8, 2179.90, 855530, 1323
389, 9, 113, 174, 66, 0, 2.02%, 15, 2, 8, 2308.77, 867016, 1323
394, 10, 39, 174, 66, 0, 2.02%, 15, 2, 8, 2540.51, 880610, 1323
399, 10, 55, 174, 66, 0, 2.02%, 15, 2, 8, 2719.24, 894595, 1323
404, 10, 7, 174, 66, 0, 2.02%, 15, 2, 8, 2666.58, 908491, 1323
409, 10, 55, 174, 65, 0, 2.02%, 15, 2, 8, 2646.85, 922310, 1323
415, 10, 55, 174, 65, 0, 2.02%, 15, 2, 8, 1055.01, 931068, 1323
420, 10, 3, 174, 65, 0, 2.02%, 15, 2, 8, 2215.57, 943742, 1323
425, 10, 2, 174, 65, 0, 2.02%, 15, 2, 8, 1500.11, 950021, 1323
430, 11, 160, 175, 65, 0, 2.02%, 15, 2, 8, 339.57, 960019, 1323
435, 11, 62, 175, 65, 0, 2.02%, 15, 2, 8, 2022.39, 968961, 1323
440, 11, 125, 175, 65, 0, 2.02%, 15, 2, 8, 2385.76, 980831, 1323
446, 11, 160, 175, 65, 0, 2.02%, 16, 2, 8, 56.07, 991010, 1323
451, 11, 160, 175, 65, 0, 2.02%, 17, 2, 8, 1487.87, 1002285, 1323
456, 11, 55, 175, 65, 0, 2.02%, 17, 2, 8, 2300.14, 1014799, 1323
461, 12, 130, 175, 64, 0, 2.02%, 17, 2, 8, 2578.69, 1028035, 1323
466, 12, 21, 175, 64, 0, 2.02%, 17, 2, 8, 2721.54, 1041841, 1323
471, 12, 103, 175, 64, 0, 2.02%, 17, 2, 8, 2756.74, 1055829, 1323
476, 12, 27, 176, 65, 0, 2.02%, 18, 2, 8, 2742.19, 1069974, 1323
481, 12, 130, 176, 65, 0, 2.02%, 18, 2, 8, 2956.57, 1080594, 1323
487, 12, 123, 176, 65, 0, 2.02%, 18, 2, 8, 2832.84, 1094966, 1323
492, 12, 5, 176, 65, 0, 2.02%, 18, 2, 8, 2348.88, 1105939, 1323
497, 12, 36, 176, 65, 0, 2.02%, 18, 2, 8, 1720.96, 1113647, 1323
502, 13, 5, 176, 65, 0, 2.02%, 18, 2, 8, 2392.21, 1126226, 1323
507, 13, 17, 176, 64, 0, 2.02%, 18, 2, 8, 2599.70, 1139941, 1323
513, 13, 5, 176, 64, 0, 2.02%, 18, 2, 8, 298.38, 1151649, 1323
518, 13, 27, 177, 64, 0, 2.02%, 18, 2, 8, 2777.18, 1165635, 1323
523, 13, 52, 178, 64, 0, 2.02%, 18, 2, 8, 2789.76, 1179926, 1326
528, 14, 4, 181, 67, 0, 2.02%, 18, 2, 8, 2703.36, 1193406, 1326
533, 14, 52, 181, 67, 0, 2.02%, 18, 2, 8, 2290.47, 1205130, 1326
538, 14, 5, 182, 67, 0, 2.02%, 18, 2, 8, 2167.59, 1214988, 1327
543, 14, 182, 183, 67, 0, 2.03%, 18, 2, 8, 228.90, 1224426, 1328
549, 14, 182, 183, 67, 0, 2.03%, 18, 2, 8, 2341.62, 1230646, 1328
554, 14, 130, 183, 67, 0, 2.03%, 18, 2, 8, 2674.75, 1244480, 1328
559, 14, 182, 183, 67, 0, 2.03%, 18, 2, 8, 2501.29, 1256833, 1328
564, 14, 21, 184, 68, 0, 2.03%, 18, 2, 8, 469.72, 1263014, 1328
569, 14, 61, 184, 68, 0, 2.03%, 18, 2, 8, 2518.38, 1275324, 1328
574, 14, 21, 184, 68, 0, 2.03%, 18, 2, 8, 2422.66, 1288239, 1328
580, 15, 88, 184, 68, 0, 2.03%, 18, 2, 8, 217.11, 1300336, 1328
585, 15, 87, 186, 70, 0, 2.03%, 18, 2, 8, 2593.63, 1313195, 1328
590, 15, 35, 187, 70, 0, 2.03%, 18, 2, 9, 2731.92, 1327344, 1332
595, 15, 61, 188, 70, 0, 2.03%, 18, 2, 9, 2704.94, 1340722, 1332
601, 15, 27, 189, 71, 0, 2.03%, 19, 2, 9, 2643.54, 1354724, 1332
606, 15, 39, 191, 73, 0, 2.03%, 19, 2, 9, 2723.36, 1368446, 1332
611, 15, 52, 191, 72, 0, 2.03%, 19, 2, 9, 1779.31, 1376344, 1332
616, 15, 123, 193, 74, 0, 2.03%, 19, 2, 9, 1922.46, 1384330, 1332
621, 15, 116, 193, 73, 0, 2.03%, 19, 2, 9, 2393.00, 1397266, 1332
626, 16, 5, 193, 71, 0, 2.03%, 19, 2, 9, 2167.35, 1407622, 1332
631, 16, 50, 193, 70, 0, 2.03%, 19, 2, 9, 2231.92, 1418927, 1332
636, 16, 5, 193, 70, 0, 2.03%, 19, 2, 9, 2566.17, 1432176, 1332
641, 16, 5, 193, 70, 0, 2.03%, 19, 2, 9, 2578.96, 1445202, 1332
647, 16, 67, 194, 70, 0, 2.03%, 19, 2, 9, 402.78, 1456505, 1332
652, 16, 113, 195, 71, 0, 2.03%, 19, 2, 9, 2613.77, 1469910, 1332
657, 16, 123, 199, 75, 0, 2.03%, 19, 2, 9, 2433.95, 1482057, 1332
663, 17, 130, 199, 75, 0, 2.03%, 19, 2, 9, 3074.26, 1492761, 1332
668, 17, 14, 200, 75, 0, 2.03%, 19, 2, 9, 2617.68, 1505088, 1332
673, 17, 3, 200, 75, 0, 2.03%, 19, 2, 9, 2434.95, 1517631, 1332
678, 17, 5, 200, 75, 0, 2.03%, 19, 2, 9, 2116.91, 1528407, 1332
683, 17, 69, 200, 75, 0, 2.03%, 19, 2, 9, 1841.50, 1536151, 1332
688, 17, 21, 200, 75, 0, 2.03%, 19, 2, 9, 2488.94, 1549367, 1332
693, 17, 69, 201, 74, 0, 2.04%, 19, 2, 9, 2148.55, 1559633, 1334
698, 17, 79, 204, 76, 0, 2.04%, 19, 2, 9, 2213.40, 1569847, 1335
703, 17, 87, 205, 75, 0, 2.04%, 19, 2, 9, 2470.44, 1582682, 1339
708, 17, 5, 205, 75, 0, 2.04%, 19, 2, 9, 1944.04, 1593567, 1339
715, 18, 7, 205, 74, 0, 2.04%, 19, 2, 9, 100.41, 1605260, 1339
720, 18, 3, 205, 74, 0, 2.04%, 19, 2, 9, 2543.48, 1618646, 1339
725, 18, 7, 206, 75, 0, 2.04%, 19, 2, 9, 2554.11, 1631441, 1339
730, 18, 204, 206, 75, 0, 2.04%, 19, 2, 9, 2420.32, 1643610, 1339
735, 18, 151, 206, 75, 0, 2.04%, 19, 2, 9, 2126.03, 1654060, 1339
740, 18, 21, 206, 75, 0, 2.04%, 20, 2, 9, 2393.79, 1666188, 1339
745, 18, 158, 207, 76, 0, 2.04%, 20, 2, 9, 2567.81, 1679535, 1339
750, 18, 188, 207, 76, 0, 2.04%, 20, 2, 9, 2281.54, 1688705, 1339
756, 18, 116, 207, 75, 0, 2.04%, 20, 2, 9, 2466.60, 1701857, 1339
761, 19, 130, 207, 74, 0, 2.04%, 20, 2, 9, 2255.56, 1713742, 1339
766, 19, 21, 207, 74, 0, 2.04%, 20, 2, 9, 2474.43, 1726238, 1339
771, 19, 182, 207, 73, 0, 2.04%, 20, 2, 9, 2544.89, 1739012, 1339
776, 19, 125, 209, 74, 0, 2.04%, 20, 2, 9, 2482.61, 1751470, 1339
782, 19, 19, 209, 73, 0, 2.04%, 20, 2, 9, 238.64, 1763085, 1339
787, 19, 130, 209, 73, 0, 2.04%, 20, 2, 9, 2739.76, 1776474, 1339
792, 19, 21, 209, 72, 0, 2.04%, 20, 2, 9, 2469.70, 1788675, 1339
797, 19, 55, 209, 71, 0, 2.04%, 20, 2, 9, 2616.22, 1802160, 1339
802, 19, 87, 210, 72, 0, 2.04%, 20, 2, 9, 2406.11, 1813282, 1339
807, 20, 154, 210, 72, 0, 2.04%, 20, 2, 9, 2892.04, 1823846, 1339
812, 20, 138, 211, 72, 0, 2.04%, 20, 2, 9, 2568.90, 1836486, 1339
817, 20, 108, 211, 72, 0, 2.04%, 20, 2, 9, 2434.87, 1843740, 1339
822, 20, 160, 211, 71, 0, 2.04%, 20, 2, 9, 2251.98, 1855374, 1339
828, 20, 108, 211, 71, 0, 2.04%, 20, 2, 9, 2237.36, 1866071, 1339
833, 20, 3, 212, 72, 0, 2.04%, 20, 2, 9, 2334.67, 1878248, 1339
838, 20, 19, 212, 72, 0, 2.04%, 20, 2, 9, 2240.30, 1888838, 1339
843, 20, 50, 212, 72, 0, 2.04%, 20, 2, 9, 2564.45, 1901995, 1339
849, 20, 4, 212, 72, 0, 2.04%, 20, 2, 9, 106.48, 1912496, 1339
854, 20, 69, 213, 73, 0, 2.04%, 20, 2, 9, 2565.93, 1924753, 1339
859, 21, 160, 214, 74, 0, 2.04%, 20, 2, 9, 2855.31, 1936033, 1339
865, 21, 72, 214, 74, 0, 2.04%, 20, 2, 9, 2703.31, 1946438, 1339
870, 21, 39, 215, 74, 0, 2.04%, 20, 2, 9, 2543.07, 1958996, 1339
875, 21, 125, 215, 74, 0, 2.04%, 20, 2, 9, 2573.82, 1972256, 1339
880, 21, 21, 215, 74, 0, 2.04%, 20, 2, 9, 2407.28, 1984289, 1339
885, 21, 35, 215, 74, 0, 2.04%, 20, 2, 9, 2540.62, 1993758, 1339
890, 21, 39, 215, 74, 0, 2.04%, 20, 2, 9, 2450.52, 2006305, 1339
895, 21, 125, 217, 75, 0, 2.04%, 20, 2, 9, 2281.40, 2017456, 1339
900, 21, 4, 217, 75, 0, 2.04%, 20, 2, 9, 2156.96, 2027945, 1339
905, 21, 138, 218, 75, 0, 2.04%, 20, 2, 9, 1939.47, 2037081, 1340
910, 21, 16, 218, 75, 0, 2.04%, 20, 2, 9, 2055.93, 2047734, 1340
916, 22, 130, 218, 75, 0, 2.04%, 20, 2, 9, 293.07, 2060515, 1340
922, 22, 62, 218, 75, 0, 2.04%, 20, 2, 9, 2710.40, 2074876, 1340
927, 22, 217, 219, 75, 0, 2.05%, 20, 2, 9, 2505.82, 2087118, 1341
932, 22, 87, 219, 75, 0, 2.05%, 20, 2, 9, 2574.52, 2100038, 1341
937, 22, 182, 219, 74, 0, 2.05%, 20, 2, 9, 2494.98, 2112695, 1341
942, 22, 5, 219, 74, 0, 2.05%, 20, 2, 9, 2690.95, 2126028, 1341
947, 22, 217, 219, 72, 0, 2.05%, 20, 2, 9, 2662.96, 2139924, 1341
952, 22, 21, 219, 72, 0, 2.05%, 20, 2, 9, 2478.09, 2150130, 1341
958, 22, 87, 219, 72, 0, 2.05%, 20, 2, 9, 2205.85, 2161503, 1341
963, 22, 154, 220, 73, 0, 2.05%, 20, 2, 9, 2140.36, 2172988, 1341
968, 22, 117, 220, 73, 0, 2.05%, 20, 2, 9, 2726.36, 2187260, 1341
973, 22, 169, 220, 73, 0, 2.05%, 20, 2, 9, 1276.03, 2195705, 1341
978, 23, 160, 221, 73, 0, 2.05%, 20, 2, 9, 1575.97, 2204465, 1341
984, 23, 55, 221, 73, 0, 2.05%, 20, 2, 9, 80.94, 2209689, 1341
989, 23, 7, 221, 73, 0, 2.05%, 20, 2, 9, 2431.02, 2222099, 1341
994, 23, 158, 221, 73, 0, 2.05%, 20, 2, 9, 1949.05, 2231094, 1341
999, 23, 55, 221, 73, 0, 2.05%, 20, 2, 9, 2141.81, 2242852, 1341
1004, 23, 160, 223, 75, 0, 2.05%, 20, 2, 9, 488.57, 2249073, 1341
1009, 23, 4, 223, 74, 0, 2.05%, 20, 2, 9, 1306.81, 2256316, 1341
1014, 23, 67, 223, 74, 0, 2.05%, 20, 2, 9, 1391.53, 2263502, 1341
1019, 23, 130, 223, 74, 0, 2.05%, 20, 2, 9, 1586.46, 2268370, 1341
1025, 23, 60, 223, 73, 0, 2.05%, 20, 2, 9, 1254.45, 2274215, 1341
1030, 23, 17, 223, 73, 0, 2.05%, 20, 2, 9, 1442.89, 2282110, 1341
1035, 23, 16, 224, 74, 0, 2.05%, 20, 2, 9, 1370.27, 2288843, 1341
1040, 23, 62, 224, 74, 0, 2.05%, 20, 2, 9, 1631.24, 2297186, 1341
1045, 23, 56, 224, 74, 0, 2.05%, 20, 2, 9, 2232.38, 2307220, 1341
1051, 23, 220, 224, 74, 0, 2.05%, 20, 2, 9, 44.20, 2316803, 1341
1056, 23, 7, 226, 75, 0, 2.05%, 20, 2, 9, 1643.59, 2325652, 1341
1061, 23, 7, 226, 75, 0, 2.05%, 20, 2, 9, 1794.20, 2335066, 1341
1067, 23, 21, 226, 75, 0, 2.05%, 20, 2, 9, 1850.17, 2344575, 1341
1072, 24, 7, 227, 76, 0, 2.05%, 20, 2, 9, 1818.43, 2350667, 1341
1077, 24, 125, 227, 76, 0, 2.05%, 20, 2, 9, 1821.51, 2360358, 1341
1082, 24, 7, 227, 76, 0, 2.05%, 20, 2, 9, 1786.77, 2369479, 1341
1087, 24, 160, 227, 76, 0, 2.05%, 20, 2, 9, 57.45, 2374650, 1341
1092, 24, 160, 227, 76, 0, 2.05%, 20, 2, 9, 151.22, 2382272, 1341
1098, 24, 69, 227, 76, 0, 2.05%, 20, 2, 9, 1751.21, 2388299, 1341
1103, 24, 2, 227, 76, 0, 2.05%, 21, 2, 9, 1707.83, 2396939, 1341
1108, 24, 130, 227, 76, 0, 2.05%, 21, 2, 9, 1688.99, 2405167, 1341
1113, 24, 31, 227, 74, 0, 2.05%, 21, 2, 9, 1623.31, 2413543, 1341
1119, 24, 182, 228, 75, 0, 2.05%, 21, 2, 9, 4.78, 2418464, 1341
1124, 24, 125, 228, 75, 0, 2.05%, 21, 2, 9, 1137.72, 2425120, 1341
1129, 24, 21, 228, 75, 0, 2.05%, 21, 2, 9, 1521.24, 2433345, 1341
1134, 24, 160, 228, 75, 0, 2.05%, 21, 2, 9, 1618.13, 2441768, 1341
1139, 24, 5, 229, 75, 0, 2.05%, 21, 2, 9, 1889.67, 2450055, 1342
1144, 24, 16, 229, 75, 0, 2.05%, 21, 2, 9, 1813.96, 2459099, 1342
1149, 24, 228, 229, 74, 0, 2.05%, 22, 2, 9, 1717.56, 2467487, 1342
1154, 24, 228, 229, 74, 0, 2.05%, 22, 2, 9, 819.96, 2471225, 1342
1160, 24, 21, 229, 74, 0, 2.05%, 22, 2, 9, 1485.02, 2479626, 1342
1165, 24, 113, 229, 74, 0, 2.05%, 22, 2, 9, 1596.42, 2487949, 1342
1170, 24, 228, 229, 74, 0, 2.05%, 22, 2, 9, 1866.24, 2497649, 1342
1175, 24, 204, 229, 74, 0, 2.05%, 22, 2, 9, 1753.80, 2506774, 1342
1180, 24, 138, 229, 74, 0, 2.05%, 22, 2, 9, 1694.81, 2515181, 1342
1186, 25, 63, 229, 74, 0, 2.05%, 22, 2, 9, 123.81, 2522875, 1342
1191, 25, 113, 229, 73, 0, 2.05%, 22, 2, 9, 1704.67, 2531102, 1342
1196, 25, 182, 229, 73, 0, 2.05%, 22, 2, 9, 1350.35, 2537808, 1342
1201, 25, 21, 229, 72, 0, 2.05%, 22, 2, 9, 1739.44, 2546488, 1342
1207, 25, 130, 230, 73, 0, 2.05%, 22, 2, 9, 2437.72, 2559393, 1342
1212, 25, 2, 230, 73, 0, 2.05%, 22, 2, 9, 686.36, 2570673, 1342
1217, 25, 21, 230, 73, 0, 2.05%, 22, 2, 9, 1790.15, 2581169, 1342
1222, 25, 158, 230, 73, 0, 2.05%, 22, 2, 9, 1736.78, 2589062, 1342
1227, 25, 54, 230, 73, 0, 2.05%, 22, 2, 9, 2423.82, 2602679, 1342
1232, 25, 55, 230, 73, 0, 2.05%, 22, 2, 9, 2474.88, 2616056, 1342
1237, 25, 125, 230, 72, 0, 2.05%, 22, 2, 9, 2451.40, 2628572, 1342
1243, 25, 5, 230, 72, 0, 2.05%, 22, 2, 9, 2742.60, 2642952, 1342
1248, 25, 55, 230, 72, 0, 2.05%, 22, 2, 9, 2585.04, 2656434, 1342
1254, 25, 138, 230, 72, 0, 2.05%, 22, 2, 9, 70.47, 2669246, 1342
1259, 26, 40, 230, 72, 0, 2.05%, 22, 2, 9, 2042.42, 2677640, 1342
1264, 26, 117, 230, 72, 0, 2.05%, 22, 2, 9, 2555.75, 2691029, 1342
1269, 26, 7, 230, 72, 0, 2.05%, 22, 2, 9, 2674.60, 2704710, 1342
1274, 26, 228, 230, 72, 0, 2.05%, 22, 2, 9, 2662.70, 2718808, 1342
1279, 26, 130, 230, 72, 0, 2.05%, 22, 2, 9, 1985.09, 2727531, 1342
1284, 26, 17, 230, 72, 0, 2.05%, 22, 2, 9, 2076.43, 2734397, 1342
1289, 26, 73, 230, 71, 0, 2.05%, 22, 2, 9, 2544.56, 2743040, 1342
1295, 26, 21, 230, 71, 0, 2.05%, 22, 2, 9, 2699.85, 2756671, 1342
1300, 26, 160, 230, 71, 0, 2.05%, 22, 2, 9, 2595.85, 2769831, 1342
1305, 26, 39, 230, 71, 0, 2.05%, 22, 2, 9, 1955.96, 2780144, 1342
1310, 26, 113, 230, 71, 0, 2.05%, 22, 2, 9, 2442.06, 2793046, 1342
1315, 26, 69, 230, 71, 0, 2.05%, 22, 2, 9, 2528.51, 2805919, 1342
1321, 26, 130, 230, 71, 0, 2.05%, 22, 2, 9, 352.72, 2819219, 1342
1327, 27, 5, 231, 72, 0, 2.05%, 22, 2, 9, 2755.99, 2831723, 1342
1332, 27, 3, 231, 72, 0, 2.05%, 22, 2, 9, 2403.94, 2843788, 1342
1337, 27, 130, 231, 72, 0, 2.05%, 22, 2, 9, 2338.34, 2853679, 1342
1342, 27, 21, 231, 72, 0, 2.05%, 22, 2, 9, 2603.95, 2867029, 1342
1347, 27, 61, 231, 72, 0, 2.05%, 22, 2, 9, 1185.90, 2877137, 1342
1352, 27, 62, 231, 71, 0, 2.05%, 22, 2, 9, 2131.37, 2889228, 1342
1357, 27, 61, 231, 71, 0, 2.05%, 22, 2, 9, 2161.06, 2898469, 1342
1362, 27, 87, 231, 71, 0, 2.05%, 22, 2, 9, 2591.04, 2912117, 1342
1367, 27, 27, 232, 72, 0, 2.05%, 22, 2, 9, 2718.15, 2925678, 1342
1372, 27, 16, 232, 72, 0, 2.05%, 22, 2, 9, 2801.79, 2939984, 1342
1378, 27, 4, 232, 71, 0, 2.05%, 22, 2, 9, 2732.75, 2954323, 1342
1383, 27, 69, 232, 71, 0, 2.05%, 22, 2, 9, 2549.57, 2966570, 1342
1389, 28, 130, 232, 70, 0, 2.05%, 22, 2, 9, 314.65, 2979223, 1342
1394, 28, 2, 232, 70, 0, 2.05%, 22, 2, 9, 2611.59, 2992309, 1342
1399, 28, 158, 232, 70, 0, 2.05%, 22, 2, 9, 2857.86, 3002672, 1342
1404, 28, 2, 233, 71, 0, 2.05%, 22, 2, 9, 2815.52, 3017010, 1342
1409, 28, 130, 233, 71, 0, 2.05%, 22, 2, 9, 3168.84, 3025191, 1342
1414, 28, 87, 233, 71, 0, 2.05%, 22, 2, 9, 2504.22, 3037229, 1342
1419, 28, 121, 233, 71, 0, 2.05%, 22, 2, 9, 2381.85, 3049040, 1342
1425, 28, 55, 233, 71, 0, 2.05%, 22, 2, 9, 2515.50, 3058628, 1342
1430, 28, 21, 233, 71, 0, 2.05%, 22, 2, 9, 2595.93, 3072114, 1342
1435, 28, 21, 233, 71, 0, 2.05%, 22, 2, 9, 2679.02, 3085588, 1342
1440, 28, 35, 233, 71, 0, 2.05%, 22, 2, 9, 1680.30, 3098557, 1342
1445, 28, 16, 233, 71, 0, 2.05%, 22, 2, 9, 2345.50, 3111894, 1342
1450, 28, 87, 233, 71, 0, 2.05%, 22, 2, 9, 2476.18, 3124288, 1342
1457, 29, 3, 233, 70, 0, 2.05%, 22, 2, 9, 331.43, 3137257, 1342
1462, 29, 158, 233, 69, 0, 2.05%, 22, 2, 9, 2610.17, 3149952, 1342
1467, 29, 21, 233, 69, 0, 2.05%, 22, 2, 9, 2518.96, 3163146, 1342
1472, 29, 116, 233, 69, 0, 2.05%, 22, 2, 9, 2211.70, 3172813, 1342
1477, 29, 7, 233, 69, 0, 2.05%, 22, 2, 9, 2790.88, 3182860, 1342
1482, 29, 21, 233, 69, 0, 2.05%, 22, 2, 9, 2438.69, 3194695, 1342
1487, 29, 67, 233, 69, 0, 2.05%, 22, 2, 9, 2589.44, 3207571, 1342
1492, 29, 60, 233, 69, 0, 2.05%, 22, 2, 9, 2714.11, 3216346, 1342
1497, 29, 55, 233, 68, 0, 2.05%, 22, 2, 9, 2556.40, 3228967, 1342
1503, 29, 35, 233, 68, 0, 2.05%, 22, 2, 9, 2728.97, 3242847, 1342
1508, 29, 27, 234, 68, 0, 2.05%, 22, 2, 9, 2542.29, 3255291, 1342
1513, 29, 130, 235, 69, 0, 2.05%, 22, 2, 9, 2581.18, 3268307, 1342
1518, 29, 21, 238, 72, 0, 2.05%, 22, 2, 9, 2555.19, 3280773, 1342
1524, 30, 2, 239, 73, 0, 2.05%, 22, 2, 9, 150.92, 3294241, 1342
1529, 30, 87, 239, 73, 0, 2.05%, 22, 2, 9, 482.24, 3305765, 1342
1535, 30, 125, 239, 72, 0, 2.05%, 22, 2, 9, 629.39, 3313558, 1342
1540, 30, 2, 239, 72, 0, 2.05%, 22, 2, 9, 2694.17, 3325303, 1342
1545, 30, 217, 240, 73, 0, 2.05%, 22, 2, 9, 2623.67, 3338169, 1342
1550, 30, 3, 240, 72, 0, 2.05%, 22, 2, 9, 2424.65, 3349731, 1342
1555, 30, 21, 240, 72, 0, 2.05%, 22, 2, 9, 2554.71, 3362696, 1342
1560, 30, 87, 240, 72, 0, 2.05%, 22, 2, 9, 3134.02, 3372792, 1342
1565, 30, 239, 240, 72, 0, 2.05%, 22, 2, 9, 2614.92, 3385583, 1342
1570, 30, 239, 240, 72, 0, 2.05%, 22, 2, 9, 433.47, 3392539, 1342
1575, 30, 239, 241, 73, 0, 2.05%, 22, 2, 10, 2355.77, 3405113, 1342
1581, 30, 239, 241, 73, 0, 2.05%, 22, 2, 10, 2169.84, 3415744, 1342
1586, 30, 21, 241, 73, 0, 2.05%, 22, 2, 10, 2191.54, 3426831, 1342
1592, 30, 117, 241, 73, 0, 2.05%, 22, 2, 10, 92.45, 3439024, 1342
1597, 30, 2, 241, 73, 0, 2.05%, 22, 2, 10, 2983.85, 3450189, 1342
1602, 30, 16, 241, 73, 0, 2.05%, 22, 2, 10, 2640.56, 3463257, 1342
1607, 30, 27, 241, 73, 0, 2.05%, 22, 2, 10, 2595.04, 3475972, 1342
1612, 30, 27, 241, 73, 0, 2.05%, 22, 2, 10, 2430.51, 3488691, 1342
1617, 30, 87, 241, 73, 0, 2.05%, 22, 2, 10, 2534.26, 3501453, 1342
1622, 31, 125, 241, 73, 0, 2.05%, 22, 2, 10, 751.15, 3511301, 1342
1628, 31, 7, 241, 73, 0, 2.05%, 22, 2, 10, 2523.36, 3520573, 1342
1633, 31, 125, 241, 73, 0, 2.05%, 22, 2, 10, 414.63, 3531661, 1342
1638, 31, 35, 241, 72, 0, 2.05%, 22, 2, 10, 2204.61, 3541887, 1342
1643, 31, 130, 241, 72, 0, 2.05%, 22, 2, 10, 2812.93, 3551340, 1342
1648, 31, 61, 241, 71, 0, 2.05%, 22, 2, 10, 2597.08, 3563991, 1342
1653, 31, 62, 241, 71, 0, 2.05%, 22, 2, 10, 2671.03, 3577982, 1342
1659, 31, 21, 241, 70, 0, 2.05%, 22, 2, 10, 340.33, 3591278, 1342
1665, 31, 64, 241, 70, 0, 2.05%, 22, 2, 10, 2790.63, 3605211, 1342
1670, 31, 7, 241, 70, 0, 2.05%, 22, 2, 10, 2608.28, 3617905, 1342
1675, 31, 21, 241, 70, 0, 2.05%, 22, 2, 10, 2626.84, 3631326, 1342
1680, 31, 30, 241, 70, 0, 2.05%, 22, 2, 10, 2374.76, 3643493, 1342
1685, 31, 21, 241, 70, 0, 2.05%, 22, 2, 10, 2506.84, 3655582, 1342
1690, 31, 87, 241, 70, 0, 2.05%, 22, 2, 10, 2677.45, 3669396, 1342
1695, 32, 160, 241, 70, 0, 2.05%, 22, 2, 10, 296.29, 3675201, 1342
1700, 32, 83, 241, 70, 0, 2.05%, 22, 2, 10, 2853.03, 3686344, 1342
1705, 32, 125, 241, 70, 0, 2.05%, 22, 2, 10, 2728.84, 3699896, 1342
1710, 32, 39, 241, 70, 0, 2.05%, 22, 2, 10, 2858.22, 3710369, 1342
1715, 32, 61, 241, 70, 0, 2.05%, 22, 2, 10, 2764.57, 3724039, 1342
1721, 32, 62, 241, 70, 0, 2.05%, 22, 2, 10, 2736.51, 3737459, 1342
1727, 32, 123, 241, 70, 0, 2.05%, 22, 2, 10, 102.20, 3750988, 1342
1732, 32, 61, 241, 70, 0, 2.05%, 22, 2, 10, 2706.02, 3765630, 1342
1737, 32, 125, 241, 70, 0, 2.05%, 22, 2, 10, 2567.55, 3778906, 1342
1742, 32, 5, 241, 70, 0, 2.05%, 22, 2, 10, 2572.42, 3791714, 1342
1747, 32, 3, 241, 70, 0, 2.05%, 22, 2, 10, 2286.86, 3802722, 1342
1752, 32, 87, 241, 70, 0, 2.05%, 22, 2, 10, 991.33, 3810810, 1342
1758, 32, 158, 242, 71, 0, 2.05%, 22, 2, 10, 663.90, 3820620, 1342
1763, 33, 160, 242, 71, 0, 2.05%, 22, 2, 10, 3047.02, 3829540, 1342
1768, 33, 35, 242, 71, 0, 2.05%, 22, 2, 10, 2625.24, 3842741, 1342
1773, 33, 88, 242, 71, 0, 2.05%, 22, 2, 10, 2656.79, 3856286, 1342
1778, 33, 21, 242, 70, 0, 2.05%, 22, 2, 10, 2677.07, 3869652, 1342
1783, 33, 218, 242, 70, 0, 2.05%, 22, 2, 10, 2672.67, 3883100, 1342
1788, 33, 21, 242, 70, 0, 2.05%, 22, 2, 10, 2705.46, 3896781, 1342
1795, 33, 123, 242, 70, 0, 2.05%, 22, 2, 10, 138.53, 3906555, 1342
1800, 33, 125, 242, 70, 0, 2.05%, 22, 2, 10, 2514.90, 3919049, 1342
1805, 33, 35, 242, 70, 0, 2.05%, 22, 2, 10, 2273.59, 3929884, 1342
1810, 33, 39, 242, 70, 0, 2.05%, 22, 2, 10, 2129.46, 3940866, 1342
1815, 33, 125, 242, 70, 0, 2.05%, 22, 2, 10, 2302.44, 3952414, 1342
1820, 33, 21, 242, 70, 0, 2.05%, 22, 2, 10, 2514.59, 3963134, 1342
1825, 33, 4, 242, 70, 0, 2.05%, 22, 2, 10, 2612.55, 3976216, 1342
1830, 33, 27, 242, 70, 0, 2.05%, 22, 2, 10, 2550.29, 3984828, 1342
1835, 33, 158, 242, 70, 0, 2.05%, 22, 2, 10, 2386.63, 3996225, 1342
1840, 33, 113, 242, 70, 0, 2.05%, 22, 2, 10, 2385.88, 4008298, 1342
1845, 34, 69, 242, 70, 0, 2.05%, 22, 2, 10, 2544.68, 4020864, 1342
1851, 34, 58, 242, 70, 0, 2.05%, 22, 2, 10, 2556.43, 4034062, 1342
1856, 34, 5, 242, 70, 0, 2.05%, 22, 2, 10, 2022.71, 4044069, 1342
1862, 34, 21, 242, 70, 0, 2.05%, 22, 2, 10, 70.06, 4054365, 1342
1867, 34, 125, 242, 70, 0, 2.05%, 22, 2, 10, 2026.68, 4064318, 1342
1873, 34, 228, 242, 70, 0, 2.05%, 22, 2, 10, 1852.59, 4073688, 1342
1878, 34, 2, 242, 70, 0, 2.05%, 22, 2, 10, 1440.67, 4080449, 1342
1883, 34, 5, 242, 70, 0, 2.05%, 22, 2, 10, 1543.66, 4088293, 1342
1888, 34, 21, 242, 70, 0, 2.05%, 22, 2, 10, 1640.02, 4096501, 1342
1893, 34, 17, 242, 70, 0, 2.05%, 22, 2, 10, 1729.93, 4101840, 1342
1898, 34, 200, 242, 70, 0, 2.05%, 22, 2, 10, 1964.36, 4108694, 1342
1903, 34, 119, 242, 70, 0, 2.05%, 22, 2, 10, 1847.49, 4117980, 1342
1908, 34, 67, 242, 70, 0, 2.05%, 22, 2, 10, 1820.85, 4127125, 1342
1913, 34, 103, 242, 70, 0, 2.05%, 22, 2, 10, 1776.37, 4135966, 1342
1918, 34, 21, 242, 70, 0, 2.05%, 22, 2, 10, 1946.46, 4145887, 1342
1923, 34, 21, 242, 70, 0, 2.05%, 22, 2, 10, 1886.95, 4155246, 1342
1928, 34, 160, 242, 70, 0, 2.05%, 22, 2, 10, 1413.29, 4162287, 1342
1933, 34, 4, 242, 70, 0, 2.05%, 22, 2, 10, 1507.70, 4164346, 1342
1938, 34, 3, 242, 69, 0, 2.05%, 22, 2, 10, 1493.84, 4171847, 1342
1944, 35, 27, 243, 70, 0, 2.05%, 22, 2, 10, 1517.44, 4179243, 1342
1949, 35, 160, 243, 70, 0, 2.05%, 22, 2, 10, 134.69, 4186091, 1342
1954, 35, 60, 243, 70, 0, 2.05%, 22, 2, 10, 1403.57, 4193794, 1342
1959, 35, 87, 243, 70, 0, 2.05%, 22, 2, 10, 1686.76, 4202494, 1342
1964, 35, 87, 243, 70, 0, 2.05%, 22, 2, 10, 2199.48, 4209111, 1342
1969, 35, 119, 243, 70, 0, 2.05%, 23, 2, 10, 1834.57, 4218284, 1342
1974, 35, 35, 243, 70, 0, 2.05%, 23, 2, 10, 1433.56, 4224895, 1342
1979, 35, 3, 243, 70, 0, 2.05%, 23, 2, 10, 2364.09, 4238135, 1342
1985, 35, 87, 243, 70, 0, 2.05%, 23, 2, 10, 2461.12, 4251282, 1342
1990, 35, 186, 243, 70, 0, 2.05%, 23, 2, 10, 2482.75, 4263731, 1342
1995, 35, 204, 243, 70, 0, 2.05%, 23, 2, 10, 2407.15, 4275919, 1342
2000, 35, 116, 243, 70, 0, 2.05%, 23, 2, 10, 2454.74, 4285081, 1342
2005, 35, 4, 243, 69, 0, 2.05%, 23, 2, 10, 2558.99, 4298542, 1342
2010, 35, 4, 243, 69, 0, 2.05%, 23, 2, 10, 2398.43, 4309983, 1342
2015, 35, 73, 243, 69, 0, 2.05%, 23, 2, 10, 2439.13, 4322776, 1342
2020, 35, 130, 243, 69, 0, 2.05%, 23, 2, 10, 2536.85, 4335717, 1342
2025, 35, 113, 243, 69, 0, 2.05%, 23, 2, 10, 2722.76, 4349179, 1342
2031, 35, 239, 246, 72, 0, 2.05%, 23, 2, 10, 222.42, 4360978, 1342
2036, 36, 69, 246, 72, 0, 2.05%, 23, 2, 10, 2869.42, 4375358, 1342
2041, 36, 158, 246, 72, 0, 2.05%, 23, 2, 10, 2581.18, 4386964, 1342
2047, 36, 87, 246, 71, 0, 2.05%, 23, 2, 10, 2747.92, 4400761, 1342
2052, 36, 113, 246, 71, 0, 2.05%, 23, 2, 10, 2873.40, 4413601, 1342
2057, 36, 39, 246, 70, 0, 2.05%, 23, 2, 10, 2830.92, 4427632, 1342
2062, 36, 61, 246, 70, 0, 2.05%, 23, 2, 10, 2878.03, 4442317, 1342
2067, 36, 39, 246, 70, 0, 2.05%, 23, 2, 10, 3212.36, 4452252, 1342
2072, 36, 2, 246, 70, 0, 2.05%, 23, 2, 10, 2371.13, 4464070, 1342
2077, 36, 17, 246, 69, 0, 2.05%, 23, 2, 10, 2403.94, 4475805, 1342
2082, 36, 27, 247, 70, 0, 2.05%, 23, 2, 10, 3087.42, 4489007, 1342
2088, 36, 130, 247, 70, 0, 2.05%, 23, 2, 10, 2742.91, 4502957, 1342
2093, 36, 21, 247, 70, 0, 2.05%, 23, 2, 10, 2715.25, 4516186, 1342
2099, 36, 69, 247, 70, 0, 2.05%, 23, 2, 10, 223.28, 4529822, 1342
2104, 37, 69, 247, 70, 0, 2.05%, 23, 2, 10, 2568.17, 4543269, 1342
2109, 37, 55, 247, 69, 0, 2.05%, 23, 2, 10, 2629.73, 4556462, 1342
2114, 37, 69, 247, 69, 0, 2.05%, 23, 2, 10, 2713.09, 4569963, 1342
2119, 37, 21, 247, 69, 0, 2.05%, 23, 2, 10, 2754.13, 4583829, 1342
2124, 37, 130, 247, 69, 0, 2.05%, 23, 2, 10, 2515.07, 4596981, 1342
2129, 37, 27, 247, 68, 0, 2.05%, 23, 2, 10, 2706.98, 4610867, 1342
2134, 37, 130, 247, 68, 0, 2.05%, 23, 2, 10, 2954.40, 4620142, 1342
2140, 37, 160, 247, 68, 0, 2.05%, 23, 2, 10, 370.43, 4630193, 1342
2145, 37, 21, 247, 67, 0, 2.05%, 23, 2, 10, 2505.37, 4640613, 1342
2150, 37, 130, 247, 67, 0, 2.05%, 23, 2, 10, 2227.50, 4652088, 1342
2155, 37, 55, 247, 67, 0, 2.05%, 23, 2, 10, 1898.60, 4661047, 1342
2160, 37, 158, 247, 67, 0, 2.05%, 23, 2, 10, 2498.74, 4674311, 1342
2165, 37, 228, 247, 67, 0, 2.05%, 23, 2, 10, 2534.32, 4687624, 1342
2170, 37, 245, 248, 68, 0, 2.05%, 23, 2, 11, 479.40, 4689684, 1342
2175, 37, 4, 248, 67, 0, 2.05%, 23, 2, 11, 2893.00, 4698627, 1342
2180, 37, 125, 248, 67, 0, 2.05%, 23, 2, 11, 2757.07, 4712317, 1342
2185, 38, 116, 248, 67, 0, 2.05%, 23, 2, 11, 2701.85, 4725923, 1342
2190, 38, 121, 248, 67, 0, 2.05%, 23, 2, 11, 2695.13, 4739385, 1342
2196, 38, 130, 248, 67, 0, 2.05%, 23, 2, 11, 2811.51, 4753880, 1342
2201, 38, 228, 248, 67, 0, 2.05%, 23, 2, 11, 3100.00, 4762957, 1342
2206, 38, 116, 248, 67, 0, 2.05%, 23, 2, 11, 2480.80, 4772285, 1342
2211, 38, 160, 248, 67, 0, 2.05%, 23, 2, 11, 373.54, 4780226, 1342
2216, 38, 125, 248, 67, 0, 2.05%, 23, 2, 11, 2765.36, 4793383, 1342
2221, 38, 3, 249, 68, 0, 2.05%, 23, 2, 11, 2770.84, 4807416, 1342
2226, 38, 21, 249, 68, 0, 2.05%, 23, 2, 11, 2815.00, 4819806, 1342
2231, 38, 125, 249, 68, 0, 2.05%, 23, 2, 11, 2376.51, 4831920, 1342
2236, 38, 5, 249, 68, 0, 2.05%, 23, 2, 11, 1944.56, 4839437, 1342
2241, 38, 67, 249, 68, 0, 2.05%, 23, 2, 11, 2444.57, 4851677, 1342
2246, 38, 125, 249, 68, 0, 2.05%, 23, 2, 11, 2805.46, 4866124, 1342
2251, 38, 55, 249, 67, 0, 2.05%, 23, 2, 11, 2552.93, 4878250, 1342
2257, 38, 21, 249, 67, 0, 2.05%, 23, 2, 11, 2590.45, 4891276, 1342
2262, 39, 103, 249, 67, 0, 2.05%, 23, 2, 11, 2599.66, 4905047, 1342
2268, 39, 87, 249, 67, 0, 2.05%, 23, 2, 11, 87.83, 4917217, 1342
2273, 39, 3, 249, 67, 0, 2.05%, 23, 2, 11, 2375.65, 4929833, 1342
2278, 39, 210, 250, 68, 0, 2.05%, 23, 2, 11, 2532.59, 4942717, 1342
2283, 39, 21, 250, 67, 0, 2.05%, 23, 2, 11, 2704.32, 4956517, 1342
2288, 39, 17, 251, 68, 0, 2.05%, 23, 2, 11, 2603.53, 4969708, 1342
2294, 39, 160, 251, 68, 0, 2.05%, 23, 2, 11, 2506.15, 4982672, 1342
2299, 39, 39, 251, 67, 0, 2.05%, 23, 2, 11, 2699.05, 4990395, 1342
2304, 39, 21, 251, 67, 0, 2.05%, 23, 2, 11, 516.72, 4997535, 1342
2309, 39, 79, 251, 67, 0, 2.05%, 23, 2, 11, 1999.54, 5009976, 1342
2314, 39, 55, 251, 67, 0, 2.05%, 23, 2, 11, 2930.35, 5019673, 1342
2319, 39, 14, 251, 67, 0, 2.05%, 23, 2, 11, 2872.24, 5034146, 1342
2324, 39, 62, 251, 67, 0, 2.05%, 23, 2, 11, 2763.46, 5047963, 1342
2329, 39, 160, 251, 67, 0, 2.05%, 23, 2, 11, 457.18, 5057637, 1342
2334, 40, 5, 251, 67, 0, 2.05%, 23, 2, 11, 2432.44, 5067964, 1342
2339, 40, 27, 251, 67, 0, 2.05%, 23, 2, 11, 2464.08, 5076391, 1342
2344, 40, 116, 252, 68, 0, 2.05%, 23, 2, 11, 2614.56, 5090174, 1342
2349, 40, 7, 252, 67, 0, 2.05%, 23, 2, 11, 2565.05, 5102605, 1342
2354, 40, 158, 252, 67, 0, 2.05%, 23, 2, 11, 2562.64, 5115611, 1342
2359, 40, 31, 252, 67, 0, 2.05%, 23, 2, 11, 2621.16, 5129107, 1342
2364, 40, 160, 252, 67, 0, 2.05%, 23, 2, 11, 1330.73, 5140251, 1342
2369, 40, 7, 252, 67, 0, 2.05%, 23, 2, 11, 2830.00, 5147929, 1342
2375, 40, 87, 252, 67, 0, 2.05%, 23, 2, 11, 2384.33, 5160059, 1342
2380, 40, 62, 252, 67, 0, 2.05%, 23, 2, 11, 2028.28, 5169919, 1342
2385, 40, 16, 252, 67, 0, 2.05%, 23, 2, 11, 2504.70, 5183177, 1342
2390, 40, 160, 252, 67, 0, 2.05%, 23, 2, 11, 2538.43, 5196552, 1342
2395, 40, 87, 252, 67, 0, 2.05%, 23, 2, 11, 2660.59, 5209820, 1342
2400, 40, 158, 252, 67, 0, 2.05%, 23, 2, 11, 2542.79, 5222935, 1342
2405, 40, 64, 252, 67, 0, 2.05%, 23, 2, 11, 1497.55, 5231148, 1342
2410, 40, 5, 252, 67, 0, 2.05%, 23, 2, 11, 2563.42, 5245354, 1342
2415, 40, 88, 252, 66, 0, 2.05%, 23, 2, 11, 2598.13, 5258800, 1342
2420, 41, 16, 252, 66, 0, 2.05%, 23, 2, 11, 2400.57, 5271416, 1342
2426, 41, 2, 252, 66, 0, 2.05%, 23, 2, 11, 2226.92, 5282874, 1342
2431, 41, 160, 252, 66, 0, 2.05%, 23, 2, 11, 409.46, 5293519, 1342
2437, 41, 130, 252, 66, 0, 2.05%, 23, 2, 11, 388.89, 5303193, 1342
2442, 41, 88, 252, 66, 0, 2.05%, 23, 2, 11, 2770.84, 5316835, 1342
2447, 41, 21, 252, 66, 0, 2.05%, 23, 2, 11, 2968.55, 5326686, 1342
2452, 41, 125, 252, 66, 0, 2.05%, 23, 2, 11, 2699.84, 5340102, 1342
2457, 41, 5, 252, 66, 0, 2.05%, 23, 2, 11, 2598.17, 5352420, 1342
2463, 41, 27, 252, 66, 0, 2.05%, 23, 2, 11, 2426.92, 5365437, 1342
2468, 41, 21, 252, 66, 0, 2.05%, 23, 2, 11, 530.46, 5369339, 1342
2473, 41, 130, 252, 66, 0, 2.05%, 23, 2, 11, 854.48, 5373062, 1342
2478, 41, 87, 252, 66, 0, 2.05%, 23, 2, 11, 161.82, 5381793, 1342
2483, 41, 27, 252, 65, 0, 2.05%, 23, 2, 11, 1597.42, 5389770, 1342
2488, 41, 55, 252, 64, 0, 2.05%, 23, 2, 11, 1712.37, 5399248, 1342
2493, 41, 52, 252, 64, 0, 2.05%, 23, 2, 11, 1458.46, 5405640, 1342
2498, 41, 72, 252, 64, 0, 2.05%, 23, 2, 11, 2062.62, 5416955, 1342
2505, 41, 55, 252, 64, 0, 2.05%, 23, 2, 11, 127.60, 5425042, 1342
2510, 41, 7, 252, 64, 0, 2.05%, 23, 2, 11, 2388.31, 5436764, 1342
2515, 41, 35, 252, 64, 0, 2.05%, 23, 2, 11, 2568.53, 5450067, 1342
2520, 42, 61, 252, 64, 0, 2.05%, 23, 2, 11, 2662.65, 5463763, 1342
2525, 42, 7, 253, 65, 0, 2.05%, 23, 2, 11, 1936.24, 5473081, 1342
2530, 42, 130, 253, 65, 0, 2.05%, 23, 2, 11, 1626.75, 5481645, 1342
2535, 42, 73, 253, 65, 0, 2.05%, 23, 2, 11, 1814.64, 5490404, 1342
2540, 42, 3, 253, 65, 0, 2.05%, 23, 2, 11, 2568.29, 5496807, 1342
2545, 42, 88, 253, 65, 0, 2.05%, 23, 2, 11, 2471.06, 5508526, 1342
2550, 42, 61, 253, 65, 0, 2.05%, 23, 2, 11, 2466.29, 5520468, 1342
2555, 42, 4, 253, 65, 0, 2.05%, 23, 2, 11, 2485.31, 5533747, 1342
2560, 42, 7, 253, 65, 0, 2.05%, 23, 2, 11, 1799.74, 5541609, 1342
2566, 42, 125, 253, 65, 0, 2.05%, 23, 2, 11, 1999.08, 5551424, 1342
2571, 42, 125, 253, 65, 0, 2.05%, 23, 2, 11, 2358.96, 5563741, 1342
2576, 42, 7, 253, 65, 0, 2.05%, 23, 2, 11, 2252.08, 5572386, 1342
2581, 42, 47, 253, 65, 0, 2.05%, 23, 2, 11, 2446.46, 5585391, 1342
2586, 42, 2, 253, 65, 0, 2.05%, 23, 2, 11, 2652.88, 5598988, 1342
2591, 42, 252, 253, 65, 0, 2.05%, 23, 2, 11, 2346.78, 5612080, 1342
2596, 42, 160, 253, 64, 0, 2.05%, 23, 2, 11, 882.55, 5620649, 1342
2601, 42, 3, 253, 64, 0, 2.05%, 23, 2, 11, 1775.26, 5631822, 1342
2606, 42, 21, 253, 64, 0, 2.05%, 23, 2, 11, 1145.00, 5633374, 1342
2612, 42, 21, 253, 64, 0, 2.05%, 23, 2, 11, 2102.34, 5645271, 1342
2617, 43, 61, 253, 64, 0, 2.05%, 23, 2, 11, 2508.67, 5658405, 1342
2622, 43, 158, 253, 64, 0, 2.05%, 23, 2, 11, 2500.56, 5670954, 1342
2627, 43, 87, 253, 64, 0, 2.05%, 23, 2, 11, 1637.81, 5678341, 1342
2632, 43, 7, 253, 64, 0, 2.05%, 23, 2, 11, 2162.45, 5689694, 1342
2637, 43, 7, 253, 64, 0, 2.05%, 23, 2, 11, 1955.64, 5699762, 1342
2642, 43, 218, 253, 64, 0, 2.05%, 23, 2, 11, 2624.15, 5707896, 1342
2647, 43, 125, 253, 63, 0, 2.05%, 23, 2, 11, 2522.65, 5719914, 1342
2652, 43, 125, 253, 63, 0, 2.05%, 23, 2, 11, 2056.24, 5728942, 1342
2657, 43, 87, 253, 63, 0, 2.05%, 24, 2, 11, 2251.54, 5740540, 1342
2662, 43, 98, 253, 63, 0, 2.05%, 24, 2, 11, 2179.49, 5751073, 1342
2668, 43, 21, 253, 63, 0, 2.05%, 24, 2, 11, 1811.74, 5760196, 1342
2674, 43, 55, 253, 63, 0, 2.05%, 24, 2, 11, 100.76, 5770869, 1342
2679, 43, 16, 253, 63, 0, 2.05%, 24, 2, 11, 2491.93, 5783057, 1342
2684, 43, 125, 253, 63, 0, 2.05%, 24, 2, 11, 2688.87, 5796804, 1342
2689, 43, 17, 253, 63, 0, 2.05%, 24, 2, 11, 2752.69, 5810780, 1342
2694, 43, 200, 253, 63, 0, 2.05%, 24, 2, 11, 2729.69, 5824558, 1342
2699, 43, 21, 253, 63, 0, 2.05%, 24, 2, 11, 2723.17, 5838474, 1342
2704, 43, 40, 253, 63, 0, 2.05%, 24, 2, 11, 2748.23, 5852490, 1342
2709, 44, 55, 253, 63, 0, 2.05%, 24, 2, 11, 2641.34, 5861526, 1342
2715, 44, 79, 253, 63, 0, 2.05%, 24, 2, 11, 2736.77, 5875127, 1342
2720, 44, 21, 253, 63, 0, 2.05%, 24, 2, 11, 2586.96, 5888650, 1342
2725, 44, 4, 253, 63, 0, 2.05%, 24, 2, 11, 341.18, 5901305, 1342
2730, 44, 5, 253, 63, 0, 2.05%, 24, 2, 11, 2692.93, 5915064, 1342
2735, 44, 2, 253, 63, 0, 2.05%, 24, 2, 11, 2290.89, 5926356, 1342
2740, 44, 123, 253, 63, 0, 2.05%, 24, 2, 11, 2466.31, 5938975, 1342
2745, 44, 27, 253, 63, 0, 2.05%, 24, 2, 11, 2367.22, 5948270, 1342
2750, 44, 58, 253, 63, 0, 2.05%, 24, 2, 11, 2420.93, 5960352, 1342
2755, 44, 160, 253, 63, 0, 2.05%, 24, 2, 11, 419.37, 5969911, 1342
2760, 44, 62, 253, 63, 0, 2.05%, 24, 2, 11, 2582.08, 5982746, 1342
2765, 44, 55, 253, 63, 0, 2.05%, 24, 2, 11, 2483.73, 5995752, 1342
2770, 44, 5, 253, 62, 0, 2.05%, 24, 2, 11, 2449.32, 6008215, 1342
2775, 44, 182, 253, 62, 0, 2.05%, 24, 2, 11, 149.10, 6016429, 1342
2781, 44, 67, 253, 62, 0, 2.05%, 24, 2, 11, 2180.69, 6027723, 1342
2786, 44, 4, 253, 62, 0, 2.05%, 24, 2, 11, 2413.98, 6039610, 1342
2791, 45, 39, 253, 62, 0, 2.05%, 24, 2, 11, 2120.64, 6051027, 1342
2796, 45, 5, 253, 62, 0, 2.05%, 24, 2, 11, 858.96, 6055756, 1342
2801, 45, 64, 254, 63, 0, 2.05%, 24, 2, 11, 1652.25, 6064374, 1342
2806, 45, 4, 254, 63, 0, 2.05%, 24, 2, 11, 2232.95, 6076658, 1342
2811, 45, 55, 254, 63, 0, 2.05%, 24, 2, 11, 2474.07, 6084212, 1342
2816, 45, 72, 254, 63, 0, 2.05%, 24, 2, 11, 2321.32, 6095953, 1342
2821, 45, 135, 254, 63, 0, 2.05%, 24, 2, 11, 2307.28, 6107105, 1342
2826, 45, 160, 254, 63, 0, 2.05%, 24, 2, 11, 401.38, 6117332, 1342
2831, 45, 239, 254, 63, 0, 2.05%, 24, 2, 11, 2169.52, 6124999, 1342
2836, 45, 130, 254, 63, 0, 2.05%, 24, 2, 11, 2416.97, 6131997, 1342
2841, 45, 117, 254, 63, 0, 2.05%, 24, 2, 11, 2367.48, 6143159, 1342
2846, 45, 108, 254, 63, 0, 2.05%, 24, 2, 11, 2118.57, 6150391, 1342
2852, 45, 32, 254, 63, 0, 2.05%, 24, 2, 11, 1981.36, 6159684, 1342
2857, 45, 21, 254, 63, 0, 2.05%, 24, 2, 11, 2287.20, 6171763, 1342
2862, 45, 21, 254, 63, 0, 2.05%, 24, 2, 11, 2391.30, 6184231, 1342
2867, 45, 27, 254, 62, 0, 2.05%, 24, 2, 11, 2235.39, 6195343, 1342
2872, 45, 39, 254, 62, 0, 2.05%, 24, 2, 11, 2174.37, 6206737, 1342
2877, 45, 3, 254, 62, 0, 2.05%, 24, 2, 11, 113.48, 6213837, 1342
2882, 46, 55, 254, 62, 0, 2.05%, 24, 2, 11, 2214.28, 6224867, 1342
2887, 46, 130, 254, 62, 0, 2.05%, 24, 2, 11, 2292.39, 6236879, 1342
2892, 46, 68, 255, 63, 0, 2.05%, 24, 2, 11, 2331.61, 6248927, 1342
2897, 46, 61, 255, 63, 0, 2.05%, 24, 2, 11, 2234.59, 6260461, 1342
2902, 46, 39, 255, 63, 0, 2.05%, 24, 2, 11, 2207.62, 6271510, 1342
2907, 46, 21, 255, 62, 0, 2.05%, 24, 2, 11, 2307.12, 6283103, 1342
2913, 46, 7, 255, 62, 0, 2.05%, 24, 2, 11, 2513.07, 6291420, 1342
2918, 46, 5, 255, 61, 0, 2.05%, 24, 2, 11, 2320.44, 6302314, 1342
2923, 46, 116, 255, 61, 0, 2.05%, 24, 2, 11, 2325.84, 6313843, 1342
2928, 46, 87, 257, 63, 0, 2.05%, 24, 2, 11, 2320.03, 6325143, 1342
2933, 46, 125, 257, 63, 0, 2.05%, 24, 2, 11, 1908.30, 6333046, 1342
2938, 46, 130, 257, 63, 0, 2.05%, 24, 2, 11, 2161.65, 6343360, 1342
2943, 46, 125, 257, 63, 0, 2.05%, 24, 2, 11, 2012.69, 6354175, 1342
2948, 46, 50, 257, 63, 0, 2.05%, 24, 2, 11, 1787.86, 6359429, 1342
2953, 46, 21, 257, 63, 0, 2.05%, 24, 2, 11, 2034.20, 6369867, 1342
2958, 46, 130, 257, 63, 0, 2.05%, 24, 2, 11, 1727.13, 6380378, 1342
2963, 46, 7, 257, 63, 0, 2.05%, 24, 2, 11, 2416.80, 6389722, 1342
2968, 46, 125, 257, 63, 0, 2.05%, 24, 2, 11, 2477.67, 6402263, 1342
2973, 46, 87, 257, 63, 0, 2.05%, 24, 2, 11, 2225.25, 6410284, 1342
2978, 46, 4, 257, 63, 0, 2.05%, 24, 2, 11, 190.65, 6418405, 1342
2984, 47, 39, 257, 63, 0, 2.05%, 24, 2, 11, 2314.38, 6430997, 1342
2989, 47, 55, 257, 63, 0, 2.05%, 24, 2, 11, 2251.02, 6442425, 1342
2994, 47, 16, 257, 63, 0, 2.05%, 24, 2, 11, 2335.53, 6454289, 1342
2999, 47, 21, 257, 63, 0, 2.05%, 24, 2, 11, 1996.39, 6463852, 1342
3004, 47, 3, 257, 63, 0, 2.05%, 24, 2, 11, 2086.91, 6474551, 1342
3009, 47, 116, 257, 63, 0, 2.05%, 24, 2, 11, 2270.22, 6486729, 1342
3014, 47, 27, 257, 63, 0, 2.05%, 24, 2, 11, 2246.58, 6494626, 1342
3019, 47, 138, 257, 63, 0, 2.05%, 24, 2, 11, 1855.28, 6504205, 1342
3024, 47, 125, 257, 63, 0, 2.05%, 24, 2, 11, 2206.18, 6515087, 1342
3029, 47, 87, 257, 63, 0, 2.05%, 24, 2, 11, 2262.16, 6526368, 1342
3034, 47, 125, 257, 63, 0, 2.05%, 24, 2, 11, 2292.39, 6538201, 1342
3039, 47, 130, 257, 63, 0, 2.05%, 24, 2, 11, 2356.33, 6550016, 1342
3044, 47, 39, 257, 63, 0, 2.05%, 24, 2, 11, 2233.72, 6560071, 1342
3049, 47, 35, 257, 63, 0, 2.05%, 24, 2, 11, 2443.84, 6567472, 1342
3055, 47, 7, 257, 63, 0, 2.05%, 24, 2, 11, 2254.92, 6578730, 1342
3060, 47, 21, 257, 63, 0, 2.05%, 24, 2, 11, 2300.31, 6590269, 1342
3065, 47, 7, 257, 63, 0, 2.05%, 24, 2, 11, 1993.76, 6599526, 1342
3070, 47, 21, 257, 63, 0, 2.05%, 24, 2, 11, 2130.39, 6610397, 1342
3075, 48, 87, 257, 63, 0, 2.05%, 24, 2, 11, 2036.69, 6621245, 1342
3080, 48, 130, 257, 63, 0, 2.05%, 24, 2, 11, 48.95, 6626887, 1342
3085, 48, 50, 257, 63, 0, 2.05%, 24, 2, 11, 2035.68, 6636974, 1342
3090, 48, 47, 257, 63, 0, 2.05%, 24, 2, 11, 2240.42, 6648793, 1342
3096, 48, 5, 258, 64, 0, 2.05%, 24, 2, 11, 2143.50, 6659591, 1342
3101, 48, 35, 258, 64, 0, 2.05%, 24, 2, 11, 2358.93, 6671834, 1342
3106, 48, 228, 258, 64, 0, 2.05%, 24, 2, 11, 2301.55, 6679611, 1342
3111, 48, 35, 258, 64, 0, 2.05%, 24, 2, 11, 2260.03, 6691063, 1342
3116, 48, 21, 258, 64, 0, 2.05%, 24, 2, 11, 1823.36, 6698836, 1342
3121, 48, 4, 258, 63, 0, 2.05%, 24, 2, 11, 2422.29, 6711842, 1342
3126, 48, 113, 258, 63, 0, 2.05%, 24, 2, 11, 2360.76, 6723491, 1342
3131, 48, 138, 258, 63, 0, 2.05%, 24, 2, 11, 1809.16, 6732176, 1342
3136, 48, 56, 258, 63, 0, 2.05%, 24, 2, 11, 1710.03, 6741030, 1342
3142, 48, 55, 258, 63, 0, 2.05%, 24, 2, 11, 2052.67, 6751671, 1342
3148, 48, 125, 258, 63, 0, 2.05%, 24, 2, 11, 193.37, 6762043, 1342
3153, 48, 19, 258, 63, 0, 2.05%, 24, 2, 11, 2376.20, 6773923, 1342
3158, 48, 73, 258, 63, 0, 2.05%, 24, 2, 11, 2155.21, 6784732, 1342
3163, 48, 55, 258, 63, 0, 2.05%, 24, 2, 11, 2295.25, 6796319, 1342
3168, 48, 4, 258, 63, 0, 2.05%, 24, 2, 11, 2372.55, 6808359, 1342
3173, 49, 98, 258, 63, 0, 2.05%, 24, 2, 11, 2039.09, 6817960, 1342
3178, 49, 108, 258, 63, 0, 2.05%, 24, 2, 11, 2374.03, 6830364, 1342
3183, 49, 69, 258, 63, 0, 2.05%, 24, 2, 11, 2658.14, 6838414, 1342
3189, 49, 55, 258, 63, 0, 2.05%, 24, 2, 11, 1887.64, 6847479, 1342
3194, 49, 62, 258, 63, 0, 2.05%, 24, 2, 11, 2119.89, 6858696, 1342
3199, 49, 16, 258, 61, 0, 2.05%, 24, 2, 11, 2176.95, 6869549, 1342
3204, 49, 70, 258, 61, 0, 2.05%, 24, 2, 11, 2286.96, 6881072, 1342
3209, 49, 130, 258, 61, 0, 2.05%, 24, 2, 11, 2259.28, 6892449, 1342
3214, 49, 125, 258, 61, 0, 2.05%, 24, 2, 11, 2312.54, 6904369, 1342
3219, 49, 61, 258, 61, 0, 2.05%, 24, 2, 11, 2431.32, 6912632, 1342
3224, 49, 16, 258, 61, 0, 2.05%, 24, 2, 11, 2379.22, 6924563, 1342
3229, 49, 4, 258, 61, 0, 2.05%, 24, 2, 11, 2501.27, 6937323, 1342
3234, 49, 21, 258, 61, 0, 2.05%, 24, 2, 11, 2453.73, 6950019, 1342
3240, 49, 87, 258, 61, 0, 2.05%, 24, 2, 11, 2418.73, 6962182, 1342
3245, 49, 108, 258, 61, 0, 2.05%, 24, 2, 11, 2464.71, 6974642, 1342
3250, 49, 182, 258, 61, 0, 2.05%, 24, 2, 11, 2328.36, 6982224, 1342
3255, 49, 62, 258, 61, 0, 2.05%, 24, 2, 11, 2355.10, 6993615, 1342
3260, 50, 5, 258, 61, 0, 2.05%, 24, 2, 11, 2179.89, 7004365, 1342
3265, 50, 160, 258, 61, 0, 2.05%, 24, 2, 11, 2090.55, 7014826, 1342
3270, 50, 160, 258, 61, 0, 2.05%, 24, 2, 11, 2143.52, 7025350, 1342
3275, 50, 7, 258, 61, 0, 2.05%, 24, 2, 11, 2304.86, 7037401, 1342
3280, 50, 39, 258, 61, 0, 2.05%, 24, 2, 11, 2121.27, 7048407, 1342
3285, 50, 2, 258, 61, 0, 2.05%, 24, 2, 11, 2405.35, 7056465, 1342
3291, 50, 130, 258, 61, 0, 2.05%, 24, 2, 11, 2368.95, 7068251, 1342
3296, 50, 55, 258, 61, 0, 2.05%, 24, 2, 11, 2449.47, 7080465, 1342
3301, 50, 130, 258, 61, 0, 2.05%, 24, 2, 11, 2269.92, 7091695, 1342
3306, 50, 125, 258, 61, 0, 2.05%, 24, 2, 11, 2395.82, 7104432, 1342
3311, 50, 21, 258, 61, 0, 2.05%, 24, 2, 11, 2378.95, 7116371, 1342
3317, 50, 2, 258, 61, 0, 2.05%, 24, 2, 11, 206.44, 7127522, 1342
3322, 50, 117, 258, 61, 0, 2.05%, 24, 2, 11, 2083.37, 7137125, 1342
3327, 50, 160, 258, 61, 0, 2.05%, 24, 2, 11, 1833.46, 7146136, 1342
3332, 50, 61, 258, 61, 0, 2.05%, 24, 2, 11, 2178.17, 7156827, 1342
3337, 50, 69, 258, 61, 0, 2.05%, 24, 2, 11, 2333.33, 7168993, 1342
3343, 50, 116, 258, 61, 0, 2.05%, 24, 2, 11, 2240.36, 7180166, 1342
3348, 51, 61, 258, 60, 0, 2.05%, 24, 2, 11, 2408.94, 7193000, 1342
3353, 51, 130, 258, 60, 0, 2.05%, 24, 2, 11, 2358.74, 7200937, 1342
3358, 51, 88, 258, 60, 0, 2.05%, 24, 2, 11, 2412.73, 7212940, 1342
3363, 51, 7, 258, 60, 0, 2.05%, 24, 2, 11, 2419.05, 7225238, 1342
3368, 51, 5, 258, 60, 0, 2.05%, 24, 2, 11, 2432.27, 7237248, 1342
3373, 51, 21, 258, 60, 0, 2.05%, 24, 2, 11, 2174.80, 7248007, 1342
3378, 51, 21, 259, 61, 0, 2.05%, 24, 2, 11, 1870.36, 7257223, 1342
3385, 51, 119, 259, 61, 0, 2.05%, 24, 2, 11, 158.36, 7266829, 1342
3390, 51, 16, 259, 61, 0, 2.05%, 24, 2, 11, 1795.10, 7277434, 1342
3395, 51, 113, 259, 61, 0, 2.05%, 24, 2, 11, 1998.68, 7287609, 1342
3400, 51, 88, 259, 61, 0, 2.05%, 24, 2, 11, 2216.84, 7298802, 1342
3405, 51, 7, 260, 62, 0, 2.05%, 24, 2, 11, 2172.92, 7309427, 1342
3410, 51, 121, 260, 62, 0, 2.05%, 24, 2, 11, 2326.94, 7321367, 1342
3416, 51, 21, 260, 62, 0, 2.05%, 24, 2, 11, 2148.38, 7331773, 1342
3421, 51, 125, 260, 62, 0, 2.05%, 24, 2, 11, 2375.92, 7339915, 1342
3426, 51, 121, 260, 62, 0, 2.05%, 24, 2, 11, 2059.15, 7350532, 1342
3431, 51, 2, 260, 62, 0, 2.05%, 24, 2, 11, 2179.34, 7361912, 1342
3436, 51, 3, 260, 62, 0, 2.05%, 24, 2, 11, 2355.05, 7374333, 1342
3441, 51, 17, 260, 62, 0, 2.05%, 24, 2, 11, 2438.51, 7384359, 1342
3446, 52, 55, 260, 62, 0, 2.05%, 24, 2, 11, 2250.09, 7395274, 1342
3453, 52, 5, 260, 62, 0, 2.05%, 24, 2, 11, 169.15, 7405357, 1342
3458, 52, 158, 260, 61, 0, 2.05%, 24, 2, 11, 2081.54, 7415270, 1342
3463, 52, 158, 260, 61, 0, 2.05%, 24, 2, 11, 2234.14, 7424778, 1342
3468, 52, 123, 260, 61, 0, 2.05%, 24, 2, 11, 2121.64, 7435006, 1342
3473, 52, 117, 260, 61, 0, 2.05%, 24, 2, 11, 2283.52, 7446939, 1342
3478, 52, 62, 260, 60, 0, 2.05%, 24, 2, 11, 2294.04, 7458556, 1342
3483, 52, 27, 260, 60, 0, 2.05%, 24, 2, 11, 2220.67, 7469703, 1342
3488, 52, 117, 260, 60, 0, 2.05%, 24, 2, 11, 2513.59, 7477408, 1342
3493, 52, 116, 260, 60, 0, 2.05%, 24, 2, 11, 1922.95, 7486888, 1342
3498, 52, 5, 260, 60, 0, 2.05%, 24, 2, 11, 2148.90, 7497350, 1342
3503, 52, 7, 260, 59, 0, 2.05%, 24, 2, 11, 2235.24, 7508634, 1342
3509, 52, 21, 260, 59, 0, 2.05%, 24, 2, 11, 2361.76, 7520908, 1342
3514, 52, 117, 260, 59, 0, 2.05%, 24, 2, 11, 2297.55, 7531869, 1342
3519, 52, 61, 260, 59, 0, 2.05%, 24, 2, 11, 2104.93, 7542223, 1342
3524, 52, 160, 260, 59, 0, 2.05%, 24, 2, 11, 319.83, 7547078, 1342
3529, 52, 87, 260, 58, 0, 2.05%, 24, 2, 11, 1704.49, 7553337, 1342
3534, 52, 39, 260, 58, 0, 2.05%, 24, 2, 11, 1818.87, 7562401, 1342
3539, 52, 55, 260, 58, 0, 2.05%, 24, 2, 11, 2023.16, 7573260, 1342
3544, 52, 160, 260, 58, 0, 2.05%, 24, 2, 11, 158.46, 7580535, 1342
3549, 52, 30, 260, 58, 0, 2.05%, 24, 2, 11, 1930.68, 7589337, 1342
3554, 52, 7, 260, 58, 0, 2.05%, 24, 2, 11, 297.93, 7596924, 1342
3560, 53, 160, 260, 57, 0, 2.05%, 24, 2, 11, 284.77, 7607151, 1342
3565, 53, 130, 260, 57, 0, 2.05%, 24, 2, 11, 2412.53, 7616979, 1342
3570, 53, 123, 260, 57, 0, 2.05%, 24, 2, 11, 2315.74, 7628755, 1342
3575, 53, 55, 260, 57, 0, 2.05%, 24, 2, 11, 1380.38, 7637421, 1342
3580, 53, 228, 261, 58, 0, 2.05%, 24, 2, 11, 1877.98, 7647496, 1342
3585, 53, 121, 262, 59, 0, 2.05%, 24, 2, 11, 1989.06, 7658022, 1342
3590, 53, 130, 262, 59, 0, 2.05%, 24, 2, 11, 1663.31, 7664206, 1342
3595, 53, 117, 262, 59, 0, 2.05%, 24, 2, 11, 2058.67, 7674648, 1342
3600, 53, 119, 262, 59, 0, 2.05%, 24, 2, 11, 2184.98, 7686237, 1342
3606, 53, 7, 262, 59, 0, 2.05%, 24, 2, 11, 2182.40, 7697448, 1342
3611, 53, 55, 262, 59, 0, 2.05%, 24, 2, 11, 2280.40, 7709266, 1342
3616, 53, 61, 262, 59, 0, 2.05%, 24, 2, 11, 2324.76, 7720447, 1342
3622, 53, 5, 262, 59, 0, 2.05%, 25, 2, 11, 85.34, 7730504, 1342
3627, 53, 7, 262, 59, 0, 2.05%, 25, 2, 11, 2237.11, 7741214, 1342
3632, 53, 5, 262, 59, 0, 2.05%, 25, 2, 11, 2225.03, 7752213, 1342
3637, 53, 17, 262, 59, 0, 2.05%, 25, 2, 11, 2346.30, 7763821, 1342
3642, 53, 134, 262, 59, 0, 2.05%, 25, 2, 11, 2418.69, 7776020, 1342
3647, 53, 5, 262, 59, 0, 2.05%, 25, 2, 11, 1860.73, 7786504, 1342
3652, 53, 130, 262, 59, 0, 2.05%, 25, 2, 11, 1963.50, 7797118, 1342
3657, 53, 87, 262, 59, 0, 2.05%, 25, 2, 11, 1931.62, 7804088, 1342
3662, 54, 21, 262, 59, 0, 2.05%, 25, 2, 11, 2082.54, 7813100, 1342
3668, 54, 62, 262, 59, 0, 2.05%, 25, 2, 11, 2289.46, 7825006, 1342
3673, 54, 61, 262, 59, 0, 2.05%, 25, 2, 11, 2410.69, 7837165, 1342
3678, 54, 2, 262, 59, 0, 2.05%, 25, 2, 11, 1075.33, 7844608, 1342
3683, 54, 130, 262, 59, 0, 2.05%, 25, 2, 11, 1696.40, 7853777, 1342
3690, 54, 67, 262, 59, 0, 2.05%, 25, 2, 11, 182.84, 7865055, 1342
3695, 54, 87, 262, 59, 0, 2.05%, 25, 2, 11, 2137.98, 7875499, 1342
3700, 54, 5, 262, 59, 0, 2.05%, 25, 2, 11, 2263.62, 7886909, 1342
3705, 54, 134, 262, 59, 0, 2.05%, 25, 2, 11, 2159.28, 7896694, 1342
3710, 54, 30, 262, 59, 0, 2.05%, 25, 2, 11, 2137.25, 7907651, 1342
3715, 54, 125, 262, 59, 0, 2.05%, 25, 2, 11, 2337.92, 7919623, 1342
3720, 54, 39, 262, 59, 0, 2.05%, 25, 2, 11, 2117.58, 7930003, 1342
3725, 54, 119, 262, 59, 0, 2.05%, 25, 2, 11, 2445.45, 7936811, 1342
3730, 54, 80, 262, 59, 0, 2.05%, 25, 2, 11, 2247.05, 7947382, 1342
3735, 54, 130, 262, 58, 0, 2.05%, 25, 2, 11, 2310.96, 7959354, 1342
3740, 54, 21, 262, 58, 0, 2.05%, 25, 2, 11, 2307.32, 7971110, 1342
3745, 54, 158, 262, 58, 0, 2.05%, 25, 2, 11, 2368.77, 7983177, 1342
3750, 54, 55, 262, 58, 0, 2.05%, 25, 2, 11, 2335.32, 7995206, 1342
3755, 54, 7, 262, 58, 0, 2.05%, 25, 2, 11, 2297.28, 8007021, 1342
3761, 55, 35, 262, 58, 0, 2.05%, 25, 2, 11, 2281.86, 8015222, 1342
3766, 55, 32, 262, 58, 0, 2.05%, 25, 2, 11, 2255.97, 8026463, 1342
3771, 55, 7, 262, 58, 0, 2.05%, 25, 2, 11, 2493.27, 8039205, 1342
3776, 55, 5, 262, 58, 0, 2.05%, 25, 2, 11, 1923.85, 8048711, 1342
3781, 55, 55, 262, 58, 0, 2.05%, 25, 2, 11, 1910.14, 8057556, 1342
3786, 55, 130, 262, 58, 0, 2.05%, 25, 2, 11, 1905.43, 8067470, 1342
3791, 55, 7, 262, 58, 0, 2.05%, 25, 2, 11, 47.35, 8075457, 1342
3797, 55, 21, 262, 58, 0, 2.05%, 25, 2, 11, 1958.57, 8084649, 1342
3802, 55, 130, 262, 58, 0, 2.05%, 25, 2, 11, 2242.35, 8096463, 1342
3807, 55, 158, 262, 58, 0, 2.05%, 25, 2, 11, 2159.50, 8106756, 1342
3812, 55, 16, 262, 58, 0, 2.05%, 25, 2, 11, 2135.95, 8117651, 1342
3817, 55, 5, 262, 57, 0, 2.05%, 25, 2, 11, 2037.75, 8127348, 1342
3822, 55, 21, 262, 57, 0, 2.05%, 25, 2, 11, 2178.70, 8138714, 1342
3827, 55, 123, 262, 57, 0, 2.05%, 25, 2, 11, 2696.08, 8145463, 1342
3832, 55, 5, 262, 57, 0, 2.05%, 25, 2, 11, 2035.10, 8153155, 1342
3837, 55, 21, 262, 57, 0, 2.05%, 25, 2, 11, 1720.76, 8161391, 1342
3842, 55, 108, 262, 57, 0, 2.05%, 25, 2, 11, 1552.87, 8169187, 1342
3847, 55, 125, 262, 57, 0, 2.05%, 25, 2, 11, 1595.53, 8177541, 1342
3852, 55, 121, 262, 57, 0, 2.05%, 25, 2, 11, 1218.27, 8183391, 1342
3857, 55, 52, 262, 57, 0, 2.05%, 25, 2, 11, 1407.69, 8190252, 1342
3863, 55, 39, 262, 57, 0, 2.05%, 25, 2, 11, 1394.29, 8194714, 1342
3868, 55, 56, 262, 57, 0, 2.05%, 25, 2, 11, 1434.07, 8201877, 1342
3873, 55, 130, 262, 57, 0, 2.05%, 25, 2, 11, 1611.10, 8210302, 1342
3878, 55, 2, 262, 57, 0, 2.05%, 25, 2, 11, 1616.42, 8218290, 1342
3883, 55, 14, 262, 57, 0, 2.05%, 25, 2, 11, 1540.25, 8225653, 1342
3888, 56, 27, 262, 57, 0, 2.05%, 25, 2, 11, 1512.64, 8233316, 1342
3893, 56, 239, 262, 57, 0, 2.05%, 25, 2, 11, 111.67, 8238627, 1342
3898, 56, 39, 262, 57, 0, 2.05%, 25, 2, 11, 1486.93, 8246067, 1342
3904, 56, 87, 262, 57, 0, 2.05%, 25, 2, 11, 1538.08, 8253963, 1342
3909, 56, 4, 262, 56, 0, 2.05%, 25, 2, 11, 1452.16, 8260950, 1342
3914, 56, 61, 262, 56, 0, 2.05%, 25, 2, 11, 931.56, 8266443, 1342
3919, 56, 69, 262, 56, 0, 2.05%, 25, 2, 11, 1061.34, 8272022, 1342
3924, 56, 14, 262, 56, 0, 2.05%, 25, 2, 11, 1408.40, 8279520, 1342
3929, 56, 19, 262, 56, 0, 2.05%, 25, 2, 11, 1211.46, 8284492, 1342
3934, 56, 80, 262, 56, 0, 2.05%, 25, 2, 11, 808.22, 8291131, 1342
3939, 56, 27, 262, 56, 0, 2.05%, 25, 2, 11, 1356.92, 8298558, 1342
3944, 56, 32, 262, 56, 0, 2.05%, 25, 2, 11, 1543.74, 8306562, 1342
3949, 56, 228, 262, 56, 0, 2.05%, 25, 2, 11, 1502.72, 8314137, 1342
3954, 56, 125, 262, 56, 0, 2.05%, 25, 2, 11, 1346.45, 8320976, 1342
3959, 56, 7, 262, 56, 0, 2.05%, 25, 2, 11, 1993.84, 8327338, 1342
3964, 56, 125, 263, 57, 0, 2.05%, 25, 2, 11, 2326.18, 8335338, 1342
3969, 56, 98, 263, 57, 0, 2.05%, 25, 2, 11, 2457.95, 8346091, 1342
3974, 56, 16, 263, 57, 0, 2.05%, 25, 2, 11, 2188.90, 8356663, 1342
3980, 56, 60, 263, 57, 0, 2.05%, 25, 2, 11, 1860.63, 8365613, 1342
3985, 56, 58, 263, 57, 0, 2.05%, 25, 2, 11, 1895.43, 8374441, 1342
3990, 56, 70, 263, 57, 0, 2.05%, 25, 2, 11, 2076.38, 8385438, 1342
3995, 56, 39, 263, 57, 0, 2.05%, 25, 2, 11, 1395.00, 8392358, 1342
4000, 56, 7, 263, 57, 0, 2.05%, 25, 2, 11, 2140.89, 8404008, 1342
4005, 56, 119, 263, 57, 0, 2.05%, 25, 2, 11, 2116.00, 8414851, 1342
4010, 56, 87, 263, 57, 0, 2.05%, 25, 2, 11, 2343.56, 8427289, 1342
4015, 56, 103, 263, 57, 0, 2.05%, 25, 2, 11, 2288.67, 8439271, 1342
4020, 57, 21, 264, 58, 0, 2.05%, 25, 2, 11, 2344.46, 8451190, 1342
4025, 57, 55, 264, 58, 0, 2.05%, 25, 2, 11, 2297.68, 8462565, 1342
4031, 57, 123, 264, 58, 0, 2.05%, 25, 2, 11, 2095.70, 8469189, 1342
4036, 57, 79, 264, 58, 0, 2.05%, 25, 2, 11, 2164.95, 8479756, 1342
4041, 57, 7, 264, 58, 0, 2.05%, 25, 2, 11, 427.86, 8490443, 1342
4046, 57, 7, 264, 58, 0, 2.05%, 25, 2, 11, 2327.83, 8502055, 1342
4051, 57, 67, 264, 58, 0, 2.05%, 25, 2, 11, 2200.03, 8512871, 1342
4056, 57, 116, 264, 58, 0, 2.05%, 25, 2, 11, 2367.67, 8525415, 1342
4061, 57, 130, 264, 58, 0, 2.05%, 25, 2, 11, 2215.90, 8536610, 1342
4067, 57, 62, 264, 58, 0, 2.05%, 25, 2, 11, 2297.21, 8548327, 1342
4072, 57, 130, 264, 58, 0, 2.05%, 25, 2, 11, 2403.80, 8560440, 1342
4078, 57, 160, 264, 58, 0, 2.05%, 25, 2, 11, 244.39, 8570644, 1342
4083, 57, 21, 264, 58, 0, 2.05%, 25, 2, 11, 2170.11, 8580266, 1342
4088, 57, 125, 265, 59, 0, 2.05%, 25, 2, 11, 2170.23, 8591209, 1342
4093, 57, 7, 265, 59, 0, 2.05%, 25, 2, 11, 2100.55, 8602245, 1342
4098, 57, 52, 265, 59, 0, 2.05%, 25, 2, 11, 2389.77, 8614464, 1342
4103, 57, 5, 265, 59, 0, 2.05%, 25, 2, 11, 2607.81, 8626659, 1342
4108, 57, 61, 265, 59, 0, 2.05%, 25, 2, 11, 2468.31, 8639071, 1342
4113, 57, 125, 265, 58, 0, 2.05%, 25, 2, 11, 2094.51, 8646974, 1342
4119, 58, 134, 265, 58, 0, 2.05%, 25, 2, 11, 237.79, 8653175, 1342
4124, 58, 55, 265, 58, 0, 2.05%, 25, 2, 11, 1529.58, 8661599, 1342
4129, 58, 125, 265, 58, 0, 2.05%, 25, 2, 11, 2001.03, 8672047, 1342
4134, 58, 55, 265, 58, 0, 2.05%, 25, 2, 11, 1994.40, 8682771, 1342
4139, 58, 3, 265, 58, 0, 2.05%, 25, 2, 11, 2197.64, 8693766, 1342
4144, 58, 61, 265, 58, 0, 2.05%, 25, 2, 11, 1424.38, 8701633, 1342
4149, 58, 61, 265, 58, 0, 2.05%, 25, 2, 11, 1978.22, 8712620, 1342
4154, 58, 5, 265, 58, 0, 2.05%, 25, 2, 11, 2330.43, 8723939, 1342
4159, 58, 228, 265, 58, 0, 2.05%, 25, 2, 11, 2066.60, 8733044, 1342
4165, 58, 14, 265, 57, 0, 2.05%, 25, 2, 11, 1674.59, 8739980, 1342
4170, 58, 3, 265, 57, 0, 2.05%, 25, 2, 11, 2276.12, 8752133, 1342
4175, 58, 21, 265, 57, 0, 2.05%, 25, 2, 11, 2076.60, 8762928, 1342
4180, 58, 70, 265, 57, 0, 2.05%, 25, 2, 11, 1652.60, 8770444, 1342
4185, 58, 21, 265, 57, 0, 2.05%, 25, 2, 11, 1391.29, 8776963, 1342
4190, 58, 130, 265, 57, 0, 2.05%, 25, 2, 11, 2159.13, 8787764, 1342
4195, 58, 87, 265, 57, 0, 2.05%, 25, 2, 11, 1899.37, 8797827, 1342
4200, 58, 39, 265, 57, 0, 2.05%, 25, 2, 11, 1951.76, 8807865, 1342
4205, 58, 5, 265, 57, 0, 2.05%, 25, 2, 11, 2324.18, 8819350, 1342
4211, 58, 73, 265, 57, 0, 2.05%, 25, 2, 11, 74.97, 8828649, 1342
4216, 58, 27, 265, 57, 0, 2.05%, 25, 2, 11, 1522.08, 8836628, 1342
4221, 58, 27, 265, 57, 0, 2.05%, 25, 2, 11, 1879.05, 8846616, 1342
4226, 58, 16, 265, 57, 0, 2.05%, 25, 2, 11, 1618.87, 8854232, 1342
4231, 58, 2, 265, 57, 0, 2.05%, 25, 2, 11, 1493.88, 8861611, 1342
4236, 58, 27, 265, 57, 0, 2.05%, 25, 2, 11, 1508.58, 8869388, 1342
4241, 58, 5, 265, 57, 0, 2.05%, 25, 2, 11, 1290.36, 8876645, 1342
4246, 59, 21, 265, 57, 0, 2.05%, 25, 2, 11, 1159.63, 8881782, 1342
4252, 59, 2, 265, 57, 0, 2.05%, 25, 2, 11, 1433.99, 8890065, 1342
4257, 59, 3, 265, 57, 0, 2.05%, 25, 2, 11, 1564.87, 8897166, 1342
4262, 59, 239, 265, 57, 0, 2.05%, 25, 2, 11, 1812.91, 8906822, 1342
4267, 59, 55, 265, 57, 0, 2.05%, 25, 2, 11, 1666.06, 8915107, 1342
4272, 59, 158, 265, 57, 0, 2.05%, 25, 2, 11, 1941.16, 8925187, 1342
4277, 59, 21, 265, 57, 0, 2.05%, 25, 2, 11, 2085.00, 8932363, 1342
4282, 59, 130, 265, 57, 0, 2.05%, 25, 2, 11, 1950.84, 8942160, 1342
4287, 59, 7, 266, 58, 0, 2.05%, 25, 2, 11, 2615.81, 8953451, 1342
4292, 59, 158, 266, 58, 0, 2.05%, 25, 2, 11, 2684.56, 8966937, 1342
4297, 59, 116, 266, 58, 0, 2.05%, 25, 2, 11, 2424.30, 8979862, 1342
4303, 59, 61, 266, 58, 0, 2.05%, 25, 2, 11, 2513.81, 8993093, 1342
4308, 59, 5, 266, 58, 0, 2.05%, 25, 2, 11, 2387.47, 9005127, 1342
4313, 59, 21, 266, 58, 0, 2.05%, 25, 2, 11, 2070.02, 9013990, 1342
4318, 59, 160, 266, 58, 0, 2.05%, 25, 2, 11, 515.39, 9026769, 1342
4323, 59, 158, 266, 58, 0, 2.05%, 25, 2, 11, 2919.45, 9038882, 1342
4328, 59, 4, 266, 58, 0, 2.05%, 25, 2, 11, 2743.80, 9052810, 1342
4333, 59, 7, 266, 58, 0, 2.05%, 25, 2, 11, 2108.82, 9062845, 1342
4338, 59, 87, 266, 58, 0, 2.05%, 25, 2, 11, 2123.64, 9073325, 1342
4343, 59, 160, 266, 58, 0, 2.05%, 25, 2, 11, 293.29, 9081592, 1342
4349, 59, 17, 266, 58, 0, 2.05%, 25, 2, 11, 1327.33, 9092338, 1342
4354, 59, 7, 266, 58, 0, 2.05%, 25, 2, 11, 1830.37, 9102334, 1342
4359, 60, 40, 267, 59, 0, 2.05%, 25, 2, 11, 2138.28, 9113329, 1342
4364, 60, 182, 267, 59, 0, 2.05%, 25, 2, 11, 1296.69, 9118653, 1342
4369, 60, 67, 267, 59, 0, 2.05%, 25, 2, 11, 1606.95, 9126759, 1342
4374, 60, 125, 267, 59, 0, 2.05%, 25, 2, 11, 1627.24, 9135499, 1342
4379, 60, 125, 267, 59, 0, 2.05%, 25, 2, 11, 1493.87, 9141247, 1342
4384, 60, 160, 267, 59, 0, 2.05%, 25, 2, 11, 297.73, 9149546, 1342
4390, 60, 61, 267, 59, 0, 2.05%, 25, 2, 11, 1795.58, 9158201, 1342
4395, 60, 130, 267, 59, 0, 2.05%, 25, 2, 11, 1861.81, 9167671, 1342
4400, 60, 70, 267, 59, 0, 2.05%, 25, 2, 11, 1649.53, 9175893, 1342
4405, 60, 125, 267, 59, 0, 2.05%, 25, 2, 11, 2111.95, 9184924, 1342
4410, 60, 5, 267, 59, 0, 2.05%, 25, 2, 11, 121.73, 9197769, 1342
4415, 60, 5, 267, 59, 0, 2.05%, 25, 2, 11, 624.50, 9208558, 1342
4420, 60, 55, 267, 59, 0, 2.05%, 25, 2, 11, 2893.99, 9221144, 1342
4426, 60, 239, 267, 59, 0, 2.05%, 25, 2, 11, 2671.29, 9235009, 1342
4431, 60, 27, 267, 59, 0, 2.05%, 25, 2, 11, 2597.25, 9247208, 1342
4436, 60, 55, 267, 59, 0, 2.05%, 25, 2, 11, 2454.78, 9259523, 1342
4441, 60, 186, 267, 59, 0, 2.05%, 25, 2, 11, 2370.64, 9271698, 1342
4446, 60, 35, 267, 59, 0, 2.05%, 25, 2, 11, 1993.21, 9279281, 1342
4451, 60, 218, 267, 59, 0, 2.05%, 25, 2, 11, 2060.54, 9290569, 1342
4456, 60, 121, 267, 59, 0, 2.05%, 25, 2, 11, 1972.49, 9300668, 1342
4461, 60, 125, 267, 59, 0, 2.05%, 25, 2, 11, 2350.73, 9312890, 1342
4467, 61, 70, 267, 59, 0, 2.05%, 25, 2, 11, 2058.27, 9323046, 1342
4472, 61, 239, 267, 59, 0, 2.05%, 25, 2, 11, 2476.73, 9335763, 1342
4477, 61, 3, 268, 60, 0, 2.05%, 25, 2, 11, 37.74, 9346830, 1342
4482, 61, 64, 268, 60, 0, 2.05%, 25, 2, 11, 2518.19, 9360345, 1342
4487, 61, 13, 268, 60, 0, 2.05%, 25, 2, 11, 2561.96, 9373700, 1342
4492, 61, 160, 268, 60, 0, 2.05%, 25, 2, 11, 2586.57, 9386499, 1342
4498, 61, 121, 268, 60, 0, 2.05%, 25, 2, 11, 2142.28, 9396896, 1342
4503, 61, 5, 268, 60, 0, 2.05%, 25, 2, 11, 2641.63, 9411283, 1342
4508, 61, 5, 268, 60, 0, 2.05%, 25, 2, 11, 2450.55, 9423159, 1342
4513, 61, 62, 268, 60, 0, 2.05%, 25, 2, 11, 2390.88, 9431670, 1342
4518, 61, 5, 268, 60, 0, 2.05%, 25, 2, 11, 2530.92, 9445155, 1342
4523, 61, 3, 268, 60, 0, 2.05%, 25, 2, 11, 2064.01, 9455701, 1342
4528, 61, 55, 269, 61, 0, 2.05%, 25, 2, 11, 1761.78, 9465207, 1342
4533, 61, 121, 269, 61, 0, 2.05%, 25, 2, 11, 2277.87, 9473113, 1342
4539, 61, 160, 269, 61, 0, 2.05%, 25, 2, 11, 2486.27, 9486185, 1342
4544, 61, 4, 269, 61, 0, 2.05%, 25, 2, 11, 269.99, 9497097, 1342
4549, 61, 55, 269, 61, 0, 2.05%, 25, 2, 11, 2674.23, 9510037, 1342
4554, 61, 69, 269, 61, 0, 2.05%, 25, 2, 11, 2465.33, 9520243, 1342
4560, 62, 21, 269, 61, 0, 2.05%, 25, 2, 11, 2688.05, 9534354, 1342
4565, 62, 4, 269, 61, 0, 2.05%, 25, 2, 11, 2817.53, 9546902, 1342
4570, 62, 39, 269, 61, 0, 2.05%, 25, 2, 11, 2365.68, 9559088, 1342
4575, 62, 5, 269, 61, 0, 2.05%, 25, 2, 11, 2052.98, 9569656, 1342
4580, 62, 21, 269, 61, 0, 2.05%, 25, 2, 11, 1428.84, 9575242, 1342
4585, 62, 55, 269, 61, 0, 2.05%, 25, 2, 11, 1988.74, 9586152, 1342
4590, 62, 68, 270, 62, 0, 2.05%, 25, 2, 11, 2337.14, 9598304, 1342
4595, 62, 7, 270, 62, 0, 2.05%, 25, 2, 11, 2649.37, 9611188, 1342
4600, 62, 30, 270, 62, 0, 2.05%, 25, 2, 11, 2699.09, 9625091, 1342
4605, 62, 3, 270, 62, 0, 2.05%, 25, 2, 11, 2335.18, 9637874, 1342
4611, 62, 5, 270, 62, 0, 2.05%, 25, 2, 11, 81.21, 9648800, 1342
4616, 62, 239, 270, 62, 0, 2.05%, 25, 2, 11, 2827.49, 9662739, 1342
4621, 62, 21, 270, 62, 0, 2.05%, 25, 2, 11, 2578.05, 9674642, 1342
4626, 62, 21, 270, 62, 0, 2.05%, 25, 2, 11, 2758.02, 9688948, 1342
4631, 62, 138, 270, 62, 0, 2.05%, 25, 2, 11, 2421.34, 9701346, 1342
4637, 62, 61, 270, 62, 0, 2.05%, 25, 2, 11, 2009.00, 9709140, 1342
4642, 62, 21, 270, 62, 0, 2.05%, 25, 2, 11, 2064.75, 9719822, 1342
4647, 63, 55, 270, 61, 0, 2.05%, 25, 2, 11, 1531.25, 9728341, 1342
4652, 63, 55, 270, 61, 0, 2.05%, 25, 2, 11, 1936.30, 9738739, 1342
4657, 63, 21, 270, 61, 0, 2.05%, 25, 2, 11, 2182.88, 9749763, 1342
4662, 63, 27, 270, 61, 0, 2.05%, 25, 2, 11, 2298.70, 9761336, 1342
4667, 63, 5, 270, 61, 0, 2.05%, 25, 2, 11, 2625.11, 9774711, 1342
4672, 63, 160, 270, 61, 0, 2.05%, 25, 2, 11, 451.27, 9785899, 1342
4678, 63, 16, 270, 61, 0, 2.05%, 25, 2, 11, 193.36, 9795695, 1342
4683, 63, 239, 270, 61, 0, 2.05%, 25, 2, 11, 1995.03, 9806396, 1342
4688, 63, 27, 270, 61, 0, 2.05%, 25, 2, 11, 2402.76, 9818971, 1342
4693, 63, 39, 270, 61, 0, 2.05%, 25, 2, 11, 2563.74, 9832229, 1342
4698, 63, 160, 270, 61, 0, 2.05%, 25, 2, 11, 429.95, 9843541, 1342
4704, 63, 21, 270, 61, 0, 2.05%, 25, 2, 11, 1707.86, 9853061, 1342
4709, 63, 160, 270, 61, 0, 2.05%, 25, 2, 11, 2095.82, 9863795, 1342
4714, 63, 125, 270, 61, 0, 2.05%, 25, 2, 11, 1991.21, 9870855, 1342
4719, 63, 52, 270, 61, 0, 2.05%, 25, 2, 11, 2523.06, 9884446, 1342
4724, 63, 69, 271, 62, 0, 2.05%, 25, 2, 11, 738.91, 9895740, 1342
4729, 63, 130, 271, 62, 0, 2.05%, 25, 2, 11, 3455.89, 9908751, 1342
4734, 63, 7, 271, 62, 0, 2.05%, 25, 2, 11, 2656.82, 9922056, 1342
4739, 63, 228, 271, 62, 0, 2.05%, 25, 2, 11, 2738.76, 9935470, 1342
4745, 63, 79, 271, 62, 0, 2.05%, 25, 2, 11, 436.01, 9946860, 1342
4750, 64, 7, 271, 62, 0, 2.05%, 25, 2, 11, 2471.51, 9959865, 1342
4755, 64, 2, 271, 62, 0, 2.05%, 25, 2, 11, 2512.51, 9972269, 1342
4760, 64, 264, 271, 62, 0, 2.05%, 25, 2, 11, 2693.67, 9986732, 1342
4765, 64, 186, 271, 61, 0, 2.05%, 25, 2, 11, 2589.12, 9999615, 1342
4771, 64, 113, 271, 61, 0, 2.05%, 25, 2, 11, 1700.72, 10010018, 1342
4776, 64, 130, 271, 61, 0, 2.05%, 25, 2, 11, 2214.32, 10021420, 1342
4781, 64, 121, 271, 61, 0, 2.05%, 25, 2, 11, 2529.58, 10029840, 1342
4786, 64, 21, 271, 61, 0, 2.05%, 25, 2, 11, 2073.02, 10039967, 1342
4791, 64, 218, 271, 61, 0, 2.05%, 25, 2, 11, 2369.41, 10051964, 1342
4796, 64, 130, 271, 61, 0, 2.05%, 25, 2, 11, 2475.98, 10065194, 1342
4801, 64, 138, 271, 61, 0, 2.05%, 25, 2, 11, 1805.84, 10074077, 1342
4806, 64, 61, 271, 61, 0, 2.05%, 25, 2, 11, 1231.31, 10080480, 1342
4812, 64, 21, 271, 61, 0, 2.05%, 25, 2, 11, 46.86, 10086279, 1342
4817, 64, 125, 271, 61, 0, 2.05%, 25, 2, 11, 1422.50, 10093479, 1342
4822, 64, 130, 271, 61, 0, 2.05%, 25, 2, 11, 2369.83, 10106285, 1342
4827, 64, 67, 271, 61, 0, 2.05%, 25, 2, 11, 2434.99, 10118098, 1342
4832, 64, 130, 271, 61, 0, 2.05%, 25, 2, 11, 2500.10, 10130609, 1342
4837, 64, 125, 271, 61, 0, 2.05%, 25, 2, 11, 1773.84, 10140385, 1342
4842, 64, 21, 271, 61, 0, 2.05%, 25, 2, 11, 2012.04, 10150708, 1342
4848, 65, 16, 271, 61, 0, 2.05%, 25, 2, 11, 2050.95, 10158258, 1342
4853, 65, 130, 271, 61, 0, 2.05%, 25, 2, 11, 2128.26, 10168236, 1342
4858, 65, 69, 271, 61, 0, 2.05%, 25, 2, 11, 2486.23, 10181231, 1342
4863, 65, 80, 271, 61, 0, 2.05%, 25, 2, 11, 2647.71, 10194736, 1342
4868, 65, 7, 271, 61, 0, 2.05%, 25, 2, 11, 1688.93, 10202530, 1342
4873, 65, 21, 271, 61, 0, 2.05%, 25, 2, 11, 1995.17, 10211830, 1342
4879, 65, 87, 271, 61, 0, 2.05%, 25, 2, 11, 89.09, 10219683, 1342
4884, 65, 52, 271, 61, 0, 2.05%, 25, 2, 11, 1586.82, 10227630, 1342
4889, 65, 14, 271, 61, 0, 2.05%, 25, 2, 11, 2328.40, 10240043, 1342
4894, 65, 3, 271, 61, 0, 2.05%, 25, 2, 11, 2406.64, 10252324, 1342
4899, 65, 69, 271, 60, 0, 2.05%, 25, 2, 11, 2296.24, 10261858, 1342
4904, 65, 239, 271, 60, 0, 2.05%, 25, 2, 11, 1325.10, 10266703, 1342
4910, 65, 117, 271, 60, 0, 2.05%, 25, 2, 11, 2268.41, 10279464, 1342
4915, 65, 130, 271, 60, 0, 2.05%, 25, 2, 11, 2686.67, 10289003, 1342
4920, 65, 21, 271, 60, 0, 2.05%, 25, 2, 11, 2341.81, 10300522, 1342
4925, 65, 87, 271, 60, 0, 2.05%, 25, 2, 11, 1818.44, 10311367, 1342
4930, 65, 5, 271, 60, 0, 2.05%, 25, 2, 11, 1535.18, 10319740, 1342
4935, 65, 13, 271, 60, 0, 2.05%, 25, 2, 11, 1783.67, 10329077, 1342
4940, 65, 160, 271, 60, 0, 2.05%, 25, 2, 11, 1653.54, 10337620, 1342
4946, 65, 125, 271, 60, 0, 2.05%, 25, 2, 11, 307.78, 10347982, 1342
4951, 65, 116, 271, 60, 0, 2.05%, 25, 2, 11, 2346.93, 10360059, 1342
4956, 65, 2, 271, 60, 0, 2.05%, 25, 2, 11, 2454.89, 10372426, 1342
4962, 65, 7, 271, 60, 0, 2.05%, 25, 2, 11, 1623.99, 10382531, 1342
4967, 66, 19, 271, 60, 0, 2.05%, 25, 2, 11, 2397.01, 10395477, 1342
4972, 66, 121, 271, 60, 0, 2.05%, 25, 2, 11, 2577.61, 10408179, 1342
4977, 66, 21, 271, 60, 0, 2.05%, 25, 2, 11, 2638.86, 10421214, 1342
4982, 66, 64, 271, 60, 0, 2.05%, 25, 2, 11, 2571.07, 10430412, 1342
4987, 66, 3, 271, 60, 0, 2.05%, 25, 2, 11, 2686.43, 10444096, 1342
4992, 66, 116, 271, 60, 0, 2.05%, 25, 2, 11, 2811.03, 10458104, 1342
4997, 66, 21, 271, 60, 0, 2.05%, 25, 2, 11, 2693.95, 10471762, 1342
5002, 66, 69, 271, 60, 0, 2.05%, 25, 2, 11, 2506.35, 10484632, 1342
5007, 66, 125, 271, 60, 0, 2.05%, 25, 2, 11, 2527.03, 10497704, 1342
5014, 66, 87, 271, 60, 0, 2.05%, 25, 2, 11, 150.53, 10510337, 1342
5019, 66, 7, 271, 60, 0, 2.05%, 25, 2, 11, 2657.74, 10524020, 1342
5024, 66, 68, 271, 60, 0, 2.05%, 25, 2, 11, 2636.94, 10536543, 1342
5029, 66, 87, 271, 60, 0, 2.05%, 25, 2, 11, 2819.47, 10550967, 1342
5034, 66, 116, 271, 59, 0, 2.05%, 25, 2, 11, 2428.06, 10563472, 1342
5039, 66, 21, 271, 59, 0, 2.05%, 25, 2, 11, 2505.46, 10576246, 1342
5044, 66, 21, 271, 59, 0, 2.05%, 25, 2, 11, 2734.75, 10590647, 1342
5049, 66, 7, 271, 59, 0, 2.05%, 25, 2, 11, 1763.34, 10599338, 1342
5054, 66, 113, 271, 59, 0, 2.05%, 25, 2, 11, 2280.24, 10612306, 1342
5060, 67, 55, 271, 59, 0, 2.05%, 25, 2, 11, 2125.26, 10622987, 1342
5065, 67, 7, 271, 59, 0, 2.05%, 25, 2, 11, 2689.96, 10636815, 1342
5070, 67, 130, 271, 59, 0, 2.05%, 25, 2, 11, 2689.50, 10650665, 1342
5075, 67, 61, 271, 59, 0, 2.05%, 25, 2, 11, 2593.94, 10664012, 1342
5081, 67, 125, 271, 59, 0, 2.05%, 25, 2, 11, 206.22, 10676384, 1342
5087, 67, 69, 271, 59, 0, 2.05%, 25, 2, 11, 2333.93, 10689329, 1342
5092, 67, 7, 271, 59, 0, 2.05%, 25, 2, 11, 2559.28, 10702054, 1342
5097, 67, 8, 271, 59, 0, 2.05%, 25, 2, 11, 2831.13, 10716453, 1342
5102, 67, 87, 271, 58, 0, 2.05%, 25, 2, 11, 2590.33, 10728869, 1342
5107, 67, 103, 271, 58, 0, 2.05%, 25, 2, 11, 2700.48, 10742418, 1342
5112, 67, 160, 271, 58, 0, 2.05%, 25, 2, 11, 419.98, 10753612, 1342
5117, 67, 21, 271, 58, 0, 2.05%, 25, 2, 11, 2433.98, 10762369, 1342
5122, 67, 7, 271, 58, 0, 2.05%, 25, 2, 11, 2559.15, 10775583, 1342
5127, 67, 4, 271, 58, 0, 2.05%, 25, 2, 11, 2605.86, 10789100, 1342
5132, 67, 21, 271, 58, 0, 2.05%, 25, 2, 11, 2800.99, 10803868, 1342
5137, 67, 2, 271, 58, 0, 2.05%, 25, 2, 11, 2253.97, 10815550, 1342
5142, 68, 39, 271, 58, 0, 2.05%, 25, 2, 11, 1831.42, 10823475, 1342
5149, 68, 5, 271, 58, 0, 2.05%, 25, 2, 11, 205.50, 10831236, 1342
5154, 68, 3, 271, 58, 0, 2.05%, 25, 2, 11, 1888.68, 10840470, 1342
5159, 68, 7, 271, 58, 0, 2.05%, 25, 2, 11, 1828.14, 10849509, 1342
5165, 68, 160, 271, 58, 0, 2.05%, 25, 2, 11, 205.47, 10856742, 1342
5170, 68, 87, 271, 58, 0, 2.05%, 25, 2, 11, 1957.88, 10863130, 1342
5175, 68, 160, 271, 58, 0, 2.05%, 25, 2, 11, 65.81, 10868618, 1342
5180, 68, 123, 271, 58, 0, 2.05%, 25, 2, 11, 1113.08, 10874193, 1342
5185, 68, 64, 271, 58, 0, 2.05%, 25, 2, 11, 1697.41, 10878532, 1342
5190, 68, 7, 272, 59, 0, 2.05%, 25, 2, 11, 1606.08, 10886345, 1342
5195, 68, 239, 272, 59, 0, 2.05%, 25, 2, 11, 1591.13, 10894355, 1342
5200, 68, 5, 272, 59, 0, 2.05%, 25, 2, 11, 1523.39, 10902232, 1342
5205, 68, 160, 272, 59, 0, 2.05%, 25, 2, 11, 1301.48, 10906617, 1342
5210, 68, 130, 272, 59, 0, 2.05%, 25, 2, 11, 1736.49, 10915559, 1342
5217, 68, 21, 272, 59, 0, 2.05%, 25, 2, 11, 222.61, 10923352, 1342
5222, 68, 239, 272, 59, 0, 2.05%, 25, 2, 11, 1636.88, 10931665, 1342
5227, 68, 55, 272, 59, 0, 2.05%, 25, 2, 11, 1769.59, 10940484, 1342
5232, 68, 228, 272, 59, 0, 2.05%, 25, 2, 11, 1288.11, 10946757, 1342
5237, 68, 4, 272, 59, 0, 2.05%, 25, 2, 11, 1342.97, 10953321, 1342
5242, 68, 4, 272, 59, 0, 2.05%, 25, 2, 11, 1446.05, 10960274, 1342
5247, 68, 123, 272, 59, 0, 2.05%, 25, 2, 11, 1441.25, 10968020, 1342
5252, 68, 125, 272, 59, 0, 2.05%, 25, 2, 11, 1646.82, 10974156, 1342
5257, 68, 125, 272, 59, 0, 2.05%, 25, 2, 11, 1697.73, 10982839, 1342
5262, 68, 117, 272, 59, 0, 2.05%, 25, 2, 11, 795.69, 10988910, 1342
5267, 68, 21, 272, 59, 0, 2.05%, 25, 2, 11, 1587.63, 10998272, 1342
5272, 68, 21, 272, 59, 0, 2.05%, 25, 2, 11, 1586.38, 11006065, 1342
5278, 68, 0, 272, 59, 0, 2.05%, 25, 2, 11, 1675.61, 11014456, 1342
5283, 68, 160, 272, 59, 0, 2.05%, 25, 2, 11, 1326.10, 11021228, 1342
5288, 68, 4, 272, 59, 0, 2.05%, 25, 2, 11, 1321.02, 11025299, 1342
5293, 68, 21, 272, 59, 0, 2.05%, 25, 2, 11, 1627.41, 11033969, 1342
5298, 68, 70, 272, 59, 0, 2.05%, 25, 2, 11, 1466.60, 11041415, 1342
5303, 69, 21, 272, 59, 0, 2.05%, 25, 2, 11, 1623.88, 11049610, 1342
5308, 69, 21, 272, 59, 0, 2.05%, 25, 2, 11, 1634.41, 11058126, 1342
5313, 69, 3, 272, 59, 0, 2.05%, 25, 2, 11, 1795.48, 11067345, 1342
5318, 69, 125, 272, 59, 0, 2.05%, 25, 2, 11, 1869.70, 11074111, 1342
5323, 69, 125, 272, 59, 0, 2.05%, 25, 2, 11, 1826.73, 11082119, 1342
5328, 69, 14, 272, 59, 0, 2.05%, 25, 2, 11, 1767.97, 11090897, 1342
5333, 69, 39, 272, 59, 0, 2.05%, 25, 2, 11, 1778.53, 11099624, 1342
5339, 69, 21, 272, 59, 0, 2.05%, 25, 2, 11, 1699.64, 11107899, 1342
5344, 69, 69, 272, 59, 0, 2.05%, 25, 2, 11, 2139.68, 11118065, 1342
5349, 69, 17, 272, 59, 0, 2.05%, 25, 2, 11, 1956.12, 11128083, 1342
5354, 69, 5, 272, 59, 0, 2.05%, 25, 2, 11, 2070.13, 11132572, 1342
5359, 69, 61, 272, 59, 0, 2.05%, 25, 2, 11, 2556.56, 11145888, 1342
5364, 69, 125, 272, 59, 0, 2.05%, 25, 2, 11, 2418.05, 11158269, 1342
5369, 69, 62, 272, 59, 0, 2.05%, 25, 2, 11, 2549.63, 11171302, 1342
5374, 69, 271, 273, 60, 0, 2.05%, 25, 2, 11, 2361.39, 11183774, 1342
5379, 69, 7, 273, 59, 0, 2.05%, 25, 2, 11, 2483.74, 11197344, 1342
5385, 69, 21, 273, 59, 0, 2.05%, 25, 2, 11, 217.86, 11206737, 1342
5390, 69, 158, 273, 59, 0, 2.05%, 25, 2, 11, 2938.80, 11221273, 1342
5396, 69, 68, 273, 59, 0, 2.05%, 25, 2, 11, 2745.99, 11235239, 1342
5401, 69, 7, 273, 59, 0, 2.05%, 25, 2, 11, 2685.61, 11249003, 1342
5406, 70, 5, 273, 59, 0, 2.05%, 25, 2, 11, 2798.04, 11263091, 1342
5411, 70, 7, 273, 59, 0, 2.05%, 25, 2, 11, 2913.86, 11277619, 1342
5416, 70, 16, 273, 59, 0, 2.05%, 25, 2, 11, 2634.06, 11291148, 1342
5421, 70, 116, 273, 59, 0, 2.05%, 25, 2, 11, 2886.60, 11300031, 1342
5426, 70, 52, 273, 59, 0, 2.05%, 25, 2, 11, 2657.86, 11313601, 1342
5431, 70, 130, 273, 59, 0, 2.05%, 25, 2, 11, 1735.83, 11321797, 1342
5436, 70, 47, 273, 59, 0, 2.05%, 25, 2, 11, 2386.37, 11334757, 1342
5441, 70, 87, 273, 59, 0, 2.05%, 25, 2, 11, 2626.15, 11348223, 1342
5446, 70, 55, 273, 58, 0, 2.05%, 25, 2, 11, 2420.39, 11360893, 1342
5453, 70, 5, 273, 58, 0, 2.05%, 25, 2, 11, 221.86, 11373684, 1342
5458, 70, 130, 273, 58, 0, 2.05%, 25, 2, 11, 2895.73, 11388156, 1342
5463, 70, 21, 273, 58, 0, 2.05%, 25, 2, 11, 2709.03, 11401525, 1342
5468, 70, 108, 273, 58, 0, 2.05%, 25, 2, 11, 2614.47, 11414386, 1342
5473, 70, 19, 273, 58, 0, 2.05%, 25, 2, 11, 2742.46, 11428514, 1342
5478, 70, 62, 273, 58, 0, 2.05%, 25, 2, 11, 1299.86, 11437117, 1342
5483, 70, 67, 273, 58, 0, 2.05%, 25, 2, 11, 2198.74, 11448821, 1342
5488, 70, 113, 273, 58, 0, 2.05%, 25, 2, 11, 2759.85, 11458609, 1342
5493, 70, 88, 273, 58, 0, 2.05%, 25, 2, 11, 2410.20, 11470582, 1342
5499, 71, 121, 273, 58, 0, 2.05%, 25, 2, 11, 2583.14, 11481686, 1342
5504, 71, 125, 273, 58, 0, 2.05%, 25, 2, 11, 2588.70, 11494600, 1342
5509, 71, 31, 274, 59, 0, 2.05%, 25, 2, 11, 1663.47, 11501308, 1342
5514, 71, 5, 274, 59, 0, 2.05%, 25, 2, 11, 1886.55, 11509576, 1342
5520, 71, 2, 274, 59, 0, 2.05%, 25, 2, 11, 230.91, 11518680, 1342
5525, 71, 186, 274, 59, 0, 2.05%, 25, 2, 11, 2032.24, 11528470, 1342
5530, 71, 21, 274, 59, 0, 2.05%, 25, 2, 11, 2431.66, 11541842, 1342
5535, 71, 160, 274, 59, 0, 2.05%, 25, 2, 11, 234.29, 11544983, 1342
5540, 71, 134, 274, 59, 0, 2.05%, 25, 2, 11, 842.33, 11548559, 1342
5546, 71, 2, 274, 59, 0, 2.05%, 25, 2, 11, 1186.00, 11553581, 1342
5551, 71, 79, 274, 59, 0, 2.05%, 25, 2, 11, 1079.71, 11558130, 1342
5556, 71, 125, 274, 59, 0, 2.05%, 25, 2, 11, 2796.95, 11568653, 1342
5561, 71, 160, 274, 59, 0, 2.05%, 25, 2, 11, 2110.53, 11579347, 1342
5566, 71, 103, 274, 59, 0, 2.05%, 25, 2, 11, 2136.92, 11590746, 1342
5571, 71, 123, 274, 59, 0, 2.05%, 25, 2, 11, 1559.88, 11599968, 1342
5576, 71, 130, 274, 59, 0, 2.05%, 25, 2, 11, 1810.43, 11610121, 1342
5582, 71, 21, 274, 59, 0, 2.05%, 25, 2, 11, 1598.84, 11618484, 1342
5587, 71, 125, 274, 59, 0, 2.05%, 25, 2, 11, 13.24, 11623418, 1342
5593, 71, 186, 274, 59, 0, 2.05%, 25, 2, 11, 1008.34, 11628525, 1342
5598, 71, 5, 274, 59, 0, 2.05%, 25, 2, 11, 1307.08, 11636246, 1342
5603, 71, 35, 274, 58, 0, 2.05%, 25, 2, 11, 1788.93, 11645511, 1342
5608, 71, 130, 274, 58, 0, 2.05%, 25, 2, 11, 2312.50, 11658213, 1342
5613, 71, 21, 274, 58, 0, 2.05%, 25, 2, 11, 879.93, 11662558, 1342
5618, 71, 17, 274, 58, 0, 2.05%, 25, 2, 11, 1555.38, 11670521, 1342
5623, 71, 61, 274, 58, 0, 2.05%, 25, 2, 11, 2006.02, 11677748, 1342
5628, 71, 87, 274, 58, 0, 2.05%, 25, 2, 11, 1846.19, 11686984, 1342
5633, 71, 160, 274, 58, 0, 2.05%, 25, 2, 11, 692.38, 11693556, 1342
5638, 72, 27, 274, 58, 0, 2.05%, 25, 2, 11, 2101.80, 11705963, 1342
5644, 72, 182, 274, 58, 0, 2.05%, 25, 2, 11, 2428.46, 11719393, 1342
5649, 72, 62, 274, 58, 0, 2.05%, 25, 2, 11, 2587.70, 11732611, 1342
5655, 72, 130, 274, 57, 0, 2.05%, 25, 2, 11, 108.28, 11746316, 1342
5660, 72, 55, 274, 57, 0, 2.05%, 25, 2, 11, 2508.64, 11755763, 1342
5665, 72, 21, 274, 57, 0, 2.05%, 25, 2, 11, 2477.35, 11768347, 1342
5670, 72, 138, 274, 57, 0, 2.05%, 25, 2, 11, 2762.79, 11782549, 1342
5675, 72, 113, 274, 57, 0, 2.05%, 25, 2, 11, 2706.77, 11795735, 1342
5680, 72, 130, 274, 57, 0, 2.05%, 25, 2, 11, 2757.47, 11809071, 1342
5685, 72, 35, 274, 57, 0, 2.05%, 25, 2, 11, 2724.30, 11822764, 1342
5690, 72, 160, 274, 57, 0, 2.05%, 25, 2, 11, 1766.05, 11831177, 1342
5696, 72, 7, 274, 57, 0, 2.05%, 25, 2, 11, 2712.07, 11841097, 1342
5701, 72, 7, 274, 57, 0, 2.05%, 25, 2, 11, 3359.46, 11852904, 1342
5706, 72, 160, 274, 57, 0, 2.05%, 25, 2, 11, 2853.50, 11867504, 1342
5711, 72, 3, 274, 57, 0, 2.05%, 25, 2, 11, 3153.90, 11875368, 1342
5716, 72, 14, 274, 57, 0, 2.05%, 25, 2, 11, 2469.66, 11887566, 1342
5722, 72, 121, 274, 57, 0, 2.05%, 25, 2, 11, 205.97, 11898240, 1342
5727, 72, 67, 274, 57, 0, 2.05%, 25, 2, 11, 1350.87, 11908575, 1342
5733, 72, 239, 274, 57, 0, 2.05%, 25, 2, 11, 2480.63, 11919067, 1342
5738, 73, 121, 274, 57, 0, 2.05%, 25, 2, 11, 2785.12, 11933974, 1342
5743, 73, 27, 274, 57, 0, 2.05%, 25, 2, 11, 2698.81, 11947577, 1342
5748, 73, 134, 274, 57, 0, 2.05%, 25, 2, 11, 2519.05, 11956843, 1342
5753, 73, 55, 274, 57, 0, 2.05%, 25, 2, 11, 2938.48, 11972057, 1342
5758, 73, 228, 274, 57, 0, 2.05%, 25, 2, 11, 2373.79, 11979997, 1342
5763, 73, 92, 274, 57, 0, 2.05%, 25, 2, 11, 2319.95, 11988909, 1342
5768, 73, 123, 274, 57, 0, 2.05%, 25, 2, 11, 2597.48, 12002359, 1342
5773, 73, 4, 274, 57, 0, 2.05%, 25, 2, 11, 2640.31, 12015523, 1342
5778, 73, 61, 274, 56, 0, 2.05%, 25, 2, 11, 2573.96, 12028121, 1342
5784, 73, 16, 274, 56, 0, 2.05%, 25, 2, 11, 2614.23, 12041370, 1342
5790, 73, 56, 274, 56, 0, 2.05%, 25, 2, 11, 174.87, 12053011, 1342
5795, 73, 158, 274, 56, 0, 2.05%, 25, 2, 11, 2339.63, 12066623, 1342
5800, 73, 55, 274, 56, 0, 2.05%, 25, 2, 11, 2532.21, 12080358, 1342
5805, 73, 21, 274, 56, 0, 2.05%, 25, 2, 11, 2733.89, 12094178, 1342
5810, 73, 108, 274, 56, 0, 2.05%, 25, 2, 11, 2577.65, 12106877, 1342
5815, 73, 160, 274, 56, 0, 2.05%, 25, 2, 11, 2173.71, 12118141, 1342
5821, 73, 3, 274, 56, 0, 2.05%, 25, 2, 11, 1724.75, 12123651, 1342
5826, 73, 21, 274, 56, 0, 2.05%, 25, 2, 11, 2034.23, 12130724, 1342
5831, 73, 116, 274, 56, 0, 2.05%, 25, 2, 11, 1819.08, 12139732, 1342
5836, 73, 88, 274, 56, 0, 2.05%, 25, 2, 11, 1782.46, 12148525, 1342
5841, 74, 116, 274, 56, 0, 2.05%, 25, 2, 11, 1668.96, 12156972, 1342
5846, 74, 160, 274, 56, 0, 2.05%, 25, 2, 11, 1678.82, 12166216, 1342
5851, 74, 4, 274, 56, 0, 2.05%, 25, 2, 11, 2016.63, 12171899, 1342
5857, 74, 27, 274, 56, 0, 2.05%, 25, 2, 11, 143.63, 12180397, 1342
5862, 74, 125, 274, 56, 0, 2.05%, 25, 2, 11, 1975.88, 12189386, 1342
5867, 74, 21, 274, 56, 0, 2.05%, 25, 2, 11, 1894.95, 12199080, 1342
5872, 74, 87, 274, 56, 0, 2.05%, 25, 2, 11, 1872.54, 12208338, 1342
5878, 74, 3, 274, 56, 0, 2.05%, 25, 2, 11, 1809.94, 12217862, 1342
5883, 74, 5, 274, 56, 0, 2.05%, 25, 2, 11, 1582.23, 12225511, 1342
5888, 74, 69, 274, 56, 0, 2.05%, 25, 2, 11, 1769.59, 12234996, 1342
5893, 74, 7, 274, 56, 0, 2.05%, 25, 2, 11, 1456.91, 12240112, 1342
5898, 74, 21, 274, 56, 0, 2.05%, 25, 2, 11, 1377.38, 12247387, 1342
5903, 74, 4, 274, 56, 0, 2.05%, 25, 2, 11, 1501.83, 12254656, 1342
5908, 74, 4, 274, 56, 0, 2.05%, 25, 2, 11, 1302.27, 12261299, 1342
5913, 74, 21, 274, 56, 0, 2.05%, 25, 2, 11, 1098.31, 12266710, 1342
5918, 74, 87, 274, 56, 0, 2.05%, 25, 2, 11, 1252.26, 12272854, 1342
5925, 74, 21, 274, 56, 0, 2.05%, 25, 2, 11, 192.33, 12281901, 1342
5930, 74, 5, 274, 56, 0, 2.05%, 26, 2, 11, 1820.61, 12290374, 1342
5935, 74, 5, 274, 56, 0, 2.05%, 26, 2, 11, 1860.23, 12300226, 1342
5940, 74, 69, 274, 56, 0, 2.05%, 26, 2, 11, 1536.45, 12307776, 1342
5945, 74, 39, 274, 56, 0, 2.05%, 26, 2, 11, 2186.66, 12319440, 1342
5950, 74, 88, 274, 56, 0, 2.05%, 26, 2, 11, 2701.02, 12334053, 1342
5955, 74, 5, 274, 56, 0, 2.05%, 26, 2, 11, 2237.09, 12345660, 1342
5960, 74, 16, 274, 56, 0, 2.05%, 26, 2, 11, 2340.30, 12353162, 1342
5966, 74, 121, 274, 56, 0, 2.05%, 26, 2, 11, 1465.22, 12360024, 1342
5971, 74, 113, 274, 56, 0, 2.05%, 26, 2, 11, 1603.17, 12368415, 1342
5976, 75, 69, 274, 56, 0, 2.05%, 26, 2, 11, 1865.63, 12376963, 1342
5981, 75, 21, 274, 56, 0, 2.05%, 26, 2, 11, 1953.53, 12386673, 1342
5986, 75, 151, 274, 56, 0, 2.05%, 26, 2, 11, 2043.20, 12396450, 1342
5992, 75, 117, 274, 56, 0, 2.05%, 26, 2, 11, 155.81, 12404401, 1342
5997, 75, 7, 274, 56, 0, 2.05%, 26, 2, 11, 1917.00, 12413669, 1342
6002, 75, 27, 274, 55, 0, 2.05%, 26, 2, 11, 2081.26, 12424084, 1342
6008, 75, 7, 274, 55, 0, 2.05%, 26, 2, 11, 2021.18, 12434634, 1342
6013, 75, 4, 274, 55, 0, 2.05%, 26, 2, 11, 2270.20, 12446305, 1342
6018, 75, 30, 274, 55, 0, 2.05%, 26, 2, 11, 2346.39, 12457799, 1342
6023, 75, 21, 274, 55, 0, 2.05%, 26, 2, 11, 1834.10, 12467169, 1342
6028, 75, 125, 274, 55, 0, 2.05%, 26, 2, 11, 1782.56, 12473523, 1342
6033, 75, 103, 274, 55, 0, 2.05%, 26, 2, 11, 1632.44, 12482039, 1342
6038, 75, 5, 274, 55, 0, 2.05%, 26, 2, 11, 2449.53, 12492849, 1342
6044, 75, 21, 274, 55, 0, 2.05%, 26, 2, 11, 2360.00, 12504752, 1342
6049, 75, 113, 274, 55, 0, 2.05%, 26, 2, 11, 2079.21, 12517533, 1342
6054, 75, 7, 274, 55, 0, 2.05%, 26, 2, 11, 2667.39, 12531825, 1342
6060, 75, 134, 274, 55, 0, 2.05%, 26, 2, 11, 159.46, 12539948, 1342
6065, 75, 113, 274, 55, 0, 2.05%, 26, 2, 11, 2147.06, 12547548, 1342
6070, 75, 69, 274, 55, 0, 2.05%, 26, 2, 11, 1831.28, 12556545, 1342
6075, 75, 64, 274, 55, 0, 2.05%, 26, 2, 11, 2002.66, 12567571, 1342
6080, 75, 55, 274, 55, 0, 2.05%, 26, 2, 11, 1952.42, 12577502, 1342
6085, 76, 160, 274, 55, 0, 2.05%, 26, 2, 11, 386.23, 12588719, 1342
6090, 76, 21, 274, 55, 0, 2.05%, 26, 2, 11, 2463.52, 12596730, 1342
6096, 76, 7, 274, 54, 0, 2.05%, 26, 2, 11, 2482.84, 12605207, 1342
6101, 76, 116, 274, 54, 0, 2.05%, 26, 2, 11, 2121.62, 12616267, 1342
6106, 76, 27, 274, 54, 0, 2.05%, 26, 2, 11, 2039.95, 12626837, 1342
6111, 76, 3, 274, 54, 0, 2.05%, 26, 2, 11, 2234.05, 12637605, 1342
6116, 76, 39, 274, 54, 0, 2.05%, 26, 2, 11, 2371.43, 12650056, 1342
6121, 76, 7, 274, 54, 0, 2.05%, 26, 2, 11, 2476.72, 12662985, 1342
6127, 76, 87, 274, 54, 0, 2.05%, 26, 2, 11, 193.09, 12672309, 1342
6132, 76, 121, 274, 54, 0, 2.05%, 26, 2, 11, 1887.50, 12681656, 1342
6137, 76, 21, 274, 54, 0, 2.05%, 26, 2, 11, 1681.84, 12690627, 1342
6142, 76, 7, 274, 54, 0, 2.05%, 26, 2, 11, 1849.76, 12701326, 1342
6147, 76, 130, 274, 54, 0, 2.05%, 26, 2, 11, 2027.12, 12712388, 1342
6153, 76, 125, 274, 54, 0, 2.05%, 26, 2, 11, 2178.74, 12723215, 1342
6158, 76, 17, 274, 54, 0, 2.05%, 26, 2, 11, 1903.41, 12732525, 1342
6163, 76, 55, 274, 54, 0, 2.05%, 26, 2, 11, 2279.66, 12740107, 1342
6168, 76, 21, 274, 54, 0, 2.05%, 26, 2, 11, 2361.22, 12751617, 1342
6173, 76, 67, 274, 54, 0, 2.05%, 26, 2, 11, 2638.35, 12765241, 1342
6178, 76, 4, 274, 54, 0, 2.05%, 26, 2, 11, 2367.29, 12775929, 1342
6183, 76, 239, 274, 54, 0, 2.05%, 26, 2, 11, 1328.41, 12783771, 1342
6188, 76, 5, 274, 54, 0, 2.05%, 26, 2, 11, 1968.11, 12794175, 1342
6193, 76, 21, 274, 54, 0, 2.05%, 26, 2, 11, 2368.05, 12806493, 1342
6198, 77, 239, 274, 54, 0, 2.05%, 26, 2, 11, 2926.81, 12816019, 1342
6203, 77, 55, 274, 54, 0, 2.05%, 26, 2, 11, 2360.98, 12827434, 1342
6208, 77, 16, 274, 54, 0, 2.05%, 26, 2, 11, 1050.40, 12835434, 1342
6213, 77, 5, 275, 55, 0, 2.05%, 26, 2, 11, 1437.16, 12843550, 1342
6219, 77, 61, 275, 55, 0, 2.05%, 26, 2, 11, 1622.04, 12851948, 1342
6224, 77, 123, 275, 55, 0, 2.05%, 26, 2, 11, 1865.94, 12861859, 1342
6229, 77, 125, 275, 55, 0, 2.05%, 26, 2, 11, 2505.74, 12868743, 1342
6234, 77, 5, 275, 55, 0, 2.05%, 26, 2, 11, 2566.18, 12881948, 1342
6239, 77, 125, 275, 55, 0, 2.05%, 26, 2, 11, 2517.56, 12893886, 1342
6244, 77, 125, 275, 55, 0, 2.05%, 26, 2, 11, 2555.91, 12907296, 1342
6249, 77, 3, 275, 55, 0, 2.05%, 26, 2, 11, 3053.48, 12916890, 1342
6254, 77, 16, 275, 55, 0, 2.05%, 26, 2, 11, 2661.89, 12930224, 1342
6260, 77, 69, 275, 55, 0, 2.05%, 26, 2, 11, 2691.47, 12943955, 1342
6265, 77, 117, 275, 55, 0, 2.05%, 26, 2, 11, 2310.62, 12952220, 1342
6270, 77, 130, 275, 55, 0, 2.05%, 26, 2, 11, 2213.59, 12963521, 1342
6275, 77, 4, 275, 55, 0, 2.05%, 26, 2, 11, 2804.10, 12972203, 1342
6280, 77, 160, 275, 55, 0, 2.05%, 26, 2, 11, 2445.81, 12984262, 1342
6285, 77, 27, 275, 55, 0, 2.05%, 26, 2, 11, 2372.13, 12990020, 1342
6290, 77, 88, 275, 55, 0, 2.05%, 26, 2, 11, 2924.86, 13001692, 1342
6295, 77, 130, 275, 55, 0, 2.05%, 26, 2, 11, 2567.75, 13013846, 1342
6300, 77, 21, 275, 54, 0, 2.05%, 26, 2, 11, 2453.62, 13025212, 1342
6305, 77, 134, 275, 54, 0, 2.05%, 26, 2, 11, 2800.92, 13039493, 1342
6312, 78, 121, 275, 54, 0, 2.05%, 26, 2, 11, 86.22, 13052516, 1342
6317, 78, 168, 275, 54, 0, 2.05%, 26, 2, 11, 2494.97, 13065515, 1342
6322, 78, 7, 275, 54, 0, 2.05%, 26, 2, 11, 2462.94, 13078176, 1342
6327, 78, 2, 275, 54, 0, 2.05%, 26, 2, 11, 2695.99, 13092358, 1342
6332, 78, 125, 275, 54, 0, 2.05%, 26, 2, 11, 2181.04, 13102566, 1342
6337, 78, 2, 275, 54, 0, 2.05%, 26, 2, 11, 2413.93, 13114624, 1342
6342, 78, 72, 275, 54, 0, 2.05%, 26, 2, 11, 2703.75, 13128857, 1342
6347, 78, 69, 275, 54, 0, 2.05%, 26, 2, 11, 2412.03, 13138515, 1342
6352, 78, 182, 275, 54, 0, 2.05%, 26, 2, 11, 2304.07, 13149327, 1342
6358, 78, 21, 275, 54, 0, 2.05%, 26, 2, 11, 2692.49, 13163209, 1342
6363, 78, 19, 275, 54, 0, 2.05%, 26, 2, 11, 2936.46, 13178654, 1342
6368, 78, 5, 275, 54, 0, 2.05%, 26, 2, 11, 2769.79, 13191942, 1342
6373, 78, 21, 275, 54, 0, 2.05%, 26, 2, 11, 2801.39, 13205878, 1342
6379, 78, 55, 275, 54, 0, 2.05%, 26, 2, 11, 35.45, 13216780, 1342
6384, 78, 130, 275, 54, 0, 2.05%, 26, 2, 11, 2140.13, 13228122, 1342
6389, 78, 272, 275, 54, 0, 2.05%, 26, 2, 11, 2395.23, 13240500, 1342
6394, 78, 4, 275, 53, 0, 2.05%, 26, 2, 11, 2904.36, 13255784, 1342
6399, 79, 5, 275, 53, 0, 2.05%, 26, 2, 11, 3104.42, 13271061, 1342
6404, 79, 138, 275, 53, 0, 2.05%, 26, 2, 11, 2928.28, 13285928, 1342
6409, 79, 87, 275, 52, 0, 2.05%, 26, 2, 11, 2629.47, 13298976, 1342
6414, 79, 40, 275, 52, 0, 2.05%, 26, 2, 11, 2542.50, 13308924, 1342
6419, 79, 138, 275, 52, 0, 2.05%, 26, 2, 11, 1980.96, 13320031, 1342
6424, 79, 73, 275, 52, 0, 2.05%, 26, 2, 11, 2655.79, 13334235, 1342
6429, 79, 69, 275, 52, 0, 2.05%, 26, 2, 11, 2709.73, 13347905, 1342
6435, 79, 39, 275, 52, 0, 2.05%, 26, 2, 11, 2425.14, 13359578, 1342
6440, 79, 39, 275, 52, 0, 2.05%, 26, 2, 11, 2200.15, 13370105, 1342
6446, 79, 4, 275, 52, 0, 2.05%, 26, 2, 11, 234.67, 13382772, 1342
6451, 79, 3, 275, 52, 0, 2.05%, 26, 2, 11, 1508.97, 13392099, 1342
6456, 79, 130, 275, 52, 0, 2.05%, 26, 2, 11, 2565.12, 13402896, 1342
6461, 79, 117, 275, 52, 0, 2.05%, 26, 2, 11, 2418.71, 13410711, 1342
6466, 79, 35, 275, 52, 0, 2.05%, 26, 2, 11, 2334.15, 13422686, 1342
6471, 79, 7, 275, 52, 0, 2.05%, 26, 2, 11, 2170.52, 13433319, 1342
6476, 79, 5, 275, 52, 0, 2.05%, 26, 2, 11, 1933.42, 13443205, 1342
6481, 79, 21, 275, 51, 0, 2.05%, 26, 2, 11, 1472.81, 13449379, 1342
6486, 79, 5, 275, 51, 0, 2.05%, 26, 2, 11, 1415.13, 13456853, 1342
6491, 79, 14, 275, 51, 0, 2.05%, 26, 2, 11, 2070.75, 13468006, 1342
6496, 79, 113, 275, 51, 0, 2.05%, 26, 2, 11, 2288.80, 13479791, 1342
6501, 79, 134, 275, 51, 0, 2.05%, 26, 2, 11, 2001.86, 13489828, 1342
6506, 80, 30, 275, 51, 0, 2.05%, 26, 2, 11, 1834.24, 13499038, 1342
6512, 80, 2, 275, 51, 0, 2.05%, 26, 2, 11, 147.92, 13506686, 1342
6518, 80, 5, 275, 51, 0, 2.05%, 26, 2, 11, 1502.06, 13514498, 1342
6523, 80, 5, 275, 51, 0, 2.05%, 26, 2, 11, 1975.45, 13524851, 1342
6528, 80, 7, 275, 51, 0, 2.05%, 26, 2, 11, 2559.65, 13539336, 1342
6533, 80, 35, 275, 51, 0, 2.05%, 26, 2, 11, 2653.35, 13549394, 1342
6538, 80, 27, 275, 51, 0, 2.05%, 26, 2, 11, 2668.28, 13563009, 1342
6543, 80, 7, 275, 51, 0, 2.05%, 26, 2, 11, 2719.24, 13576749, 1342
6548, 80, 70, 275, 51, 0, 2.05%, 26, 2, 11, 2560.20, 13585759, 1342
6553, 80, 21, 275, 51, 0, 2.05%, 26, 2, 11, 2578.52, 13598690, 1342
6559, 80, 55, 275, 51, 0, 2.05%, 26, 2, 11, 2967.32, 13614261, 1342
6564, 80, 27, 275, 51, 0, 2.05%, 26, 2, 11, 2707.84, 13627101, 1342
6569, 80, 21, 275, 51, 0, 2.05%, 26, 2, 11, 1383.24, 13638698, 1342
6574, 80, 27, 275, 51, 0, 2.05%, 26, 2, 11, 2108.64, 13650064, 1342
6579, 80, 21, 275, 51, 0, 2.05%, 26, 2, 11, 154.16, 13662894, 1342
6585, 80, 4, 275, 51, 0, 2.05%, 26, 2, 11, 2928.38, 13677545, 1342
6590, 80, 80, 275, 51, 0, 2.05%, 26, 2, 11, 2717.58, 13691510, 1342
6595, 80, 125, 275, 51, 0, 2.05%, 26, 2, 11, 2746.72, 13706406, 1342
6600, 81, 186, 275, 51, 0, 2.05%, 26, 2, 11, 1604.16, 13720455, 1342
6605, 81, 7, 275, 51, 0, 2.05%, 26, 2, 11, 2478.79, 13734220, 1342
6610, 81, 16, 275, 51, 0, 2.05%, 26, 2, 11, 2641.77, 13747920, 1342
6615, 81, 3, 275, 51, 0, 2.05%, 26, 2, 11, 2798.16, 13758285, 1342
6620, 81, 5, 275, 51, 0, 2.05%, 26, 2, 11, 2733.03, 13771744, 1342
6626, 81, 55, 275, 51, 0, 2.05%, 26, 2, 11, 2494.33, 13784190, 1342
6631, 81, 125, 275, 50, 0, 2.05%, 26, 2, 11, 2240.94, 13795238, 1342
6636, 81, 61, 275, 50, 0, 2.05%, 26, 2, 11, 2492.13, 13807341, 1342
6641, 81, 21, 275, 50, 0, 2.05%, 26, 2, 11, 2633.01, 13820766, 1342
6646, 81, 5, 275, 50, 0, 2.05%, 26, 2, 11, 462.44, 13832629, 1342
6651, 81, 3, 275, 50, 0, 2.05%, 26, 2, 11, 2300.46, 13846435, 1342
6656, 81, 5, 275, 50, 0, 2.05%, 26, 2, 11, 2776.86, 13860763, 1342
6661, 81, 21, 275, 50, 0, 2.05%, 26, 2, 11, 2790.71, 13875131, 1342
6666, 81, 151, 275, 50, 0, 2.05%, 26, 2, 11, 2722.03, 13886927, 1342
6671, 81, 4, 275, 50, 0, 2.05%, 26, 2, 11, 2820.82, 13900916, 1342
6676, 81, 87, 275, 50, 0, 2.05%, 26, 2, 11, 2404.70, 13912851, 1342
6681, 81, 7, 275, 50, 0, 2.05%, 26, 2, 11, 2051.97, 13921199, 1342
6687, 81, 55, 275, 50, 0, 2.05%, 26, 2, 11, 1815.92, 13930671, 1342
6692, 82, 7, 275, 49, 0, 2.05%, 26, 2, 11, 2466.90, 13943912, 1342
6697, 82, 7, 275, 49, 0, 2.05%, 26, 2, 11, 2897.24, 13958772, 1342
6702, 82, 31, 275, 49, 0, 2.05%, 26, 2, 11, 2805.44, 13973033, 1342
6707, 82, 182, 275, 49, 0, 2.05%, 26, 2, 11, 2724.38, 13986457, 1342
6713, 82, 3, 275, 49, 0, 2.05%, 26, 2, 11, 88.69, 13999046, 1342
6718, 82, 121, 275, 49, 0, 2.05%, 26, 2, 11, 1984.18, 14010688, 1342
6723, 82, 68, 275, 49, 0, 2.05%, 26, 2, 11, 2799.07, 14021974, 1342
6728, 82, 87, 275, 49, 0, 2.05%, 26, 2, 11, 2848.18, 14036052, 1342
6733, 82, 239, 275, 49, 0, 2.05%, 26, 2, 11, 2119.35, 14047877, 1342
6738, 82, 21, 275, 49, 0, 2.05%, 26, 2, 11, 1466.30, 14054401, 1342
6743, 82, 113, 275, 49, 0, 2.05%, 26, 2, 11, 1430.56, 14060524, 1342
6748, 82, 70, 275, 49, 0, 2.05%, 26, 2, 11, 1786.91, 14066480, 1342
6753, 82, 130, 275, 49, 0, 2.05%, 26, 2, 11, 1510.67, 14074126, 1342
6759, 82, 130, 275, 49, 0, 2.05%, 26, 2, 11, 1941.52, 14082062, 1342
6764, 82, 5, 275, 49, 0, 2.05%, 26, 2, 11, 1808.01, 14091876, 1342
6769, 82, 27, 275, 49, 0, 2.05%, 26, 2, 11, 2614.24, 14106051, 1342
6774, 82, 130, 275, 49, 0, 2.05%, 26, 2, 11, 2714.18, 14119802, 1342
6779, 82, 186, 275, 49, 0, 2.05%, 26, 2, 11, 316.04, 14133060, 1342
6785, 82, 263, 275, 49, 0, 2.05%, 26, 2, 11, 116.94, 14140486, 1342
6790, 82, 62, 275, 48, 0, 2.05%, 26, 2, 11, 1248.20, 14143053, 1342
6795, 82, 119, 275, 48, 0, 2.05%, 26, 2, 11, 2489.98, 14157411, 1342
6800, 82, 3, 275, 48, 0, 2.05%, 26, 2, 11, 2611.74, 14171276, 1342
6805, 83, 27, 275, 48, 0, 2.05%, 26, 2, 11, 2881.89, 14186116, 1342
6810, 83, 160, 275, 48, 0, 2.05%, 26, 2, 11, 377.84, 14195322, 1342
6815, 83, 21, 275, 48, 0, 2.05%, 26, 2, 11, 2476.55, 14203269, 1342
6820, 83, 116, 275, 48, 0, 2.05%, 26, 2, 11, 2596.90, 14216296, 1342
6825, 83, 125, 275, 48, 0, 2.05%, 26, 2, 11, 2523.24, 14228127, 1342
6830, 83, 87, 275, 48, 0, 2.05%, 26, 2, 11, 2748.75, 14241630, 1342
6836, 83, 16, 275, 48, 0, 2.05%, 26, 2, 11, 2592.91, 14255303, 1342
6841, 83, 125, 275, 48, 0, 2.05%, 26, 2, 11, 2497.23, 14267683, 1342
6846, 83, 55, 275, 48, 0, 2.05%, 26, 2, 11, 822.49, 14276263, 1342
6851, 83, 21, 275, 48, 0, 2.05%, 26, 2, 11, 1442.86, 14284404, 1342
6856, 83, 113, 275, 48, 0, 2.05%, 26, 2, 11, 1231.01, 14290735, 1342
6861, 83, 68, 275, 48, 0, 2.05%, 26, 2, 11, 1688.09, 14299946, 1342
6867, 83, 21, 275, 48, 0, 2.05%, 26, 2, 11, 1494.99, 14310337, 1342
6872, 83, 69, 275, 48, 0, 2.05%, 26, 2, 11, 2139.64, 14321579, 1342
6877, 83, 125, 275, 48, 0, 2.05%, 26, 2, 11, 1941.20, 14331709, 1342
6882, 83, 121, 275, 48, 0, 2.05%, 26, 2, 11, 896.30, 14336984, 1342
6887, 83, 158, 275, 48, 0, 2.05%, 26, 2, 11, 1546.83, 14345804, 1342
6892, 83, 21, 275, 48, 0, 2.05%, 26, 2, 11, 2026.50, 14356327, 1342
6897, 83, 4, 275, 48, 0, 2.05%, 26, 2, 11, 2325.06, 14368536, 1342
6902, 83, 121, 275, 48, 0, 2.05%, 26, 2, 11, 2309.05, 14380007, 1342
6907, 83, 64, 275, 48, 0, 2.05%, 26, 2, 11, 2472.11, 14392417, 1342
6913, 83, 3, 275, 48, 0, 2.05%, 26, 2, 11, 54.12, 14401586, 1342
6918, 84, 16, 275, 48, 0, 2.05%, 26, 2, 11, 2392.71, 14413708, 1342
6923, 84, 4, 275, 48, 0, 2.05%, 26, 2, 11, 2457.45, 14426506, 1342
6928, 84, 21, 275, 48, 0, 2.05%, 26, 2, 11, 1938.58, 14436254, 1342
6934, 84, 7, 275, 48, 0, 2.05%, 26, 2, 11, 2589.62, 14446527, 1342
6939, 84, 5, 275, 48, 0, 2.05%, 26, 2, 11, 2606.59, 14459644, 1342
6944, 84, 134, 275, 48, 0, 2.05%, 26, 2, 11, 2140.91, 14470016, 1342
6949, 84, 125, 275, 48, 0, 2.05%, 26, 2, 11, 2370.41, 14479680, 1342
6954, 84, 182, 275, 48, 0, 2.05%, 26, 2, 11, 2315.01, 14491736, 1342
6959, 84, 3, 275, 48, 0, 2.05%, 26, 2, 11, 2493.01, 14504715, 1342
6964, 84, 121, 275, 48, 0, 2.05%, 26, 2, 11, 2584.10, 14518258, 1342
6969, 84, 32, 275, 48, 0, 2.05%, 26, 2, 11, 2920.90, 14527083, 1342
6974, 84, 39, 275, 48, 0, 2.05%, 26, 2, 11, 2300.71, 14537740, 1342
6980, 84, 2, 275, 48, 0, 2.05%, 26, 2, 11, 146.68, 14546468, 1342
6985, 84, 125, 275, 48, 0, 2.05%, 26, 2, 11, 2115.12, 14556637, 1342
6990, 84, 125, 275, 48, 0, 2.05%, 26, 2, 11, 2494.19, 14570126, 1342
6995, 84, 70, 275, 48, 0, 2.05%, 26, 2, 11, 2475.63, 14582831, 1342
7000, 84, 158, 275, 48, 0, 2.05%, 26, 2, 11, 2127.28, 14594635, 1342
7005, 84, 7, 275, 48, 0, 2.05%, 26, 2, 11, 2382.88, 14607275, 1342
7011, 84, 125, 275, 47, 0, 2.05%, 26, 2, 11, 724.67, 14616299, 1342
7016, 84, 239, 275, 47, 0, 2.05%, 26, 2, 11, 1890.02, 14624721, 1342
7021, 84, 2, 275, 47, 0, 2.05%, 26, 2, 11, 1829.18, 14633744, 1342
7026, 85, 5, 275, 47, 0, 2.05%, 26, 2, 11, 1634.51, 14641749, 1342
7031, 85, 5, 275, 47, 0, 2.05%, 26, 2, 11, 1820.90, 14651131, 1342
7036, 85, 61, 275, 47, 0, 2.05%, 26, 2, 11, 1728.35, 14659493, 1342
7041, 85, 61, 275, 47, 0, 2.05%, 26, 2, 11, 824.10, 14664623, 1342
7047, 85, 21, 275, 47, 0, 2.05%, 26, 2, 11, 190.77, 14673373, 1342
7052, 85, 61, 275, 47, 0, 2.05%, 26, 2, 11, 1682.01, 14682259, 1342
7057, 85, 55, 275, 47, 0, 2.05%, 26, 2, 11, 1863.44, 14691974, 1342
7062, 85, 228, 275, 47, 0, 2.05%, 26, 2, 11, 1974.23, 14702023, 1342
7067, 85, 116, 275, 47, 0, 2.05%, 26, 2, 11, 1751.65, 14711815, 1342
7072, 85, 12, 275, 47, 0, 2.05%, 26, 2, 11, 1864.21, 14721527, 1342
7077, 85, 55, 275, 47, 0, 2.05%, 26, 2, 11, 1876.55, 14731196, 1342
7082, 85, 58, 275, 47, 0, 2.05%, 26, 2, 11, 2140.25, 14739225, 1342
7088, 85, 239, 275, 47, 0, 2.05%, 26, 2, 11, 2131.53, 14750069, 1342
7093, 85, 19, 275, 47, 0, 2.05%, 26, 2, 11, 2414.17, 14762488, 1342
7098, 85, 62, 275, 47, 0, 2.05%, 26, 2, 11, 2729.49, 14776625, 1342
7103, 85, 5, 275, 47, 0, 2.05%, 26, 2, 11, 3437.10, 14789658, 1342
7108, 85, 125, 275, 47, 0, 2.05%, 26, 2, 11, 432.18, 14801742, 1342
7114, 85, 125, 275, 47, 0, 2.05%, 26, 2, 11, 81.99, 14810349, 1342
7119, 85, 12, 275, 47, 0, 2.05%, 26, 2, 11, 1678.62, 14819092, 1342
7124, 85, 21, 275, 47, 0, 2.05%, 26, 2, 11, 1988.56, 14829680, 1342
7129, 85, 228, 275, 47, 0, 2.05%, 26, 2, 11, 2053.18, 14840384, 1342
7134, 85, 21, 275, 47, 0, 2.05%, 26, 2, 11, 2222.29, 14851793, 1342
7139, 86, 21, 275, 47, 0, 2.05%, 26, 2, 11, 2124.12, 14862773, 1342
7144, 86, 2, 275, 47, 0, 2.05%, 26, 2, 11, 2545.44, 14875570, 1342
7149, 86, 134, 275, 47, 0, 2.05%, 26, 2, 11, 2507.34, 14885719, 1342
7154, 86, 61, 275, 47, 0, 2.05%, 26, 2, 11, 2536.54, 14898304, 1342
7159, 86, 117, 275, 47, 0, 2.05%, 26, 2, 11, 2643.26, 14911871, 1342
7165, 86, 21, 275, 47, 0, 2.05%, 26, 2, 11, 2690.05, 14925594, 1342
7170, 86, 7, 275, 47, 0, 2.05%, 26, 2, 11, 2296.45, 14937142, 1342
7175, 86, 160, 275, 47, 0, 2.05%, 26, 2, 11, 2083.55, 14947386, 1342
7181, 86, 160, 275, 47, 0, 2.05%, 26, 2, 11, 282.41, 14958265, 1342
7186, 86, 5, 275, 47, 0, 2.05%, 26, 2, 11, 2441.22, 14968754, 1342
7191, 86, 125, 275, 47, 0, 2.05%, 26, 2, 11, 2549.90, 14981850, 1342
7196, 86, 21, 275, 47, 0, 2.05%, 26, 2, 11, 2713.58, 14995625, 1342
7201, 86, 27, 275, 47, 0, 2.05%, 26, 2, 11, 2702.95, 15009089, 1342
7206, 86, 16, 275, 47, 0, 2.05%, 26, 2, 11, 2376.34, 15021551, 1342
7212, 86, 79, 275, 47, 0, 2.05%, 26, 2, 11, 2708.33, 15034998, 1342
7217, 86, 7, 275, 47, 0, 2.05%, 26, 2, 11, 2011.91, 15042349, 1342
7222, 86, 21, 275, 47, 0, 2.05%, 26, 2, 11, 2520.22, 15055669, 1342
7227, 86, 138, 275, 47, 0, 2.05%, 26, 2, 11, 2471.38, 15068681, 1342
7232, 87, 21, 275, 47, 0, 2.05%, 26, 2, 11, 2216.76, 15078507, 1342
7237, 87, 21, 275, 47, 0, 2.05%, 26, 2, 11, 2398.37, 15087139, 1342
7242, 87, 158, 275, 47, 0, 2.05%, 26, 2, 11, 2409.92, 15099132, 1342
7248, 87, 72, 275, 47, 0, 2.05%, 26, 2, 11, 137.42, 15108835, 1342
7253, 87, 61, 275, 47, 0, 2.05%, 26, 2, 11, 2338.11, 15120945, 1342
7258, 87, 7, 275, 46, 0, 2.05%, 26, 2, 11, 2527.58, 15134213, 1342
7263, 87, 125, 275, 46, 0, 2.05%, 26, 2, 11, 2282.49, 15141921, 1342
7268, 87, 7, 275, 46, 0, 2.05%, 26, 2, 11, 2515.96, 15154963, 1342
7273, 87, 55, 275, 46, 0, 2.05%, 26, 2, 11, 1785.97, 15163437, 1342
7278, 87, 130, 275, 46, 0, 2.05%, 26, 2, 11, 1587.10, 15171329, 1342
7283, 87, 21, 275, 46, 0, 2.05%, 26, 2, 11, 1913.26, 15178254, 1342
7288, 87, 16, 275, 46, 0, 2.05%, 26, 2, 11, 2292.73, 15190129, 1342
7293, 87, 17, 275, 46, 0, 2.05%, 26, 2, 11, 2190.13, 15201404, 1342
7299, 87, 160, 275, 46, 0, 2.05%, 26, 2, 11, 111.11, 15208929, 1342
7304, 87, 116, 275, 46, 0, 2.05%, 26, 2, 11, 2380.91, 15218971, 1342
7309, 87, 186, 275, 46, 0, 2.05%, 26, 2, 11, 2173.89, 15229177, 1342
7314, 87, 117, 275, 46, 0, 2.05%, 26, 2, 11, 73.95, 15239971, 1342
7319, 87, 21, 275, 46, 0, 2.05%, 26, 2, 11, 2190.60, 15251328, 1342
7325, 87, 125, 275, 46, 0, 2.05%, 26, 2, 11, 2330.76, 15263091, 1342
7330, 87, 55, 275, 46, 0, 2.05%, 26, 2, 11, 2345.15, 15274615, 1342
7335, 87, 3, 275, 46, 0, 2.05%, 26, 2, 11, 2441.46, 15287153, 1342
7340, 88, 55, 275, 46, 0, 2.05%, 26, 2, 11, 2012.56, 15296805, 1342
7345, 88, 21, 275, 46, 0, 2.05%, 26, 2, 11, 2158.84, 15307703, 1342
7350, 88, 160, 275, 46, 0, 2.05%, 26, 2, 11, 373.17, 15313890, 1342
7355, 88, 87, 275, 46, 0, 2.05%, 26, 2, 11, 2199.21, 15322116, 1342
7360, 88, 4, 275, 46, 0, 2.05%, 26, 2, 11, 2136.94, 15333412, 1342
7365, 88, 113, 275, 46, 0, 2.05%, 26, 2, 11, 2083.03, 15344318, 1342
7370, 88, 160, 275, 46, 0, 2.05%, 26, 2, 11, 306.91, 15354516, 1342
7376, 88, 130, 275, 46, 0, 2.05%, 26, 2, 11, 2576.07, 15361044, 1342
7381, 88, 125, 275, 46, 0, 2.05%, 26, 2, 11, 411.03, 15369658, 1342
7386, 88, 40, 275, 45, 0, 2.05%, 26, 2, 11, 2017.46, 15379284, 1342
7391, 88, 125, 275, 45, 0, 2.05%, 26, 2, 11, 1751.46, 15388620, 1342
7397, 88, 17, 275, 45, 0, 2.05%, 26, 2, 11, 1851.30, 15398086, 1342
7402, 88, 116, 275, 45, 0, 2.05%, 26, 2, 11, 2108.74, 15408916, 1342
7407, 88, 87, 275, 45, 0, 2.05%, 26, 2, 11, 1720.90, 15417342, 1342
7412, 88, 69, 275, 45, 0, 2.05%, 26, 2, 11, 1406.94, 15425489, 1342
7417, 88, 61, 275, 45, 0, 2.05%, 26, 2, 11, 2317.39, 15432178, 1342
7422, 88, 7, 275, 45, 0, 2.05%, 26, 2, 11, 2129.43, 15442430, 1342
7427, 88, 182, 275, 45, 0, 2.05%, 26, 2, 11, 2155.22, 15453498, 1342
7432, 88, 4, 275, 45, 0, 2.05%, 26, 2, 11, 1966.79, 15463357, 1342
7437, 88, 88, 275, 45, 0, 2.05%, 26, 2, 11, 1954.83, 15473831, 1342
7442, 88, 69, 275, 45, 0, 2.05%, 26, 2, 11, 2153.19, 15484752, 1342
7448, 88, 2, 275, 45, 0, 2.05%, 26, 2, 11, 127.64, 15491992, 1342
7453, 88, 21, 275, 45, 0, 2.05%, 26, 2, 11, 1511.31, 15499937, 1342
7458, 88, 113, 275, 45, 0, 2.05%, 26, 2, 11, 1768.08, 15508707, 1342
7463, 88, 138, 275, 45, 0, 2.05%, 26, 2, 11, 1707.10, 15517615, 1342
7468, 88, 39, 275, 45, 0, 2.05%, 26, 2, 11, 1678.33, 15526602, 1342
7474, 89, 39, 275, 45, 0, 2.05%, 26, 2, 11, 1928.89, 15534025, 1342
7479, 89, 134, 275, 45, 0, 2.05%, 26, 2, 11, 1491.71, 15541072, 1342
7484, 89, 61, 275, 45, 0, 2.05%, 26, 2, 11, 1005.65, 15545408, 1342
7489, 89, 52, 275, 45, 0, 2.05%, 26, 2, 11, 1153.90, 15552187, 1342
7494, 89, 228, 275, 45, 0, 2.05%, 26, 2, 11, 1006.46, 15555857, 1342
7499, 89, 116, 275, 45, 0, 2.05%, 26, 2, 11, 1096.08, 15561471, 1342
7504, 89, 116, 275, 45, 0, 2.05%, 26, 2, 11, 875.55, 15565639, 1342
7509, 89, 160, 275, 45, 0, 2.05%, 26, 2, 11, 252.92, 15568774, 1342
7515, 89, 16, 275, 45, 0, 2.05%, 26, 2, 11, 59.93, 15573639, 1342
7520, 89, 160, 275, 45, 0, 2.05%, 26, 2, 11, 64.04, 15580143, 1342
7525, 89, 3, 275, 45, 0, 2.05%, 26, 2, 11, 1394.21, 15584614, 1342
7530, 89, 125, 275, 45, 0, 2.05%, 26, 2, 11, 298.13, 15590886, 1342
7535, 89, 21, 275, 45, 0, 2.05%, 26, 2, 11, 1331.12, 15597232, 1342
7540, 89, 121, 275, 45, 0, 2.05%, 26, 2, 11, 1929.39, 15607437, 1342
7546, 89, 79, 275, 45, 0, 2.05%, 26, 2, 11, 2133.67, 15618476, 1342
7551, 89, 4, 275, 45, 0, 2.05%, 26, 2, 11, 2336.35, 15627835, 1342
7556, 89, 16, 275, 45, 0, 2.05%, 26, 2, 11, 2639.12, 15641581, 1342
7561, 89, 14, 275, 45, 0, 2.05%, 26, 2, 11, 2367.13, 15652439, 1342
7566, 89, 130, 275, 45, 0, 2.05%, 26, 2, 11, 2427.92, 15665031, 1342
7571, 89, 14, 275, 45, 0, 2.05%, 26, 2, 11, 2390.98, 15676527, 1342
7576, 89, 125, 275, 45, 0, 2.05%, 26, 2, 11, 2288.07, 15688363, 1342
7581, 89, 62, 275, 45, 0, 2.05%, 26, 2, 11, 35.16, 15697486, 1342
7586, 89, 160, 275, 45, 0, 2.05%, 26, 2, 11, 286.25, 15706750, 1342
7592, 89, 55, 275, 45, 0, 2.05%, 26, 2, 11, 2290.74, 15717834, 1342
7597, 89, 16, 275, 45, 0, 2.05%, 26, 2, 11, 2521.01, 15730267, 1342
7602, 89, 160, 275, 45, 0, 2.05%, 26, 2, 11, 395.02, 15736267, 1342
7607, 89, 21, 275, 45, 0, 2.05%, 26, 2, 11, 2449.71, 15747537, 1342
7612, 89, 117, 275, 45, 0, 2.05%, 26, 2, 11, 2184.46, 15757796, 1342
7617, 90, 87, 275, 45, 0, 2.05%, 26, 2, 11, 2176.80, 15766695, 1342
7622, 90, 121, 275, 45, 0, 2.05%, 26, 2, 11, 141.41, 15776374, 1342
7627, 90, 158, 275, 45, 0, 2.05%, 26, 2, 11, 1540.19, 15784502, 1342
7632, 90, 35, 275, 45, 0, 2.05%, 26, 2, 11, 2024.78, 15794834, 1342
7637, 90, 14, 275, 45, 0, 2.05%, 26, 2, 11, 2012.57, 15804767, 1342
7642, 90, 5, 275, 45, 0, 2.05%, 26, 2, 11, 1993.83, 15814599, 1342
7648, 90, 87, 275, 45, 0, 2.05%, 26, 2, 11, 29.95, 15824708, 1342
7653, 90, 125, 275, 45, 0, 2.05%, 26, 2, 11, 2358.43, 15836549, 1342
7658, 90, 80, 275, 45, 0, 2.05%, 26, 2, 11, 2260.96, 15848405, 1342
7664, 90, 87, 275, 45, 0, 2.05%, 26, 2, 11, 2026.36, 15858963, 1342
7669, 90, 113, 275, 45, 0, 2.05%, 26, 2, 11, 1751.71, 15867828, 1342
7674, 90, 3, 275, 45, 0, 2.05%, 26, 2, 11, 2311.04, 15880003, 1342
7679, 90, 121, 275, 45, 0, 2.05%, 26, 2, 11, 2473.22, 15892941, 1342
7684, 90, 160, 275, 45, 0, 2.05%, 26, 2, 11, 1535.06, 15899730, 1342
7689, 90, 27, 275, 45, 0, 2.05%, 26, 2, 11, 1711.98, 15906160, 1342
7694, 90, 39, 275, 45, 0, 2.05%, 26, 2, 11, 1935.80, 15916498, 1342
7700, 90, 121, 275, 45, 0, 2.05%, 26, 2, 11, 1665.33, 15924817, 1342
7705, 90, 2, 275, 44, 0, 2.05%, 26, 2, 11, 1830.43, 15932382, 1342
7710, 90, 2, 275, 44, 0, 2.05%, 26, 2, 11, 1763.14, 15941460, 1342
7715, 90, 21, 275, 44, 0, 2.05%, 26, 2, 11, 2064.71, 15949138, 1342
7720, 90, 108, 275, 44, 0, 2.05%, 26, 2, 11, 2358.70, 15961370, 1342
7725, 90, 228, 275, 44, 0, 2.05%, 26, 2, 11, 2385.06, 15973040, 1342
7730, 90, 125, 275, 44, 0, 2.05%, 26, 2, 11, 2444.35, 15985705, 1342
7735, 91, 14, 275, 44, 0, 2.05%, 26, 2, 11, 410.90, 15993835, 1342
7740, 91, 0, 275, 44, 0, 2.05%, 26, 2, 11, 1672.28, 16004064, 1342
7745, 91, 160, 275, 44, 0, 2.05%, 26, 2, 11, 1811.25, 16012588, 1342
7750, 91, 64, 275, 44, 0, 2.05%, 26, 2, 11, 1132.96, 16016863, 1342
7756, 91, 130, 275, 44, 0, 2.05%, 26, 2, 11, 1580.87, 16025219, 1342
7761, 91, 58, 275, 44, 0, 2.05%, 26, 2, 11, 2049.82, 16035982, 1342
7766, 91, 55, 275, 44, 0, 2.05%, 26, 2, 11, 2204.04, 16047268, 1342
7771, 91, 123, 275, 44, 0, 2.05%, 26, 2, 11, 1696.89, 16055398, 1342
7776, 91, 21, 275, 44, 0, 2.05%, 26, 2, 11, 1605.43, 16062549, 1342
7781, 91, 160, 275, 44, 0, 2.05%, 26, 2, 11, 295.79, 16069651, 1342
7786, 91, 88, 275, 44, 0, 2.05%, 26, 2, 11, 1298.37, 16072597, 1342
7791, 91, 21, 275, 44, 0, 2.05%, 26, 2, 11, 1721.70, 16081854, 1342
7796, 91, 69, 275, 44, 0, 2.05%, 26, 2, 11, 1657.25, 16090145, 1342
7801, 91, 98, 275, 44, 0, 2.05%, 26, 2, 11, 1486.22, 16096689, 1342
7806, 91, 113, 275, 44, 0, 2.05%, 26, 2, 11, 1628.19, 16105148, 1342
7812, 91, 21, 275, 44, 0, 2.05%, 26, 2, 11, 1757.07, 16113601, 1342
7817, 91, 121, 275, 44, 0, 2.05%, 26, 2, 11, 1342.28, 16119844, 1342
7822, 91, 158, 275, 44, 0, 2.05%, 26, 2, 11, 1551.92, 16127508, 1342
7827, 91, 113, 275, 44, 0, 2.05%, 26, 2, 11, 1631.10, 16136852, 1342
7832, 91, 186, 275, 44, 0, 2.05%, 26, 2, 11, 1249.50, 16142899, 1342
7837, 91, 160, 275, 44, 0, 2.05%, 26, 2, 11, 117.73, 16146082, 1342
7842, 91, 32, 275, 44, 0, 2.05%, 26, 2, 11, 1295.72, 16152276, 1342
7847, 91, 160, 275, 44, 0, 2.05%, 26, 2, 11, 140.00, 16154022, 1342
7853, 91, 125, 275, 44, 0, 2.05%, 26, 2, 11, 1676.62, 16161034, 1342
7858, 91, 125, 275, 44, 0, 2.05%, 26, 2, 11, 1720.89, 16169653, 1342
7863, 91, 7, 275, 44, 0, 2.05%, 26, 2, 11, 1683.35, 16178218, 1342
7868, 91, 21, 275, 44, 0, 2.05%, 26, 2, 11, 820.25, 16182295, 1342
7873, 91, 160, 275, 44, 0, 2.05%, 26, 2, 11, 846.53, 16186145, 1342
7878, 91, 228, 275, 44, 0, 2.05%, 26, 2, 11, 697.54, 16189193, 1342
7883, 91, 73, 275, 44, 0, 2.05%, 26, 2, 11, 1022.33, 16193321, 1342
7888, 91, 2, 275, 44, 0, 2.05%, 26, 2, 11, 1118.22, 16199045, 1342
7893, 91, 35, 275, 44, 0, 2.05%, 26, 2, 11, 1516.40, 16206879, 1342
7898, 91, 21, 275, 44, 0, 2.05%, 26, 2, 11, 1509.97, 16214277, 1342
7903, 92, 7, 275, 44, 0, 2.05%, 26, 2, 11, 1869.57, 16224929, 1342
7908, 92, 2, 275, 44, 0, 2.05%, 26, 2, 11, 2267.99, 16236824, 1342
7914, 92, 113, 275, 43, 0, 2.05%, 26, 2, 11, 2120.81, 16246584, 1342
7919, 92, 182, 275, 43, 0, 2.05%, 26, 2, 11, 904.60, 16255586, 1342
7924, 92, 21, 275, 43, 0, 2.05%, 26, 2, 11, 2447.53, 16263500, 1342
7929, 92, 87, 275, 43, 0, 2.05%, 26, 2, 11, 2347.05, 16275480, 1342
7934, 92, 160, 275, 43, 0, 2.05%, 26, 2, 11, 67.85, 16281583, 1342
7939, 92, 21, 275, 43, 0, 2.05%, 26, 2, 11, 1592.67, 16289609, 1342
7944, 92, 21, 275, 43, 0, 2.05%, 26, 2, 11, 2420.34, 16302651, 1342
7949, 92, 60, 275, 43, 0, 2.05%, 26, 2, 11, 2453.57, 16313578, 1342
7954, 92, 125, 275, 43, 0, 2.05%, 26, 2, 11, 2410.65, 16325238, 1342
7959, 92, 7, 275, 43, 0, 2.05%, 26, 2, 11, 2282.25, 16335699, 1342
7965, 92, 30, 275, 43, 0, 2.05%, 26, 2, 11, 1658.87, 16344344, 1342
7970, 92, 50, 275, 43, 0, 2.05%, 26, 2, 11, 1406.35, 16350608, 1342
7975, 92, 130, 275, 43, 0, 2.05%, 26, 2, 11, 1639.79, 16359551, 1342
7980, 92, 130, 275, 43, 0, 2.05%, 26, 2, 11, 1252.59, 16365881, 1342
7985, 92, 130, 275, 43, 0, 2.05%, 26, 2, 11, 1284.50, 16371831, 1342
7990, 92, 4, 275, 43, 0, 2.05%, 26, 2, 11, 1327.68, 16378754, 1342
7995, 92, 21, 275, 43, 0, 2.05%, 26, 2, 11, 1517.22, 16386907, 1342
8000, 92, 17, 275, 43, 0, 2.05%, 26, 2, 11, 956.62, 16392500, 1342
8005, 92, 21, 275, 43, 0, 2.05%, 26, 2, 11, 1518.78, 16400700, 1342
8010, 92, 61, 275, 43, 0, 2.05%, 26, 2, 11, 1395.00, 16410045, 1342
8015, 92, 21, 275, 43, 0, 2.05%, 26, 2, 11, 2022.26, 16419346, 1342
8020, 93, 182, 275, 43, 0, 2.05%, 26, 2, 11, 2069.59, 16430128, 1342
8025, 93, 160, 275, 43, 0, 2.05%, 26, 2, 11, 410.11, 16435654, 1342
8030, 93, 39, 275, 43, 0, 2.05%, 26, 2, 11, 1903.06, 16446348, 1342
8035, 93, 39, 275, 43, 0, 2.05%, 26, 2, 11, 2353.36, 16457675, 1342
8040, 93, 130, 275, 43, 0, 2.05%, 26, 2, 11, 2268.04, 16469075, 1342
8046, 93, 21, 275, 43, 0, 2.05%, 26, 2, 11, 2692.70, 16479436, 1342
8051, 93, 113, 275, 43, 0, 2.05%, 26, 2, 11, 2424.08, 16491680, 1342
8056, 93, 113, 275, 43, 0, 2.05%, 26, 2, 11, 2532.29, 16503932, 1342
8061, 93, 21, 275, 43, 0, 2.05%, 26, 2, 11, 2281.62, 16515600, 1342
8066, 93, 27, 275, 43, 0, 2.05%, 26, 2, 11, 2099.86, 16526074, 1342
8071, 93, 55, 275, 43, 0, 2.05%, 26, 2, 11, 2022.91, 16536048, 1342
8076, 93, 160, 275, 43, 0, 2.05%, 26, 2, 11, 297.81, 16545400, 1342
8081, 93, 27, 275, 43, 0, 2.05%, 26, 2, 11, 2331.36, 16555109, 1342
8086, 93, 60, 275, 43, 0, 2.05%, 26, 2, 11, 2501.40, 16567822, 1342
8091, 93, 158, 275, 43, 0, 2.05%, 26, 2, 11, 2454.20, 16580017, 1342
8096, 93, 14, 275, 43, 0, 2.05%, 26, 2, 11, 1445.72, 16590637, 1342
8101, 93, 121, 275, 43, 0, 2.05%, 26, 2, 11, 2069.80, 16601999, 1342
8106, 93, 7, 275, 43, 0, 2.05%, 26, 2, 11, 2362.83, 16614375, 1342
8112, 93, 62, 275, 43, 0, 2.05%, 26, 2, 11, 2593.97, 16623468, 1342
8117, 94, 21, 275, 43, 0, 2.05%, 26, 2, 11, 2361.50, 16635176, 1342
8122, 94, 125, 275, 43, 0, 2.05%, 26, 2, 11, 2932.20, 16647893, 1342
8127, 94, 7, 275, 43, 0, 2.05%, 26, 2, 11, 2179.37, 16658983, 1342
8132, 94, 113, 275, 43, 0, 2.05%, 26, 2, 11, 1874.16, 16667593, 1342
8137, 94, 7, 275, 43, 0, 2.05%, 26, 2, 11, 1848.44, 16677207, 1342
8142, 94, 130, 275, 43, 0, 2.05%, 26, 2, 11, 1142.38, 16681959, 1342
8147, 94, 88, 275, 43, 0, 2.05%, 26, 2, 11, 659.92, 16685069, 1342
8153, 94, 125, 275, 43, 0, 2.05%, 26, 2, 11, 1589.04, 16693784, 1342
8158, 94, 52, 275, 43, 0, 2.05%, 26, 2, 11, 2026.45, 16702848, 1342
8163, 94, 21, 275, 43, 0, 2.05%, 26, 2, 11, 1869.69, 16711566, 1342
8168, 94, 160, 275, 43, 0, 2.05%, 26, 2, 11, 1324.16, 16717737, 1342
8173, 94, 55, 275, 43, 0, 2.05%, 26, 2, 11, 490.48, 16723133, 1342
8178, 94, 2, 275, 43, 0, 2.05%, 26, 2, 11, 1174.68, 16729405, 1342
8183, 94, 125, 275, 43, 0, 2.05%, 26, 2, 11, 1721.05, 16738360, 1342
8188, 94, 14, 275, 43, 0, 2.05%, 26, 2, 11, 2259.86, 16750099, 1342
8193, 94, 130, 275, 43, 0, 2.05%, 26, 2, 11, 2219.26, 16760882, 1342
8198, 94, 55, 275, 43, 0, 2.05%, 26, 2, 11, 2344.23, 16773170, 1342
8203, 94, 5, 275, 43, 0, 2.05%, 26, 2, 11, 2120.36, 16785164, 1342
8209, 94, 121, 275, 43, 0, 2.05%, 26, 2, 11, 2150.75, 16796238, 1342
8214, 94, 21, 275, 43, 0, 2.05%, 26, 2, 11, 1580.13, 16802733, 1342
8219, 94, 55, 275, 43, 0, 2.05%, 26, 2, 11, 429.98, 16806726, 1342
8224, 94, 160, 275, 43, 0, 2.05%, 26, 2, 11, 541.10, 16809931, 1342
8229, 94, 130, 275, 43, 0, 2.05%, 26, 2, 11, 1694.98, 16815008, 1342
8234, 94, 27, 275, 43, 0, 2.05%, 26, 2, 11, 1407.48, 16821301, 1342
8239, 94, 113, 275, 43, 0, 2.05%, 26, 2, 11, 1166.97, 16827150, 1342
8245, 94, 31, 275, 43, 0, 2.05%, 26, 2, 11, 1228.63, 16832582, 1342
8250, 94, 61, 275, 43, 0, 2.05%, 26, 2, 11, 1419.90, 16840115, 1342
8255, 95, 117, 275, 43, 0, 2.05%, 26, 2, 11, 1436.64, 16847174, 1342
8260, 95, 39, 275, 43, 0, 2.05%, 26, 2, 11, 1669.66, 16856442, 1342
8265, 95, 130, 275, 42, 0, 2.05%, 26, 2, 11, 2090.59, 16867407, 1342
8270, 95, 121, 275, 42, 0, 2.05%, 26, 2, 11, 580.00, 16873724, 1342
8275, 95, 121, 275, 42, 0, 2.05%, 26, 2, 11, 1980.81, 16885792, 1342
8280, 95, 62, 275, 42, 0, 2.05%, 26, 2, 11, 1828.24, 16894179, 1342
8285, 95, 4, 275, 42, 0, 2.05%, 26, 2, 11, 2245.65, 16905751, 1342
8290, 95, 3, 275, 42, 0, 2.05%, 26, 2, 11, 2246.83, 16917585, 1342
8295, 95, 103, 275, 42, 0, 2.05%, 26, 2, 11, 2152.49, 16929257, 1342
8300, 95, 125, 275, 42, 0, 2.05%, 26, 2, 11, 2150.89, 16940012, 1342
8305, 95, 3, 275, 42, 0, 2.05%, 26, 2, 11, 2435.93, 16952720, 1342
8311, 95, 69, 275, 42, 0, 2.05%, 26, 2, 11, 2439.70, 16961139, 1342
8316, 95, 72, 275, 42, 0, 2.05%, 26, 2, 11, 1441.60, 16966923, 1342
8321, 95, 39, 275, 42, 0, 2.05%, 26, 2, 11, 1637.36, 16975071, 1342
8326, 95, 30, 275, 41, 0, 2.05%, 26, 2, 11, 2013.97, 16985893, 1342
8331, 95, 35, 275, 41, 0, 2.05%, 26, 2, 11, 2167.41, 16996265, 1342
8336, 95, 39, 275, 41, 0, 2.05%, 26, 2, 11, 2050.04, 17007285, 1342
8341, 95, 87, 275, 41, 0, 2.05%, 26, 2, 11, 2268.31, 17018351, 1342
8346, 95, 5, 275, 41, 0, 2.05%, 26, 2, 11, 2075.98, 17027478, 1342
8351, 95, 7, 275, 41, 0, 2.05%, 26, 2, 11, 1997.41, 17037286, 1342
8356, 95, 3, 275, 41, 0, 2.05%, 26, 2, 11, 1910.24, 17046989, 1342
8361, 95, 125, 275, 41, 0, 2.05%, 26, 2, 11, 1837.52, 17056200, 1342
8367, 95, 52, 275, 41, 0, 2.05%, 26, 2, 11, 1657.00, 17064454, 1342
8372, 95, 16, 275, 40, 0, 2.05%, 26, 2, 11, 1701.42, 17073534, 1342
8377, 95, 130, 275, 40, 0, 2.05%, 26, 2, 11, 1600.03, 17079962, 1342
8382, 96, 125, 275, 40, 0, 2.05%, 26, 2, 11, 2033.56, 17089879, 1342
8387, 96, 5, 275, 40, 0, 2.05%, 26, 2, 11, 1027.50, 17095638, 1342
8392, 96, 125, 275, 40, 0, 2.05%, 26, 2, 11, 1666.46, 17105086, 1342
8397, 96, 160, 275, 40, 0, 2.05%, 26, 2, 11, 121.49, 17110569, 1342
8402, 96, 16, 275, 40, 0, 2.05%, 26, 2, 11, 1906.11, 17120898, 1342
8408, 96, 64, 275, 40, 0, 2.05%, 26, 2, 11, 2070.94, 17131276, 1342
8413, 96, 80, 275, 40, 0, 2.05%, 26, 2, 11, 2627.99, 17142457, 1342
8418, 96, 117, 275, 39, 0, 2.05%, 26, 2, 11, 2065.05, 17149027, 1342
8423, 96, 5, 275, 39, 0, 2.05%, 26, 2, 11, 2363.75, 17161600, 1342
8428, 96, 160, 275, 39, 0, 2.05%, 26, 2, 11, 69.26, 17168478, 1342
8433, 96, 21, 275, 39, 0, 2.05%, 26, 2, 11, 1896.79, 17174714, 1342
8438, 96, 27, 275, 39, 0, 2.05%, 26, 2, 11, 1802.91, 17183527, 1342
8443, 96, 27, 275, 39, 0, 2.05%, 26, 2, 11, 1598.67, 17191574, 1342
8448, 96, 14, 275, 39, 0, 2.05%, 26, 2, 11, 1799.82, 17201107, 1342
8454, 96, 7, 275, 39, 0, 2.05%, 26, 2, 11, 2562.41, 17215029, 1342
8459, 96, 3, 275, 39, 0, 2.05%, 26, 2, 11, 2187.23, 17225888, 1342
8464, 96, 121, 275, 39, 0, 2.05%, 26, 2, 11, 2067.07, 17236238, 1342
8469, 96, 52, 275, 39, 0, 2.05%, 26, 2, 11, 1147.21, 17244680, 1342
8474, 96, 87, 275, 39, 0, 2.05%, 26, 2, 11, 2076.81, 17257108, 1342
8479, 96, 108, 275, 39, 0, 2.05%, 26, 2, 11, 1402.66, 17263265, 1342
8484, 96, 21, 275, 39, 0, 2.05%, 26, 2, 11, 1536.37, 17271191, 1342
8489, 96, 182, 275, 39, 0, 2.05%, 26, 2, 11, 2105.51, 17282667, 1342
8494, 96, 125, 275, 39, 0, 2.05%, 26, 2, 11, 2508.93, 17293411, 1342
8500, 97, 21, 275, 39, 0, 2.05%, 26, 2, 11, 1709.13, 17301705, 1342
8505, 97, 130, 275, 39, 0, 2.05%, 26, 2, 11, 720.58, 17307589, 1342
8510, 97, 121, 275, 39, 0, 2.05%, 26, 2, 11, 1017.16, 17312006, 1342
8515, 97, 55, 275, 39, 0, 2.05%, 26, 2, 11, 1871.50, 17321141, 1342
8520, 97, 16, 275, 39, 0, 2.05%, 26, 2, 11, 2221.47, 17332980, 1342
8525, 97, 21, 276, 40, 0, 2.05%, 26, 2, 11, 2144.76, 17343662, 1342
8530, 97, 158, 276, 40, 0, 2.05%, 26, 2, 11, 449.34, 17353526, 1342
8535, 97, 125, 276, 40, 0, 2.05%, 26, 2, 11, 1125.13, 17359526, 1342
8541, 97, 160, 276, 40, 0, 2.05%, 26, 2, 11, 5.63, 17367861, 1342
8546, 97, 125, 276, 40, 0, 2.05%, 26, 2, 11, 2450.50, 17374614, 1342
8551, 97, 160, 276, 40, 0, 2.05%, 26, 2, 11, 1952.07, 17383530, 1342
8556, 97, 68, 276, 40, 0, 2.05%, 26, 2, 11, 2131.94, 17394689, 1342
8561, 97, 69, 276, 40, 0, 2.05%, 26, 2, 11, 2305.73, 17406555, 1342
8567, 97, 7, 276, 40, 0, 2.05%, 26, 2, 11, 2589.19, 17419802, 1342
8572, 97, 130, 276, 40, 0, 2.05%, 26, 2, 11, 2401.01, 17431243, 1342
8577, 97, 125, 276, 40, 0, 2.05%, 26, 2, 11, 2170.86, 17440291, 1342
8582, 97, 125, 276, 40, 0, 2.05%, 26, 2, 11, 2157.54, 17450623, 1342
8587, 97, 21, 276, 40, 0, 2.05%, 26, 2, 11, 2153.08, 17461882, 1342
8592, 97, 7, 276, 40, 0, 2.05%, 26, 2, 11, 1864.61, 17470649, 1342
8597, 97, 130, 276, 40, 0, 2.05%, 26, 2, 11, 2304.82, 17482892, 1342
8602, 97, 87, 276, 40, 0, 2.05%, 26, 2, 11, 2613.57, 17496137, 1342
8607, 97, 117, 276, 40, 0, 2.05%, 26, 2, 11, 426.16, 17508069, 1342
8612, 98, 21, 276, 40, 0, 2.05%, 26, 2, 11, 1518.78, 17514707, 1342
8617, 98, 61, 276, 40, 0, 2.05%, 26, 2, 11, 1672.72, 17523122, 1342
8623, 98, 55, 276, 40, 0, 2.05%, 26, 2, 11, 2174.53, 17534741, 1342
8628, 98, 98, 276, 40, 0, 2.05%, 26, 2, 11, 2401.99, 17546314, 1342
8633, 98, 64, 276, 40, 0, 2.05%, 26, 2, 11, 2193.05, 17557655, 1342
8638, 98, 160, 276, 40, 0, 2.05%, 26, 2, 11, 364.20, 17567689, 1342
8643, 98, 116, 276, 40, 0, 2.05%, 26, 2, 11, 2091.62, 17575368, 1342
8648, 98, 31, 276, 40, 0, 2.05%, 26, 2, 11, 1895.00, 17584737, 1342
8653, 98, 7, 276, 40, 0, 2.05%, 26, 2, 11, 1783.65, 17593730, 1342
8658, 98, 67, 276, 40, 0, 2.05%, 26, 2, 11, 1866.51, 17603064, 1342
8663, 98, 55, 276, 40, 0, 2.05%, 26, 2, 11, 2104.39, 17613963, 1342
8669, 98, 50, 276, 40, 0, 2.05%, 26, 2, 11, 1801.87, 17623428, 1342
8674, 98, 61, 276, 40, 0, 2.05%, 26, 2, 11, 306.17, 17629946, 1342
8679, 98, 39, 276, 40, 0, 2.05%, 26, 2, 11, 1915.07, 17639684, 1342
8684, 98, 130, 276, 40, 0, 2.05%, 26, 2, 11, 1998.52, 17650620, 1342
8689, 98, 125, 276, 40, 0, 2.05%, 26, 2, 11, 2267.09, 17662020, 1342
8694, 98, 62, 276, 40, 0, 2.05%, 26, 2, 11, 2398.59, 17673948, 1342
8699, 98, 2, 276, 40, 0, 2.05%, 26, 2, 11, 2290.09, 17685851, 1342
8704, 98, 35, 276, 40, 0, 2.05%, 26, 2, 11, 2274.46, 17697071, 1342
8709, 98, 5, 276, 40, 0, 2.05%, 26, 2, 11, 2564.31, 17705754, 1342
8714, 98, 7, 276, 40, 0, 2.05%, 26, 2, 11, 2371.99, 17717350, 1342
8719, 98, 160, 276, 40, 0, 2.05%, 26, 2, 11, 639.16, 17725838, 1342
8725, 99, 21, 276, 40, 0, 2.05%, 26, 2, 11, 1941.52, 17736769, 1342
8730, 99, 19, 276, 40, 0, 2.05%, 26, 2, 11, 1927.03, 17746370, 1342
8735, 99, 160, 276, 40, 0, 2.05%, 26, 2, 11, 345.74, 17754367, 1342
8740, 99, 27, 276, 40, 0, 2.05%, 26, 2, 11, 2067.05, 17762845, 1342
8745, 99, 130, 276, 40, 0, 2.05%, 26, 2, 11, 2219.52, 17774285, 1342
8750, 99, 55, 276, 40, 0, 2.05%, 26, 2, 11, 2420.48, 17786589, 1342
8755, 99, 35, 276, 40, 0, 2.05%, 26, 2, 11, 2311.64, 17798217, 1342
8760, 99, 123, 276, 39, 0, 2.05%, 26, 2, 11, 2056.87, 17808343, 1342
8766, 99, 87, 276, 39, 0, 2.05%, 26, 2, 11, 2135.96, 17819395, 1342
8771, 99, 55, 276, 39, 0, 2.05%, 26, 2, 11, 2596.59, 17827455, 1342
8776, 99, 5, 276, 39, 0, 2.05%, 26, 2, 11, 2066.31, 17836698, 1342
8781, 99, 72, 276, 39, 0, 2.05%, 26, 2, 11, 1923.50, 17846060, 1342
8786, 99, 7, 276, 39, 0, 2.05%, 26, 2, 11, 1175.45, 17853835, 1342
8791, 99, 69, 276, 39, 0, 2.05%, 26, 2, 11, 2056.44, 17865168, 1342
8796, 99, 239, 276, 39, 0, 2.05%, 26, 2, 11, 2157.58, 17876900, 1342
8801, 99, 88, 276, 39, 0, 2.05%, 26, 2, 11, 2190.64, 17888016, 1342
8806, 99, 119, 276, 39, 0, 2.05%, 26, 2, 11, 1700.38, 17897271, 1342
8811, 99, 119, 276, 39, 0, 2.05%, 26, 2, 11, 2486.37, 17906824, 1342
8817, 99, 87, 276, 39, 0, 2.05%, 26, 2, 11, 2029.85, 17917178, 1342
8822, 99, 21, 276, 39, 0, 2.05%, 26, 2, 11, 2204.61, 17928293, 1342
8827, 99, 14, 276, 39, 0, 2.05%, 26, 2, 11, 2275.07, 17940335, 1342
8832, 100, 69, 276, 39, 0, 2.05%, 26, 2, 11, 2364.87, 17951907, 1342
8837, 100, 151, 276, 39, 0, 2.05%, 26, 2, 11, 2210.24, 17962981, 1342
8842, 100, 69, 276, 39, 0, 2.05%, 26, 2, 11, 2062.07, 17971538, 1342
8847, 100, 67, 276, 39, 0, 2.05%, 26, 2, 11, 2282.68, 17983540, 1342
8852, 100, 39, 276, 39, 0, 2.05%, 26, 2, 11, 1980.65, 17993060, 1342
8857, 100, 50, 276, 39, 0, 2.05%, 26, 2, 11, 2250.18, 18004507, 1342
8862, 100, 5, 276, 39, 0, 2.05%, 26, 2, 11, 2278.49, 18015764, 1342
8867, 100, 2, 276, 39, 0, 2.05%, 26, 2, 11, 309.35, 18025694, 1342
8873, 100, 30, 276, 39, 0, 2.05%, 26, 2, 11, 726.01, 18036094, 1342
8878, 100, 125, 276, 39, 0, 2.05%, 26, 2, 11, 2084.52, 18048443, 1342
8883, 100, 125, 276, 39, 0, 2.05%, 26, 2, 11, 2294.73, 18060394, 1342
8888, 100, 158, 276, 39, 0, 2.05%, 26, 2, 11, 2125.50, 18071051, 1342
8893, 100, 117, 276, 39, 0, 2.05%, 26, 2, 11, 275.97, 18081606, 1342
8898, 100, 17, 276, 39, 0, 2.05%, 26, 2, 11, 1949.36, 18090173, 1342
8903, 100, 4, 276, 39, 0, 2.05%, 26, 2, 11, 2261.03, 18101965, 1342
8908, 100, 160, 276, 39, 0, 2.05%, 26, 2, 11, 389.45, 18106929, 1342
8913, 100, 158, 276, 39, 0, 2.05%, 26, 2, 11, 1573.23, 18114425, 1342
8918, 100, 87, 276, 39, 0, 2.05%, 26, 2, 11, 1842.09, 18123817, 1342
8924, 100, 5, 276, 39, 0, 2.05%, 26, 2, 11, 2332.04, 18136412, 1342
8929, 100, 21, 276, 39, 0, 2.05%, 26, 2, 11, 2241.91, 18148127, 1342
8934, 100, 87, 276, 39, 0, 2.05%, 26, 2, 11, 2392.72, 18160586, 1342
8939, 100, 125, 276, 39, 0, 2.05%, 26, 2, 11, 2370.32, 18168892, 1342
8944, 101, 31, 276, 39, 0, 2.05%, 26, 2, 11, 2045.15, 18178498, 1342
8949, 101, 21, 276, 39, 0, 2.05%, 26, 2, 11, 2075.17, 18189621, 1342
8954, 101, 61, 276, 39, 0, 2.05%, 26, 2, 11, 2269.24, 18201558, 1342
8960, 101, 35, 276, 39, 0, 2.05%, 26, 2, 11, 2240.86, 18212965, 1342
8965, 101, 73, 276, 39, 0, 2.05%, 26, 2, 11, 2303.00, 18224579, 1342
8970, 101, 67, 276, 39, 0, 2.05%, 26, 2, 11, 2010.77, 18234587, 1342
8975, 101, 55, 276, 39, 0, 2.05%, 26, 2, 11, 1997.36, 18243172, 1342
8980, 101, 113, 276, 39, 0, 2.05%, 26, 2, 11, 2118.62, 18253814, 1342
8985, 101, 64, 276, 39, 0, 2.05%, 26, 2, 11, 1867.98, 18262797, 1342
8990, 101, 55, 277, 40, 0, 2.05%, 26, 2, 11, 2216.00, 18273910, 1342
8995, 101, 116, 277, 40, 0, 2.05%, 26, 2, 11, 2252.85, 18285255, 1342
9000, 101, 116, 277, 40, 0, 2.05%, 26, 2, 11, 1581.01, 18295539, 1342
9005, 101, 138, 277, 40, 0, 2.05%, 26, 2, 11, 2254.50, 18305341, 1342
9010, 101, 17, 277, 40, 0, 2.05%, 26, 2, 11, 2166.24, 18315947, 1342
9015, 101, 103, 277, 40, 0, 2.05%, 26, 2, 11, 2112.75, 18326703, 1342
9020, 101, 21, 277, 40, 0, 2.05%, 26, 2, 11, 2227.75, 18337862, 1342
9025, 101, 79, 277, 40, 0, 2.05%, 26, 2, 11, 2320.96, 18349144, 1342
9030, 101, 130, 277, 40, 0, 2.05%, 26, 2, 11, 1738.98, 18357330, 1342
9036, 101, 130, 278, 41, 0, 2.05%, 26, 2, 11, 2060.27, 18367475, 1342
9041, 101, 87, 278, 41, 0, 2.05%, 26, 2, 11, 2265.20, 18377288, 1342
9046, 101, 21, 278, 40, 0, 2.05%, 26, 2, 11, 683.13, 18386896, 1342
9051, 101, 4, 278, 40, 0, 2.05%, 26, 2, 11, 1385.99, 18395162, 1342
9056, 102, 130, 278, 40, 0, 2.05%, 26, 2, 11, 2038.07, 18405842, 1342
9061, 102, 7, 278, 40, 0, 2.05%, 26, 2, 11, 2512.44, 18414357, 1342
9066, 102, 69, 278, 40, 0, 2.05%, 26, 2, 11, 2334.75, 18426279, 1342
9071, 102, 5, 278, 40, 0, 2.05%, 26, 2, 11, 2083.70, 18436026, 1342
9076, 102, 62, 278, 40, 0, 2.05%, 26, 2, 11, 2118.56, 18445887, 1342
9082, 102, 55, 278, 40, 0, 2.05%, 26, 2, 11, 1904.17, 18455457, 1342
9087, 102, 119, 278, 40, 0, 2.05%, 26, 2, 11, 2032.21, 18465606, 1342
9092, 102, 73, 278, 40, 0, 2.05%, 26, 2, 11, 2059.36, 18476808, 1342
9097, 102, 228, 278, 40, 0, 2.05%, 26, 2, 11, 2257.70, 18488668, 1342
9102, 102, 5, 278, 40, 0, 2.05%, 26, 2, 11, 2218.39, 18499542, 1342
9107, 102, 3, 278, 40, 0, 2.05%, 26, 2, 11, 2203.95, 18508981, 1342
9112, 102, 21, 278, 40, 0, 2.05%, 26, 2, 11, 2247.13, 18520340, 1342
9117, 102, 134, 278, 40, 0, 2.05%, 26, 2, 11, 2163.49, 18530882, 1342
9123, 102, 21, 278, 40, 0, 2.05%, 26, 2, 11, 2179.59, 18542162, 1342
9128, 102, 247, 278, 40, 0, 2.05%, 26, 2, 11, 245.18, 18553033, 1342
9133, 102, 16, 278, 39, 0, 2.05%, 26, 2, 11, 2035.77, 18558501, 1342
9138, 102, 2, 278, 39, 0, 2.05%, 26, 2, 11, 879.89, 18562903, 1342
9143, 102, 62, 278, 38, 0, 2.05%, 26, 2, 11, 1989.33, 18573991, 1342
9148, 102, 125, 278, 38, 0, 2.05%, 26, 2, 11, 2062.43, 18584506, 1342
9153, 102, 7, 278, 38, 0, 2.05%, 26, 2, 11, 1708.95, 18592602, 1342
9158, 102, 130, 278, 38, 0, 2.05%, 26, 2, 11, 1794.87, 18601988, 1342
9163, 102, 98, 278, 38, 0, 2.05%, 26, 2, 11, 1955.74, 18611739, 1342
9168, 102, 55, 278, 38, 0, 2.05%, 26, 2, 11, 1853.05, 18621105, 1342
9173, 102, 130, 278, 38, 0, 2.05%, 26, 2, 11, 1433.59, 18626435, 1342
9178, 103, 7, 278, 38, 0, 2.05%, 26, 2, 11, 1247.37, 18633023, 1342
9183, 103, 5, 278, 38, 0, 2.05%, 26, 2, 11, 1296.78, 18639292, 1342
9189, 103, 7, 278, 38, 0, 2.05%, 26, 2, 11, 1822.53, 18648970, 1342
9194, 103, 17, 278, 38, 0, 2.05%, 26, 2, 11, 1502.41, 18656245, 1342
9199, 103, 160, 278, 38, 0, 2.05%, 26, 2, 11, 190.48, 18666054, 1342
9204, 103, 64, 278, 38, 0, 2.05%, 26, 2, 11, 889.43, 18669464, 1342
9209, 103, 3, 278, 38, 0, 2.05%, 26, 2, 11, 1075.38, 18675659, 1342
9214, 103, 19, 278, 38, 0, 2.05%, 26, 2, 11, 1530.39, 18683623, 1342
9219, 103, 158, 278, 38, 0, 2.05%, 26, 2, 11, 1885.01, 18692943, 1342
9224, 103, 186, 278, 38, 0, 2.05%, 26, 2, 11, 2007.06, 18703182, 1342
9229, 103, 228, 278, 38, 0, 2.05%, 26, 2, 11, 1295.54, 18709473, 1342
9234, 103, 117, 278, 38, 0, 2.05%, 26, 2, 11, 1180.52, 18715099, 1342
9239, 103, 87, 278, 38, 0, 2.05%, 26, 2, 11, 1379.32, 18721199, 1342
9244, 103, 21, 278, 38, 0, 2.05%, 26, 2, 11, 1589.80, 18729333, 1342
9250, 103, 116, 278, 38, 0, 2.05%, 26, 2, 11, 1490.75, 18737009, 1342
9255, 103, 158, 278, 38, 0, 2.05%, 26, 2, 11, 1908.02, 18746974, 1342
9260, 103, 64, 278, 38, 0, 2.05%, 26, 2, 11, 1952.16, 18757017, 1342
9265, 103, 130, 278, 38, 0, 2.05%, 26, 2, 11, 1697.44, 18765137, 1342
9270, 103, 73, 278, 38, 0, 2.05%, 26, 2, 11, 1280.07, 18769645, 1342
9275, 103, 130, 278, 38, 0, 2.05%, 26, 2, 11, 1287.07, 18774191, 1342
9280, 103, 121, 278, 38, 0, 2.05%, 26, 2, 11, 1578.83, 18781502, 1342
9285, 103, 16, 278, 38, 0, 2.05%, 26, 2, 11, 1806.93, 18791328, 1342
9290, 103, 27, 278, 38, 0, 2.05%, 26, 2, 11, 1503.42, 18798796, 1342
9295, 103, 160, 278, 38, 0, 2.05%, 26, 2, 11, 202.00, 18803843, 1342
9301, 103, 186, 278, 38, 0, 2.05%, 26, 2, 11, 1701.34, 18810721, 1342
9306, 103, 17, 278, 38, 0, 2.05%, 26, 2, 11, 2141.46, 18820475, 1342
9311, 103, 113, 278, 38, 0, 2.05%, 26, 2, 11, 1952.28, 18830430, 1342
9316, 103, 21, 278, 38, 0, 2.05%, 26, 2, 11, 2136.32, 18840687, 1342
9321, 103, 130, 278, 38, 0, 2.05%, 26, 2, 11, 2240.67, 18852192, 1342
9326, 103, 158, 278, 38, 0, 2.05%, 26, 2, 11, 2414.78, 18863413, 1342
9331, 104, 16, 278, 38, 0, 2.05%, 26, 2, 11, 2040.03, 18872978, 1342
9336, 104, 27, 278, 38, 0, 2.05%, 26, 2, 11, 1996.92, 18880372, 1342
9341, 104, 160, 278, 38, 0, 2.05%, 26, 2, 11, 2112.92, 18891879, 1342
9346, 104, 16, 278, 38, 0, 2.05%, 26, 2, 11, 2219.17, 18901518, 1342
9351, 104, 98, 278, 38, 0, 2.05%, 26, 2, 11, 2238.30, 18912588, 1342
9356, 104, 130, 278, 38, 0, 2.05%, 26, 2, 11, 1991.22, 18921893, 1342
9362, 104, 117, 278, 38, 0, 2.05%, 26, 2, 11, 1771.28, 18930049, 1342
9367, 104, 16, 278, 38, 0, 2.05%, 26, 2, 11, 1969.29, 18940610, 1342
9372, 104, 21, 278, 38, 0, 2.05%, 26, 2, 11, 2210.17, 18950420, 1342
9377, 104, 87, 278, 38, 0, 2.05%, 26, 2, 11, 1835.33, 18960160, 1342
9382, 104, 239, 278, 38, 0, 2.05%, 26, 2, 11, 1840.08, 18969116, 1342
9387, 104, 27, 278, 38, 0, 2.05%, 26, 2, 11, 2109.40, 18979857, 1342
9392, 104, 21, 278, 38, 0, 2.05%, 26, 2, 11, 1657.04, 18988324, 1342
9397, 104, 160, 278, 38, 0, 2.05%, 26, 2, 11, 1808.85, 18997294, 1342
9403, 104, 67, 278, 38, 0, 2.05%, 26, 2, 11, 2660.23, 19007538, 1342
9408, 104, 138, 278, 38, 0, 2.05%, 26, 2, 11, 2278.90, 19018901, 1342
9413, 104, 87, 278, 38, 0, 2.05%, 26, 2, 11, 2312.76, 19030441, 1342
9418, 104, 7, 278, 38, 0, 2.05%, 26, 2, 11, 2212.84, 19041652, 1342
9423, 104, 130, 278, 38, 0, 2.05%, 26, 2, 11, 1993.52, 19051239, 1342
9428, 104, 21, 278, 38, 0, 2.05%, 26, 2, 11, 2591.71, 19061783, 1342
9433, 104, 228, 278, 38, 0, 2.05%, 26, 2, 11, 1088.23, 19067720, 1342
9438, 104, 5, 278, 38, 0, 2.05%, 26, 2, 11, 1623.50, 19074482, 1342
9443, 104, 88, 278, 38, 0, 2.05%, 26, 2, 11, 217.78, 19083800, 1342
9448, 105, 21, 278, 38, 0, 2.05%, 26, 2, 11, 1641.64, 19091875, 1342
9453, 105, 21, 278, 38, 0, 2.05%, 26, 2, 11, 1877.64, 19102002, 1342
9458, 105, 130, 278, 38, 0, 2.05%, 26, 2, 11, 2024.61, 19111790, 1342
9464, 105, 32, 278, 38, 0, 2.05%, 26, 2, 11, 2029.26, 19122373, 1342
9469, 105, 4, 278, 38, 0, 2.05%, 26, 2, 11, 2851.90, 19129880, 1342
9474, 105, 62, 278, 38, 0, 2.05%, 26, 2, 11, 2424.48, 19141258, 1342
9479, 105, 16, 278, 38, 0, 2.05%, 26, 2, 11, 1954.94, 19150184, 1342
9484, 105, 130, 278, 38, 0, 2.05%, 26, 2, 11, 1629.14, 19159090, 1342
9489, 105, 35, 278, 38, 0, 2.05%, 26, 2, 11, 1820.50, 19168337, 1342
9494, 105, 58, 278, 38, 0, 2.05%, 26, 2, 11, 1995.60, 19178530, 1342
9499, 105, 21, 278, 38, 0, 2.05%, 26, 2, 11, 2331.14, 19190648, 1342
9504, 105, 60, 278, 38, 0, 2.05%, 26, 2, 11, 1691.00, 19196938, 1342
9509, 105, 21, 278, 38, 0, 2.05%, 26, 2, 11, 1363.59, 19203403, 1342
9515, 105, 160, 278, 38, 0, 2.05%, 26, 2, 11, 575.87, 19205182, 1342
9520, 105, 0, 278, 38, 0, 2.05%, 26, 2, 11, 940.92, 19207531, 1342
9525, 105, 130, 278, 38, 0, 2.05%, 26, 2, 11, 1869.94, 19218526, 1342
9530, 105, 55, 278, 38, 0, 2.05%, 26, 2, 11, 2070.97, 19229599, 1342
9535, 105, 35, 278, 38, 0, 2.05%, 26, 2, 11, 1778.71, 19236628, 1342
9540, 105, 7, 278, 38, 0, 2.05%, 26, 2, 11, 1872.80, 19246220, 1342
9545, 105, 5, 278, 38, 0, 2.05%, 26, 2, 11, 1673.15, 19254957, 1342
9550, 105, 182, 278, 38, 0, 2.05%, 26, 2, 11, 1855.21, 19264492, 1342
9555, 105, 55, 278, 38, 0, 2.05%, 26, 2, 11, 1794.22, 19273777, 1342
9560, 105, 113, 278, 38, 0, 2.05%, 26, 2, 11, 1985.41, 19282677, 1342
9565, 105, 130, 278, 38, 0, 2.05%, 26, 2, 11, 1763.14, 19291589, 1342
9571, 105, 228, 278, 38, 0, 2.05%, 26, 2, 11, 1145.49, 19296755, 1342
9576, 105, 125, 278, 38, 0, 2.05%, 26, 2, 11, 1119.44, 19302402, 1342
9581, 105, 61, 278, 38, 0, 2.05%, 26, 2, 11, 1282.77, 19308856, 1342
9586, 105, 73, 278, 38, 0, 2.05%, 26, 2, 11, 1603.21, 19317251, 1342
9591, 106, 69, 278, 38, 0, 2.05%, 26, 2, 11, 1335.56, 19322689, 1342
9596, 106, 14, 278, 38, 0, 2.05%, 26, 2, 11, 1941.77, 19333195, 1342
9601, 106, 62, 278, 38, 0, 2.05%, 26, 2, 11, 1611.16, 19339523, 1342
9606, 106, 58, 278, 38, 0, 2.05%, 26, 2, 11, 1669.40, 19348323, 1342
9611, 106, 21, 278, 38, 0, 2.05%, 26, 2, 11, 1693.97, 19357315, 1342
9616, 106, 134, 278, 38, 0, 2.05%, 26, 2, 11, 1671.62, 19365604, 1342
9621, 106, 158, 278, 38, 0, 2.05%, 26, 2, 11, 2520.91, 19370276, 1342
9627, 106, 160, 278, 38, 0, 2.05%, 26, 2, 11, 1827.07, 19379529, 1342
9632, 106, 186, 278, 38, 0, 2.05%, 26, 2, 11, 1485.95, 19386562, 1342
9637, 106, 67, 278, 38, 0, 2.05%, 26, 2, 11, 1484.07, 19392186, 1342
9642, 106, 27, 278, 38, 0, 2.05%, 26, 2, 11, 1305.86, 19398464, 1342
9647, 106, 7, 278, 38, 0, 2.05%, 26, 2, 11, 1622.34, 19406721, 1342
9652, 106, 158, 278, 38, 0, 2.05%, 26, 2, 11, 1370.43, 19413434, 1342
9657, 106, 4, 278, 38, 0, 2.05%, 26, 2, 11, 1291.84, 19419864, 1342
9662, 106, 21, 278, 38, 0, 2.05%, 26, 2, 11, 1531.58, 19428043, 1342
9667, 106, 55, 278, 38, 0, 2.05%, 26, 2, 11, 1568.82, 19434488, 1342
9673, 106, 87, 278, 38, 0, 2.05%, 26, 2, 11, 888.35, 19441657, 1342
9678, 106, 5, 278, 38, 0, 2.05%, 26, 2, 11, 1308.31, 19449139, 1342
9683, 106, 21, 278, 38, 0, 2.05%, 26, 2, 11, 1378.51, 19455917, 1342
9688, 106, 5, 278, 38, 0, 2.05%, 26, 2, 11, 1277.09, 19462183, 1342
9693, 106, 56, 278, 37, 0, 2.05%, 26, 2, 11, 1370.94, 19468726, 1342
9699, 106, 125, 278, 37, 0, 2.05%, 26, 2, 11, 238.20, 19476397, 1342
9704, 106, 87, 278, 37, 0, 2.05%, 26, 2, 11, 1603.94, 19484742, 1342
9709, 106, 130, 278, 37, 0, 2.05%, 26, 2, 11, 1432.05, 19491895, 1342
9714, 106, 5, 278, 37, 0, 2.05%, 26, 2, 11, 1242.10, 19498409, 1342
9719, 106, 88, 278, 37, 0, 2.05%, 26, 2, 11, 1471.61, 19506170, 1342
9724, 106, 21, 278, 37, 0, 2.05%, 26, 2, 11, 1698.02, 19510222, 1342
9729, 106, 151, 278, 37, 0, 2.05%, 26, 2, 11, 1608.52, 19518319, 1342
9734, 106, 55, 278, 37, 0, 2.05%, 26, 2, 11, 1044.48, 19522279, 1342
9739, 106, 130, 278, 37, 0, 2.05%, 26, 2, 11, 1095.05, 19527841, 1342
9745, 106, 87, 278, 37, 0, 2.05%, 26, 2, 11, 1425.03, 19535011, 1342
9750, 106, 35, 278, 37, 0, 2.05%, 26, 2, 11, 1308.04, 19541445, 1342
9755, 107, 21, 278, 37, 0, 2.05%, 26, 2, 11, 2063.33, 19552102, 1342
9760, 107, 130, 278, 37, 0, 2.05%, 26, 2, 11, 2349.91, 19564195, 1342
9765, 107, 55, 278, 37, 0, 2.05%, 26, 2, 11, 2230.22, 19574440, 1342
9770, 107, 160, 278, 37, 0, 2.05%, 26, 2, 11, 1201.04, 19583860, 1342
9775, 107, 39, 278, 37, 0, 2.05%, 26, 2, 11, 1995.79, 19594365, 1342
9780, 107, 2, 278, 37, 0, 2.05%, 26, 2, 11, 2264.47, 19605711, 1342
9785, 107, 125, 278, 37, 0, 2.05%, 26, 2, 11, 2263.23, 19616939, 1342
9790, 107, 30, 278, 37, 0, 2.05%, 26, 2, 11, 2199.01, 19627631, 1342
9796, 107, 62, 278, 37, 0, 2.05%, 26, 2, 11, 2272.14, 19639013, 1342
9801, 107, 5, 278, 37, 0, 2.05%, 26, 2, 11, 2501.26, 19648875, 1342
9806, 107, 125, 278, 37, 0, 2.05%, 26, 2, 11, 2241.98, 19659877, 1342
9811, 107, 5, 278, 37, 0, 2.05%, 26, 2, 11, 1994.53, 19669554, 1342
9816, 107, 67, 278, 37, 0, 2.05%, 26, 2, 11, 2131.35, 19680412, 1342
9821, 107, 21, 278, 37, 0, 2.05%, 26, 2, 11, 2235.51, 19691964, 1342
9826, 107, 21, 278, 37, 0, 2.05%, 26, 2, 11, 767.89, 19700932, 1342
9831, 107, 7, 278, 37, 0, 2.05%, 26, 2, 11, 2236.29, 19708004, 1342
9837, 107, 69, 278, 37, 0, 2.05%, 26, 2, 11, 2163.84, 19719136, 1342
9842, 107, 72, 278, 37, 0, 2.05%, 26, 2, 11, 2189.00, 19730475, 1342
9847, 107, 5, 278, 37, 0, 2.05%, 26, 2, 11, 2119.47, 19741364, 1342
9852, 107, 61, 278, 37, 0, 2.05%, 26, 2, 11, 2358.85, 19753423, 1342
9857, 107, 158, 278, 37, 0, 2.05%, 26, 2, 11, 2273.67, 19765045, 1342
9862, 108, 87, 278, 37, 0, 2.05%, 26, 2, 11, 2416.75, 19776984, 1342
9867, 108, 62, 278, 37, 0, 2.05%, 26, 2, 11, 2401.56, 19786484, 1342
9872, 108, 123, 278, 37, 0, 2.05%, 26, 2, 11, 1962.22, 19795649, 1342
9878, 108, 117, 278, 37, 0, 2.05%, 26, 2, 11, 1874.97, 19804344, 1342
9883, 108, 88, 278, 37, 0, 2.05%, 26, 2, 11, 2137.16, 19815389, 1342
9888, 108, 125, 278, 37, 0, 2.05%, 26, 2, 11, 2166.19, 19825913, 1342
9893, 108, 117, 278, 37, 0, 2.05%, 26, 2, 11, 2153.66, 19836814, 1342
9898, 108, 160, 278, 37, 0, 2.05%, 26, 2, 11, 1797.63, 19845429, 1342
9903, 108, 125, 278, 37, 0, 2.05%, 26, 2, 11, 1860.46, 19854004, 1342
9908, 108, 130, 278, 37, 0, 2.05%, 26, 2, 11, 2093.52, 19864623, 1342
9913, 108, 17, 278, 37, 0, 2.05%, 26, 2, 11, 2547.47, 19875293, 1342
9918, 108, 21, 278, 37, 0, 2.05%, 26, 2, 11, 2379.11, 19887548, 1342
9923, 108, 160, 278, 37, 0, 2.05%, 26, 2, 11, 2756.38, 19897875, 1342
9928, 108, 98, 278, 37, 0, 2.05%, 26, 2, 11, 907.99, 19905944, 1342
9933, 108, 7, 278, 37, 0, 2.05%, 26, 2, 11, 1514.02, 19913815, 1342
9939, 108, 117, 278, 37, 0, 2.05%, 26, 2, 11, 2133.22, 19924930, 1342
9944, 108, 87, 278, 37, 0, 2.05%, 26, 2, 11, 2194.21, 19936218, 1342
9949, 108, 160, 278, 37, 0, 2.05%, 26, 2, 11, 171.25, 19945156, 1342
9954, 108, 5, 278, 37, 0, 2.05%, 26, 2, 11, 1936.39, 19952835, 1342
9959, 108, 58, 278, 37, 0, 2.05%, 26, 2, 11, 2195.96, 19964523, 1342
9964, 108, 7, 278, 37, 0, 2.05%, 26, 2, 11, 2345.78, 19974531, 1342
9969, 109, 125, 278, 37, 0, 2.05%, 26, 2, 11, 2118.95, 19985125, 1342
9974, 109, 61, 278, 37, 0, 2.05%, 26, 2, 11, 2137.03, 19995464, 1342
9979, 109, 3, 278, 37, 0, 2.05%, 26, 2, 11, 1714.12, 20003631, 1342
9984, 109, 5, 278, 37, 0, 2.05%, 26, 2, 11, 1918.32, 20013413, 1342
9989, 109, 16, 278, 37, 0, 2.05%, 26, 2, 11, 2076.48, 20024571, 1342
9994, 109, 87, 278, 37, 0, 2.05%, 26, 2, 11, 2016.69, 20033175, 1342
10000, 109, 87, 278, 37, 0, 2.05%, 26, 2, 11, 2406.80, 20043304, 1342
10005, 109, 7, 278, 37, 0, 2.05%, 26, 2, 11, 2261.26, 20054308, 1342
10010, 109, 4, 278, 37, 0, 2.05%, 26, 2, 11, 2182.43, 20065248, 1342
10015, 109, 30, 278, 37, 0, 2.05%, 26, 2, 11, 2240.10, 20076946, 1342
10020, 109, 27, 278, 37, 0, 2.05%, 26, 2, 11, 2183.39, 20088020, 1342
10025, 109, 116, 278, 37, 0, 2.05%, 26, 2, 11, 2386.70, 20100310, 1342
10030, 109, 5, 278, 37, 0, 2.05%, 26, 2, 11, 2444.67, 20109505, 1342
10035, 109, 62, 278, 37, 0, 2.05%, 26, 2, 11, 1871.36, 20118209, 1342
10040, 109, 28, 278, 37, 0, 2.05%, 26, 2, 11, 1975.08, 20127579, 1342
10045, 109, 5, 278, 37, 0, 2.05%, 26, 2, 11, 2024.61, 20137783, 1342
10050, 109, 55, 278, 37, 0, 2.05%, 26, 2, 11, 2169.17, 20149086, 1342
10056, 109, 134, 278, 37, 0, 2.05%, 26, 2, 11, 2316.43, 20160569, 1342
10061, 109, 5, 278, 36, 0, 2.05%, 26, 2, 11, 2328.16, 20172336, 1342
10066, 109, 7, 278, 36, 0, 2.05%, 26, 2, 11, 1975.83, 20181671, 1342
10071, 109, 119, 278, 36, 0, 2.05%, 26, 2, 11, 1754.44, 20190485, 1342
10076, 110, 52, 278, 36, 0, 2.05%, 26, 2, 11, 1934.72, 20200222, 1342
10081, 110, 231, 278, 36, 0, 2.05%, 26, 2, 11, 113.91, 20207527, 1342
10086, 110, 116, 278, 35, 0, 2.05%, 26, 2, 11, 2058.73, 20210535, 1342
10091, 110, 160, 278, 35, 0, 2.05%, 26, 2, 11, 2269.80, 20221967, 1342
10096, 110, 5, 278, 35, 0, 2.05%, 26, 2, 11, 2415.18, 20229961, 1342
10102, 110, 130, 278, 35, 0, 2.05%, 26, 2, 11, 2079.79, 20240647, 1342
10107, 110, 35, 278, 35, 0, 2.05%, 26, 2, 11, 2198.60, 20247432, 1342
10112, 110, 116, 278, 35, 0, 2.05%, 26, 2, 11, 1729.41, 20255923, 1342
10117, 110, 39, 278, 35, 0, 2.05%, 26, 2, 11, 1943.70, 20265458, 1342
10122, 110, 21, 278, 35, 0, 2.05%, 26, 2, 11, 2290.60, 20277553, 1342
10127, 110, 21, 278, 35, 0, 2.05%, 26, 2, 11, 2196.29, 20288120, 1342
10132, 110, 55, 278, 35, 0, 2.05%, 26, 2, 11, 1693.43, 20295255, 1342
10137, 110, 113, 278, 35, 0, 2.05%, 26, 2, 11, 2187.13, 20306918, 1342
10142, 110, 7, 278, 35, 0, 2.05%, 26, 2, 11, 2273.95, 20318129, 1342
10147, 110, 69, 278, 35, 0, 2.05%, 26, 2, 11, 2067.38, 20328654, 1342
10152, 110, 55, 278, 35, 0, 2.05%, 26, 2, 11, 2474.75, 20339186, 1342
10157, 110, 160, 278, 35, 0, 2.05%, 26, 2, 11, 2065.94, 20349550, 1342
10162, 110, 87, 278, 35, 0, 2.05%, 26, 2, 11, 2181.01, 20356915, 1342
10167, 110, 19, 278, 35, 0, 2.05%, 26, 2, 11, 1957.95, 20366867, 1342
10173, 110, 79, 278, 35, 0, 2.05%, 26, 2, 11, 1994.73, 20376950, 1342
10178, 110, 277, 278, 35, 0, 2.05%, 26, 2, 11, 1837.96, 20385734, 1342
10183, 110, 116, 278, 34, 0, 2.05%, 26, 2, 11, 2196.46, 20397011, 1342
10188, 110, 125, 278, 34, 0, 2.05%, 26, 2, 11, 2237.08, 20408203, 1342
10193, 110, 125, 278, 34, 0, 2.05%, 26, 2, 11, 2222.53, 20419684, 1342
10198, 111, 21, 278, 34, 0, 2.05%, 26, 2, 11, 2248.63, 20429576, 1342
10203, 111, 3, 278, 34, 0, 2.05%, 26, 2, 11, 2297.43, 20440930, 1342
10208, 111, 158, 278, 34, 0, 2.05%, 26, 2, 11, 2440.64, 20452935, 1342
10213, 111, 130, 278, 34, 0, 2.05%, 26, 2, 11, 2393.59, 20464324, 1342
10219, 111, 7, 278, 34, 0, 2.05%, 26, 2, 11, 2209.61, 20474460, 1342
10224, 111, 39, 278, 34, 0, 2.05%, 26, 2, 11, 2324.37, 20486647, 1342
10229, 111, 67, 278, 34, 0, 2.05%, 26, 2, 11, 2007.26, 20495536, 1342
10234, 111, 117, 278, 34, 0, 2.05%, 26, 2, 11, 740.04, 20501549, 1342
10239, 111, 60, 278, 34, 0, 2.05%, 26, 2, 11, 1919.26, 20513155, 1342
10244, 111, 5, 278, 34, 0, 2.05%, 26, 2, 11, 2352.60, 20525765, 1342
10249, 111, 138, 278, 34, 0, 2.05%, 26, 2, 11, 2081.15, 20536338, 1342
10254, 111, 125, 279, 35, 0, 2.05%, 26, 2, 11, 2281.26, 20547585, 1342
10260, 111, 125, 279, 35, 0, 2.05%, 26, 2, 11, 222.80, 20557769, 1342
10265, 111, 7, 279, 35, 0, 2.05%, 26, 2, 11, 2400.71, 20569853, 1342
10270, 111, 160, 279, 35, 0, 2.05%, 26, 2, 11, 447.92, 20580858, 1342
10275, 111, 87, 279, 35, 0, 2.05%, 26, 2, 11, 1493.19, 20588842, 1342
10280, 111, 5, 279, 35, 0, 2.05%, 26, 2, 11, 1868.33, 20598600, 1342
10285, 111, 168, 279, 35, 0, 2.05%, 26, 2, 11, 1986.97, 20608558, 1342
10290, 111, 50, 279, 35, 0, 2.05%, 26, 2, 11, 2062.60, 20619023, 1342
10295, 111, 21, 279, 35, 0, 2.05%, 26, 2, 11, 1681.39, 20625495, 1342
10300, 111, 198, 279, 35, 0, 2.05%, 26, 2, 11, 184.43, 20634060, 1342
10306, 111, 35, 279, 34, 0, 2.05%, 26, 2, 11, 2202.52, 20645983, 1342
10311, 111, 87, 279, 34, 0, 2.05%, 26, 2, 11, 2743.34, 20653904, 1342
10316, 112, 87, 279, 34, 0, 2.05%, 26, 2, 11, 2492.32, 20666240, 1342
10321, 112, 39, 279, 34, 0, 2.05%, 26, 2, 11, 2597.70, 20677889, 1342
10326, 112, 98, 279, 34, 0, 2.05%, 26, 2, 11, 2217.49, 20688300, 1342
10331, 112, 21, 279, 34, 0, 2.05%, 26, 2, 11, 2394.76, 20695621, 1342
10336, 112, 7, 279, 34, 0, 2.05%, 26, 2, 11, 1476.68, 20705459, 1342
10341, 112, 160, 279, 34, 0, 2.05%, 26, 2, 11, 123.33, 20714950, 1342
10347, 112, 160, 279, 34, 0, 2.05%, 26, 2, 11, 327.62, 20724883, 1342
10352, 112, 5, 279, 34, 0, 2.05%, 26, 2, 11, 1935.65, 20733746, 1342
10357, 112, 55, 279, 34, 0, 2.05%, 26, 2, 11, 2034.86, 20744331, 1342
10362, 112, 88, 279, 34, 0, 2.05%, 26, 2, 11, 1843.71, 20752901, 1342
10367, 112, 4, 279, 34, 0, 2.05%, 26, 2, 11, 2142.93, 20763810, 1342
10372, 112, 5, 279, 34, 0, 2.05%, 26, 2, 11, 2446.08, 20775675, 1342
10377, 112, 7, 279, 34, 0, 2.05%, 26, 2, 11, 2316.57, 20787223, 1342
10382, 112, 218, 280, 35, 0, 2.05%, 26, 2, 11, 2373.07, 20798727, 1342
10387, 112, 125, 280, 35, 0, 2.05%, 26, 2, 11, 2277.16, 20809856, 1342
10393, 112, 39, 280, 35, 0, 2.05%, 26, 2, 11, 2249.57, 20820766, 1342
10398, 112, 4, 280, 35, 0, 2.05%, 26, 2, 11, 2337.29, 20832866, 1342
10403, 112, 204, 280, 35, 0, 2.05%, 26, 2, 11, 2543.07, 20846028, 1342
10408, 112, 125, 281, 36, 0, 2.05%, 26, 2, 11, 2142.25, 20856902, 1342
10413, 112, 62, 281, 36, 0, 2.05%, 26, 2, 11, 1901.35, 20866381, 1342
10418, 112, 40, 281, 36, 0, 2.05%, 26, 2, 11, 2066.84, 20876851, 1342
10423, 113, 160, 281, 36, 0, 2.05%, 26, 2, 11, 414.02, 20885970, 1342
10428, 113, 7, 281, 36, 0, 2.05%, 26, 2, 11, 1696.12, 20892032, 1342
10433, 113, 119, 281, 36, 0, 2.05%, 26, 2, 11, 293.33, 20902300, 1342
10438, 113, 7, 281, 36, 0, 2.05%, 26, 2, 11, 2065.85, 20912710, 1342
10443, 113, 121, 281, 36, 0, 2.05%, 26, 2, 11, 2142.50, 20923223, 1342
10448, 113, 21, 282, 36, 0, 2.05%, 26, 2, 11, 2261.55, 20934997, 1342
10454, 113, 280, 282, 36, 0, 2.05%, 26, 2, 11, 118.71, 20940748, 1342
10459, 113, 280, 282, 36, 0, 2.05%, 26, 2, 11, 238.49, 20941690, 1342
10464, 113, 5, 282, 35, 0, 2.05%, 26, 2, 11, 2812.56, 20948219, 1342
10469, 113, 16, 282, 35, 0, 2.05%, 26, 2, 11, 2213.64, 20958603, 1342
10474, 113, 17, 282, 35, 0, 2.05%, 26, 2, 11, 2016.03, 20968477, 1342
10479, 113, 40, 282, 35, 0, 2.05%, 26, 2, 11, 2780.01, 20974951, 1342
10484, 113, 5, 282, 35, 0, 2.05%, 26, 2, 11, 2296.19, 20986329, 1342
10490, 113, 70, 282, 35, 0, 2.05%, 26, 2, 11, 142.08, 20995350, 1342
10495, 113, 16, 282, 35, 0, 2.05%, 26, 2, 11, 1995.69, 21005716, 1342
10500, 113, 16, 282, 35, 0, 2.05%, 26, 2, 11, 2084.92, 21016145, 1342
10505, 113, 21, 282, 35, 0, 2.05%, 26, 2, 11, 2279.48, 21028067, 1342
10510, 113, 55, 282, 35, 0, 2.05%, 26, 2, 11, 2328.59, 21039984, 1342
10515, 113, 55, 282, 35, 0, 2.05%, 26, 2, 11, 2582.76, 21051006, 1342
10521, 113, 125, 282, 35, 0, 2.05%, 26, 2, 11, 2338.86, 21062526, 1342
10526, 113, 21, 282, 35, 0, 2.05%, 26, 2, 11, 2469.73, 21073515, 1342
10531, 113, 32, 282, 35, 0, 2.05%, 26, 2, 11, 2139.93, 21083378, 1342
10536, 113, 158, 282, 35, 0, 2.05%, 26, 2, 11, 2063.20, 21093627, 1342
10541, 113, 88, 282, 35, 0, 2.05%, 26, 2, 11, 2296.12, 21105742, 1342
10546, 113, 55, 282, 35, 0, 2.05%, 26, 2, 11, 2382.37, 21117863, 1342
10551, 113, 5, 282, 35, 0, 2.05%, 26, 2, 11, 2384.52, 21130245, 1342
10556, 114, 79, 282, 35, 0, 2.05%, 26, 2, 11, 2532.02, 21140811, 1342
10561, 114, 21, 282, 35, 0, 2.05%, 26, 2, 11, 2168.88, 21151276, 1342
10566, 114, 125, 282, 35, 0, 2.05%, 26, 2, 11, 2058.02, 21160837, 1342
10571, 114, 130, 282, 34, 0, 2.05%, 26, 2, 11, 2432.33, 21173253, 1342
10576, 114, 5, 282, 34, 0, 2.05%, 26, 2, 11, 2090.73, 21183534, 1342
10581, 114, 61, 282, 34, 0, 2.05%, 26, 2, 11, 1817.48, 21192949, 1342
10587, 114, 123, 282, 34, 0, 2.05%, 26, 2, 11, 2146.60, 21203471, 1342
10592, 114, 31, 282, 34, 0, 2.05%, 26, 2, 11, 2130.07, 21214211, 1342
10597, 114, 130, 282, 34, 0, 2.05%, 26, 2, 11, 1410.78, 21224417, 1342
10602, 114, 5, 282, 34, 0, 2.05%, 26, 2, 11, 2242.25, 21236231, 1342
10607, 114, 35, 282, 34, 0, 2.05%, 26, 2, 11, 2420.01, 21246561, 1342
10612, 114, 7, 282, 34, 0, 2.05%, 26, 2, 11, 2415.60, 21258944, 1342
10617, 114, 27, 282, 34, 0, 2.05%, 26, 2, 11, 2197.88, 21267058, 1342
10622, 114, 117, 282, 34, 0, 2.05%, 26, 2, 11, 1752.37, 21274182, 1342
10627, 114, 158, 282, 34, 0, 2.05%, 26, 2, 11, 1662.66, 21282565, 1342
10632, 114, 7, 282, 33, 0, 2.05%, 26, 2, 11, 1793.69, 21291915, 1342
10637, 114, 87, 282, 33, 0, 2.05%, 26, 2, 11, 1115.65, 21300111, 1342
10642, 114, 228, 282, 33, 0, 2.05%, 26, 2, 11, 1760.07, 21309203, 1342
10647, 114, 2, 282, 33, 0, 2.05%, 26, 2, 11, 1858.54, 21319442, 1342
10653, 114, 87, 282, 33, 0, 2.05%, 26, 2, 11, 1669.97, 21328292, 1342
10658, 114, 116, 282, 33, 0, 2.05%, 26, 2, 11, 1550.94, 21335176, 1342
10663, 114, 21, 282, 33, 0, 2.05%, 26, 2, 11, 1813.11, 21343762, 1342
10668, 114, 72, 282, 33, 0, 2.05%, 26, 2, 11, 1489.21, 21351167, 1342
10673, 114, 186, 282, 33, 0, 2.05%, 26, 2, 11, 1790.75, 21360621, 1342
10678, 115, 158, 282, 33, 0, 2.05%, 26, 2, 11, 1724.47, 21369384, 1342
10683, 115, 5, 282, 33, 0, 2.05%, 26, 2, 11, 1955.76, 21379380, 1342
10688, 115, 125, 282, 33, 0, 2.05%, 26, 2, 11, 2193.50, 21388059, 1342
10694, 115, 125, 282, 33, 0, 2.05%, 26, 2, 11, 1422.28, 21393868, 1342
10699, 115, 5, 282, 33, 0, 2.05%, 26, 2, 11, 1544.12, 21402021, 1342
10704, 115, 55, 282, 33, 0, 2.05%, 26, 2, 11, 1464.25, 21409737, 1342
10709, 115, 103, 282, 33, 0, 2.05%, 26, 2, 11, 1307.71, 21416520, 1342
10714, 115, 27, 282, 33, 0, 2.05%, 26, 2, 11, 1117.82, 21421884, 1342
10719, 115, 134, 282, 33, 0, 2.05%, 26, 2, 11, 1218.13, 21428045, 1342
10724, 115, 7, 282, 33, 0, 2.05%, 26, 2, 11, 1703.93, 21435508, 1342
10729, 115, 98, 282, 33, 0, 2.05%, 26, 2, 11, 1393.65, 21442993, 1342
10734, 115, 35, 282, 33, 0, 2.05%, 26, 2, 11, 1589.08, 21451646, 1342
10740, 115, 130, 282, 33, 0, 2.05%, 26, 2, 11, 1533.53, 21458665, 1342
10745, 115, 113, 282, 33, 0, 2.05%, 26, 2, 11, 2092.65, 21469995, 1342
10750, 115, 61, 282, 33, 0, 2.05%, 26, 2, 11, 2059.39, 21480521, 1342
10755, 115, 158, 282, 33, 0, 2.05%, 26, 2, 11, 1947.17, 21489009, 1342
10760, 115, 4, 282, 33, 0, 2.05%, 26, 2, 11, 1780.03, 21497963, 1342
10765, 115, 5, 282, 33, 0, 2.05%, 26, 2, 11, 1922.21, 21508177, 1342
10770, 115, 186, 282, 33, 0, 2.05%, 26, 2, 11, 1615.89, 21517376, 1342
10775, 115, 5, 282, 33, 0, 2.05%, 26, 2, 11, 419.55, 21527124, 1342
10780, 115, 204, 282, 33, 0, 2.05%, 26, 2, 11, 1231.58, 21533809, 1342
10785, 115, 27, 282, 33, 0, 2.05%, 26, 2, 11, 1842.98, 21543568, 1342
10790, 115, 55, 282, 33, 0, 2.05%, 26, 2, 11, 2161.43, 21554018, 1342
10795, 115, 2, 282, 33, 0, 2.05%, 26, 2, 11, 2177.74, 21564879, 1342
10801, 115, 21, 282, 33, 0, 2.05%, 26, 2, 11, 2178.07, 21576014, 1342
10806, 116, 79, 282, 33, 0, 2.05%, 26, 2, 11, 2261.13, 21587776, 1342
10811, 116, 160, 282, 33, 0, 2.05%, 26, 2, 11, 436.65, 21595094, 1342
10816, 116, 67, 282, 33, 0, 2.05%, 26, 2, 11, 2328.03, 21605101, 1342
10821, 116, 67, 282, 33, 0, 2.05%, 26, 2, 11, 1945.99, 21613893, 1342
10826, 116, 16, 282, 33, 0, 2.05%, 26, 2, 11, 2031.41, 21624112, 1342
10831, 116, 130, 282, 33, 0, 2.05%, 26, 2, 11, 846.55, 21631188, 1342
10836, 116, 72, 282, 33, 0, 2.05%, 26, 2, 11, 1626.73, 21640634, 1342
10841, 116, 186, 282, 33, 0, 2.05%, 26, 2, 11, 2097.05, 21651750, 1342
10846, 116, 125, 282, 33, 0, 2.05%, 26, 2, 11, 2272.58, 21663215, 1342
10852, 116, 61, 282, 33, 0, 2.05%, 26, 2, 11, 281.78, 21673448, 1342
10857, 116, 5, 282, 33, 0, 2.05%, 26, 2, 11, 2436.29, 21685229, 1342
10862, 116, 64, 282, 33, 0, 2.05%, 26, 2, 11, 2073.49, 21695582, 1342
10867, 116, 69, 282, 33, 0, 2.05%, 26, 2, 11, 2422.29, 21708030, 1342
10872, 116, 55, 282, 33, 0, 2.05%, 26, 2, 11, 2228.86, 21719226, 1342
10877, 116, 32, 282, 33, 0, 2.05%, 26, 2, 11, 2332.59, 21731130, 1342
10882, 116, 7, 282, 33, 0, 2.05%, 26, 2, 11, 2248.72, 21742412, 1342
10887, 116, 21, 282, 33, 0, 2.05%, 26, 2, 11, 2075.53, 21752114, 1342
10893, 116, 113, 282, 33, 0, 2.05%, 26, 2, 11, 1926.26, 21761261, 1342
10898, 116, 160, 282, 33, 0, 2.05%, 26, 2, 11, 339.29, 21768391, 1342
10903, 116, 7, 282, 33, 0, 2.05%, 26, 2, 11, 2469.03, 21777054, 1342
10908, 116, 121, 282, 33, 0, 2.05%, 26, 2, 11, 2392.76, 21789198, 1342
10913, 116, 134, 282, 33, 0, 2.05%, 26, 2, 11, 2151.33, 21799522, 1342
10918, 117, 35, 282, 33, 0, 2.05%, 26, 2, 11, 2085.66, 21809342, 1342
10923, 117, 73, 282, 33, 0, 2.05%, 26, 2, 11, 2153.22, 21820707, 1342
10928, 117, 125, 282, 33, 0, 2.05%, 26, 2, 11, 2336.51, 21832729, 1342
10933, 117, 239, 282, 33, 0, 2.05%, 26, 2, 11, 1949.70, 21842502, 1342
10938, 117, 27, 282, 33, 0, 2.05%, 26, 2, 11, 1803.39, 21851339, 1342
10943, 117, 27, 282, 33, 0, 2.05%, 26, 2, 11, 2034.03, 21861797, 1342
10948, 117, 160, 282, 33, 0, 2.05%, 26, 2, 11, 296.44, 21870130, 1342
10954, 117, 5, 282, 33, 0, 2.05%, 26, 2, 11, 2010.46, 21875109, 1342
10959, 117, 7, 282, 33, 0, 2.05%, 26, 2, 11, 2084.77, 21885495, 1342
10964, 117, 14, 282, 33, 0, 2.05%, 26, 2, 11, 2143.22, 21896971, 1342
10969, 117, 67, 282, 33, 0, 2.05%, 26, 2, 11, 2450.52, 21909997, 1342
10974, 117, 98, 282, 33, 0, 2.05%, 26, 2, 11, 2336.58, 21921948, 1342
10979, 117, 5, 282, 33, 0, 2.05%, 26, 2, 11, 1961.77, 21931791, 1342
10984, 117, 182, 282, 33, 0, 2.05%, 26, 2, 11, 2128.41, 21942067, 1342
10989, 117, 103, 282, 33, 0, 2.05%, 26, 2, 11, 2153.80, 21952992, 1342
10995, 117, 55, 283, 34, 0, 2.05%, 26, 2, 11, 2220.53, 21964573, 1342
11000, 117, 130, 283, 34, 0, 2.05%, 26, 2, 11, 1691.47, 21974763, 1342
11005, 117, 2, 283, 34, 0, 2.05%, 26, 2, 11, 2135.92, 21985869, 1342
11010, 117, 16, 284, 35, 0, 2.05%, 26, 2, 11, 195.46, 21994471, 1342
11015, 117, 117, 284, 35, 0, 2.05%, 26, 2, 11, 1861.11, 22003346, 1342
11020, 117, 61, 284, 35, 0, 2.05%, 26, 2, 11, 1687.48, 22010995, 1342
11025, 117, 30, 284, 35, 0, 2.05%, 26, 2, 11, 1391.26, 22018985, 1342
11030, 117, 239, 284, 35, 0, 2.05%, 26, 2, 11, 1878.04, 22029283, 1342
11035, 117, 125, 284, 35, 0, 2.05%, 26, 2, 11, 1689.39, 22038192, 1342
11040, 118, 17, 284, 35, 0, 2.05%, 26, 2, 11, 2100.23, 22049095, 1342
11045, 118, 56, 284, 35, 0, 2.05%, 26, 2, 11, 1976.71, 22059206, 1342
11050, 118, 62, 284, 35, 0, 2.05%, 26, 2, 11, 2007.05, 22068834, 1342
11056, 118, 7, 284, 35, 0, 2.05%, 26, 2, 11, 144.98, 22079961, 1342
11061, 118, 134, 284, 35, 0, 2.05%, 26, 2, 11, 1970.90, 22089349, 1342
11066, 118, 130, 284, 35, 0, 2.05%, 26, 2, 11, 1266.88, 22096420, 1342
11071, 118, 2, 284, 35, 0, 2.05%, 26, 2, 11, 1740.08, 22105630, 1342
11076, 118, 182, 284, 35, 0, 2.05%, 26, 2, 11, 1564.81, 22114003, 1342
11081, 118, 160, 284, 35, 0, 2.05%, 26, 2, 11, 850.88, 22122137, 1342
11086, 118, 2, 284, 35, 0, 2.05%, 26, 2, 11, 1577.49, 22128749, 1342
11091, 118, 16, 284, 35, 0, 2.05%, 26, 2, 11, 336.42, 22138025, 1342
11096, 118, 160, 284, 35, 0, 2.05%, 26, 2, 11, 256.91, 22146325, 1342
11102, 118, 62, 284, 35, 0, 2.05%, 26, 2, 11, 891.70, 22155106, 1342
11107, 118, 69, 284, 35, 0, 2.05%, 26, 2, 11, 1764.58, 22165047, 1342
11112, 118, 204, 284, 35, 0, 2.05%, 26, 2, 11, 1725.99, 22173810, 1342
11117, 118, 168, 284, 35, 0, 2.05%, 26, 2, 11, 2093.44, 22181123, 1342
11122, 118, 27, 284, 35, 0, 2.05%, 26, 2, 11, 2099.47, 22189987, 1342
11127, 118, 17, 284, 35, 0, 2.05%, 26, 2, 11, 2245.57, 22201188, 1342
11132, 118, 7, 284, 35, 0, 2.05%, 26, 2, 11, 1947.19, 22210369, 1342
11137, 118, 125, 284, 35, 0, 2.05%, 26, 2, 11, 1448.94, 22216586, 1342
11142, 118, 69, 284, 35, 0, 2.05%, 26, 2, 11, 2142.01, 22225523, 1342
11148, 118, 5, 284, 35, 0, 2.05%, 26, 2, 11, 147.99, 22234754, 1342
11153, 118, 7, 284, 35, 0, 2.05%, 26, 2, 11, 1429.34, 22241855, 1342
11158, 118, 21, 284, 35, 0, 2.05%, 26, 2, 11, 1930.35, 22248297, 1342
11163, 118, 62, 284, 35, 0, 2.05%, 26, 2, 11, 2268.85, 22260088, 1342
11168, 118, 5, 284, 35, 0, 2.05%, 26, 2, 11, 2262.19, 22271647, 1342
11173, 119, 55, 284, 35, 0, 2.05%, 26, 2, 11, 1757.09, 22280797, 1342
11178, 119, 21, 284, 35, 0, 2.05%, 26, 2, 11, 1530.14, 22288146, 1342
11184, 119, 125, 284, 35, 0, 2.05%, 26, 2, 11, 1599.59, 22295176, 1342
11189, 119, 21, 284, 35, 0, 2.05%, 26, 2, 11, 1880.98, 22304664, 1342
11194, 119, 158, 284, 35, 0, 2.05%, 26, 2, 11, 1889.33, 22314524, 1342
11199, 119, 160, 284, 35, 0, 2.05%, 26, 2, 11, 1473.80, 22321407, 1342
11200, 119, 160, 284, 35, 0, 2.05%, 26, 2, 11, 153.69, 22321575, 1342
