21,22,14,6,13,5,12,9,11,17,2,3,18,1,15,4,16,7,10,0,19,8,20|-1,-1,1,-1,1,-1,1,1,1,-1,1,1,-1,1,1,1,1,1,1,1,1,1,-1|./seeds/seed_005.txt
21,22,6,14,13,12,5,9,11,17,2,18,3,15,1,7,4,16,10,8,19,20,0|-1,-1,-1,1,1,1,-1,1,1,-1,1,-1,1,1,1,1,1,1,1,1,1,-1,-1|./seeds/seed_007.txt
5,6,4,3,2,13,15,0,17,16,20,18,14,19,1,7,21,22,8,9,10,11,12|1,1,1,1,1,-1,1,1,1,1,1,1,1,1,1,1,1,1,1,1,1,-1,-1|./seeds/seed_010.txt
5,6,4,2,3,13,0,15,17,20,16,18,14,19,1,7,21,22,8,9,10,11,12|1,1,1,1,1,-1,1,1,1,1,1,1,1,1,1,1,1,1,1,1,1,-1,-1|./seeds/seed_000.txt
9,7,8,11,10,12,6,1,0,5,13,4,2,3,14,19,20,15,16,18,17,22,21|1,1,1,1,1,1,1,1,1,1,1,1,1,1,1,1,1,1,1,1,1,-1,-1|./seeds/seed_004.txt
9,7,8,11,10,12,6,1,5,0,13,4,2,3,14,19,20,15,16,18,17,22,21|1,1,1,1,1,1,1,1,1,1,1,1,1,1,1,1,1,1,1,1,1,-1,-1|./seeds/seed_006.txt
18,21,14,17,22,10,20,19,6,13,15,0,12,11,7,5,16,1,9,4,3,2,8|-1,-1,1,-1,-1,1,-1,-1,-1,-1,1,-1,1,1,1,-1,1,-1,1,-1,1,-1,-1|./seeds/seed_001.txt
18,21,17,22,14,20,10,19,6,13,15,0,5,12,11,7,16,3,8,2,1,9,4|-1,-1,-1,-1,1,-1,1,-1,-1,-1,1,-1,-1,1,1,1,1,1,-1,1,-1,1,1|./seeds/seed_003.txt
13,14,10,21,17,1,16,22,11,12,8,18,19,15,0,9,6,3,20,5,4,2,7|1,1,1,1,1,1,1,1,1,1,1,1,1,1,1,1,1,-1,1,-1,-1,-1,1|./seeds/seed_009.txt
13,14,10,17,21,1,16,18,12,8,22,19,6,11,15,9,0,20,3,7,4,2,5|1,1,1,1,1,1,1,1,1,1,1,1,1,1,1,1,1,1,-1,1,-1,-1,-1|./seeds/seed_008.txt
6,1,0,9,8,7,11,12,10,5,2,4,13,3,20,18,19,17,16,15,14,21,22|-1,-1,-1,-1,-1,-1,-1,-1,-1,-1,-1,-1,-1,-1,-1,-1,-1,-1,1,1,-1,-1,1|./seeds/seed_006.txt
6,1,0,9,8,7,10,12,11,5,2,4,13,3,20,18,19,17,16,15,14,22,21|-1,-1,-1,-1,-1,-1,-1,-1,-1,-1,-1,-1,-1,-1,-1,-1,-1,-1,1,1,-1,1,-1|./seeds/seed_010.txt
6,9,15,16,8,1,0,7,10,12,11,20,14,19,18,17,13,22,5,21,2,4,3|-1,-1,1,1,-1,-1,-1,-1,-1,-1,-1,1,1,1,1,1,-1,1,-1,1,-1,-1,-1|./seeds/seed_007.txt
9,6,15,16,8,1,0,7,10,12,11,20,14,19,18,17,13,22,5,21,2,4,3|-1,-1,1,1,-1,-1,-1,-1,-1,-1,-1,1,1,1,1,1,-1,1,-1,1,-1,-1,-1|./seeds/seed_003.txt
5,13,6,4,3,2,0,14,1,12,11,7,19,8,21,22,20,15,16,9,18,10,17|-1,1,-1,-1,-1,-1,-1,1,-1,1,1,-1,1,-1,-1,-1,1,-1,-1,1,-1,-1,-1|./seeds/seed_010.txt
5,13,6,4,3,2,14,0,7,8,1,19,12,11,21,22,20,16,15,10,18,17,9|-1,1,-1,-1,-1,-1,1,-1,-1,-1,-1,1,1,1,-1,-1,1,-1,-1,-1,-1,1,1|./seeds/seed_005.txt
21,22,13,17,18,1,2,11,12,20,0,3,9,19,4,10,6,8,5,16,14,15,7|1,1,-1,1,1,-1,-1,-1,-1,1,-1,-1,-1,1,-1,-1,1,-1,1,1,-1,1,-1|./seeds/seed_002.txt
21,22,13,17,18,1,2,11,12,0,20,3,19,9,4,6,10,5,8,16,14,15,7|1,1,-1,1,1,-1,-1,-1,-1,-1,1,-1,1,-1,-1,1,-1,1,-1,1,-1,1,-1|./seeds/seed_003.txt
17,16,18,21,22,15,20,19,11,12,1,9,13,14,5,8,10,0,7,4,3,2,6|1,1,1,1,1,1,1,1,-1,-1,-1,-1,-1,1,1,-1,-1,-1,-1,1,1,-1,-1|./seeds/seed_009.txt
17,16,15,21,18,22,20,19,12,11,1,9,14,13,5,8,0,10,7,4,3,2,6|1,1,1,1,1,1,1,1,-1,-1,-1,-1,1,-1,1,-1,-1,-1,-1,1,1,-1,-1|./seeds/seed_004.txt
21,22,17,1,18,9,2,0,11,4,10,8,3,20,12,19,7,6,16,13,15,5,14|1,1,1,-1,1,-1,-1,-1,-1,-1,-1,-1,-1,1,-1,1,-1,-1,1,-1,1,-1,1|./seeds/seed_010.txt
21,22,17,18,1,9,2,0,11,8,10,20,4,19,3,12,7,16,6,13,15,5,14|1,1,1,1,-1,-1,-1,-1,-1,-1,-1,1,-1,1,-1,-1,-1,1,-1,-1,1,-1,1|./seeds/seed_003.txt
17,18,20,19,21,22,16,15,10,9,11,12,7,14,8,1,5,2,6,13,0,4,3|-1,-1,-1,-1,-1,-1,-1,-1,1,1,1,1,1,-1,1,1,1,1,1,-1,1,1,1|./seeds/seed_007.txt
17,18,20,19,21,22,16,15,10,9,11,12,7,14,8,1,5,6,2,13,0,4,3|-1,-1,-1,-1,-1,-1,-1,-1,1,1,1,1,1,-1,1,1,1,1,1,-1,1,1,1|./seeds/seed_001.txt
17,18,20,19,21,22,16,15,10,9,11,12,7,14,8,1,5,2,6,13,0,4,3|-1,-1,-1,-1,-1,-1,-1,-1,1,1,1,1,1,-1,1,1,1,1,1,-1,1,1,1|./seeds/seed_004.txt
17,18,20,19,21,22,16,15,10,9,11,12,7,14,8,1,2,5,6,13,0,4,3|-1,-1,-1,-1,-1,-1,-1,-1,1,1,1,1,1,-1,1,1,1,1,1,-1,1,1,1|./seeds/seed_005.txt
5,6,4,3,2,15,13,17,16,20,0,18,14,19,7,1,21,22,8,9,10,11,12|1,1,1,1,1,1,-1,1,1,1,1,1,1,1,1,1,1,1,1,1,1,-1,-1|./seeds/seed_003.txt
5,6,4,3,15,2,13,17,16,0,20,18,14,19,7,1,21,22,8,9,10,11,12|1,1,1,1,1,1,-1,1,1,1,1,1,1,1,1,1,1,1,1,1,1,-1,1|./seeds/seed_004.txt
21,22,12,11,17,9,18,2,7,1,14,10,20,3,13,19,4,6,8,16,0,15,5|-1,-1,1,1,-1,1,-1,1,1,1,1,1,-1,1,1,-1,1,-1,1,-1,1,-1,-1|./seeds/seed_004.txt
21,22,17,12,11,18,9,2,1,13,3,14,7,20,10,4,19,6,8,16,0,15,5|-1,-1,-1,1,1,-1,1,1,1,1,1,1,1,-1,1,1,-1,-1,1,-1,1,-1,-1|./seeds/seed_008.txt
6,5,4,0,2,1,3,7,8,9,10,15,14,12,16,18,20,11,19,17,21,22,13|-1,-1,-1,-1,-1,-1,-1,-1,-1,-1,-1,-1,-1,-1,-1,-1,-1,-1,-1,-1,-1,-1,1|./seeds/seed_000.txt
6,5,4,2,1,0,3,7,8,9,14,15,10,16,12,20,18,11,17,19,21,22,13|-1,-1,-1,-1,-1,-1,-1,-1,-1,-1,-1,-1,-1,-1,-1,-1,-1,-1,-1,-1,-1,-1,1|./seeds/seed_003.txt
17,18,21,20,22,19,16,13,15,1,10,11,12,9,8,0,5,2,7,4,14,3,6|-1,-1,-1,-1,-1,-1,-1,1,-1,1,1,1,1,1,1,1,-1,1,1,1,-1,1,-1|./seeds/seed_004.txt
17,18,20,21,22,19,16,15,13,1,10,11,12,9,0,8,5,2,4,7,14,3,6|-1,-1,-1,-1,-1,-1,-1,-1,1,1,1,1,1,1,1,1,-1,1,1,1,-1,1,1|./seeds/seed_000.txt
5,10,7,9,12,6,11,14,8,4,16,22,3,21,15,2,18,17,0,13,19,20,1|1,1,1,1,1,1,1,1,1,1,1,1,1,1,1,1,1,1,1,-1,-1,1,1|./seeds/seed_000.txt
5,10,9,7,6,12,14,4,11,3,22,8,21,2,16,15,13,18,0,17,19,1,20|1,1,1,1,1,1,1,1,1,1,1,1,1,1,1,1,-1,1,1,1,-1,1,1|./seeds/seed_005.txt
6,1,0,9,8,7,12,11,10,5,2,4,13,3,20,18,19,17,16,14,15,21,22|-1,-1,-1,-1,-1,-1,-1,-1,-1,-1,-1,-1,-1,-1,-1,-1,-1,-1,1,-1,1,-1,1|./seeds/seed_001.txt
6,1,0,9,8,7,11,10,12,5,2,4,13,3,20,18,19,17,16,14,15,21,22|-1,-1,-1,-1,-1,-1,-1,-1,-1,-1,-1,-1,-1,-1,-1,-1,-1,-1,1,-1,1,-1,1|./seeds/seed_011.txt
11,12,1,13,0,9,2,8,10,4,6,7,3,14,5,19,20,15,16,18,17,22,21|-1,-1,-1,-1,-1,-1,-1,-1,-1,-1,-1,-1,-1,-1,-1,-1,-1,-1,-1,-1,-1,-1,-1|./seeds/seed_003.txt
11,12,1,13,0,9,2,8,10,4,6,7,14,3,5,15,20,19,18,16,17,22,21|-1,-1,-1,-1,-1,-1,-1,-1,-1,-1,-1,-1,-1,-1,-1,-1,-1,-1,-1,-1,-1,-1,-1|./seeds/seed_009.txt
10,20,9,19,7,11,6,12,17,18,5,15,8,16,2,3,4,13,21,0,22,14,1|1,-1,1,-1,1,1,1,1,-1,-1,1,-1,1,-1,-1,-1,-1,-1,1,-1,1,-1,-1|./seeds/seed_006.txt
20,10,19,9,6,7,17,11,18,12,15,5,16,8,2,13,3,14,4,21,22,0,1|-1,1,-1,1,1,1,-1,1,-1,1,-1,1,-1,1,-1,-1,-1,-1,-1,1,1,-1,1|./seeds/seed_009.txt
6,1,0,9,7,8,2,10,5,11,4,3,12,13,14,20,15,19,16,18,17,21,22|1,1,1,1,1,1,1,1,1,1,1,1,1,1,1,1,1,1,1,1,1,-1,-1|./seeds/seed_004.txt
6,0,1,7,9,2,8,5,10,4,11,3,12,13,14,15,20,19,16,18,17,21,22|1,1,1,1,1,1,1,1,1,1,1,1,1,1,1,1,1,1,1,1,1,-1,-1|./seeds/seed_009.txt
17,18,19,20,21,22,12,8,11,1,6,0,9,13,7,16,15,5,10,14,4,2,3|-1,-1,-1,-1,-1,-1,-1,-1,-1,-1,-1,-1,-1,-1,-1,-1,-1,-1,-1,1,-1,-1,-1|./seeds/seed_002.txt
17,18,20,19,22,21,1,12,0,8,6,11,9,13,7,14,16,5,4,15,2,3,10|-1,-1,-1,-1,-1,-1,-1,-1,-1,-1,-1,-1,-1,-1,-1,1,-1,-1,-1,-1,-1,-1,-1|./seeds/seed_001.txt
12,11,13,1,9,0,8,20,6,19,18,17,7,10,22,14,2,4,21,3,16,5,15|-1,-1,-1,-1,-1,-1,-1,-1,-1,-1,-1,-1,-1,-1,-1,-1,-1,-1,-1,-1,1,-1,-1|./seeds/seed_001.txt
12,11,13,9,1,8,20,0,19,17,6,18,7,10,14,22,21,4,2,3,15,5,16|-1,-1,-1,-1,-1,-1,-1,-1,-1,-1,-1,-1,-1,-1,-1,-1,-1,-1,-1,-1,-1,-1,-1|./seeds/seed_009.txt
13,18,17,21,22,20,5,12,11,19,6,1,16,10,15,9,8,2,0,14,7,4,3|1,-1,-1,-1,-1,-1,-1,1,1,-1,-1,1,-1,1,-1,1,1,1,1,1,-1,-1,-1|./seeds/seed_007.txt
13,18,17,21,22,20,5,12,11,19,1,6,16,10,15,9,8,2,0,14,7,4,3|1,-1,-1,-1,-1,-1,-1,1,1,-1,1,-1,-1,1,-1,1,1,1,1,1,-1,-1,-1|./seeds/seed_006.txt
12,11,13,9,8,1,0,20,6,19,17,18,7,10,14,22,21,4,2,3,5,15,16|-1,-1,-1,-1,-1,-1,-1,-1,-1,-1,-1,-1,-1,-1,-1,-1,-1,-1,-1,-1,-1,-1,1|./seeds/seed_002.txt
12,11,13,9,8,1,0,20,7,19,6,17,18,10,22,14,21,2,3,4,5,16,15|-1,-1,-1,-1,-1,-1,-1,-1,-1,-1,-1,-1,-1,-1,-1,-1,-1,-1,-1,-1,-1,1,-1|./seeds/seed_004.txt
21,22,17,18,1,9,2,0,11,10,8,20,4,3,19,12,7,16,6,13,15,5,14|1,1,1,1,-1,-1,-1,-1,-1,-1,-1,1,-1,-1,1,-1,-1,1,-1,-1,1,-1,1|./seeds/seed_009.txt
21,22,9,1,17,2,18,11,10,3,8,4,0,12,7,19,20,6,13,16,5,15,14|1,1,-1,-1,1,-1,1,-1,-1,-1,-1,-1,-1,-1,-1,1,1,-1,-1,1,-1,1,-1|./seeds/seed_008.txt
1,0,13,9,8,10,7,6,20,2,12,19,11,4,17,3,15,18,16,5,22,21,14|-1,-1,-1,-1,-1,-1,-1,-1,1,-1,-1,1,-1,-1,1,-1,1,1,1,-1,1,1,-1|./seeds/seed_001.txt
1,9,13,8,0,10,7,6,12,11,20,2,19,3,4,17,18,15,16,5,22,21,14|-1,-1,-1,-1,-1,-1,-1,-1,-1,-1,1,-1,1,-1,-1,1,1,1,1,-1,1,1,-1|./seeds/seed_004.txt
17,18,21,22,19,20,16,10,15,9,2,3,11,7,4,12,5,8,1,13,0,14,6|-1,-1,-1,-1,-1,-1,-1,1,-1,1,1,1,1,1,1,1,1,1,1,-1,1,-1,-1|./seeds/seed_008.txt
17,18,21,22,20,19,10,9,16,11,7,15,12,2,3,5,8,4,1,0,13,6,14|-1,-1,-1,-1,-1,-1,1,1,-1,1,1,-1,1,1,1,1,1,1,1,1,-1,1,-1|./seeds/seed_006.txt
21,6,22,14,13,12,9,5,11,17,2,18,3,15,1,7,16,4,10,8,19,0,20|-1,-1,-1,1,1,1,1,-1,1,-1,1,-1,1,1,1,1,1,1,1,1,1,-1,-1|./seeds/seed_006.txt
21,14,6,22,13,12,9,11,5,17,2,3,18,15,7,1,16,4,10,8,19,0,20|-1,1,-1,-1,1,1,1,1,-1,-1,1,1,-1,1,1,1,1,1,1,1,1,-1,1|./seeds/seed_000.txt
21,22,17,18,1,12,11,2,20,9,13,3,0,19,8,10,16,4,15,7,5,6,14|1,1,1,1,-1,-1,-1,-1,1,-1,-1,-1,-1,1,-1,-1,1,-1,1,-1,-1,-1,1|./seeds/seed_009.txt
21,22,17,18,1,11,12,2,13,20,9,0,3,19,10,16,4,8,15,7,6,5,14|1,1,1,1,-1,-1,-1,-1,-1,1,-1,-1,-1,1,-1,1,-1,-1,1,-1,-1,-1,-1|./seeds/seed_000.txt
9,7,8,11,10,12,6,1,5,0,13,4,2,3,14,19,20,15,16,18,17,22,21|1,1,1,1,1,1,1,1,1,1,1,1,1,1,1,1,1,1,1,1,1,-1,-1|./seeds/seed_010.txt
9,7,11,8,10,12,6,1,0,5,13,4,2,3,14,19,20,15,16,18,17,22,21|1,1,1,1,1,1,1,1,1,1,1,1,1,1,1,1,1,1,1,1,1,-1,1|./seeds/seed_009.txt
1,0,13,9,8,10,6,7,20,2,12,19,11,4,3,17,15,16,18,5,22,21,14|-1,-1,-1,-1,-1,-1,-1,-1,1,-1,-1,1,-1,-1,-1,1,1,1,1,-1,1,1,-1|./seeds/seed_006.txt
1,0,13,9,8,10,6,7,20,2,12,19,11,3,4,17,15,18,16,5,22,21,14|-1,-1,-1,-1,-1,-1,-1,-1,1,-1,-1,1,-1,-1,-1,1,1,1,1,-1,1,1,-1|./seeds/seed_010.txt
6,15,9,16,1,0,8,7,10,12,11,20,14,19,17,18,13,22,5,21,2,4,3|-1,1,-1,1,-1,-1,-1,-1,-1,-1,-1,1,1,1,1,1,-1,1,-1,1,-1,-1,-1|./seeds/seed_006.txt
6,9,15,16,8,1,0,7,10,12,11,20,14,19,18,17,13,22,5,21,2,4,3|-1,-1,1,1,-1,-1,-1,-1,-1,-1,-1,1,1,1,1,1,-1,1,-1,1,-1,-1,-1|./seeds/seed_011.txt
21,22,14,6,13,5,12,9,11,17,2,3,18,1,15,4,16,7,10,0,19,8,20|-1,-1,1,-1,1,-1,1,1,1,-1,1,1,-1,1,1,1,1,1,1,1,1,1,-1|./seeds/seed_005.txt
21,6,22,14,13,12,9,5,11,17,2,18,3,15,1,7,16,4,10,8,19,0,20|-1,-1,-1,1,1,1,1,-1,1,-1,1,-1,1,1,1,1,1,1,1,1,1,-1,-1|./seeds/seed_006.txt
21,22,17,16,18,11,15,12,1,9,13,20,19,8,0,2,10,14,7,5,3,4,6|1,1,1,1,1,-1,1,-1,-1,-1,-1,1,1,-1,-1,-1,-1,1,-1,1,-1,-1,-1|./seeds/seed_003.txt
21,22,17,16,18,11,15,12,1,13,9,20,19,0,8,2,10,14,5,7,3,4,6|1,1,1,1,1,-1,1,-1,-1,-1,-1,1,1,-1,-1,-1,-1,1,1,-1,-1,-1,-1|./seeds/seed_001.txt
10,11,12,9,1,8,6,13,0,7,20,17,19,2,15,18,5,16,4,3,22,21,14|1,1,1,1,1,1,1,1,1,1,-1,-1,-1,1,-1,-1,1,-1,1,1,-1,-1,1|./seeds/seed_005.txt
10,11,12,9,1,6,13,0,8,20,7,17,19,2,15,18,16,5,4,22,21,3,14|1,1,1,1,1,1,1,1,1,-1,1,-1,-1,1,-1,-1,-1,1,1,-1,-1,1,1|./seeds/seed_001.txt
10,12,11,9,8,13,7,1,6,14,0,15,16,20,19,18,5,3,17,2,4,21,22|1,1,1,1,1,1,1,1,1,1,1,-1,-1,-1,-1,-1,1,-1,-1,-1,-1,1,1|./seeds/seed_007.txt
10,12,11,9,8,13,7,1,6,0,15,14,16,20,19,18,5,17,3,2,21,4,22|1,1,1,1,1,1,1,1,1,1,-1,1,-1,-1,-1,-1,1,-1,-1,-1,1,-1,-1|./seeds/seed_009.txt
21,22,17,18,1,9,2,0,11,20,10,4,8,19,3,12,7,16,6,15,13,5,14|1,1,1,1,-1,-1,-1,-1,-1,1,-1,-1,-1,1,-1,-1,-1,1,-1,1,-1,-1,1|./seeds/seed_011.txt
21,22,17,1,18,9,2,0,11,4,8,3,10,20,19,12,7,16,6,15,13,5,14|1,1,1,-1,1,-1,-1,-1,-1,-1,-1,-1,-1,1,1,-1,-1,1,-1,1,-1,-1,1|./seeds/seed_006.txt
0,1,6,9,2,5,4,10,3,7,8,11,12,19,17,20,18,22,21,16,15,13,14|-1,-1,-1,-1,-1,-1,-1,-1,-1,-1,-1,-1,-1,1,1,1,1,1,1,1,1,-1,1|./seeds/seed_010.txt
6,9,0,1,2,5,4,10,7,3,8,11,12,19,17,13,20,22,18,21,16,15,14|-1,-1,-1,-1,-1,-1,-1,-1,-1,-1,-1,-1,-1,1,1,-1,1,1,1,1,1,1,-1|./seeds/seed_008.txt
13,14,10,21,17,1,16,22,11,12,8,18,19,15,0,9,6,3,20,5,4,2,7|1,1,1,1,1,1,1,1,1,1,1,1,1,1,1,1,1,-1,1,-1,-1,-1,1|./seeds/seed_009.txt
13,14,10,1,17,21,12,16,11,22,8,18,19,0,15,6,9,3,5,20,4,7,2|1,1,1,1,1,1,1,1,1,1,1,1,1,1,1,1,1,-1,-1,1,-1,-1,1|./seeds/seed_001.txt
13,5,21,22,18,17,6,20,12,11,19,1,7,14,16,15,10,4,2,0,9,3,8|1,-1,-1,-1,-1,-1,-1,-1,1,1,-1,1,-1,1,-1,-1,1,-1,1,1,1,-1,-1|./seeds/seed_006.txt
13,5,21,22,18,17,6,20,11,12,19,14,1,7,16,10,15,4,0,2,9,3,8|1,-1,-1,-1,-1,-1,-1,-1,1,1,-1,1,1,-1,-1,1,-1,-1,1,1,1,-1,-1|./seeds/seed_010.txt
18,17,20,19,21,22,16,15,10,9,11,12,8,14,7,13,1,2,0,5,4,3,6|-1,-1,-1,-1,-1,-1,-1,-1,1,1,1,1,1,-1,1,1,1,1,1,-1,1,1,1|./seeds/seed_009.txt
18,17,20,19,21,22,16,15,10,9,11,12,8,7,13,14,1,2,0,6,5,4,3|-1,-1,-1,-1,-1,-1,-1,-1,1,1,1,1,1,1,1,-1,1,1,1,1,-1,1,1|./seeds/seed_000.txt
18,21,17,22,14,10,20,19,6,13,0,15,12,11,5,7,16,9,4,1,8,3,2|-1,-1,-1,-1,1,1,-1,-1,-1,-1,-1,1,1,1,-1,1,1,1,-1,-1,1,1,1|./seeds/seed_006.txt
18,21,17,22,14,20,19,10,6,13,5,15,0,12,11,7,3,8,16,2,1,9,4|-1,-1,-1,-1,1,-1,-1,1,-1,-1,-1,1,-1,1,1,1,1,-1,1,1,1,-1,-1|./seeds/seed_002.txt
6,5,4,1,2,0,3,7,8,9,10,12,15,14,16,11,20,18,19,17,21,22,13|-1,-1,-1,-1,-1,-1,-1,-1,-1,-1,-1,-1,-1,-1,-1,-1,-1,-1,-1,-1,-1,-1,1|./seeds/seed_005.txt
6,5,4,1,0,2,3,7,8,9,14,15,10,12,16,20,18,11,19,17,21,22,13|-1,-1,-1,-1,-1,-1,-1,-1,-1,-1,-1,-1,-1,-1,-1,-1,-1,-1,-1,-1,-1,-1,1|./seeds/seed_002.txt
6,5,0,9,1,2,4,3,8,13,7,10,14,11,12,15,18,16,17,19,20,21,22|-1,-1,-1,-1,-1,-1,-1,-1,-1,-1,-1,-1,-1,-1,-1,-1,-1,-1,-1,-1,-1,-1,-1|./seeds/seed_011.txt
6,0,5,1,2,3,9,4,8,13,7,10,14,11,12,15,18,16,17,19,20,21,22|-1,-1,-1,-1,-1,-1,-1,-1,-1,-1,-1,-1,-1,-1,-1,-1,-1,-1,-1,-1,-1,-1,-1|./seeds/seed_010.txt
5,13,6,4,3,2,14,0,7,8,1,19,12,11,21,22,20,16,15,10,18,17,9|-1,1,-1,-1,-1,-1,1,-1,-1,-1,-1,1,1,1,-1,-1,1,-1,-1,-1,-1,1,1|./seeds/seed_005.txt
5,13,6,4,3,2,0,14,7,1,8,12,11,21,22,19,16,15,20,18,10,17,9|-1,1,-1,-1,-1,-1,-1,1,-1,-1,-1,1,1,-1,-1,1,-1,-1,1,-1,-1,-1,1|./seeds/seed_002.txt
17,18,21,20,22,19,10,12,11,9,16,15,8,13,7,1,0,5,14,2,3,6,4|-1,-1,-1,-1,-1,-1,1,1,1,1,-1,-1,1,1,1,1,1,-1,-1,1,1,1,1|./seeds/seed_007.txt
17,18,21,20,22,19,10,12,16,11,15,9,13,8,1,7,0,14,5,2,3,4,6|-1,-1,-1,-1,-1,-1,1,1,-1,1,-1,1,1,1,1,1,1,-1,-1,1,1,1,1|./seeds/seed_002.txt
11,12,1,13,0,9,8,2,10,6,4,7,3,14,5,20,19,15,18,16,17,22,21|-1,-1,-1,-1,-1,-1,-1,-1,-1,-1,-1,-1,-1,-1,-1,-1,-1,-1,-1,-1,-1,-1,-1|./seeds/seed_002.txt
11,12,1,13,0,2,9,4,8,6,10,3,7,14,5,20,15,19,16,18,17,22,21|-1,-1,-1,-1,-1,-1,-1,-1,-1,-1,-1,-1,-1,-1,-1,-1,-1,-1,-1,-1,-1,-1,-1|./seeds/seed_010.txt
13,17,5,19,18,3,4,22,21,2,20,14,12,11,6,0,16,10,15,8,7,9,1|1,1,-1,1,1,-1,-1,1,1,-1,1,1,1,1,-1,-1,1,1,1,1,-1,1,-1|./seeds/seed_005.txt
13,17,5,3,18,19,22,4,21,2,20,14,12,11,6,0,16,10,15,8,7,9,1|1,1,-1,-1,1,1,1,-1,1,-1,1,1,1,1,-1,-1,1,1,1,1,-1,1,-1|./seeds/seed_002.txt
17,18,21,20,22,19,16,15,9,2,1,0,4,3,8,10,7,11,12,6,5,14,13|1,1,1,1,1,1,1,1,-1,-1,-1,-1,-1,-1,-1,-1,-1,-1,-1,-1,-1,1,-1|./seeds/seed_004.txt
17,18,21,20,22,19,16,15,9,2,1,0,4,3,8,10,7,11,12,6,5,14,13|1,1,1,1,1,1,1,1,-1,-1,-1,-1,-1,-1,-1,-1,-1,-1,-1,-1,-1,1,-1|./seeds/seed_005.txt
5,13,21,16,17,18,15,22,20,1,12,19,11,9,6,0,8,10,4,3,14,7,2|1,-1,1,1,1,1,1,1,1,-1,-1,1,-1,-1,1,-1,-1,-1,1,1,1,-1,-1|./seeds/seed_005.txt
21,5,13,17,16,18,22,15,20,1,19,12,11,9,6,0,8,10,4,3,14,7,2|1,1,-1,1,1,1,1,1,1,-1,1,-1,-1,-1,1,-1,-1,-1,1,1,1,-1,1|./seeds/seed_009.txt
5,6,4,3,15,16,17,2,14,13,18,20,0,7,19,1,21,22,8,10,9,11,12|-1,-1,-1,-1,-1,-1,-1,-1,-1,1,-1,-1,-1,-1,-1,-1,-1,-1,-1,-1,-1,-1,-1|./seeds/seed_005.txt
5,6,4,3,17,15,16,2,18,13,14,20,0,19,7,1,21,22,8,9,10,11,12|-1,-1,-1,-1,-1,-1,-1,-1,-1,1,-1,-1,-1,-1,-1,-1,-1,-1,-1,-1,-1,-1,-1|./seeds/seed_003.txt
5,6,4,3,2,13,15,16,17,0,18,20,14,19,1,7,21,22,8,9,10,11,12|-1,-1,-1,-1,-1,1,-1,-1,-1,-1,-1,-1,-1,-1,-1,-1,-1,-1,-1,-1,-1,-1,1|./seeds/seed_010.txt
5,6,4,3,15,17,16,2,18,13,14,20,0,19,7,1,21,22,8,9,10,11,12|-1,-1,-1,-1,-1,-1,-1,-1,-1,1,-1,-1,-1,-1,-1,-1,-1,-1,-1,-1,-1,-1,-1|./seeds/seed_004.txt
5,20,17,18,15,6,16,13,19,21,22,4,3,2,0,7,14,1,8,12,11,10,9|-1,-1,-1,-1,-1,-1,-1,1,-1,-1,-1,-1,-1,-1,-1,-1,-1,-1,-1,1,1,1,-1|./seeds/seed_008.txt
13,5,17,20,6,15,16,18,19,4,21,22,3,2,0,12,7,11,10,14,1,9,8|1,-1,-1,-1,-1,-1,-1,-1,-1,-1,-1,-1,-1,-1,-1,1,-1,1,1,-1,-1,1,1|./seeds/seed_001.txt
9,6,15,8,16,1,7,0,12,10,11,20,19,14,13,18,17,22,5,21,2,4,3|-1,-1,1,-1,1,-1,-1,-1,-1,-1,-1,1,1,1,-1,1,1,1,-1,1,-1,-1,-1|./seeds/seed_002.txt
6,15,9,16,1,0,8,7,10,12,11,20,14,19,17,18,13,22,5,21,2,4,3|-1,1,-1,1,-1,-1,-1,-1,-1,-1,-1,1,1,1,1,1,-1,1,-1,1,-1,-1,-1|./seeds/seed_006.txt
13,5,21,22,18,17,6,20,12,11,19,14,1,7,16,10,15,4,9,0,2,3,8|1,-1,-1,-1,-1,-1,-1,-1,1,1,-1,1,1,-1,-1,1,-1,-1,1,1,1,-1,1|./seeds/seed_003.txt
13,5,21,22,18,17,6,20,12,11,19,14,1,7,16,10,15,9,4,0,2,3,8|1,-1,-1,-1,-1,-1,-1,-1,1,1,-1,1,1,-1,-1,1,-1,1,-1,1,1,-1,1|./seeds/seed_009.txt
13,17,5,18,3,19,4,22,21,2,20,14,12,11,6,0,16,10,15,8,9,1,7|1,1,-1,1,-1,1,-1,1,1,-1,1,1,1,1,-1,-1,1,1,1,1,1,-1,-1|./seeds/seed_011.txt
13,17,18,19,21,22,3,4,5,20,2,14,12,11,16,6,0,10,15,8,7,9,1|1,1,1,1,1,1,-1,-1,-1,1,-1,1,1,1,1,-1,-1,1,1,1,-1,1,-1|./seeds/seed_008.txt
18,17,20,19,13,21,12,11,14,22,1,8,0,9,6,16,15,7,10,5,2,3,4|-1,-1,-1,-1,-1,-1,-1,-1,-1,-1,-1,-1,-1,-1,-1,-1,-1,-1,-1,-1,-1,-1,-1|./seeds/seed_008.txt
18,17,20,19,13,21,11,12,14,22,1,8,0,9,6,16,15,7,10,5,2,4,3|-1,-1,-1,-1,-1,-1,-1,-1,-1,-1,-1,-1,-1,-1,-1,-1,-1,-1,-1,-1,-1,1,1|./seeds/seed_009.txt
17,21,22,18,16,15,20,19,11,12,1,9,5,13,14,8,10,0,7,4,3,6,2|1,1,1,1,1,1,1,1,-1,-1,-1,-1,1,-1,1,-1,-1,-1,-1,1,1,1,-1|./seeds/seed_008.txt
17,16,15,18,21,22,20,19,1,12,11,9,14,13,5,8,0,10,7,4,3,2,6|1,1,1,1,1,1,1,1,-1,-1,-1,-1,1,-1,1,-1,-1,-1,-1,1,1,-1,-1|./seeds/seed_003.txt
6,5,4,0,2,3,1,9,7,10,8,15,12,11,14,16,18,19,17,20,21,22,13|-1,-1,-1,-1,-1,-1,-1,-1,-1,-1,-1,-1,-1,-1,-1,-1,-1,-1,-1,-1,-1,-1,1|./seeds/seed_000.txt
6,5,4,2,0,3,1,9,7,15,10,8,11,12,16,14,18,19,17,20,21,22,13|-1,-1,-1,-1,-1,-1,-1,-1,-1,-1,-1,-1,-1,-1,-1,-1,-1,-1,-1,-1,-1,-1,-1|./seeds/seed_008.txt
9,6,15,16,8,1,0,7,10,12,11,20,14,19,13,18,17,5,22,21,2,4,3|-1,-1,1,1,-1,-1,-1,-1,-1,-1,-1,1,1,1,-1,1,1,-1,1,1,-1,-1,-1|./seeds/seed_009.txt
6,9,15,16,8,1,0,7,10,12,11,20,14,19,18,17,13,22,5,21,2,4,3|-1,-1,1,1,-1,-1,-1,-1,-1,-1,-1,1,1,1,1,1,-1,1,-1,1,-1,-1,-1|./seeds/seed_007.txt
13,14,10,1,21,17,16,22,12,11,18,8,19,15,0,6,9,3,20,5,4,7,2|1,1,1,1,1,1,1,1,1,1,1,1,1,1,1,1,1,-1,1,-1,-1,-1,-1|./seeds/seed_007.txt
13,14,10,21,17,1,16,22,11,12,8,18,19,15,0,9,6,3,20,5,4,2,7|1,1,1,1,1,1,1,1,1,1,1,1,1,1,1,1,1,-1,1,-1,-1,-1,1|./seeds/seed_009.txt
18,19,20,17,21,14,12,11,9,22,7,15,16,10,2,8,13,1,4,3,5,6,0|1,1,1,1,1,1,1,1,1,1,1,1,1,1,-1,1,1,1,-1,-1,-1,1,-1|./seeds/seed_007.txt
18,19,20,17,21,14,12,9,11,22,7,15,16,10,8,2,13,1,4,3,5,6,0|1,1,1,1,1,1,1,1,1,1,1,1,1,1,1,-1,1,1,-1,-1,-1,1,-1|./seeds/seed_006.txt
12,11,13,9,8,1,0,20,7,6,19,17,18,10,14,22,2,3,4,21,5,16,15|-1,-1,-1,-1,-1,-1,-1,-1,-1,-1,-1,-1,-1,-1,-1,-1,-1,-1,-1,-1,-1,1,-1|./seeds/seed_005.txt
12,11,13,1,9,0,8,20,6,19,18,17,7,10,22,14,21,2,4,3,5,16,15|-1,-1,-1,-1,-1,-1,-1,-1,-1,-1,-1,-1,-1,-1,-1,-1,-1,-1,-1,-1,-1,1,-1|./seeds/seed_011.txt
21,22,9,17,18,7,10,11,20,8,12,2,19,3,1,4,16,0,5,6,15,14,13|-1,-1,1,-1,-1,1,1,1,-1,1,1,1,-1,1,1,1,-1,1,1,1,-1,1,1|./seeds/seed_010.txt
21,22,17,18,9,7,20,10,2,11,19,12,8,3,1,16,4,0,5,15,6,14,13|-1,-1,-1,-1,1,1,-1,1,1,1,-1,1,1,1,1,-1,1,1,1,-1,1,1,1|./seeds/seed_009.txt
10,11,12,9,1,6,0,13,8,20,7,17,19,2,15,18,5,16,4,22,21,3,14|1,1,1,1,1,1,1,1,1,-1,1,-1,-1,1,-1,-1,1,-1,1,-1,-1,1,1|./seeds/seed_006.txt
10,11,12,9,1,6,13,0,8,20,7,17,19,2,15,18,16,5,4,22,21,3,14|1,1,1,1,1,1,1,1,1,-1,1,-1,-1,1,-1,-1,-1,1,1,-1,-1,1,1|./seeds/seed_001.txt
10,12,11,9,8,13,7,1,6,0,15,14,16,20,19,5,18,17,3,21,2,22,4|1,1,1,1,1,1,1,1,1,1,-1,1,-1,-1,-1,1,-1,-1,-1,1,-1,1,1|./seeds/seed_005.txt
10,12,11,9,8,13,7,1,6,0,15,14,16,20,19,18,5,17,3,2,4,21,22|1,1,1,1,1,1,1,1,1,1,-1,1,-1,-1,-1,-1,1,-1,-1,-1,-1,1,-1|./seeds/seed_004.txt
21,22,12,11,17,9,18,2,7,10,1,14,13,20,3,19,6,8,4,16,0,15,5|-1,-1,1,1,-1,1,-1,1,1,1,1,1,1,-1,1,-1,-1,1,1,-1,1,-1,-1|./seeds/seed_011.txt
21,22,17,12,11,18,9,2,1,13,3,14,7,20,10,4,19,6,8,16,0,15,5|-1,-1,-1,1,1,-1,1,1,1,1,1,1,1,-1,1,1,-1,-1,1,-1,1,-1,-1|./seeds/seed_008.txt
12,11,13,1,9,0,8,20,6,19,18,17,7,10,22,14,2,4,21,3,16,5,15|-1,-1,-1,-1,-1,-1,-1,-1,-1,-1,-1,-1,-1,-1,-1,-1,-1,-1,-1,-1,1,-1,-1|./seeds/seed_001.txt
12,11,13,1,9,0,8,20,6,19,18,17,7,10,22,14,21,2,4,3,5,16,15|-1,-1,-1,-1,-1,-1,-1,-1,-1,-1,-1,-1,-1,-1,-1,-1,-1,-1,-1,-1,-1,1,-1|./seeds/seed_011.txt
10,20,9,19,7,11,6,12,17,18,5,15,8,16,2,3,4,13,0,14,21,22,1|1,-1,1,-1,1,1,1,1,-1,-1,1,-1,1,-1,-1,-1,-1,-1,-1,-1,1,1,-1|./seeds/seed_010.txt
10,20,9,19,7,11,6,12,17,18,5,15,16,8,2,3,13,4,21,0,14,22,1|1,-1,1,-1,1,1,1,1,-1,-1,1,-1,-1,1,-1,-1,-1,-1,1,-1,-1,1,-1|./seeds/seed_007.txt
9,7,8,11,10,12,6,1,5,0,13,4,2,3,14,19,20,15,16,18,17,22,21|1,1,1,1,1,1,1,1,1,1,1,1,1,1,1,1,1,1,1,1,1,-1,1|./seeds/seed_007.txt
9,7,8,11,10,12,6,1,5,0,13,4,2,3,14,19,20,15,16,18,17,22,21|1,1,1,1,1,1,1,1,1,1,1,1,1,1,1,1,1,1,1,1,1,-1,-1|./seeds/seed_010.txt
13,18,17,21,22,20,5,12,11,19,6,1,16,10,15,9,8,2,0,14,7,4,3|1,-1,-1,-1,-1,-1,-1,1,1,-1,-1,1,-1,1,-1,1,1,1,1,1,-1,-1,-1|./seeds/seed_011.txt
13,18,17,21,22,20,5,12,11,19,6,1,16,10,15,9,8,2,0,14,7,4,3|1,-1,-1,-1,-1,-1,-1,1,1,-1,-1,1,-1,1,-1,1,1,1,1,1,-1,-1,-1|./seeds/seed_007.txt
12,11,9,13,8,20,19,10,18,7,17,14,1,21,22,0,4,3,6,5,2,16,15|-1,-1,-1,-1,-1,-1,-1,-1,-1,-1,-1,-1,-1,-1,-1,-1,1,1,-1,1,1,-1,-1|./seeds/seed_010.txt
12,11,9,13,20,19,18,17,8,10,7,14,1,21,22,0,6,4,3,15,5,2,16|-1,-1,-1,-1,-1,-1,-1,-1,-1,-1,-1,-1,-1,-1,-1,-1,-1,1,1,-1,1,1,-1|./seeds/seed_009.txt
6,5,4,0,2,1,3,7,8,9,15,14,10,16,12,20,18,11,17,19,21,22,13|-1,-1,-1,-1,-1,-1,-1,-1,-1,-1,-1,-1,-1,-1,-1,-1,-1,-1,-1,-1,-1,-1,1|./seeds/seed_007.txt
6,5,4,0,1,2,3,7,8,9,15,14,10,16,12,20,18,11,19,17,21,22,13|-1,-1,-1,-1,-1,-1,-1,-1,-1,-1,-1,-1,-1,-1,-1,-1,-1,-1,-1,-1,-1,-1,1|./seeds/seed_009.txt
12,11,13,9,17,20,19,18,8,10,7,1,14,21,0,22,6,15,16,5,3,4,2|1,1,1,1,1,1,1,1,1,1,1,1,1,1,1,1,1,1,1,-1,-1,-1,1|./seeds/seed_008.txt
12,11,13,9,8,19,18,20,17,10,7,1,14,21,22,0,3,5,4,2,16,15,6|1,1,1,1,1,1,1,1,1,1,1,1,1,1,1,1,-1,-1,-1,-1,1,1,1|./seeds/seed_006.txt
13,14,10,1,16,21,22,18,6,15,0,11,17,12,19,20,8,5,9,7,3,2,4|-1,-1,-1,-1,-1,-1,-1,-1,-1,-1,-1,-1,-1,-1,-1,-1,-1,1,-1,1,1,-1,-1|./seeds/seed_010.txt
13,14,10,21,16,22,1,18,11,15,12,17,19,6,0,20,8,9,3,5,2,4,7|-1,-1,-1,-1,-1,-1,-1,-1,-1,-1,-1,-1,-1,-1,-1,-1,-1,-1,1,1,1,1,1|./seeds/seed_009.txt
5,6,4,3,17,15,16,18,14,20,2,13,0,19,7,1,21,22,8,9,10,11,12|-1,-1,-1,-1,-1,-1,-1,-1,-1,-1,-1,1,-1,-1,-1,-1,-1,-1,-1,-1,-1,-1,-1|./seeds/seed_009.txt
5,6,4,3,17,18,15,2,20,16,14,0,7,19,1,13,21,22,8,10,9,11,12|-1,-1,-1,-1,-1,-1,-1,-1,-1,-1,-1,-1,-1,-1,-1,1,-1,-1,-1,-1,-1,-1,-1|./seeds/seed_008.txt
21,22,17,18,1,12,11,2,13,9,20,3,8,0,10,4,19,16,7,15,5,14,6|1,1,1,1,-1,-1,-1,-1,-1,-1,1,-1,-1,-1,-1,-1,1,1,-1,1,-1,-1,-1|./seeds/seed_008.txt
21,22,17,18,1,12,11,2,20,13,9,0,3,16,19,8,4,10,15,7,6,5,14|1,1,1,1,-1,-1,-1,-1,1,-1,-1,-1,-1,1,1,-1,-1,-1,1,-1,-1,-1,1|./seeds/seed_006.txt
9,7,8,11,10,12,6,1,5,0,13,4,2,3,14,19,20,15,16,18,17,22,21|1,1,1,1,1,1,1,1,1,1,1,1,1,1,1,1,1,1,1,1,1,-1,-1|./seeds/seed_006.txt
9,7,11,8,10,6,12,1,0,5,4,2,3,13,14,20,19,15,16,18,17,21,22|1,1,1,1,1,1,1,1,1,1,1,1,1,1,1,1,1,1,1,1,1,1,1|./seeds/seed_008.txt
5,6,4,15,3,2,17,13,16,20,18,0,14,19,7,21,1,22,8,10,9,11,12|1,1,1,1,1,1,1,-1,1,1,1,1,1,1,1,1,1,1,1,1,1,-1,1|./seeds/seed_009.txt
5,6,15,2,4,3,17,16,18,20,14,0,19,7,13,1,21,22,8,10,9,12,11|1,1,1,1,1,1,1,1,1,1,1,1,1,1,-1,1,1,1,1,1,1,1,1|./seeds/seed_008.txt
13,6,5,14,15,10,2,11,17,20,16,19,3,18,12,4,0,1,8,7,9,22,21|-1,-1,-1,-1,-1,-1,-1,-1,-1,-1,-1,-1,-1,-1,-1,-1,-1,-1,-1,-1,-1,-1,-1|./seeds/seed_000.txt
13,6,14,5,15,20,17,11,10,19,16,18,12,2,1,0,3,8,4,9,7,21,22|-1,-1,-1,-1,-1,-1,-1,-1,-1,-1,-1,-1,-1,-1,-1,-1,-1,-1,-1,-1,-1,-1,-1|./seeds/seed_009.txt
1,0,13,9,8,10,7,6,20,2,12,19,11,4,17,3,15,18,16,5,22,21,14|-1,-1,-1,-1,-1,-1,-1,-1,1,-1,-1,1,-1,-1,1,-1,1,1,1,-1,1,1,-1|./seeds/seed_001.txt
1,0,9,13,8,6,10,7,20,2,12,19,11,3,4,17,15,16,18,5,22,21,14|-1,-1,-1,-1,-1,-1,-1,-1,1,-1,-1,1,-1,-1,-1,1,1,1,1,-1,1,1,-1|./seeds/seed_000.txt
17,18,21,20,22,19,10,12,11,16,9,15,8,13,7,1,0,14,5,2,3,6,4|-1,-1,-1,-1,-1,-1,1,1,1,-1,1,-1,1,1,1,1,1,-1,-1,1,1,1,1|./seeds/seed_011.txt
18,17,21,20,22,10,19,12,11,9,16,15,8,13,7,1,0,5,14,2,6,3,4|-1,-1,-1,-1,-1,1,-1,1,1,1,-1,-1,1,1,1,1,1,-1,-1,1,1,1,-1|./seeds/seed_010.txt
18,20,19,17,21,14,12,11,9,22,15,7,16,10,2,8,1,13,4,3,5,6,0|1,1,1,1,1,1,1,1,1,1,1,1,1,1,-1,1,1,1,-1,-1,-1,1,1|./seeds/seed_009.txt
17,18,20,19,21,12,14,11,9,22,7,15,16,10,1,13,8,2,6,0,4,3,5|1,1,1,1,1,1,1,1,1,1,1,1,1,1,1,1,1,-1,1,1,-1,-1,-1|./seeds/seed_008.txt
11,12,1,13,0,9,2,8,10,4,6,7,3,14,5,19,20,15,16,18,17,22,21|-1,-1,-1,-1,-1,-1,-1,-1,-1,-1,-1,-1,-1,-1,-1,-1,-1,-1,-1,-1,-1,-1,-1|./seeds/seed_003.txt
11,12,1,13,0,2,9,8,6,4,10,7,14,3,5,20,15,19,18,16,17,22,21|-1,-1,-1,-1,-1,-1,-1,-1,-1,-1,-1,-1,-1,-1,-1,-1,-1,-1,-1,-1,-1,-1,-1|./seeds/seed_008.txt
21,22,17,9,18,7,20,10,11,2,8,19,12,3,1,4,16,0,5,15,6,14,13|-1,-1,-1,1,-1,1,-1,1,1,1,1,-1,1,1,1,1,-1,1,1,-1,1,1,1|./seeds/seed_011.txt
21,22,17,9,18,7,20,10,11,2,8,12,19,3,1,4,16,0,5,15,6,14,13|-1,-1,-1,1,-1,1,-1,1,1,1,1,1,-1,1,1,1,-1,1,1,-1,1,1,1|./seeds/seed_007.txt
12,11,10,9,8,13,7,14,6,1,5,19,4,15,2,0,20,16,18,17,3,21,22|1,1,1,1,1,1,1,1,1,1,1,1,1,1,1,1,1,1,1,1,1,1,1|./seeds/seed_005.txt
12,11,10,9,8,13,7,14,6,1,5,19,4,2,15,0,20,16,17,18,3,21,22|1,1,1,1,1,1,1,1,1,1,1,1,1,1,1,1,1,1,1,1,1,1,1|./seeds/seed_002.txt
9,7,8,11,10,12,6,1,5,0,13,4,2,3,14,19,15,16,20,18,17,22,21|1,1,1,1,1,1,1,1,1,1,1,1,1,1,1,1,1,1,1,1,1,-1,-1|./seeds/seed_000.txt
9,8,7,11,10,12,6,1,0,5,13,4,2,3,14,19,20,15,16,18,17,22,21|1,1,1,1,1,1,1,1,1,1,1,1,1,1,1,1,1,1,1,1,1,-1,1|./seeds/seed_003.txt
17,18,21,20,22,19,10,11,12,9,16,15,8,13,7,1,0,5,14,2,6,3,4|-1,-1,-1,-1,-1,-1,1,1,1,1,-1,-1,1,1,1,1,1,-1,-1,1,1,1,1|./seeds/seed_001.txt
17,18,21,20,22,19,10,12,11,16,9,15,8,13,7,1,0,14,5,2,3,6,4|-1,-1,-1,-1,-1,-1,1,1,1,-1,1,-1,1,1,1,1,1,-1,-1,1,1,1,1|./seeds/seed_011.txt
21,22,12,11,17,9,18,2,7,1,14,3,10,4,20,19,13,6,8,16,0,15,5|-1,-1,1,1,-1,1,-1,1,1,1,1,1,1,1,-1,-1,1,-1,1,-1,1,-1,-1|./seeds/seed_005.txt
21,22,12,11,9,17,18,7,2,14,10,13,1,8,20,3,6,19,4,16,0,15,5|-1,-1,1,1,1,-1,-1,1,1,1,1,1,1,1,-1,1,-1,-1,1,-1,1,-1,-1|./seeds/seed_010.txt
21,22,17,1,18,9,2,0,11,4,8,3,10,20,19,12,7,16,6,15,13,5,14|1,1,1,-1,1,-1,-1,-1,-1,-1,-1,-1,-1,1,1,-1,-1,1,-1,1,-1,-1,1|./seeds/seed_006.txt
21,22,17,18,1,9,2,0,11,4,10,8,20,3,19,12,7,16,6,15,13,5,14|1,1,1,1,-1,-1,-1,-1,-1,-1,-1,-1,1,-1,1,-1,-1,1,-1,1,-1,-1,1|./seeds/seed_001.txt
9,8,7,11,10,12,6,1,5,13,0,4,2,3,14,19,20,15,16,18,17,22,21|1,1,1,1,1,1,1,1,1,1,1,1,1,1,1,1,1,1,1,1,1,-1,1|./seeds/seed_001.txt
9,8,7,11,10,12,6,1,0,5,13,4,2,3,14,19,20,15,16,18,17,22,21|1,1,1,1,1,1,1,1,1,1,1,1,1,1,1,1,1,1,1,1,1,-1,1|./seeds/seed_003.txt
18,17,20,19,21,22,16,15,10,9,11,12,8,14,13,7,1,2,0,5,4,3,6|-1,-1,-1,-1,-1,-1,-1,-1,1,1,1,1,1,-1,1,1,1,1,1,-1,1,1,1|./seeds/seed_002.txt
18,17,20,19,21,22,16,15,10,9,11,12,8,7,13,14,1,2,0,6,5,4,3|-1,-1,-1,-1,-1,-1,-1,-1,1,1,1,1,1,1,1,-1,1,1,1,1,-1,1,1|./seeds/seed_000.txt
18,17,20,19,13,21,12,11,14,22,1,8,0,9,6,16,15,7,10,5,2,3,4|-1,-1,-1,-1,-1,-1,-1,-1,-1,-1,-1,-1,-1,-1,-1,-1,-1,-1,-1,-1,-1,-1,-1|./seeds/seed_008.txt
18,17,20,13,19,21,11,12,14,22,1,8,0,9,6,16,7,15,10,5,2,4,3|-1,-1,-1,-1,-1,-1,-1,-1,-1,-1,-1,-1,-1,-1,-1,-1,-1,-1,-1,-1,-1,1,-1|./seeds/seed_003.txt
9,8,7,11,10,12,6,1,0,5,13,4,2,3,14,19,20,15,16,18,17,22,21|1,1,1,1,1,1,1,1,1,1,1,1,1,1,1,1,1,1,1,1,1,-1,1|./seeds/seed_003.txt
9,8,11,7,10,12,1,6,0,5,4,2,13,3,14,19,20,15,16,18,17,22,21|1,1,1,1,1,1,1,1,1,1,1,1,1,1,1,1,1,1,1,1,1,-1,-1|./seeds/seed_005.txt
12,11,13,1,9,0,8,6,20,19,18,7,17,10,22,2,4,14,21,3,16,5,15|-1,-1,-1,-1,-1,-1,-1,-1,-1,-1,-1,-1,-1,-1,-1,-1,-1,-1,-1,-1,1,-1,-1|./seeds/seed_006.txt
12,11,13,1,9,0,8,20,6,19,18,17,7,10,22,14,2,4,21,3,16,5,15|-1,-1,-1,-1,-1,-1,-1,-1,-1,-1,-1,-1,-1,-1,-1,-1,-1,-1,-1,-1,1,-1,-1|./seeds/seed_001.txt
5,10,7,6,9,4,12,14,3,11,22,21,8,16,2,15,0,18,17,13,1,20,19|1,1,1,1,1,1,1,1,1,1,1,1,1,1,1,1,1,1,1,-1,1,1,-1|./seeds/seed_008.txt
5,10,7,9,6,12,11,14,4,3,8,22,21,16,15,2,18,13,17,0,19,1,20|1,1,1,1,1,1,1,1,1,1,1,1,1,1,1,1,1,-1,1,1,-1,1,1|./seeds/seed_003.txt
17,18,20,19,22,21,15,16,13,10,6,0,12,1,11,5,9,14,8,2,4,7,3|-1,-1,-1,-1,-1,-1,-1,-1,-1,1,-1,-1,-1,-1,-1,-1,1,-1,-1,-1,-1,1,1|./seeds/seed_007.txt
17,18,20,19,22,21,15,16,10,13,6,0,1,9,2,12,7,5,4,11,14,3,8|-1,-1,-1,-1,-1,-1,-1,-1,1,-1,-1,-1,-1,1,-1,-1,1,-1,-1,-1,-1,-1,-1|./seeds/seed_000.txt
9,7,8,11,10,12,6,1,5,0,13,4,2,3,14,19,20,15,16,18,17,22,21|1,1,1,1,1,1,1,1,1,1,1,1,1,1,1,1,1,1,1,1,1,-1,-1|./seeds/seed_010.txt
9,8,11,7,10,12,1,6,0,5,4,2,13,3,14,19,20,15,16,18,17,22,21|1,1,1,1,1,1,1,1,1,1,1,1,1,1,1,1,1,1,1,1,1,-1,-1|./seeds/seed_005.txt
13,14,10,17,21,1,16,18,12,8,22,19,6,11,15,9,0,20,3,7,4,2,5|1,1,1,1,1,1,1,1,1,1,1,1,1,1,1,1,1,1,-1,1,-1,-1,-1|./seeds/seed_008.txt
13,14,10,17,21,1,16,11,12,22,8,18,19,15,0,9,6,3,5,20,4,7,2|1,1,1,1,1,1,1,1,1,1,1,1,1,1,1,1,1,-1,-1,1,-1,1,1|./seeds/seed_005.txt
5,13,6,4,3,2,0,14,7,1,8,12,11,21,22,19,16,15,20,18,10,17,9|-1,1,-1,-1,-1,-1,-1,1,-1,-1,-1,1,1,-1,-1,1,-1,-1,1,-1,-1,-1,1|./seeds/seed_002.txt
5,13,6,4,3,2,0,14,1,11,12,7,8,21,22,19,15,16,20,9,18,17,10|-1,1,-1,-1,-1,-1,-1,1,-1,1,1,-1,-1,-1,-1,1,-1,-1,1,1,-1,-1,-1|./seeds/seed_006.txt
6,13,5,17,15,20,14,11,19,10,18,12,16,1,2,0,8,4,3,7,9,21,22|-1,-1,-1,-1,-1,-1,-1,-1,-1,-1,-1,-1,-1,-1,-1,-1,-1,-1,-1,-1,-1,-1,-1|./seeds/seed_008.txt
13,6,5,14,15,10,2,11,17,20,16,19,3,18,12,4,0,1,8,7,9,22,21|-1,-1,-1,-1,-1,-1,-1,-1,-1,-1,-1,-1,-1,-1,-1,-1,-1,-1,-1,-1,-1,-1,-1|./seeds/seed_000.txt
18,21,17,22,14,20,10,19,6,13,15,0,5,12,11,7,16,3,9,1,4,2,8|-1,-1,-1,-1,1,-1,1,-1,-1,-1,1,-1,-1,1,1,1,1,1,1,-1,-1,1,-1|./seeds/seed_007.txt
18,21,17,22,14,10,20,19,6,13,0,15,12,11,5,7,16,9,4,1,8,3,2|-1,-1,-1,-1,1,1,-1,-1,-1,-1,-1,1,1,1,-1,1,1,1,-1,-1,1,1,1|./seeds/seed_006.txt
13,18,21,22,17,20,5,12,11,19,6,1,16,10,15,9,8,14,2,0,7,4,3|1,-1,-1,-1,-1,-1,-1,1,1,-1,-1,1,-1,1,-1,1,1,1,1,1,-1,-1,-1|./seeds/seed_008.txt
13,18,17,21,22,5,12,20,11,19,6,1,10,16,15,9,8,14,2,0,7,4,3|1,-1,-1,-1,-1,-1,1,-1,1,-1,-1,1,1,-1,-1,1,1,1,1,1,-1,-1,1|./seeds/seed_005.txt
17,18,20,21,22,19,10,9,11,12,16,15,7,8,1,13,6,14,3,4,2,0,5|-1,-1,-1,-1,-1,-1,1,1,1,1,-1,-1,1,1,1,1,1,1,-1,-1,1,1,-1|./seeds/seed_010.txt
17,18,20,21,22,19,10,9,11,12,16,15,7,8,1,13,6,2,0,5,14,3,4|-1,-1,-1,-1,-1,-1,1,1,1,1,-1,-1,1,1,1,1,1,1,1,-1,1,-1,-1|./seeds/seed_011.txt
10,11,12,9,13,6,1,8,0,7,2,20,5,17,4,19,15,3,14,18,16,21,22|1,1,1,1,1,1,1,1,1,1,1,-1,1,-1,1,-1,-1,1,1,-1,-1,-1,-1|./seeds/seed_008.txt
10,11,12,9,1,6,0,13,8,20,17,7,19,2,18,15,5,16,4,22,3,21,14|1,1,1,1,1,1,1,1,1,-1,-1,1,-1,1,-1,-1,1,-1,1,-1,1,-1,1|./seeds/seed_000.txt
16,21,15,17,18,22,14,20,19,9,12,11,8,13,5,6,7,10,1,4,3,0,2|1,1,1,1,1,1,1,1,1,-1,-1,-1,-1,-1,1,1,-1,-1,-1,1,1,1,-1|./seeds/seed_011.txt
21,18,16,15,17,22,14,20,19,9,11,12,8,6,5,13,7,10,1,4,0,3,2|1,1,1,1,1,1,1,1,1,-1,-1,-1,-1,1,1,-1,-1,-1,-1,1,1,1,-1|./seeds/seed_008.txt
12,11,13,1,9,0,8,20,6,19,18,7,17,10,2,4,3,22,14,21,16,5,15|-1,-1,-1,-1,-1,-1,-1,-1,-1,-1,-1,-1,-1,-1,-1,-1,-1,-1,-1,-1,1,-1,1|./seeds/seed_010.txt
12,11,1,13,0,9,8,6,20,19,18,7,17,10,4,2,3,14,22,21,16,5,15|-1,-1,-1,-1,-1,-1,-1,-1,-1,-1,-1,-1,-1,-1,-1,-1,-1,-1,-1,-1,1,-1,1|./seeds/seed_000.txt
17,16,18,15,21,22,20,19,1,12,11,9,14,13,5,0,8,10,7,4,2,3,6|1,1,1,1,1,1,1,1,-1,-1,-1,-1,1,-1,1,-1,-1,-1,-1,1,-1,1,-1|./seeds/seed_006.txt
17,16,15,18,21,22,20,19,1,11,12,9,14,13,5,0,8,10,7,4,3,2,6|1,1,1,1,1,1,1,1,-1,-1,-1,-1,1,-1,1,-1,-1,-1,-1,1,1,-1,-1|./seeds/seed_011.txt
6,5,0,1,4,9,3,2,7,8,12,11,10,15,18,20,17,13,16,19,21,22,14|-1,-1,-1,-1,-1,-1,-1,-1,-1,-1,-1,-1,-1,-1,-1,-1,-1,-1,-1,-1,-1,-1,-1|./seeds/seed_010.txt
6,5,0,1,4,9,7,3,2,8,12,11,10,15,18,17,20,13,16,19,21,14,22|-1,-1,-1,-1,-1,-1,-1,-1,-1,-1,-1,-1,-1,-1,-1,-1,-1,-1,-1,-1,-1,-1,-1|./seeds/seed_011.txt
17,16,15,21,18,22,20,19,12,11,1,9,14,13,5,8,0,10,7,4,3,2,6|1,1,1,1,1,1,1,1,-1,-1,-1,-1,1,-1,1,-1,-1,-1,-1,1,1,-1,-1|./seeds/seed_004.txt
17,16,21,18,22,15,20,19,11,12,9,1,13,14,5,8,10,0,7,4,3,2,6|1,1,1,1,1,1,1,1,-1,-1,-1,-1,-1,1,1,-1,-1,-1,-1,1,1,-1,1|./seeds/seed_002.txt
9,12,10,7,8,11,6,1,0,13,5,2,3,14,4,16,15,19,18,20,17,21,22|-1,-1,-1,-1,-1,-1,-1,-1,-1,-1,-1,-1,-1,-1,-1,-1,-1,-1,-1,-1,-1,-1,-1|./seeds/seed_003.txt
9,12,10,7,8,11,6,1,0,13,5,2,3,4,14,16,15,19,18,20,17,21,22|-1,-1,-1,-1,-1,-1,-1,-1,-1,-1,-1,-1,-1,-1,-1,-1,-1,-1,-1,-1,-1,-1,-1|./seeds/seed_002.txt
17,18,21,20,22,19,9,16,7,15,10,3,2,4,5,8,1,11,0,12,14,6,13|-1,-1,-1,-1,-1,-1,1,-1,1,-1,1,1,1,1,1,1,1,1,1,1,-1,1,-1|./seeds/seed_006.txt
17,18,21,20,19,22,9,16,15,7,3,2,4,10,5,1,0,8,11,13,14,6,12|-1,-1,-1,-1,-1,-1,1,-1,-1,1,1,1,1,1,1,1,1,1,1,-1,-1,1,1|./seeds/seed_005.txt
21,22,17,18,1,9,2,0,11,4,10,8,20,3,19,12,7,16,6,15,13,5,14|1,1,1,1,-1,-1,-1,-1,-1,-1,-1,-1,1,-1,1,-1,-1,1,-1,1,-1,-1,1|./seeds/seed_001.txt
21,22,17,18,1,9,2,0,11,4,20,19,8,3,10,12,16,7,6,15,13,5,14|1,1,1,1,-1,-1,-1,-1,-1,-1,1,1,-1,-1,-1,-1,1,-1,-1,1,-1,-1,1|./seeds/seed_007.txt
6,5,4,2,0,1,3,7,8,9,15,14,10,16,12,18,20,11,19,17,21,22,13|-1,-1,-1,-1,-1,-1,-1,-1,-1,-1,-1,-1,-1,-1,-1,-1,-1,-1,-1,-1,-1,-1,1|./seeds/seed_010.txt
6,5,4,2,0,1,3,7,8,9,10,14,15,12,16,11,20,18,19,17,21,22,13|-1,-1,-1,-1,-1,-1,-1,-1,-1,-1,-1,-1,-1,-1,-1,-1,-1,-1,-1,-1,-1,-1,1|./seeds/seed_004.txt
21,22,17,18,1,12,11,2,20,9,13,3,0,19,8,10,16,4,15,7,5,6,14|1,1,1,1,-1,-1,-1,-1,1,-1,-1,-1,-1,1,-1,-1,1,-1,1,-1,-1,-1,1|./seeds/seed_009.txt
21,22,17,18,1,12,11,2,20,13,9,3,0,19,16,8,4,10,15,7,5,6,14|1,1,1,1,-1,-1,-1,-1,1,-1,-1,-1,-1,1,1,-1,-1,-1,1,-1,-1,-1,1|./seeds/seed_011.txt
21,22,17,18,1,12,11,2,20,13,9,3,0,19,16,8,10,4,15,7,6,5,14|1,1,1,1,-1,-1,-1,-1,1,-1,-1,-1,-1,1,1,-1,-1,-1,1,-1,-1,-1,1|./seeds/seed_007.txt
21,22,17,18,1,12,11,2,9,20,13,3,0,8,19,10,16,4,15,7,5,6,14|1,1,1,1,-1,-1,-1,-1,-1,1,-1,-1,-1,-1,1,-1,1,-1,1,-1,-1,-1,1|./seeds/seed_004.txt
11,12,1,13,0,2,9,8,6,4,10,7,14,3,5,20,15,19,18,16,17,22,21|-1,-1,-1,-1,-1,-1,-1,-1,-1,-1,-1,-1,-1,-1,-1,-1,-1,-1,-1,-1,-1,-1,-1|./seeds/seed_008.txt
11,12,1,0,13,2,4,9,6,8,3,10,7,14,5,15,20,19,16,18,17,22,21|-1,-1,-1,-1,-1,-1,-1,-1,-1,-1,-1,-1,-1,-1,-1,-1,-1,-1,-1,-1,-1,-1,-1|./seeds/seed_000.txt
6,5,4,0,1,2,3,7,8,9,15,14,10,16,12,20,18,11,19,17,21,22,13|-1,-1,-1,-1,-1,-1,-1,-1,-1,-1,-1,-1,-1,-1,-1,-1,-1,-1,-1,-1,-1,-1,1|./seeds/seed_009.txt
6,5,4,1,2,0,3,7,8,9,10,12,15,14,16,11,20,18,19,17,21,22,13|-1,-1,-1,-1,-1,-1,-1,-1,-1,-1,-1,-1,-1,-1,-1,-1,-1,-1,-1,-1,-1,-1,1|./seeds/seed_005.txt
21,22,11,12,9,17,18,7,2,10,14,13,1,8,20,6,3,19,4,16,15,0,5|-1,-1,1,1,1,-1,-1,1,1,1,1,1,1,1,-1,-1,1,-1,1,-1,-1,1,-1|./seeds/seed_000.txt
21,22,17,12,11,18,9,2,7,1,14,10,20,3,13,19,6,4,8,16,0,15,5|-1,-1,-1,1,1,-1,1,1,1,1,1,1,-1,1,1,-1,-1,1,1,-1,1,-1,-1|./seeds/seed_009.txt
13,17,5,3,4,18,19,22,21,2,20,14,12,11,6,0,16,10,15,8,9,1,7|1,1,-1,-1,-1,1,1,1,1,-1,1,1,1,1,-1,-1,1,1,1,1,1,-1,-1|./seeds/seed_010.txt
13,17,18,19,21,22,3,4,5,20,2,14,12,11,16,6,0,10,15,8,7,9,1|1,1,1,1,1,1,-1,-1,-1,1,-1,1,1,1,1,-1,-1,1,1,1,-1,1,-1|./seeds/seed_008.txt
21,22,6,14,13,12,17,9,2,5,11,18,3,1,4,15,7,16,10,0,20,8,19|-1,-1,-1,1,1,1,-1,1,1,-1,1,-1,1,1,1,1,1,1,1,1,-1,1,-1|./seeds/seed_008.txt
21,14,22,6,13,12,5,9,11,2,17,3,18,15,1,4,16,7,10,19,0,8,20|-1,1,-1,-1,1,1,-1,1,1,1,-1,1,-1,1,1,1,1,1,1,1,1,1,1|./seeds/seed_004.txt
13,5,17,20,15,6,16,18,19,4,21,22,3,2,0,12,7,14,11,10,9,1,8|1,-1,-1,-1,-1,-1,-1,-1,-1,-1,-1,-1,-1,-1,-1,1,-1,-1,1,1,1,-1,1|./seeds/seed_011.txt
13,5,17,15,20,16,6,18,19,4,21,22,3,2,0,7,12,14,11,10,1,9,8|1,-1,-1,-1,-1,-1,-1,-1,-1,-1,-1,-1,-1,-1,-1,-1,1,-1,1,1,-1,1,-1|./seeds/seed_004.txt
1,0,13,9,8,10,6,7,20,2,12,19,11,3,4,17,15,18,16,5,22,21,14|-1,-1,-1,-1,-1,-1,-1,-1,1,-1,-1,1,-1,-1,-1,1,1,1,1,-1,1,1,-1|./seeds/seed_010.txt
1,9,13,8,0,10,7,6,12,11,20,2,19,3,4,17,18,15,16,5,22,14,21|-1,-1,-1,-1,-1,-1,-1,-1,-1,-1,1,-1,1,-1,-1,1,1,1,1,-1,1,-1,1|./seeds/seed_005.txt
17,18,21,20,22,19,10,12,11,9,16,15,8,13,7,1,0,5,14,2,6,3,4|-1,-1,-1,-1,-1,-1,1,1,1,1,-1,-1,1,1,1,1,1,-1,-1,1,1,1,-1|./seeds/seed_006.txt
17,18,21,20,22,19,10,12,11,9,16,15,8,13,7,1,0,5,14,2,3,6,4|-1,-1,-1,-1,-1,-1,1,1,1,1,-1,-1,1,1,1,1,1,-1,-1,1,1,1,1|./seeds/seed_007.txt
13,14,10,21,17,1,16,22,11,12,8,18,19,15,0,9,6,3,20,5,4,2,7|1,1,1,1,1,1,1,1,1,1,1,1,1,1,1,1,1,-1,1,-1,-1,-1,1|./seeds/seed_009.txt
13,14,10,1,21,17,16,22,12,11,18,8,19,15,0,6,9,3,20,5,4,7,2|1,1,1,1,1,1,1,1,1,1,1,1,1,1,1,1,1,-1,1,-1,-1,-1,-1|./seeds/seed_007.txt
10,20,19,9,7,6,11,17,18,12,15,5,16,8,2,3,13,4,14,21,22,0,1|1,-1,-1,1,1,1,1,-1,-1,1,-1,1,-1,1,-1,-1,-1,-1,-1,1,1,-1,1|./seeds/seed_003.txt
20,10,19,9,6,7,17,11,18,12,15,5,16,8,2,13,3,14,4,21,22,0,1|-1,1,-1,1,1,1,-1,1,-1,1,-1,1,-1,1,-1,-1,-1,-1,-1,1,1,-1,1|./seeds/seed_009.txt
18,21,17,22,14,20,10,19,6,13,15,0,12,5,11,7,16,3,1,4,9,8,2|-1,-1,-1,-1,1,-1,1,-1,-1,-1,1,-1,1,-1,1,1,1,1,-1,-1,1,1,1|./seeds/seed_011.txt
18,21,14,17,22,10,20,19,6,13,15,0,12,11,7,5,16,1,9,4,8,2,3|-1,-1,1,-1,-1,1,-1,-1,-1,-1,1,-1,1,1,1,-1,1,-1,1,-1,1,-1,1|./seeds/seed_010.txt
10,11,12,9,1,8,13,6,0,7,20,17,19,2,15,18,5,16,4,22,21,3,14|1,1,1,1,1,1,1,1,1,1,-1,-1,-1,1,-1,-1,1,-1,1,-1,-1,1,1|./seeds/seed_009.txt
10,11,12,9,1,8,13,6,0,7,20,17,19,18,2,15,5,16,4,22,21,3,14|1,1,1,1,1,1,1,1,1,1,-1,-1,-1,-1,1,-1,1,-1,1,-1,-1,1,1|./seeds/seed_004.txt
10,12,11,9,8,13,7,1,6,0,14,20,15,19,18,16,17,5,3,22,21,2,4|1,1,1,1,1,1,1,1,1,1,1,-1,-1,-1,-1,-1,-1,1,-1,-1,-1,-1,-1|./seeds/seed_000.txt
10,12,11,9,8,13,7,1,6,0,15,14,16,20,19,18,5,17,3,2,4,21,22|1,1,1,1,1,1,1,1,1,1,-1,1,-1,-1,-1,-1,1,-1,-1,-1,-1,1,-1|./seeds/seed_004.txt
5,13,6,4,3,2,0,14,1,11,12,7,8,21,22,19,15,16,20,9,18,17,10|-1,1,-1,-1,-1,-1,-1,1,-1,1,1,-1,-1,-1,-1,1,-1,-1,1,1,-1,-1,-1|./seeds/seed_006.txt
5,13,6,4,3,2,0,14,1,11,12,7,8,19,21,22,20,16,15,9,18,10,17|-1,1,-1,-1,-1,-1,-1,1,-1,1,1,-1,-1,1,-1,-1,1,-1,-1,1,-1,-1,-1|./seeds/seed_007.txt
13,14,10,1,21,16,22,18,6,15,17,0,11,12,19,20,8,9,7,5,3,4,2|-1,-1,-1,-1,-1,-1,-1,-1,-1,-1,-1,-1,-1,-1,-1,-1,-1,-1,1,1,1,-1,1|./seeds/seed_006.txt
13,14,10,16,21,22,1,18,17,11,15,12,19,6,0,20,8,9,3,5,2,4,7|-1,-1,-1,-1,-1,-1,-1,-1,-1,-1,-1,-1,-1,-1,-1,-1,-1,-1,1,1,1,1,1|./seeds/seed_003.txt
5,6,4,0,2,17,18,3,16,15,20,1,19,21,8,7,22,13,9,10,12,11,14|-1,-1,-1,-1,-1,-1,-1,-1,-1,-1,-1,-1,-1,-1,-1,-1,-1,-1,-1,-1,-1,-1,-1|./seeds/seed_006.txt
6,5,4,0,2,17,16,18,3,15,20,1,19,8,7,21,22,13,9,10,12,11,14|-1,-1,-1,-1,-1,-1,-1,-1,-1,-1,-1,-1,-1,-1,-1,-1,-1,-1,-1,-1,-1,-1,-1|./seeds/seed_001.txt
17,18,19,20,12,21,8,22,11,1,0,9,13,6,7,14,16,5,15,10,4,2,3|-1,-1,-1,-1,-1,-1,-1,-1,-1,-1,-1,-1,-1,-1,-1,1,-1,-1,-1,-1,-1,-1,-1|./seeds/seed_005.txt
17,18,19,20,21,22,1,12,0,8,6,11,9,13,7,14,16,5,15,4,2,3,10|-1,-1,-1,-1,-1,-1,-1,-1,-1,-1,-1,-1,-1,-1,-1,1,-1,-1,-1,-1,-1,-1,-1|./seeds/seed_007.txt
21,22,17,11,16,18,12,15,1,9,13,20,8,19,0,10,2,14,7,5,3,4,6|1,1,1,-1,1,1,-1,1,-1,-1,-1,1,-1,1,-1,-1,-1,1,-1,1,-1,-1,-1|./seeds/seed_004.txt
21,22,17,16,18,11,15,12,1,9,13,20,19,0,8,2,10,14,5,7,3,4,6|1,1,1,1,1,-1,1,-1,-1,-1,-1,1,1,-1,-1,-1,-1,1,1,-1,-1,-1,-1|./seeds/seed_011.txt
12,11,13,9,19,20,18,17,8,10,7,1,14,21,22,0,5,3,4,6,15,16,2|1,1,1,1,1,1,1,1,1,1,1,1,1,1,1,1,-1,-1,-1,1,1,1,-1|./seeds/seed_004.txt
12,11,13,9,19,8,20,18,17,10,7,1,14,21,22,0,3,5,4,16,2,15,6|1,1,1,1,1,1,1,1,1,1,1,1,1,1,1,1,-1,-1,-1,1,-1,1,1|./seeds/seed_007.txt
18,17,19,20,21,14,12,11,22,9,15,7,16,10,1,2,8,13,4,3,6,5,0|1,1,1,1,1,1,1,1,1,1,1,1,1,1,1,-1,1,1,-1,-1,1,-1,1|./seeds/seed_002.txt
18,19,20,17,12,21,14,9,11,22,7,15,16,10,8,2,13,1,4,3,5,6,0|1,1,1,1,1,1,1,1,1,1,1,1,1,1,1,-1,1,1,-1,-1,-1,1,-1|./seeds/seed_000.txt
18,17,21,20,22,19,16,15,10,1,12,11,9,0,8,13,2,7,4,14,6,3,5|-1,-1,-1,-1,-1,-1,-1,-1,1,1,1,1,1,1,1,1,1,1,1,-1,1,1,1|./seeds/seed_006.txt
18,17,21,20,22,19,16,15,10,12,11,1,9,0,8,13,2,7,6,4,14,3,5|-1,-1,-1,-1,-1,-1,-1,-1,1,1,1,1,1,1,1,1,1,1,1,1,-1,1,1|./seeds/seed_010.txt
12,11,10,9,8,13,7,14,6,1,5,19,15,4,20,2,16,0,17,18,3,21,22|1,1,1,1,1,1,1,1,1,1,1,1,1,1,1,1,1,1,1,1,1,1,1|./seeds/seed_009.txt
12,11,10,9,8,13,7,14,6,5,1,19,15,20,16,4,18,17,2,0,3,21,22|1,1,1,1,1,1,1,1,1,1,1,1,1,1,1,1,1,1,1,1,1,1,1|./seeds/seed_007.txt
6,5,4,0,2,3,1,7,9,10,15,8,14,16,11,12,18,19,17,20,21,22,13|-1,-1,-1,-1,-1,-1,-1,-1,-1,-1,-1,-1,-1,-1,-1,-1,-1,-1,-1,-1,-1,-1,1|./seeds/seed_003.txt
6,5,4,0,2,3,1,9,7,10,15,8,12,16,14,11,18,19,17,20,21,22,13|-1,-1,-1,-1,-1,-1,-1,-1,-1,-1,-1,-1,-1,-1,-1,-1,-1,-1,-1,-1,-1,-1,1|./seeds/seed_007.txt
13,14,10,16,21,1,22,18,17,15,11,6,12,19,0,20,8,9,3,5,7,4,2|-1,-1,-1,-1,-1,-1,-1,-1,-1,-1,-1,-1,-1,-1,-1,-1,-1,-1,1,1,1,1,1|./seeds/seed_007.txt
13,14,10,1,16,21,22,18,17,11,12,15,6,19,0,20,8,9,5,3,7,2,4|-1,-1,-1,-1,-1,-1,-1,-1,-1,-1,-1,-1,-1,-1,-1,-1,-1,-1,1,1,1,1,1|./seeds/seed_001.txt
17,18,21,20,19,22,9,16,15,7,3,2,4,10,5,1,0,8,11,13,14,6,12|-1,-1,-1,-1,-1,-1,1,-1,-1,1,1,1,1,1,1,1,1,1,1,-1,-1,1,1|./seeds/seed_005.txt
17,18,21,20,19,22,16,9,15,2,3,7,4,10,5,1,0,13,11,8,14,6,12|-1,-1,-1,-1,-1,-1,-1,1,-1,1,1,1,1,1,1,1,1,-1,1,1,-1,1,1|./seeds/seed_008.txt
21,22,13,17,18,1,2,12,11,0,20,3,9,19,4,10,6,8,5,14,16,7,15|1,1,-1,1,1,-1,-1,-1,-1,-1,1,-1,-1,1,-1,-1,1,-1,1,-1,1,-1,1|./seeds/seed_005.txt
21,22,13,17,18,1,2,11,12,20,0,3,9,19,4,10,6,8,5,16,14,15,7|1,1,-1,1,1,-1,-1,-1,-1,1,-1,-1,-1,1,-1,-1,1,-1,1,1,-1,1,-1|./seeds/seed_002.txt
12,11,1,13,0,9,8,6,20,19,18,7,17,10,4,2,3,14,22,21,16,5,15|-1,-1,-1,-1,-1,-1,-1,-1,-1,-1,-1,-1,-1,-1,-1,-1,-1,-1,-1,-1,1,-1,1|./seeds/seed_000.txt
12,11,13,1,9,0,8,20,6,19,18,17,7,10,22,14,21,2,4,3,5,16,15|-1,-1,-1,-1,-1,-1,-1,-1,-1,-1,-1,-1,-1,-1,-1,-1,-1,-1,-1,-1,-1,1,-1|./seeds/seed_011.txt
6,5,0,1,9,4,7,2,8,3,12,11,10,15,18,17,20,16,13,19,14,21,22|-1,-1,-1,-1,-1,-1,-1,-1,-1,-1,-1,-1,-1,-1,-1,-1,-1,-1,-1,-1,-1,-1,-1|./seeds/seed_008.txt
6,5,0,1,4,9,3,2,7,8,12,11,10,15,18,17,20,13,16,19,21,22,14|-1,-1,-1,-1,-1,-1,-1,-1,-1,-1,-1,-1,-1,-1,-1,-1,-1,-1,-1,-1,-1,-1,-1|./seeds/seed_007.txt
5,10,7,9,6,12,11,14,8,4,3,22,16,21,15,2,18,17,13,0,19,20,1|1,1,1,1,1,1,1,1,1,1,1,1,1,1,1,1,1,1,-1,1,-1,1,1|./seeds/seed_001.txt
5,10,7,9,6,12,11,14,8,4,3,22,21,16,15,2,18,17,13,0,19,20,1|1,1,1,1,1,1,1,1,1,1,1,1,1,1,1,1,1,1,-1,1,-1,1,1|./seeds/seed_007.txt
18,17,21,20,22,19,16,15,10,12,11,1,9,8,0,13,2,7,4,6,3,14,5|-1,-1,-1,-1,-1,-1,-1,-1,1,1,1,1,1,1,1,1,1,1,1,1,1,-1,1|./seeds/seed_004.txt
18,17,21,20,22,19,16,15,10,1,12,11,9,0,8,13,2,7,4,14,3,6,5|-1,-1,-1,-1,-1,-1,-1,-1,1,1,1,1,1,1,1,1,1,1,1,-1,1,1,1|./seeds/seed_007.txt
21,22,17,1,18,9,2,11,0,8,10,12,4,3,20,19,7,16,6,13,15,5,14|1,1,1,-1,1,-1,-1,-1,-1,-1,-1,-1,-1,-1,1,1,-1,1,-1,-1,1,-1,1|./seeds/seed_004.txt
21,22,17,1,18,9,2,0,11,4,8,3,10,20,19,12,7,16,6,15,13,5,14|1,1,1,-1,1,-1,-1,-1,-1,-1,-1,-1,-1,1,1,-1,-1,1,-1,1,-1,-1,1|./seeds/seed_006.txt
18,17,20,19,21,22,16,15,10,9,11,12,8,14,7,13,1,2,0,5,4,3,6|-1,-1,-1,-1,-1,-1,-1,-1,1,1,1,1,1,-1,1,1,1,1,1,-1,1,1,1|./seeds/seed_009.txt
18,17,20,19,21,22,16,15,10,9,11,12,8,7,13,14,1,2,0,5,3,4,6|-1,-1,-1,-1,-1,-1,-1,-1,1,1,1,1,1,1,1,-1,1,1,1,-1,1,1,1|./seeds/seed_007.txt
16,21,15,17,18,22,14,20,9,19,12,11,8,13,5,7,6,10,4,1,3,0,2|1,1,1,1,1,1,1,1,-1,1,-1,-1,-1,-1,1,-1,1,-1,1,-1,1,1,1|./seeds/seed_010.txt
16,21,15,17,18,22,14,20,9,19,11,12,8,13,7,5,6,10,4,1,3,2,0|1,1,1,1,1,1,1,1,-1,1,-1,-1,-1,-1,-1,1,1,-1,1,-1,1,1,1|./seeds/seed_000.txt
17,18,21,20,22,19,10,12,11,9,16,15,8,13,7,1,0,5,14,2,3,6,4|-1,-1,-1,-1,-1,-1,1,1,1,1,-1,-1,1,1,1,1,1,-1,-1,1,1,1,1|./seeds/seed_007.txt
17,18,21,20,22,19,10,12,11,16,9,15,8,13,7,1,0,14,5,2,3,6,4|-1,-1,-1,-1,-1,-1,1,1,1,-1,1,-1,1,1,1,1,1,-1,-1,1,1,1,1|./seeds/seed_011.txt
21,22,17,18,1,12,11,2,20,13,9,3,0,19,8,16,10,4,15,7,6,5,14|1,1,1,1,-1,-1,-1,-1,1,-1,-1,-1,-1,1,-1,1,-1,-1,1,-1,-1,-1,1|./seeds/seed_003.txt
21,22,17,18,1,12,11,2,20,13,9,0,3,16,19,8,4,10,15,7,6,5,14|1,1,1,1,-1,-1,-1,-1,1,-1,-1,-1,-1,1,1,-1,-1,-1,1,-1,-1,-1,1|./seeds/seed_006.txt
18,17,20,19,21,22,16,15,10,9,11,12,8,7,13,14,1,2,0,5,6,4,3|-1,-1,-1,-1,-1,-1,-1,-1,1,1,1,1,1,1,1,-1,1,1,1,-1,1,1,1|./seeds/seed_006.txt
18,17,20,19,21,22,16,15,10,9,11,12,8,7,14,13,1,2,0,4,6,3,5|-1,-1,-1,-1,-1,-1,-1,-1,1,1,1,1,1,1,-1,1,1,1,1,1,1,1,-1|./seeds/seed_005.txt
17,18,21,20,22,19,16,15,2,1,9,0,4,3,8,10,7,11,12,14,6,5,13|1,1,1,1,1,1,1,1,-1,-1,-1,-1,-1,-1,-1,-1,-1,-1,-1,1,-1,-1,-1|./seeds/seed_003.txt
17,18,21,20,22,19,16,15,2,1,9,0,4,3,8,10,7,11,12,14,6,5,13|1,1,1,1,1,1,1,1,-1,-1,-1,-1,-1,-1,-1,-1,-1,-1,-1,1,-1,-1,-1|./seeds/seed_011.txt
6,5,4,18,17,16,20,15,19,0,3,2,8,7,1,21,22,9,13,10,11,12,14|-1,-1,-1,-1,-1,-1,-1,-1,-1,-1,-1,-1,-1,-1,-1,-1,-1,-1,-1,-1,-1,-1,-1|./seeds/seed_008.txt
5,6,4,0,2,17,18,3,16,15,20,1,19,21,8,7,22,13,9,10,12,11,14|-1,-1,-1,-1,-1,-1,-1,-1,-1,-1,-1,-1,-1,-1,-1,-1,-1,-1,-1,-1,-1,-1,-1|./seeds/seed_006.txt
17,18,20,21,19,22,16,15,2,14,3,4,1,0,9,5,8,7,6,10,11,12,13|1,1,1,1,1,1,1,1,-1,1,-1,-1,-1,-1,-1,-1,-1,-1,-1,-1,-1,-1,1|./seeds/seed_006.txt
17,18,20,21,19,22,16,15,14,2,3,4,1,0,9,5,8,7,10,6,11,12,13|1,1,1,1,1,1,1,1,1,-1,-1,-1,-1,-1,-1,-1,-1,-1,-1,-1,-1,-1,1|./seeds/seed_011.txt
17,18,21,20,22,19,10,12,16,11,15,9,13,8,1,7,0,14,5,2,3,4,6|-1,-1,-1,-1,-1,-1,1,1,-1,1,-1,1,1,1,1,1,1,-1,-1,1,1,1,1|./seeds/seed_002.txt
17,18,21,20,22,19,10,12,11,16,9,15,8,13,7,1,0,2,14,5,3,6,4|-1,-1,-1,-1,-1,-1,1,1,1,-1,1,-1,1,1,1,1,1,1,-1,-1,1,1,1|./seeds/seed_005.txt
21,22,17,18,1,12,11,2,20,9,13,3,0,19,8,10,16,4,15,7,5,6,14|1,1,1,1,-1,-1,-1,-1,1,-1,-1,-1,-1,1,-1,-1,1,-1,1,-1,-1,-1,1|./seeds/seed_009.txt
21,22,17,18,1,12,11,2,20,13,9,3,0,19,8,16,10,4,15,7,6,5,14|1,1,1,1,-1,-1,-1,-1,1,-1,-1,-1,-1,1,-1,1,-1,-1,1,-1,-1,-1,1|./seeds/seed_003.txt
18,19,20,17,21,14,12,9,11,22,7,15,16,10,2,1,8,13,4,3,5,6,0|1,1,1,1,1,1,1,1,1,1,1,1,1,1,-1,1,1,1,-1,-1,-1,1,1|./seeds/seed_004.txt
18,19,20,17,21,14,12,9,11,22,15,7,16,10,2,8,1,13,4,3,5,6,0|1,1,1,1,1,1,1,1,1,1,1,1,1,1,-1,1,1,1,-1,-1,-1,1,-1|./seeds/seed_003.txt
21,22,13,17,18,1,2,11,12,0,20,3,19,4,9,6,10,5,8,16,14,15,7|1,1,-1,1,1,-1,-1,-1,-1,-1,1,-1,1,-1,-1,1,-1,1,-1,1,-1,1,-1|./seeds/seed_011.txt
21,22,13,17,18,2,1,11,12,3,0,20,4,9,19,6,10,8,5,14,16,15,7|1,1,-1,1,1,-1,-1,-1,-1,-1,-1,1,-1,-1,1,1,-1,-1,1,-1,1,1,-1|./seeds/seed_008.txt
18,19,20,17,21,14,12,11,9,22,7,15,16,10,2,8,13,1,4,3,5,6,0|1,1,1,1,1,1,1,1,1,1,1,1,1,1,-1,1,1,1,-1,-1,-1,1,-1|./seeds/seed_007.txt
18,19,20,17,21,14,12,9,11,22,15,7,16,10,2,8,1,13,4,3,5,6,0|1,1,1,1,1,1,1,1,1,1,1,1,1,1,-1,1,1,1,-1,-1,-1,1,-1|./seeds/seed_003.txt
17,18,20,21,19,22,16,15,14,2,3,4,1,0,9,5,8,7,10,6,11,12,13|1,1,1,1,1,1,1,1,1,-1,-1,-1,-1,-1,-1,-1,-1,-1,-1,-1,-1,-1,1|./seeds/seed_011.txt
17,18,20,21,19,22,16,15,14,2,3,4,9,0,1,5,8,7,10,6,11,12,13|1,1,1,1,1,1,1,1,1,-1,-1,-1,-1,-1,-1,-1,-1,-1,-1,-1,-1,-1,1|./seeds/seed_009.txt
6,5,4,0,2,1,3,7,8,9,14,15,20,16,18,10,12,11,17,19,21,22,13|-1,-1,-1,-1,-1,-1,-1,-1,-1,-1,-1,-1,-1,-1,-1,-1,-1,-1,-1,-1,-1,-1,-1|./seeds/seed_008.txt
6,5,4,2,0,1,3,7,8,9,10,14,15,12,16,11,20,18,19,17,21,22,13|-1,-1,-1,-1,-1,-1,-1,-1,-1,-1,-1,-1,-1,-1,-1,-1,-1,-1,-1,-1,-1,-1,1|./seeds/seed_004.txt
12,11,13,9,1,8,0,20,6,19,17,7,18,10,22,14,21,2,4,3,5,16,15|-1,-1,-1,-1,-1,-1,-1,-1,-1,-1,-1,-1,-1,-1,-1,-1,-1,-1,-1,-1,-1,1,-1|./seeds/seed_003.txt
12,11,13,9,8,1,0,20,6,19,17,18,7,10,14,22,21,4,2,3,5,15,16|-1,-1,-1,-1,-1,-1,-1,-1,-1,-1,-1,-1,-1,-1,-1,-1,-1,-1,-1,-1,-1,-1,1|./seeds/seed_002.txt
5,6,4,16,17,18,0,2,3,15,20,19,1,8,7,21,13,22,9,10,11,12,14|-1,-1,-1,-1,-1,-1,-1,-1,-1,-1,-1,-1,-1,-1,-1,-1,-1,-1,-1,-1,-1,-1,-1|./seeds/seed_003.txt
6,5,4,0,2,17,16,18,3,15,20,1,19,8,7,21,22,13,9,10,12,11,14|-1,-1,-1,-1,-1,-1,-1,-1,-1,-1,-1,-1,-1,-1,-1,-1,-1,-1,-1,-1,-1,-1,-1|./seeds/seed_001.txt
21,22,13,17,18,1,2,11,12,0,3,20,4,19,9,6,5,10,16,8,14,15,7|1,1,-1,1,1,-1,-1,-1,-1,-1,-1,1,-1,1,-1,1,1,-1,1,-1,-1,1,-1|./seeds/seed_000.txt
21,22,13,17,18,2,1,11,12,3,0,20,4,9,19,6,10,8,5,14,16,15,7|1,1,-1,1,1,-1,-1,-1,-1,-1,-1,1,-1,-1,1,1,-1,-1,1,-1,1,1,-1|./seeds/seed_008.txt
6,5,4,0,2,3,1,9,7,10,15,8,14,12,16,18,11,19,17,20,21,22,13|-1,-1,-1,-1,-1,-1,-1,-1,-1,-1,-1,-1,-1,-1,-1,-1,-1,-1,-1,-1,-1,-1,1|./seeds/seed_010.txt
6,5,4,0,2,3,1,9,7,10,8,15,12,11,14,16,18,19,17,20,21,22,13|-1,-1,-1,-1,-1,-1,-1,-1,-1,-1,-1,-1,-1,-1,-1,-1,-1,-1,-1,-1,-1,-1,1|./seeds/seed_000.txt
1,13,0,2,9,8,12,3,11,4,10,7,6,5,14,15,20,16,19,17,18,22,21|-1,-1,-1,-1,-1,-1,-1,-1,-1,-1,-1,-1,-1,-1,-1,-1,-1,-1,-1,-1,-1,-1,-1|./seeds/seed_009.txt
1,13,0,2,9,8,12,11,3,4,10,7,6,5,14,15,20,16,19,18,17,22,21|-1,-1,-1,-1,-1,-1,-1,-1,-1,-1,-1,-1,-1,-1,-1,-1,-1,-1,-1,-1,-1,-1,-1|./seeds/seed_004.txt
18,21,17,22,14,20,10,19,6,13,15,0,5,12,11,7,16,3,9,1,4,2,8|-1,-1,-1,-1,1,-1,1,-1,-1,-1,1,-1,-1,1,1,1,1,1,1,-1,-1,1,-1|./seeds/seed_007.txt
18,21,17,22,20,14,19,10,6,13,5,12,11,0,15,7,8,3,2,1,16,4,9|-1,-1,-1,-1,-1,1,-1,1,-1,-1,-1,1,1,-1,1,1,-1,1,1,1,-1,-1,-1|./seeds/seed_008.txt
16,21,15,17,18,22,14,20,19,9,12,11,8,13,5,6,7,10,1,4,3,0,2|1,1,1,1,1,1,1,1,1,-1,-1,-1,-1,-1,1,1,-1,-1,-1,1,1,1,-1|./seeds/seed_011.txt
16,21,15,17,18,22,14,20,9,19,12,11,8,13,5,7,6,10,1,4,3,0,2|1,1,1,1,1,1,1,1,-1,1,-1,-1,-1,-1,1,-1,1,-1,-1,1,1,1,1|./seeds/seed_006.txt
18,21,14,17,22,10,20,19,6,13,15,0,12,11,7,5,16,1,9,4,8,2,3|-1,-1,1,-1,-1,1,-1,-1,-1,-1,1,-1,1,1,1,-1,1,-1,1,-1,1,-1,1|./seeds/seed_010.txt
18,21,17,22,14,20,19,10,13,6,15,0,5,12,11,7,16,3,8,2,9,4,1|-1,-1,-1,-1,1,-1,-1,1,-1,-1,1,-1,-1,1,1,1,1,1,-1,1,-1,1,-1|./seeds/seed_004.txt
10,12,9,11,7,14,6,8,5,21,22,17,2,1,3,16,18,13,4,15,20,19,0|1,1,1,1,1,1,1,1,1,1,1,1,-1,1,-1,1,1,1,-1,1,1,1,1|./seeds/seed_011.txt
10,12,9,11,7,14,6,8,5,21,22,17,2,1,18,16,3,13,4,15,20,19,0|1,1,1,1,1,1,1,1,1,1,1,1,-1,1,1,1,-1,1,-1,1,1,1,1|./seeds/seed_007.txt
17,18,21,20,22,19,16,13,15,1,10,11,12,9,8,0,5,2,7,4,14,3,6|-1,-1,-1,-1,-1,-1,-1,1,-1,1,1,1,1,1,1,1,-1,1,1,1,-1,1,-1|./seeds/seed_004.txt
17,18,20,21,22,19,16,15,13,1,10,11,12,9,8,0,5,2,4,14,7,3,6|-1,-1,-1,-1,-1,-1,-1,-1,1,1,1,1,1,1,1,1,-1,1,1,-1,1,1,-1|./seeds/seed_007.txt
9,7,8,11,10,12,6,1,5,0,13,4,2,3,14,19,15,16,20,18,17,22,21|1,1,1,1,1,1,1,1,1,1,1,1,1,1,1,1,1,1,1,1,1,-1,-1|./seeds/seed_000.txt
9,7,11,8,10,12,6,1,0,5,4,13,2,3,14,19,20,15,16,18,17,22,21|1,1,1,1,1,1,1,1,1,1,1,1,1,1,1,1,1,1,1,1,1,-1,1|./seeds/seed_002.txt
18,21,17,22,14,10,20,19,6,13,0,15,12,11,5,7,16,9,4,1,8,3,2|-1,-1,-1,-1,1,1,-1,-1,-1,-1,-1,1,1,1,-1,1,1,1,-1,-1,1,1,1|./seeds/seed_006.txt
18,14,21,17,22,10,20,19,6,13,0,15,12,11,7,5,16,1,9,8,4,2,3|-1,1,-1,-1,-1,1,-1,-1,-1,-1,-1,1,1,1,1,-1,1,-1,1,1,-1,-1,-1|./seeds/seed_000.txt
13,5,6,16,22,15,12,21,18,17,4,3,11,7,1,20,2,19,10,14,0,9,8|1,-1,-1,-1,-1,-1,1,-1,-1,-1,-1,-1,1,-1,1,-1,-1,-1,1,1,1,1,1|./seeds/seed_001.txt
13,5,6,16,12,22,21,15,18,4,3,17,11,7,1,2,20,19,10,14,8,9,0|1,-1,-1,-1,1,-1,-1,-1,-1,-1,-1,-1,1,-1,1,-1,-1,-1,1,1,1,1,-1|./seeds/seed_004.txt
17,18,21,20,19,22,16,2,15,14,3,4,9,1,5,0,8,7,10,6,11,12,13|1,1,1,1,1,1,1,-1,1,1,-1,-1,-1,-1,-1,-1,-1,-1,-1,-1,-1,-1,1|./seeds/seed_008.txt
17,18,20,21,19,22,16,15,14,2,3,4,9,0,1,5,8,7,10,6,11,12,13|1,1,1,1,1,1,1,1,1,-1,-1,-1,-1,-1,-1,-1,-1,-1,-1,-1,-1,-1,1|./seeds/seed_009.txt
17,18,21,22,20,19,10,9,11,7,16,12,15,2,5,3,8,4,1,6,0,14,13|-1,-1,-1,-1,-1,-1,1,1,1,1,-1,1,-1,1,1,1,1,1,1,1,1,1,-1|./seeds/seed_000.txt
17,18,21,22,20,19,10,9,16,11,7,12,15,2,5,3,8,4,1,6,0,13,14|-1,-1,-1,-1,-1,-1,1,1,-1,1,1,1,-1,1,1,1,1,1,1,1,1,-1,1|./seeds/seed_010.txt
5,13,6,4,3,2,0,14,7,1,8,12,11,19,21,22,16,20,15,10,18,9,17|-1,1,-1,-1,-1,-1,-1,1,-1,-1,-1,1,1,1,-1,-1,-1,1,-1,-1,-1,1,-1|./seeds/seed_004.txt
5,13,6,4,3,2,0,14,7,1,8,12,11,19,21,22,16,20,15,10,18,9,17|-1,1,-1,-1,-1,-1,-1,1,-1,-1,-1,1,1,1,-1,-1,-1,1,-1,-1,-1,1,-1|./seeds/seed_009.txt
10,20,9,19,7,11,6,12,17,18,5,15,8,16,2,3,4,13,21,0,22,14,1|1,-1,1,-1,1,1,1,1,-1,-1,1,-1,1,-1,-1,-1,-1,-1,1,-1,1,-1,-1|./seeds/seed_006.txt
10,20,9,19,7,11,6,12,17,18,5,15,8,16,2,3,4,13,0,14,21,22,1|1,-1,1,-1,1,1,1,1,-1,-1,1,-1,1,-1,-1,-1,-1,-1,-1,-1,1,1,-1|./seeds/seed_010.txt
11,10,6,12,1,9,8,0,5,7,2,13,4,3,14,15,20,16,19,17,18,22,21|-1,-1,-1,-1,-1,-1,-1,-1,-1,-1,-1,-1,-1,-1,-1,-1,-1,-1,-1,-1,-1,1,-1|./seeds/seed_010.txt
11,10,6,12,1,9,8,7,5,0,2,13,4,3,14,15,20,16,19,17,18,21,22|-1,-1,-1,-1,-1,-1,-1,-1,-1,-1,-1,-1,-1,-1,-1,-1,-1,-1,-1,-1,-1,-1,-1|./seeds/seed_003.txt
17,18,19,20,21,22,12,1,8,0,11,6,9,13,7,16,14,5,15,4,10,2,3|-1,-1,-1,-1,-1,-1,-1,-1,-1,-1,-1,-1,-1,-1,-1,-1,1,-1,-1,-1,-1,-1,-1|./seeds/seed_003.txt
18,17,19,20,1,0,21,22,12,6,8,11,9,13,14,7,4,16,2,5,3,15,10|-1,-1,-1,-1,-1,-1,-1,-1,-1,-1,-1,-1,-1,-1,1,-1,-1,-1,-1,-1,-1,-1,-1|./seeds/seed_010.txt
1,9,8,0,6,10,12,11,7,2,13,5,19,4,3,17,20,18,16,15,22,21,14|-1,-1,-1,-1,-1,-1,-1,-1,-1,-1,-1,-1,1,-1,-1,1,1,1,1,1,1,1,1|./seeds/seed_009.txt
1,9,0,6,8,12,10,11,7,2,5,13,19,4,3,17,20,16,18,15,21,22,14|-1,-1,-1,-1,-1,-1,-1,-1,-1,-1,-1,-1,1,-1,-1,1,1,1,1,1,1,1,1|./seeds/seed_007.txt
21,5,13,17,16,18,22,15,20,1,19,12,11,9,6,0,8,10,4,3,14,7,2|1,1,-1,1,1,1,1,1,1,-1,1,-1,-1,-1,1,-1,-1,-1,1,1,1,-1,1|./seeds/seed_009.txt
5,21,13,16,17,18,15,22,20,1,19,12,11,9,6,0,8,14,10,4,3,7,2|1,1,-1,1,1,1,1,1,1,-1,1,-1,-1,-1,1,-1,-1,1,-1,1,1,-1,-1|./seeds/seed_001.txt
5,6,4,3,2,13,15,16,17,0,18,20,14,19,1,7,21,22,8,9,10,11,12|-1,-1,-1,-1,-1,1,-1,-1,-1,-1,-1,-1,-1,-1,-1,-1,-1,-1,-1,-1,-1,-1,1|./seeds/seed_010.txt
5,6,4,3,15,17,16,18,14,20,2,13,0,19,7,1,21,22,8,9,10,11,12|-1,-1,-1,-1,-1,-1,-1,-1,-1,-1,-1,1,-1,-1,-1,-1,-1,-1,-1,-1,-1,-1,-1|./seeds/seed_002.txt
17,18,20,21,22,19,10,9,11,12,16,15,7,8,1,13,6,3,14,4,2,0,5|-1,-1,-1,-1,-1,-1,1,1,1,1,-1,-1,1,1,1,1,1,-1,1,-1,1,1,-1|./seeds/seed_000.txt
17,18,20,21,22,19,10,9,16,11,12,15,7,8,1,2,13,0,6,5,14,3,4|-1,-1,-1,-1,-1,-1,1,1,-1,1,1,-1,1,1,1,1,1,1,1,-1,1,-1,1|./seeds/seed_009.txt
10,9,12,11,7,14,8,6,5,21,22,2,17,3,16,1,18,13,4,15,19,20,0|1,1,1,1,1,1,1,1,1,1,1,-1,1,-1,1,1,1,1,-1,1,1,1,1|./seeds/seed_010.txt
10,12,9,11,7,6,14,5,8,21,22,1,17,2,16,18,3,0,13,4,20,15,19|1,1,1,1,1,1,1,1,1,1,1,1,1,-1,1,1,-1,1,1,-1,1,1,1|./seeds/seed_002.txt
5,13,21,16,17,18,15,22,20,1,12,19,11,9,6,0,8,10,4,3,14,7,2|1,-1,1,1,1,1,1,1,1,-1,-1,1,-1,-1,1,-1,-1,-1,1,1,1,-1,-1|./seeds/seed_005.txt
21,5,13,17,16,18,22,15,20,1,19,12,11,9,6,0,8,10,4,3,14,7,2|1,1,-1,1,1,1,1,1,1,-1,1,-1,-1,-1,1,-1,-1,-1,1,1,1,-1,1|./seeds/seed_009.txt
6,0,1,7,9,2,8,5,10,4,11,3,12,13,14,15,20,19,16,18,17,21,22|1,1,1,1,1,1,1,1,1,1,1,1,1,1,1,1,1,1,1,1,1,-1,-1|./seeds/seed_009.txt
6,0,1,7,9,8,2,5,10,11,4,3,12,13,14,15,20,19,16,18,17,21,22|1,1,1,1,1,1,1,1,1,1,1,1,1,1,1,1,1,1,1,1,1,-1,-1|./seeds/seed_002.txt
12,11,13,9,19,8,20,18,17,10,7,1,14,21,22,0,3,5,4,16,2,15,6|1,1,1,1,1,1,1,1,1,1,1,1,1,1,1,1,-1,-1,-1,1,-1,1,1|./seeds/seed_007.txt
12,11,13,9,8,19,20,18,17,10,7,1,14,21,0,22,5,3,4,16,15,6,2|1,1,1,1,1,1,1,1,1,1,1,1,1,1,1,1,-1,-1,-1,1,1,1,-1|./seeds/seed_000.txt
13,14,10,21,16,22,1,18,11,15,12,17,19,6,0,20,8,9,3,5,2,4,7|-1,-1,-1,-1,-1,-1,-1,-1,-1,-1,-1,-1,-1,-1,-1,-1,-1,-1,1,1,1,1,1|./seeds/seed_009.txt
13,14,10,16,21,1,22,18,17,15,11,6,12,19,0,20,8,9,3,5,7,4,2|-1,-1,-1,-1,-1,-1,-1,-1,-1,-1,-1,-1,-1,-1,-1,-1,-1,-1,1,1,1,1,1|./seeds/seed_007.txt
18,17,20,19,21,22,16,15,10,9,11,12,8,7,13,14,1,2,0,5,3,4,6|-1,-1,-1,-1,-1,-1,-1,-1,1,1,1,1,1,1,1,-1,1,1,1,-1,1,1,1|./seeds/seed_007.txt
18,17,20,19,21,22,16,15,10,9,11,12,8,14,7,13,1,2,0,5,4,3,6|-1,-1,-1,-1,-1,-1,-1,-1,1,1,1,1,1,-1,1,1,1,1,1,-1,1,1,1|./seeds/seed_009.txt
10,11,12,9,13,6,1,8,0,7,2,20,5,17,4,19,15,3,14,18,16,21,22|1,1,1,1,1,1,1,1,1,1,1,-1,1,-1,1,-1,-1,1,1,-1,-1,-1,-1|./seeds/seed_008.txt
10,11,12,9,1,8,13,6,0,7,20,17,19,18,2,15,5,16,4,22,21,3,14|1,1,1,1,1,1,1,1,1,1,-1,-1,-1,-1,1,-1,1,-1,1,-1,-1,1,1|./seeds/seed_004.txt
21,22,17,1,18,9,2,0,11,4,8,3,10,20,19,12,7,16,6,15,13,5,14|1,1,1,-1,1,-1,-1,-1,-1,-1,-1,-1,-1,1,1,-1,-1,1,-1,1,-1,-1,1|./seeds/seed_006.txt
21,22,9,1,17,2,18,11,10,3,8,4,0,12,7,19,20,6,13,16,5,15,14|1,1,-1,-1,1,-1,1,-1,-1,-1,-1,-1,-1,-1,-1,1,1,-1,-1,1,-1,1,-1|./seeds/seed_008.txt
9,12,10,7,8,11,6,1,0,5,13,2,3,4,14,16,15,19,20,18,17,21,22|-1,-1,-1,-1,-1,-1,-1,-1,-1,-1,-1,-1,-1,-1,-1,-1,-1,-1,-1,-1,-1,-1,-1|./seeds/seed_009.txt
9,12,10,7,8,11,6,1,0,13,5,2,3,14,4,16,15,20,19,18,17,21,22|-1,-1,-1,-1,-1,-1,-1,-1,-1,-1,-1,-1,-1,-1,-1,-1,-1,-1,-1,-1,-1,-1,-1|./seeds/seed_007.txt
6,1,8,9,7,0,11,10,12,5,13,2,4,3,20,19,18,17,16,14,15,22,21|-1,-1,-1,-1,-1,-1,-1,-1,-1,-1,-1,-1,-1,-1,-1,-1,-1,-1,1,-1,1,1,-1|./seeds/seed_005.txt
6,1,9,8,7,0,11,10,12,5,2,13,4,3,20,19,18,17,16,14,15,21,22|-1,-1,-1,-1,-1,-1,-1,-1,-1,-1,-1,-1,-1,-1,-1,-1,-1,-1,1,-1,1,-1,1|./seeds/seed_004.txt
10,12,9,11,7,14,6,8,21,5,22,1,17,2,3,18,16,13,4,20,15,19,0|1,1,1,1,1,1,1,1,1,1,1,1,1,-1,-1,1,1,1,-1,1,1,1,1|./seeds/seed_009.txt
10,12,9,11,7,14,6,5,8,21,22,1,17,18,2,16,3,15,13,19,4,20,0|1,1,1,1,1,1,1,1,1,1,1,1,1,1,-1,1,-1,1,1,1,-1,1,1|./seeds/seed_004.txt
13,5,6,16,22,15,21,18,12,17,4,3,11,7,1,20,2,19,10,14,9,0,8|1,-1,-1,-1,-1,-1,-1,-1,1,-1,-1,-1,1,-1,1,-1,-1,-1,1,1,1,1,1|./seeds/seed_011.txt
13,5,6,16,12,22,21,15,18,4,3,17,11,7,1,2,20,19,10,14,8,9,0|1,-1,-1,-1,1,-1,-1,-1,-1,-1,-1,-1,1,-1,1,-1,-1,-1,1,1,1,1,-1|./seeds/seed_004.txt
18,17,20,19,21,22,16,15,10,9,11,12,8,7,13,14,1,2,0,5,6,4,3|-1,-1,-1,-1,-1,-1,-1,-1,1,1,1,1,1,1,1,-1,1,1,1,-1,1,1,1|./seeds/seed_001.txt
18,17,20,19,21,22,16,15,10,9,11,12,8,7,13,14,1,2,0,6,5,4,3|-1,-1,-1,-1,-1,-1,-1,-1,1,1,1,1,1,1,1,-1,1,1,1,1,-1,1,1|./seeds/seed_000.txt
18,17,20,19,21,22,16,15,10,9,11,12,8,7,13,14,1,2,0,6,5,4,3|-1,-1,-1,-1,-1,-1,-1,-1,1,1,1,1,1,1,1,-1,1,1,1,1,-1,1,1|./seeds/seed_000.txt
18,17,20,19,21,22,16,15,10,9,11,12,8,14,7,13,1,2,0,5,4,3,6|-1,-1,-1,-1,-1,-1,-1,-1,1,1,1,1,1,-1,1,1,1,1,1,-1,1,1,1|./seeds/seed_009.txt
13,18,17,21,22,20,5,12,11,19,6,1,16,10,15,9,8,14,0,2,7,4,3|1,-1,-1,-1,-1,-1,-1,1,1,-1,-1,1,-1,1,-1,1,1,1,1,1,-1,-1,-1|./seeds/seed_001.txt
13,18,17,21,22,20,5,12,11,19,6,1,16,10,15,9,8,0,14,2,4,7,3|1,-1,-1,-1,-1,-1,-1,1,1,-1,-1,1,-1,1,-1,1,1,1,1,1,-1,-1,-1|./seeds/seed_002.txt
6,15,9,16,1,0,8,7,10,12,11,20,14,19,17,18,13,22,5,21,2,4,3|-1,1,-1,1,-1,-1,-1,-1,-1,-1,-1,1,1,1,1,1,-1,1,-1,1,-1,-1,-1|./seeds/seed_010.txt
6,15,9,16,1,0,8,7,10,12,11,20,14,19,17,18,13,22,5,21,2,4,3|-1,1,-1,1,-1,-1,-1,-1,-1,-1,-1,1,1,1,1,1,-1,1,-1,1,-1,-1,-1|./seeds/seed_006.txt
17,18,20,21,22,19,10,9,11,12,16,15,7,8,1,13,6,14,3,4,2,0,5|-1,-1,-1,-1,-1,-1,1,1,1,1,-1,-1,1,1,1,1,1,1,-1,-1,1,1,-1|./seeds/seed_010.txt
17,18,20,21,22,19,10,16,9,11,12,15,7,8,1,2,0,13,6,5,14,3,4|-1,-1,-1,-1,-1,-1,1,-1,1,1,1,-1,1,1,1,1,1,1,1,-1,1,-1,1|./seeds/seed_002.txt
18,13,17,20,19,21,11,12,14,22,8,1,9,0,6,16,7,15,10,2,5,4,3|-1,-1,-1,-1,-1,-1,-1,-1,-1,-1,-1,-1,-1,-1,-1,-1,-1,-1,-1,-1,-1,1,-1|./seeds/seed_004.txt
18,17,20,19,13,21,0,1,22,11,12,14,6,8,9,16,15,2,7,3,10,5,4|-1,-1,-1,-1,-1,-1,-1,-1,-1,-1,-1,-1,-1,-1,-1,-1,-1,-1,-1,-1,-1,-1,-1|./seeds/seed_000.txt
6,1,9,8,0,7,11,10,12,5,2,13,4,3,20,19,18,17,16,14,15,21,22|-1,-1,-1,-1,-1,-1,-1,-1,-1,-1,-1,-1,-1,-1,-1,-1,-1,-1,1,-1,1,-1,1|./seeds/seed_003.txt
6,1,8,9,7,0,11,10,12,5,2,4,13,20,3,18,19,17,14,21,22,15,16|-1,-1,-1,-1,-1,-1,-1,-1,-1,-1,-1,-1,-1,-1,-1,-1,-1,-1,-1,-1,-1,-1,-1|./seeds/seed_008.txt
17,18,20,21,22,19,10,16,9,11,15,12,7,1,8,2,5,13,3,0,4,6,14|-1,-1,-1,-1,-1,-1,1,-1,1,1,-1,1,1,1,1,1,-1,1,-1,1,-1,1,1|./seeds/seed_008.txt
17,18,20,21,22,19,10,9,11,12,16,15,7,8,1,13,6,2,14,3,0,4,5|-1,-1,-1,-1,-1,-1,1,1,1,1,-1,-1,1,1,1,1,1,1,1,-1,1,-1,-1|./seeds/seed_001.txt
13,17,5,19,18,3,4,22,21,2,20,14,12,11,6,0,16,10,15,8,7,9,1|1,1,-1,1,1,-1,-1,1,1,-1,1,1,1,1,-1,-1,1,1,1,1,-1,1,-1|./seeds/seed_005.txt
13,17,5,3,4,18,19,22,21,2,20,14,12,11,6,0,10,16,15,8,9,1,7|1,1,-1,-1,-1,1,1,1,1,-1,1,1,1,1,-1,-1,1,1,1,1,1,-1,-1|./seeds/seed_006.txt
17,20,18,19,21,22,16,15,9,7,14,10,8,0,1,2,13,11,4,3,6,12,5|-1,-1,-1,-1,-1,-1,-1,-1,1,1,-1,1,1,1,1,1,-1,1,1,1,1,1,1|./seeds/seed_009.txt
17,20,18,19,21,22,16,15,9,7,14,10,8,0,1,13,2,6,4,11,3,5,12|-1,-1,-1,-1,-1,-1,-1,-1,1,1,-1,1,1,1,1,-1,1,1,1,1,1,1,1|./seeds/seed_004.txt
17,18,20,19,22,21,15,16,10,13,6,0,1,9,2,12,7,5,4,11,14,3,8|-1,-1,-1,-1,-1,-1,-1,-1,1,-1,-1,-1,-1,1,-1,-1,1,-1,-1,-1,-1,-1,-1|./seeds/seed_000.txt
17,18,20,19,22,21,15,16,13,10,6,0,1,12,11,9,5,2,14,4,7,8,3|-1,-1,-1,-1,-1,-1,-1,-1,-1,1,-1,-1,-1,-1,-1,1,-1,-1,-1,-1,1,-1,-1|./seeds/seed_006.txt
10,9,12,11,7,6,14,21,5,22,8,17,1,16,18,20,2,0,19,15,13,3,4|1,1,1,1,1,1,1,1,1,1,1,1,1,1,1,1,-1,1,1,1,1,-1,-1|./seeds/seed_008.txt
10,12,9,11,7,14,6,5,8,21,22,1,17,18,2,16,3,15,13,19,4,20,0|1,1,1,1,1,1,1,1,1,1,1,1,1,1,-1,1,-1,1,1,1,-1,1,1|./seeds/seed_004.txt
17,18,21,22,20,19,10,9,16,11,7,12,15,2,5,3,8,4,1,6,0,13,14|-1,-1,-1,-1,-1,-1,1,1,-1,1,1,1,-1,1,1,1,1,1,1,1,1,-1,1|./seeds/seed_010.txt
17,18,21,22,20,19,10,16,9,15,11,7,12,2,3,5,4,8,1,13,0,6,14|-1,-1,-1,-1,-1,-1,1,-1,1,-1,1,1,1,1,1,1,1,1,1,-1,1,1,-1|./seeds/seed_003.txt
17,18,21,22,20,19,10,9,16,11,7,15,12,2,3,5,4,8,1,13,0,6,14|-1,-1,-1,-1,-1,-1,1,1,-1,1,1,-1,1,1,1,1,1,1,1,-1,1,1,-1|./seeds/seed_001.txt
17,18,21,22,20,19,10,9,16,15,11,7,12,2,3,5,4,8,1,13,0,6,14|-1,-1,-1,-1,-1,-1,1,1,-1,-1,1,1,1,1,1,1,1,1,1,-1,1,1,-1|./seeds/seed_007.txt
21,22,13,17,18,1,2,11,12,0,3,20,19,4,9,6,5,10,16,8,14,15,7|1,1,-1,1,1,-1,-1,-1,-1,-1,-1,1,1,-1,-1,1,1,-1,1,-1,-1,1,-1|./seeds/seed_010.txt
21,22,13,17,18,1,2,12,11,0,20,3,9,19,4,10,6,8,5,14,16,7,15|1,1,-1,1,1,-1,-1,-1,-1,-1,1,-1,-1,1,-1,-1,1,-1,1,-1,1,-1,1|./seeds/seed_005.txt
12,11,13,9,8,1,0,20,7,19,6,17,18,10,22,14,21,2,3,4,5,16,15|-1,-1,-1,-1,-1,-1,-1,-1,-1,-1,-1,-1,-1,-1,-1,-1,-1,-1,-1,-1,-1,1,-1|./seeds/seed_004.txt
12,11,13,1,9,0,8,20,6,19,18,7,17,10,2,4,3,22,14,21,16,5,15|-1,-1,-1,-1,-1,-1,-1,-1,-1,-1,-1,-1,-1,-1,-1,-1,-1,-1,-1,-1,1,-1,1|./seeds/seed_010.txt
10,12,11,9,8,13,7,6,1,14,0,15,20,16,18,19,3,5,17,2,4,21,22|1,1,1,1,1,1,1,1,1,1,1,-1,-1,-1,-1,-1,-1,1,-1,-1,-1,1,1|./seeds/seed_011.txt
10,12,11,9,8,13,7,1,6,14,0,15,16,20,19,18,5,3,17,2,4,21,22|1,1,1,1,1,1,1,1,1,1,1,-1,-1,-1,-1,-1,1,-1,-1,-1,-1,1,1|./seeds/seed_007.txt
18,17,20,19,13,21,12,11,14,22,1,8,0,9,6,16,15,7,10,5,2,3,4|-1,-1,-1,-1,-1,-1,-1,-1,-1,-1,-1,-1,-1,-1,-1,-1,-1,-1,-1,-1,-1,-1,-1|./seeds/seed_008.txt
18,17,20,19,13,21,0,1,22,11,12,14,6,8,9,16,15,2,7,3,10,5,4|-1,-1,-1,-1,-1,-1,-1,-1,-1,-1,-1,-1,-1,-1,-1,-1,-1,-1,-1,-1,-1,-1,-1|./seeds/seed_000.txt
6,5,0,1,4,9,3,2,7,8,12,11,10,15,18,17,20,13,16,19,21,14,22|-1,-1,-1,-1,-1,-1,-1,-1,-1,-1,-1,-1,-1,-1,-1,-1,-1,-1,-1,-1,-1,-1,-1|./seeds/seed_001.txt
6,5,0,1,4,3,9,2,7,8,12,11,10,15,18,17,20,13,16,19,21,22,14|-1,-1,-1,-1,-1,-1,-1,-1,-1,-1,-1,-1,-1,-1,-1,-1,-1,-1,-1,-1,-1,-1,-1|./seeds/seed_006.txt
17,18,20,19,22,21,15,16,13,10,6,0,1,12,11,9,5,2,14,4,7,8,3|-1,-1,-1,-1,-1,-1,-1,-1,-1,1,-1,-1,-1,-1,-1,1,-1,-1,-1,-1,1,-1,-1|./seeds/seed_006.txt
17,18,20,19,22,21,15,16,13,10,6,0,12,1,11,5,9,14,8,2,4,7,3|-1,-1,-1,-1,-1,-1,-1,-1,-1,1,-1,-1,-1,-1,-1,-1,1,-1,-1,-1,-1,1,1|./seeds/seed_007.txt
17,18,21,20,22,19,16,15,2,1,0,9,4,3,8,10,7,11,12,14,6,5,13|1,1,1,1,1,1,1,1,-1,-1,-1,-1,-1,-1,-1,-1,-1,-1,-1,1,-1,-1,-1|./seeds/seed_007.txt
17,18,21,22,20,19,16,2,15,9,4,1,3,0,8,7,10,11,5,12,6,14,13|1,1,1,1,1,1,1,-1,1,-1,-1,-1,-1,-1,-1,-1,-1,-1,-1,-1,-1,1,-1|./seeds/seed_008.txt
12,11,13,9,1,8,0,20,6,19,17,7,18,10,22,14,21,2,4,3,5,16,15|-1,-1,-1,-1,-1,-1,-1,-1,-1,-1,-1,-1,-1,-1,-1,-1,-1,-1,-1,-1,-1,1,-1|./seeds/seed_003.txt
12,11,13,1,9,0,8,20,6,19,18,17,7,10,22,14,21,2,4,3,5,16,15|-1,-1,-1,-1,-1,-1,-1,-1,-1,-1,-1,-1,-1,-1,-1,-1,-1,-1,-1,-1,-1,1,-1|./seeds/seed_007.txt
17,18,20,21,19,22,16,15,14,2,3,4,1,0,9,5,8,7,10,6,11,12,13|1,1,1,1,1,1,1,1,1,-1,-1,-1,-1,-1,-1,-1,-1,-1,-1,-1,-1,-1,1|./seeds/seed_011.txt
17,18,20,19,21,22,16,15,2,14,3,4,9,0,1,5,8,7,10,6,11,12,13|1,1,1,1,1,1,1,1,-1,1,-1,-1,-1,-1,-1,-1,-1,-1,-1,-1,-1,-1,1|./seeds/seed_005.txt
11,12,1,13,0,9,2,8,10,4,6,7,3,14,5,19,20,15,16,18,17,22,21|-1,-1,-1,-1,-1,-1,-1,-1,-1,-1,-1,-1,-1,-1,-1,-1,-1,-1,-1,-1,-1,-1,-1|./seeds/seed_003.txt
11,12,1,13,0,2,9,8,6,4,10,7,14,3,5,20,15,19,18,16,17,22,21|-1,-1,-1,-1,-1,-1,-1,-1,-1,-1,-1,-1,-1,-1,-1,-1,-1,-1,-1,-1,-1,-1,-1|./seeds/seed_008.txt
17,20,18,19,21,22,16,15,9,7,14,10,8,0,1,2,13,11,4,3,6,12,5|-1,-1,-1,-1,-1,-1,-1,-1,1,1,-1,1,1,1,1,1,-1,1,1,1,1,1,1|./seeds/seed_003.txt
17,20,18,19,21,22,16,15,9,7,14,10,8,0,1,11,2,13,4,6,12,3,5|-1,-1,-1,-1,-1,-1,-1,-1,1,1,-1,1,1,1,1,1,1,-1,1,1,1,1,1|./seeds/seed_001.txt
13,5,21,22,18,17,6,12,20,11,14,19,1,7,16,10,15,4,9,0,2,3,8|1,-1,-1,-1,-1,-1,-1,1,-1,1,1,-1,1,-1,-1,1,-1,-1,1,1,1,-1,1|./seeds/seed_004.txt
13,5,21,22,18,17,6,20,12,11,19,14,1,7,16,15,10,4,9,0,2,3,8|1,-1,-1,-1,-1,-1,-1,-1,1,1,-1,1,1,-1,-1,-1,1,-1,1,1,1,-1,1|./seeds/seed_011.txt
18,17,21,20,22,19,16,15,10,1,11,12,9,0,8,13,2,7,4,14,3,6,5|-1,-1,-1,-1,-1,-1,-1,-1,1,1,1,1,1,1,1,1,1,1,1,-1,1,1,1|./seeds/seed_011.txt
18,17,21,20,22,19,16,15,10,1,12,11,9,0,8,13,2,7,4,14,6,3,5|-1,-1,-1,-1,-1,-1,-1,-1,1,1,1,1,1,1,1,1,1,1,1,-1,1,1,1|./seeds/seed_006.txt
9,7,11,8,10,12,6,1,0,5,4,13,2,3,14,19,20,15,16,18,17,22,21|1,1,1,1,1,1,1,1,1,1,1,1,1,1,1,1,1,1,1,1,1,-1,1|./seeds/seed_002.txt
9,7,8,11,10,12,6,1,5,0,13,4,2,3,14,19,20,15,16,18,17,22,21|1,1,1,1,1,1,1,1,1,1,1,1,1,1,1,1,1,1,1,1,1,-1,-1|./seeds/seed_010.txt
12,11,13,9,20,19,18,17,8,10,7,1,14,21,22,0,6,3,5,4,16,15,2|1,1,1,1,1,1,1,1,1,1,1,1,1,1,1,1,1,-1,-1,-1,1,1,-1|./seeds/seed_002.txt
12,11,13,9,8,19,20,18,17,10,7,1,14,21,22,0,5,3,4,16,2,15,6|1,1,1,1,1,1,1,1,1,1,1,1,1,1,1,1,-1,-1,-1,1,-1,1,1|./seeds/seed_010.txt
13,17,5,3,4,18,19,22,21,2,20,14,12,11,6,0,10,16,15,8,9,1,7|1,1,-1,-1,-1,1,1,1,1,-1,1,1,1,1,-1,-1,1,1,1,1,1,-1,-1|./seeds/seed_001.txt
13,17,5,18,19,3,4,22,21,2,20,14,12,11,6,0,16,10,15,8,9,1,7|1,1,-1,1,1,-1,-1,1,1,-1,1,1,1,1,-1,-1,1,1,1,1,1,-1,-1|./seeds/seed_003.txt
18,17,20,19,21,22,16,15,10,9,11,12,8,7,13,14,1,2,0,6,4,3,5|-1,-1,-1,-1,-1,-1,-1,-1,1,1,1,1,1,1,1,-1,1,1,1,1,1,1,-1|./seeds/seed_004.txt
18,17,20,19,21,22,16,15,10,9,11,12,8,7,13,14,1,2,0,5,4,3,6|-1,-1,-1,-1,-1,-1,-1,-1,1,1,1,1,1,1,1,-1,1,1,1,-1,1,1,1|./seeds/seed_003.txt
12,11,9,13,8,20,19,10,18,7,17,14,1,21,22,0,4,3,6,5,2,16,15|-1,-1,-1,-1,-1,-1,-1,-1,-1,-1,-1,-1,-1,-1,-1,-1,1,1,-1,1,1,-1,-1|./seeds/seed_010.txt
12,11,9,13,20,19,8,18,17,10,7,14,1,21,22,0,4,6,3,15,5,2,16|-1,-1,-1,-1,-1,-1,-1,-1,-1,-1,-1,-1,-1,-1,-1,-1,1,-1,1,-1,1,1,-1|./seeds/seed_011.txt
12,11,10,9,8,13,7,14,6,5,1,19,15,20,16,4,18,17,2,0,3,21,22|1,1,1,1,1,1,1,1,1,1,1,1,1,1,1,1,1,1,1,1,1,1,1|./seeds/seed_007.txt
12,11,10,9,8,13,7,14,6,1,5,19,4,15,2,0,20,16,18,17,3,21,22|1,1,1,1,1,1,1,1,1,1,1,1,1,1,1,1,1,1,1,1,1,1,1|./seeds/seed_004.txt
6,5,4,0,2,3,1,9,7,10,15,8,14,11,16,12,18,19,17,20,21,22,13|-1,-1,-1,-1,-1,-1,-1,-1,-1,-1,-1,-1,-1,-1,-1,-1,-1,-1,-1,-1,-1,-1,-1|./seeds/seed_002.txt
6,5,4,0,2,3,1,9,7,10,8,15,11,12,16,14,18,19,20,17,21,22,13|-1,-1,-1,-1,-1,-1,-1,-1,-1,-1,-1,-1,-1,-1,-1,-1,-1,-1,-1,-1,-1,-1,-1|./seeds/seed_004.txt
10,11,12,9,1,8,13,6,0,7,20,17,19,2,15,18,5,16,4,22,21,3,14|1,1,1,1,1,1,1,1,1,1,-1,-1,-1,1,-1,-1,1,-1,1,-1,-1,1,1|./seeds/seed_009.txt
10,11,12,9,13,1,8,6,0,7,20,17,19,15,2,18,5,16,4,22,21,3,14|1,1,1,1,1,1,1,1,1,1,-1,-1,-1,-1,1,-1,1,-1,1,-1,-1,1,1|./seeds/seed_002.txt
12,11,13,9,19,20,18,8,17,10,7,1,14,21,22,0,3,5,4,2,16,15,6|1,1,1,1,1,1,1,1,1,1,1,1,1,1,1,1,-1,-1,-1,-1,1,1,1|./seeds/seed_003.txt
12,11,13,9,8,19,18,20,17,10,7,1,14,21,22,0,3,5,4,2,16,15,6|1,1,1,1,1,1,1,1,1,1,1,1,1,1,1,1,-1,-1,-1,-1,1,1,1|./seeds/seed_006.txt
11,12,1,13,0,9,2,8,10,4,6,7,3,14,5,19,20,15,16,18,17,22,21|-1,-1,-1,-1,-1,-1,-1,-1,-1,-1,-1,-1,-1,-1,-1,-1,-1,-1,-1,-1,-1,-1,-1|./seeds/seed_011.txt
11,12,1,13,0,9,8,2,10,6,4,7,3,14,5,20,19,15,18,16,17,22,21|-1,-1,-1,-1,-1,-1,-1,-1,-1,-1,-1,-1,-1,-1,-1,-1,-1,-1,-1,-1,-1,-1,-1|./seeds/seed_002.txt
5,13,6,4,3,2,0,14,7,1,8,12,11,19,21,22,16,20,15,10,18,9,17|-1,1,-1,-1,-1,-1,-1,1,-1,-1,-1,1,1,1,-1,-1,-1,1,-1,-1,-1,1,-1|./seeds/seed_004.txt
5,13,6,4,3,2,0,14,7,1,8,12,11,19,21,22,16,20,15,10,18,9,17|-1,1,-1,-1,-1,-1,-1,1,-1,-1,-1,1,1,1,-1,-1,-1,1,-1,-1,-1,1,-1|./seeds/seed_009.txt
21,18,16,15,17,22,14,20,19,9,11,12,8,6,5,13,7,10,1,4,0,3,2|1,1,1,1,1,1,1,1,1,-1,-1,-1,-1,1,1,-1,-1,-1,-1,1,1,1,-1|./seeds/seed_008.txt
16,15,21,17,18,22,14,20,19,9,12,11,8,13,5,6,7,10,1,4,3,2,0|1,1,1,1,1,1,1,1,1,-1,-1,-1,-1,-1,1,1,-1,-1,-1,1,1,-1,-1|./seeds/seed_009.txt
18,17,21,22,20,19,16,13,15,1,10,11,12,9,5,8,0,2,7,4,6,14,3|-1,-1,-1,-1,-1,-1,-1,1,-1,1,1,1,1,1,-1,1,1,1,1,1,-1,-1,1|./seeds/seed_008.txt
17,18,20,21,22,19,16,13,15,1,10,11,12,9,8,0,5,2,7,14,4,3,6|-1,-1,-1,-1,-1,-1,-1,1,-1,1,1,1,1,1,1,1,-1,1,1,-1,1,1,-1|./seeds/seed_009.txt
6,5,4,2,0,1,3,7,8,9,15,14,10,16,12,18,20,11,19,17,21,22,13|-1,-1,-1,-1,-1,-1,-1,-1,-1,-1,-1,-1,-1,-1,-1,-1,-1,-1,-1,-1,-1,-1,1|./seeds/seed_010.txt
6,5,4,0,2,1,3,7,8,9,14,15,10,16,12,18,20,11,19,17,21,22,13|-1,-1,-1,-1,-1,-1,-1,-1,-1,-1,-1,-1,-1,-1,-1,-1,-1,-1,-1,-1,-1,-1,1|./seeds/seed_011.txt
13,18,17,21,22,5,12,20,11,19,6,1,10,16,15,9,8,14,2,0,7,4,3|1,-1,-1,-1,-1,-1,1,-1,1,-1,-1,1,1,-1,-1,1,1,1,1,1,-1,-1,1|./seeds/seed_005.txt
13,18,17,21,22,20,5,12,11,19,6,1,16,10,15,9,8,2,14,0,7,4,3|1,-1,-1,-1,-1,-1,-1,1,1,-1,-1,1,-1,1,-1,1,1,1,1,1,-1,-1,-1|./seeds/seed_009.txt
5,21,13,16,17,18,15,22,20,1,19,12,11,9,6,0,8,14,4,10,3,2,7|1,1,-1,1,1,1,1,1,1,-1,1,-1,-1,-1,1,-1,-1,1,1,-1,1,-1,-1|./seeds/seed_010.txt
5,21,13,16,17,18,15,22,20,1,19,12,11,9,6,0,8,14,4,10,3,7,2|1,1,-1,1,1,1,1,1,1,-1,1,-1,-1,-1,1,-1,-1,1,1,-1,1,-1,-1|./seeds/seed_003.txt
9,7,8,11,10,12,6,1,5,0,13,4,2,3,14,19,15,16,20,18,17,22,21|1,1,1,1,1,1,1,1,1,1,1,1,1,1,1,1,1,1,1,1,1,-1,-1|./seeds/seed_000.txt
9,7,11,8,10,6,12,1,0,5,4,2,3,13,14,20,19,15,16,18,17,21,22|1,1,1,1,1,1,1,1,1,1,1,1,1,1,1,1,1,1,1,1,1,1,1|./seeds/seed_008.txt
13,17,5,18,19,3,4,22,21,2,20,14,12,11,6,0,16,10,15,8,9,1,7|1,1,-1,1,1,-1,-1,1,1,-1,1,1,1,1,-1,-1,1,1,1,1,1,-1,-1|./seeds/seed_004.txt
13,17,5,3,18,19,4,22,21,2,20,14,12,11,6,0,16,10,15,8,9,1,7|1,1,-1,-1,1,1,-1,1,1,-1,1,1,1,1,-1,-1,1,1,1,1,1,-1,-1|./seeds/seed_007.txt
17,18,20,19,21,22,16,15,10,9,11,12,7,14,8,1,2,5,6,13,0,4,3|-1,-1,-1,-1,-1,-1,-1,-1,1,1,1,1,1,-1,1,1,1,1,1,-1,1,1,1|./seeds/seed_005.txt
17,18,20,19,21,22,16,15,10,9,11,12,7,14,8,1,5,6,2,13,0,4,3|-1,-1,-1,-1,-1,-1,-1,-1,1,1,1,1,1,-1,1,1,1,1,1,-1,1,1,1|./seeds/seed_001.txt
1,0,9,6,8,12,10,11,7,2,5,13,4,19,3,17,20,16,18,15,21,22,14|-1,-1,-1,-1,-1,-1,-1,-1,-1,-1,-1,-1,-1,1,-1,1,1,1,1,1,1,1,1|./seeds/seed_000.txt
9,1,8,6,0,12,10,11,7,2,5,13,4,3,19,20,17,16,18,15,21,22,14|-1,-1,-1,-1,-1,-1,-1,-1,-1,-1,-1,-1,-1,-1,1,1,1,1,1,1,1,1,-1|./seeds/seed_008.txt
21,22,17,18,1,9,2,0,11,4,20,19,8,3,10,12,16,7,6,15,13,5,14|1,1,1,1,-1,-1,-1,-1,-1,-1,1,1,-1,-1,-1,-1,1,-1,-1,1,-1,-1,1|./seeds/seed_007.txt
21,22,17,18,1,9,2,0,11,10,8,20,4,3,19,12,7,16,6,13,15,5,14|1,1,1,1,-1,-1,-1,-1,-1,-1,-1,1,-1,-1,1,-1,-1,1,-1,-1,1,-1,1|./seeds/seed_009.txt
17,18,20,21,22,19,10,9,16,12,11,15,7,8,1,6,2,0,13,14,5,4,3|-1,-1,-1,-1,-1,-1,1,1,-1,1,1,-1,1,1,1,1,1,1,1,1,-1,1,-1|./seeds/seed_004.txt
17,18,20,21,22,19,10,16,9,11,15,12,7,1,8,2,5,13,3,0,4,6,14|-1,-1,-1,-1,-1,-1,1,-1,1,1,-1,1,1,1,1,1,-1,1,-1,1,-1,1,1|./seeds/seed_008.txt
21,22,17,1,18,9,2,0,11,4,10,8,3,20,12,19,7,6,16,13,15,5,14|1,1,1,-1,1,-1,-1,-1,-1,-1,-1,-1,-1,1,-1,1,-1,-1,1,-1,1,-1,1|./seeds/seed_010.txt
21,22,17,18,1,9,2,0,11,10,8,20,4,3,19,12,7,16,6,13,15,5,14|1,1,1,1,-1,-1,-1,-1,-1,-1,-1,1,-1,-1,1,-1,-1,1,-1,-1,1,-1,1|./seeds/seed_009.txt
13,18,17,21,22,5,12,20,11,19,6,1,10,16,15,9,8,14,2,0,7,4,3|1,-1,-1,-1,-1,-1,1,-1,1,-1,-1,1,1,-1,-1,1,1,1,1,1,-1,-1,1|./seeds/seed_005.txt
13,18,17,21,22,20,5,12,11,19,6,1,16,10,15,9,8,2,0,14,7,4,3|1,-1,-1,-1,-1,-1,-1,1,1,-1,-1,1,-1,1,-1,1,1,1,1,1,-1,-1,-1|./seeds/seed_011.txt
10,20,9,19,7,11,6,17,12,18,15,5,16,8,2,3,13,4,14,0,21,22,1|1,-1,1,-1,1,1,1,-1,1,-1,-1,1,-1,1,-1,-1,-1,-1,-1,-1,1,1,-1|./seeds/seed_001.txt
20,10,19,9,6,7,17,11,18,15,12,5,16,8,13,2,3,14,4,21,22,1,0|-1,1,-1,1,1,1,-1,1,-1,-1,1,1,-1,1,-1,-1,-1,-1,-1,1,1,1,-1|./seeds/seed_005.txt
10,20,19,9,7,11,6,17,12,18,15,5,16,8,2,3,13,4,14,21,22,0,1|1,-1,-1,1,1,1,1,-1,1,-1,-1,1,-1,1,-1,-1,-1,-1,-1,1,1,-1,-1|./seeds/seed_011.txt
20,10,19,9,6,7,17,11,18,12,15,5,16,8,2,13,3,14,4,21,22,0,1|-1,1,-1,1,1,1,-1,1,-1,1,-1,1,-1,1,-1,-1,-1,-1,-1,1,1,-1,1|./seeds/seed_009.txt
5,6,4,3,17,15,16,18,14,20,2,13,0,19,7,1,21,22,8,9,10,11,12|-1,-1,-1,-1,-1,-1,-1,-1,-1,-1,-1,1,-1,-1,-1,-1,-1,-1,-1,-1,-1,-1,-1|./seeds/seed_009.txt
5,6,4,3,15,17,16,18,14,20,2,13,0,19,7,1,21,22,8,9,10,11,12|-1,-1,-1,-1,-1,-1,-1,-1,-1,-1,-1,1,-1,-1,-1,-1,-1,-1,-1,-1,-1,-1,-1|./seeds/seed_002.txt
11,12,1,13,0,2,9,8,4,6,10,3,7,14,5,20,19,15,18,16,17,22,21|-1,-1,-1,-1,-1,-1,-1,-1,-1,-1,-1,-1,-1,-1,-1,-1,-1,-1,-1,-1,-1,-1,-1|./seeds/seed_006.txt
11,12,1,13,0,9,2,8,10,4,6,7,3,14,5,19,20,15,16,18,17,22,21|-1,-1,-1,-1,-1,-1,-1,-1,-1,-1,-1,-1,-1,-1,-1,-1,-1,-1,-1,-1,-1,-1,-1|./seeds/seed_003.txt
18,19,20,17,12,21,14,9,11,22,7,15,16,10,8,2,13,1,4,3,5,6,0|1,1,1,1,1,1,1,1,1,1,1,1,1,1,1,-1,1,1,-1,-1,-1,1,-1|./seeds/seed_000.txt
19,18,20,17,12,14,21,9,11,7,22,15,16,10,8,2,13,1,4,3,5,0,6|1,1,1,1,1,1,1,1,1,1,1,1,1,1,1,-1,1,1,-1,-1,-1,-1,1|./seeds/seed_010.txt
9,7,12,10,8,11,6,0,1,5,13,2,14,3,4,15,16,20,18,19,17,21,22|-1,-1,-1,-1,-1,-1,-1,-1,-1,-1,-1,-1,-1,-1,-1,-1,-1,-1,-1,-1,-1,-1,-1|./seeds/seed_008.txt
9,12,10,7,8,11,6,1,0,13,5,2,3,4,14,16,15,19,18,20,17,21,22|-1,-1,-1,-1,-1,-1,-1,-1,-1,-1,-1,-1,-1,-1,-1,-1,-1,-1,-1,-1,-1,-1,-1|./seeds/seed_002.txt
6,15,9,16,1,0,8,7,10,12,11,20,14,19,17,18,13,22,5,21,2,4,3|-1,1,-1,1,-1,-1,-1,-1,-1,-1,-1,1,1,1,1,1,-1,1,-1,1,-1,-1,-1|./seeds/seed_010.txt
9,6,15,16,8,1,0,7,10,12,11,20,14,19,13,18,17,22,5,21,2,4,3|-1,-1,1,1,-1,-1,-1,-1,-1,-1,-1,1,1,1,-1,1,1,1,-1,1,-1,-1,-1|./seeds/seed_005.txt
10,20,9,19,7,11,6,12,17,18,5,15,8,16,2,3,4,13,21,0,22,14,1|1,-1,1,-1,1,1,1,1,-1,-1,1,-1,1,-1,-1,-1,-1,-1,1,-1,1,-1,-1|./seeds/seed_006.txt
20,10,19,9,6,7,17,11,18,12,15,5,16,8,2,13,3,14,4,21,22,0,1|-1,1,-1,1,1,1,-1,1,-1,1,-1,1,-1,1,-1,-1,-1,-1,-1,1,1,-1,1|./seeds/seed_009.txt
6,5,4,0,2,3,1,9,7,10,8,15,11,12,16,14,18,19,20,17,21,22,13|-1,-1,-1,-1,-1,-1,-1,-1,-1,-1,-1,-1,-1,-1,-1,-1,-1,-1,-1,-1,-1,-1,-1|./seeds/seed_004.txt
6,5,4,0,2,3,1,7,9,10,15,8,14,16,11,12,18,19,17,20,21,22,13|-1,-1,-1,-1,-1,-1,-1,-1,-1,-1,-1,-1,-1,-1,-1,-1,-1,-1,-1,-1,-1,-1,1|./seeds/seed_003.txt
9,7,11,8,10,6,12,1,0,5,4,2,3,13,14,20,19,15,16,18,17,21,22|1,1,1,1,1,1,1,1,1,1,1,1,1,1,1,1,1,1,1,1,1,1,1|./seeds/seed_008.txt
9,8,7,11,10,12,6,1,0,5,13,4,2,3,14,19,20,15,16,18,17,22,21|1,1,1,1,1,1,1,1,1,1,1,1,1,1,1,1,1,1,1,1,1,-1,1|./seeds/seed_003.txt
18,17,21,20,22,19,16,15,10,12,11,1,9,0,8,13,2,7,4,6,14,3,5|-1,-1,-1,-1,-1,-1,-1,-1,1,1,1,1,1,1,1,1,1,1,1,1,-1,1,1|./seeds/seed_001.txt
18,17,21,20,22,19,16,15,10,12,11,1,9,0,8,13,2,7,6,4,14,3,5|-1,-1,-1,-1,-1,-1,-1,-1,1,1,1,1,1,1,1,1,1,1,1,1,-1,1,1|./seeds/seed_010.txt
5,13,6,4,3,2,0,14,1,12,7,11,8,19,21,22,20,16,15,9,18,10,17|-1,1,-1,-1,-1,-1,-1,1,-1,1,-1,1,-1,1,-1,-1,1,-1,-1,1,-1,-1,-1|./seeds/seed_011.txt
5,13,6,4,3,2,0,14,7,1,8,12,11,19,21,22,16,20,15,10,18,9,17|-1,1,-1,-1,-1,-1,-1,1,-1,-1,-1,1,1,1,-1,-1,-1,1,-1,-1,-1,1,-1|./seeds/seed_004.txt
18,17,20,13,19,21,1,11,0,22,12,14,6,8,9,16,15,7,10,2,5,3,4|-1,-1,-1,-1,-1,-1,-1,-1,-1,-1,-1,-1,-1,-1,-1,-1,-1,-1,-1,-1,-1,-1,-1|./seeds/seed_006.txt
18,17,13,20,19,21,1,0,11,12,22,14,8,9,6,16,7,15,10,2,3,5,4|-1,-1,-1,-1,-1,-1,-1,-1,-1,-1,-1,-1,-1,-1,-1,-1,-1,-1,-1,-1,-1,-1,-1|./seeds/seed_010.txt
17,18,20,21,22,19,10,16,9,11,15,12,7,1,8,2,5,13,3,0,4,6,14|-1,-1,-1,-1,-1,-1,1,-1,1,1,-1,1,1,1,1,1,-1,1,-1,1,-1,1,1|./seeds/seed_008.txt
17,18,20,21,22,19,10,9,16,12,11,15,7,8,1,6,2,0,13,14,5,4,3|-1,-1,-1,-1,-1,-1,1,1,-1,1,1,-1,1,1,1,1,1,1,1,1,-1,1,-1|./seeds/seed_004.txt
11,12,1,13,0,9,8,2,10,6,4,7,3,14,5,20,19,15,18,16,17,22,21|-1,-1,-1,-1,-1,-1,-1,-1,-1,-1,-1,-1,-1,-1,-1,-1,-1,-1,-1,-1,-1,-1,-1|./seeds/seed_002.txt
11,12,1,13,0,2,9,8,10,4,6,7,3,14,5,20,15,19,18,16,17,22,21|-1,-1,-1,-1,-1,-1,-1,-1,-1,-1,-1,-1,-1,-1,-1,-1,-1,-1,-1,-1,-1,-1,-1|./seeds/seed_007.txt
1,9,13,8,0,7,10,6,12,11,2,20,4,3,19,14,5,15,16,18,17,21,22|-1,-1,-1,-1,-1,-1,-1,-1,-1,-1,-1,1,-1,-1,1,-1,-1,1,1,1,1,-1,1|./seeds/seed_008.txt
1,0,13,9,8,10,6,7,20,2,12,19,11,3,4,17,15,18,16,5,22,21,14|-1,-1,-1,-1,-1,-1,-1,-1,1,-1,-1,1,-1,-1,-1,1,1,1,1,-1,1,1,-1|./seeds/seed_010.txt
6,5,4,0,2,3,1,9,7,10,15,8,12,16,14,18,11,19,17,20,21,22,13|-1,-1,-1,-1,-1,-1,-1,-1,-1,-1,-1,-1,-1,-1,-1,-1,-1,-1,-1,-1,-1,-1,1|./seeds/seed_001.txt
6,5,4,0,2,3,1,9,7,10,15,8,16,14,11,12,18,19,17,20,21,22,13|-1,-1,-1,-1,-1,-1,-1,-1,-1,-1,-1,-1,-1,-1,-1,-1,-1,-1,-1,-1,-1,-1,1|./seeds/seed_009.txt
17,18,20,21,22,19,10,16,9,11,15,12,7,1,8,2,5,13,3,0,4,6,14|-1,-1,-1,-1,-1,-1,1,-1,1,1,-1,1,1,1,1,1,-1,1,-1,1,-1,1,1|./seeds/seed_008.txt
17,18,20,21,22,19,10,9,11,16,12,15,7,8,1,13,6,2,0,14,5,3,4|-1,-1,-1,-1,-1,-1,1,1,1,-1,1,-1,1,1,1,1,1,1,1,1,-1,-1,-1|./seeds/seed_007.txt
17,18,19,20,21,22,12,1,8,0,11,6,9,13,7,16,14,5,15,4,10,2,3|-1,-1,-1,-1,-1,-1,-1,-1,-1,-1,-1,-1,-1,-1,-1,-1,1,-1,-1,-1,-1,-1,-1|./seeds/seed_003.txt
17,18,19,20,12,21,8,22,11,1,0,9,13,6,7,14,16,5,15,10,4,2,3|-1,-1,-1,-1,-1,-1,-1,-1,-1,-1,-1,-1,-1,-1,-1,1,-1,-1,-1,-1,-1,-1,-1|./seeds/seed_005.txt
5,6,4,3,17,15,16,13,2,18,20,14,0,19,1,7,21,22,8,9,10,11,12|-1,-1,-1,-1,-1,-1,-1,1,-1,-1,-1,-1,-1,-1,-1,-1,-1,-1,-1,-1,-1,-1,1|./seeds/seed_011.txt
5,6,4,3,13,17,2,15,16,18,20,0,14,19,1,7,21,22,8,9,10,11,12|-1,-1,-1,-1,1,-1,-1,-1,-1,-1,-1,-1,-1,-1,-1,-1,-1,-1,-1,-1,-1,-1,1|./seeds/seed_001.txt
13,6,14,5,15,10,11,17,20,16,2,19,18,12,3,1,0,4,8,9,7,21,22|-1,-1,-1,-1,-1,-1,-1,-1,-1,-1,-1,-1,-1,-1,-1,-1,-1,-1,-1,-1,-1,-1,-1|./seeds/seed_010.txt
13,6,14,5,15,17,20,11,10,19,16,18,12,2,1,0,3,4,8,7,9,22,21|-1,-1,-1,-1,-1,-1,-1,-1,-1,-1,-1,-1,-1,-1,-1,-1,-1,-1,-1,-1,-1,-1,-1|./seeds/seed_011.txt
5,6,4,3,17,15,16,13,2,18,20,14,0,19,1,7,21,22,8,9,10,11,12|-1,-1,-1,-1,-1,-1,-1,1,-1,-1,-1,-1,-1,-1,-1,-1,-1,-1,-1,-1,-1,-1,1|./seeds/seed_011.txt
5,6,4,3,17,15,16,2,18,13,14,20,0,19,7,1,21,22,8,9,10,11,12|-1,-1,-1,-1,-1,-1,-1,-1,-1,1,-1,-1,-1,-1,-1,-1,-1,-1,-1,-1,-1,-1,-1|./seeds/seed_003.txt
5,13,6,4,3,2,0,14,1,12,11,7,8,21,19,22,16,15,20,18,9,10,17|-1,1,-1,-1,-1,-1,-1,1,-1,1,1,-1,-1,-1,1,-1,-1,-1,1,-1,1,-1,-1|./seeds/seed_000.txt
5,13,6,4,3,2,0,14,1,12,11,7,19,8,21,22,20,16,15,9,18,10,17|-1,1,-1,-1,-1,-1,-1,1,-1,1,1,-1,1,-1,-1,-1,1,-1,-1,1,-1,-1,-1|./seeds/seed_001.txt
13,18,17,21,22,20,5,12,11,19,6,1,16,10,15,9,8,0,14,2,4,7,3|1,-1,-1,-1,-1,-1,-1,1,1,-1,-1,1,-1,1,-1,1,1,1,1,1,-1,-1,-1|./seeds/seed_002.txt
13,18,21,22,17,20,5,12,11,19,6,1,16,10,15,9,8,14,2,0,7,4,3|1,-1,-1,-1,-1,-1,-1,1,1,-1,-1,1,-1,1,-1,1,1,1,1,1,-1,-1,-1|./seeds/seed_008.txt
12,11,1,13,0,2,9,8,10,4,6,3,7,14,5,20,19,15,18,16,17,22,21|-1,-1,-1,-1,-1,-1,-1,-1,-1,-1,-1,-1,-1,-1,-1,-1,-1,-1,-1,-1,-1,-1,-1|./seeds/seed_001.txt
11,12,1,0,13,2,4,9,6,8,3,10,7,14,5,15,20,19,16,18,17,22,21|-1,-1,-1,-1,-1,-1,-1,-1,-1,-1,-1,-1,-1,-1,-1,-1,-1,-1,-1,-1,-1,-1,-1|./seeds/seed_000.txt
10,20,9,19,7,11,6,17,12,18,15,5,16,8,2,3,13,4,14,0,21,22,1|1,-1,1,-1,1,1,1,-1,1,-1,-1,1,-1,1,-1,-1,-1,-1,-1,-1,1,1,-1|./seeds/seed_001.txt
10,20,9,19,7,11,12,6,17,18,5,15,8,16,2,3,13,4,14,0,21,22,1|1,-1,1,-1,1,1,1,1,-1,-1,1,-1,1,-1,-1,-1,-1,-1,-1,-1,1,1,-1|./seeds/seed_000.txt
21,5,13,17,18,16,22,15,20,1,19,12,11,9,6,8,0,10,4,3,14,7,2|1,1,-1,1,1,1,1,1,1,-1,1,-1,-1,-1,1,-1,-1,-1,1,1,1,-1,1|./seeds/seed_002.txt
5,21,13,16,17,18,15,22,20,1,19,12,11,9,6,0,8,14,10,4,3,7,2|1,1,-1,1,1,1,1,1,1,-1,1,-1,-1,-1,1,-1,-1,1,-1,1,1,-1,-1|./seeds/seed_001.txt
13,5,6,16,21,18,15,22,12,4,17,3,11,7,20,2,1,10,19,0,14,9,8|-1,1,1,1,1,1,1,1,-1,1,1,1,-1,1,1,1,-1,-1,1,1,-1,-1,-1|./seeds/seed_004.txt
13,5,6,16,18,21,15,22,17,12,4,3,11,20,7,2,1,10,19,0,9,8,14|-1,1,1,1,1,1,1,1,1,-1,1,1,-1,1,1,1,-1,-1,1,1,-1,-1,-1|./seeds/seed_002.txt
13,14,10,1,21,17,16,22,12,11,18,8,19,15,0,6,9,3,20,5,4,7,2|1,1,1,1,1,1,1,1,1,1,1,1,1,1,1,1,1,-1,1,-1,-1,-1,-1|./seeds/seed_011.txt
13,14,10,17,21,1,16,12,11,22,8,18,19,15,0,9,6,3,5,20,4,2,7|1,1,1,1,1,1,1,1,1,1,1,1,1,1,1,1,1,-1,-1,1,-1,-1,1|./seeds/seed_004.txt
17,18,20,21,19,22,16,15,14,2,3,4,0,1,9,5,8,7,6,10,11,12,13|1,1,1,1,1,1,1,1,1,-1,-1,-1,-1,-1,-1,-1,-1,-1,-1,-1,-1,-1,1|./seeds/seed_010.txt
17,18,20,21,19,22,16,15,2,14,4,3,1,0,9,5,8,7,6,10,11,12,13|1,1,1,1,1,1,1,1,-1,1,-1,-1,-1,-1,-1,-1,-1,-1,-1,-1,-1,-1,1|./seeds/seed_000.txt
13,5,21,22,18,17,6,12,20,11,14,19,1,7,16,10,15,9,4,0,2,3,8|1,-1,-1,-1,-1,-1,-1,1,-1,1,1,-1,1,-1,-1,1,-1,1,-1,1,1,-1,1|./seeds/seed_005.txt
13,5,21,22,18,17,6,20,11,12,19,14,7,1,16,15,10,2,0,4,3,9,8|1,-1,-1,-1,-1,-1,-1,-1,1,1,-1,1,-1,1,-1,-1,1,1,1,-1,-1,1,-1|./seeds/seed_000.txt
13,17,5,3,4,18,19,22,21,2,20,14,12,11,6,0,16,10,15,8,9,1,7|1,1,-1,-1,-1,1,1,1,1,-1,1,1,1,1,-1,-1,1,1,1,1,1,-1,-1|./seeds/seed_010.txt
13,17,5,18,3,19,4,22,21,2,20,14,12,11,6,0,16,10,15,8,9,1,7|1,1,-1,1,-1,1,-1,1,1,-1,1,1,1,1,-1,-1,1,1,1,1,1,-1,-1|./seeds/seed_011.txt
17,18,20,19,21,22,16,15,10,9,11,12,7,14,8,1,5,2,6,13,0,4,3|-1,-1,-1,-1,-1,-1,-1,-1,1,1,1,1,1,-1,1,1,1,1,1,-1,1,1,1|./seeds/seed_007.txt
17,18,20,19,21,22,16,15,10,9,11,12,7,14,8,1,5,6,2,13,0,4,3|-1,-1,-1,-1,-1,-1,-1,-1,1,1,1,1,1,-1,1,1,1,1,1,-1,1,1,1|./seeds/seed_001.txt
18,17,19,20,1,0,21,22,6,12,8,11,9,14,13,7,4,2,5,3,16,15,10|-1,-1,-1,-1,-1,-1,-1,-1,-1,-1,-1,-1,-1,1,-1,-1,-1,-1,-1,-1,-1,-1,-1|./seeds/seed_000.txt
18,17,19,20,21,22,12,8,1,6,11,9,0,13,16,7,15,5,10,4,2,3,14|-1,-1,-1,-1,-1,-1,-1,-1,-1,-1,-1,-1,-1,-1,-1,-1,-1,-1,-1,-1,-1,-1,1|./seeds/seed_008.txt
17,18,21,22,20,19,10,16,9,15,11,7,12,2,3,5,4,8,1,13,0,6,14|-1,-1,-1,-1,-1,-1,1,-1,1,-1,1,1,1,1,1,1,1,1,1,-1,1,1,-1|./seeds/seed_003.txt
17,18,21,22,20,19,10,9,16,11,7,12,15,2,5,3,8,4,1,6,0,13,14|-1,-1,-1,-1,-1,-1,1,1,-1,1,1,1,-1,1,1,1,1,1,1,1,1,-1,1|./seeds/seed_010.txt
9,12,7,8,10,11,6,1,0,13,5,2,3,14,4,16,15,19,20,18,17,21,22|-1,-1,-1,-1,-1,-1,-1,-1,-1,-1,-1,-1,-1,-1,-1,-1,-1,-1,-1,-1,-1,-1,-1|./seeds/seed_011.txt
9,7,12,8,10,11,6,1,13,0,5,2,3,14,4,16,15,20,18,19,17,22,21|-1,-1,-1,-1,-1,-1,-1,-1,-1,-1,-1,-1,-1,-1,-1,-1,-1,-1,-1,-1,-1,1,-1|./seeds/seed_006.txt
5,10,7,9,6,12,14,11,4,3,22,8,21,16,15,2,18,13,0,17,19,1,20|1,1,1,1,1,1,1,1,1,1,1,1,1,1,1,1,1,-1,1,1,-1,1,1|./seeds/seed_004.txt
5,10,7,9,6,12,11,14,8,4,3,22,16,21,15,2,18,17,13,0,19,20,1|1,1,1,1,1,1,1,1,1,1,1,1,1,1,1,1,1,1,-1,1,-1,1,1|./seeds/seed_001.txt
1,0,13,9,8,10,6,7,20,2,12,19,11,4,3,17,15,16,18,5,22,21,14|-1,-1,-1,-1,-1,-1,-1,-1,1,-1,-1,1,-1,-1,-1,1,1,1,1,-1,1,1,-1|./seeds/seed_006.txt
1,9,13,8,0,10,7,12,6,11,20,2,19,17,4,3,18,15,16,5,22,14,21|-1,-1,-1,-1,-1,-1,-1,-1,-1,-1,1,-1,1,1,-1,-1,1,1,1,-1,1,-1,1|./seeds/seed_002.txt
13,5,6,16,21,18,15,22,17,12,4,3,11,20,7,2,1,10,19,0,14,9,8|-1,1,1,1,1,1,1,1,1,-1,1,1,-1,1,1,1,-1,-1,1,1,-1,-1,-1|./seeds/seed_003.txt
13,5,6,16,21,18,22,15,17,12,4,3,11,20,7,2,1,19,10,0,14,8,9|-1,1,1,1,1,1,1,1,1,-1,1,1,-1,1,1,1,-1,1,-1,1,-1,1,-1|./seeds/seed_007.txt
9,12,10,7,8,11,6,1,0,13,5,2,3,4,14,16,15,19,18,20,17,21,22|-1,-1,-1,-1,-1,-1,-1,-1,-1,-1,-1,-1,-1,-1,-1,-1,-1,-1,-1,-1,-1,-1,-1|./seeds/seed_002.txt
12,9,10,7,11,8,6,1,0,5,13,2,3,4,14,16,15,19,18,20,17,22,21|-1,-1,-1,-1,-1,-1,-1,-1,-1,-1,-1,-1,-1,-1,-1,-1,-1,-1,-1,-1,-1,1,1|./seeds/seed_005.txt
18,17,20,19,21,22,16,15,10,9,11,12,8,7,13,14,1,2,0,6,5,4,3|-1,-1,-1,-1,-1,-1,-1,-1,1,1,1,1,1,1,1,-1,1,1,1,1,-1,1,1|./seeds/seed_000.txt
18,17,20,19,21,22,16,15,10,9,11,12,8,7,13,14,1,2,0,5,4,3,6|-1,-1,-1,-1,-1,-1,-1,-1,1,1,1,1,1,1,1,-1,1,1,1,-1,1,1,1|./seeds/seed_003.txt
13,5,6,16,22,15,21,18,12,4,17,3,11,20,7,1,2,19,10,9,8,14,0|1,-1,-1,-1,-1,-1,-1,-1,1,-1,-1,-1,1,-1,-1,1,-1,-1,1,1,1,1,-1|./seeds/seed_002.txt
13,5,6,16,22,15,21,18,12,17,4,3,11,7,1,20,2,19,10,14,9,0,8|1,-1,-1,-1,-1,-1,-1,-1,1,-1,-1,-1,1,-1,1,-1,-1,-1,1,1,1,1,1|./seeds/seed_011.txt
12,11,13,9,19,20,18,17,8,10,7,1,14,21,22,0,5,3,4,6,15,16,2|1,1,1,1,1,1,1,1,1,1,1,1,1,1,1,1,-1,-1,-1,1,1,1,-1|./seeds/seed_004.txt
12,11,13,9,19,20,18,17,8,10,7,1,14,21,22,0,3,5,4,6,16,15,2|1,1,1,1,1,1,1,1,1,1,1,1,1,1,1,1,-1,-1,-1,1,1,1,-1|./seeds/seed_009.txt
18,19,20,17,21,14,12,9,11,22,7,15,16,10,8,2,13,1,4,3,5,6,0|1,1,1,1,1,1,1,1,1,1,1,1,1,1,1,-1,1,1,-1,-1,-1,1,-1|./seeds/seed_006.txt
18,19,20,17,21,14,12,11,9,22,7,15,16,10,2,8,13,1,4,3,5,6,0|1,1,1,1,1,1,1,1,1,1,1,1,1,1,-1,1,1,1,-1,-1,-1,1,-1|./seeds/seed_007.txt
1,13,9,8,0,7,10,6,12,20,2,11,19,17,3,15,4,18,16,5,22,21,14|-1,-1,-1,-1,-1,-1,-1,-1,-1,1,-1,-1,1,1,-1,1,-1,1,1,-1,1,1,-1|./seeds/seed_003.txt
1,0,13,9,8,10,7,6,20,2,12,19,11,4,17,3,15,18,16,5,22,21,14|-1,-1,-1,-1,-1,-1,-1,-1,1,-1,-1,1,-1,-1,1,-1,1,1,1,-1,1,1,-1|./seeds/seed_001.txt
17,18,21,20,19,22,9,16,15,7,3,10,2,4,5,1,0,8,11,14,13,6,12|-1,-1,-1,-1,-1,-1,1,-1,-1,1,1,1,1,1,1,1,1,1,1,-1,-1,1,1|./seeds/seed_004.txt
17,18,21,20,22,19,9,16,7,15,10,3,2,4,5,1,8,11,0,14,12,6,13|-1,-1,-1,-1,-1,-1,1,-1,1,-1,1,1,1,1,1,1,1,1,1,-1,1,1,-1|./seeds/seed_001.txt
20,10,19,9,6,7,17,11,18,15,12,5,16,8,13,2,3,14,4,21,22,1,0|-1,1,-1,1,1,1,-1,1,-1,-1,1,1,-1,1,-1,-1,-1,-1,-1,1,1,1,-1|./seeds/seed_005.txt
10,20,9,19,7,11,6,12,17,18,5,15,8,16,2,3,4,13,21,0,22,14,1|1,-1,1,-1,1,1,1,1,-1,-1,1,-1,1,-1,-1,-1,-1,-1,1,-1,1,-1,-1|./seeds/seed_006.txt
5,10,7,9,12,6,11,14,8,4,16,22,3,21,15,2,18,17,0,13,19,20,1|1,1,1,1,1,1,1,1,1,1,1,1,1,1,1,1,1,1,1,-1,-1,1,1|./seeds/seed_000.txt
5,10,7,9,6,12,11,14,8,4,3,22,21,16,15,2,18,17,13,0,19,20,1|1,1,1,1,1,1,1,1,1,1,1,1,1,1,1,1,1,1,-1,1,-1,1,1|./seeds/seed_007.txt
13,5,17,20,6,15,16,18,4,19,21,3,22,2,0,12,11,7,10,14,1,9,8|1,-1,-1,-1,-1,-1,-1,-1,-1,-1,-1,-1,-1,-1,-1,1,1,-1,1,-1,-1,1,1|./seeds/seed_006.txt
13,5,17,20,6,15,16,18,19,4,21,22,3,2,0,12,7,11,10,14,1,9,8|1,-1,-1,-1,-1,-1,-1,-1,-1,-1,-1,-1,-1,-1,-1,1,-1,1,1,-1,-1,1,1|./seeds/seed_001.txt
13,6,14,5,15,20,17,11,10,16,19,18,12,2,1,3,0,8,4,9,7,21,22|-1,-1,-1,-1,-1,-1,-1,-1,-1,-1,-1,-1,-1,-1,-1,-1,-1,-1,-1,-1,-1,-1,-1|./seeds/seed_003.txt
13,6,14,11,5,10,15,20,12,17,19,16,18,2,1,0,3,8,4,7,9,21,22|-1,-1,-1,-1,-1,-1,-1,-1,-1,-1,-1,-1,-1,-1,-1,-1,-1,-1,-1,-1,-1,-1,-1|./seeds/seed_005.txt
13,14,10,21,16,1,22,18,17,15,11,12,6,19,0,20,8,9,5,3,7,2,4|-1,-1,-1,-1,-1,-1,-1,-1,-1,-1,-1,-1,-1,-1,-1,-1,-1,-1,1,1,1,1,1|./seeds/seed_011.txt
13,14,10,16,21,18,22,17,15,6,19,1,12,11,20,0,8,9,3,2,7,5,4|-1,-1,-1,-1,-1,-1,-1,-1,-1,-1,-1,-1,-1,-1,-1,-1,-1,-1,1,1,-1,-1,1|./seeds/seed_008.txt
12,11,10,9,8,13,7,14,6,5,1,19,15,20,16,4,18,17,2,0,3,21,22|1,1,1,1,1,1,1,1,1,1,1,1,1,1,1,1,1,1,1,1,1,1,1|./seeds/seed_007.txt
12,11,10,9,8,13,6,7,14,5,1,19,4,15,20,0,2,17,16,18,3,21,22|1,1,1,1,1,1,1,1,1,1,1,1,1,1,1,1,1,1,1,1,1,1,1|./seeds/seed_008.txt
17,18,21,22,20,19,10,16,9,15,7,2,11,3,12,5,4,8,1,13,0,6,14|-1,-1,-1,-1,-1,-1,1,-1,1,-1,1,1,1,1,1,1,1,1,1,-1,1,1,-1|./seeds/seed_005.txt
17,18,21,22,20,19,10,16,9,15,11,7,12,2,3,5,4,8,1,13,0,6,14|-1,-1,-1,-1,-1,-1,1,-1,1,-1,1,1,1,1,1,1,1,1,1,-1,1,1,-1|./seeds/seed_003.txt
18,17,21,20,22,19,16,15,10,12,11,1,9,0,8,13,2,7,4,6,14,3,5|-1,-1,-1,-1,-1,-1,-1,-1,1,1,1,1,1,1,1,1,1,1,1,1,-1,1,1|./seeds/seed_001.txt
18,17,21,20,22,19,16,15,10,11,12,1,9,8,0,13,2,7,4,14,6,3,5|-1,-1,-1,-1,-1,-1,-1,-1,1,1,1,1,1,1,1,1,1,1,1,-1,1,1,1|./seeds/seed_003.txt
17,18,20,21,22,19,16,15,13,1,10,11,12,9,8,0,5,2,4,14,7,3,6|-1,-1,-1,-1,-1,-1,-1,-1,1,1,1,1,1,1,1,1,-1,1,1,-1,1,1,-1|./seeds/seed_001.txt
17,18,20,21,22,19,16,15,13,1,10,11,12,9,8,0,5,2,7,14,4,3,6|-1,-1,-1,-1,-1,-1,-1,-1,1,1,1,1,1,1,1,1,-1,1,1,-1,1,1,-1|./seeds/seed_003.txt
1,0,9,6,8,12,10,11,7,2,5,13,4,19,3,17,20,16,18,15,21,22,14|-1,-1,-1,-1,-1,-1,-1,-1,-1,-1,-1,-1,-1,1,-1,1,1,1,1,1,1,1,1|./seeds/seed_010.txt
9,1,8,0,6,12,10,11,7,2,13,5,4,3,19,17,20,16,18,15,21,22,14|-1,-1,-1,-1,-1,-1,-1,-1,-1,-1,-1,-1,-1,-1,1,1,1,1,1,1,1,1,1|./seeds/seed_002.txt
10,11,12,9,13,1,8,6,0,7,20,17,19,15,2,18,5,16,4,22,21,3,14|1,1,1,1,1,1,1,1,1,1,-1,-1,-1,-1,1,-1,1,-1,1,-1,-1,1,1|./seeds/seed_002.txt
10,11,12,9,1,6,0,13,8,20,7,17,19,2,15,18,16,5,4,22,21,3,14|1,1,1,1,1,1,1,1,1,-1,1,-1,-1,1,-1,-1,-1,1,1,-1,-1,1,1|./seeds/seed_010.txt
9,7,12,10,8,11,6,0,1,5,13,2,14,3,4,15,16,20,18,19,17,21,22|-1,-1,-1,-1,-1,-1,-1,-1,-1,-1,-1,-1,-1,-1,-1,-1,-1,-1,-1,-1,-1,-1,-1|./seeds/seed_008.txt
9,12,10,7,8,11,6,1,0,13,5,2,3,4,14,16,15,19,18,20,17,21,22|-1,-1,-1,-1,-1,-1,-1,-1,-1,-1,-1,-1,-1,-1,-1,-1,-1,-1,-1,-1,-1,-1,-1|./seeds/seed_002.txt
9,7,12,10,8,11,6,0,1,5,13,2,14,3,4,15,16,20,18,19,17,21,22|-1,-1,-1,-1,-1,-1,-1,-1,-1,-1,-1,-1,-1,-1,-1,-1,-1,-1,-1,-1,-1,-1,-1|./seeds/seed_008.txt
9,12,10,7,8,11,6,1,0,13,5,2,3,14,4,16,15,20,19,18,17,21,22|-1,-1,-1,-1,-1,-1,-1,-1,-1,-1,-1,-1,-1,-1,-1,-1,-1,-1,-1,-1,-1,-1,-1|./seeds/seed_007.txt
18,13,17,20,19,21,11,12,14,8,22,1,9,0,16,6,7,10,15,4,5,2,3|-1,-1,-1,-1,-1,-1,-1,-1,-1,-1,-1,-1,-1,-1,-1,-1,-1,-1,-1,1,-1,-1,-1|./seeds/seed_005.txt
18,13,17,20,19,21,11,12,14,22,8,1,9,0,6,16,7,15,10,2,5,4,3|-1,-1,-1,-1,-1,-1,-1,-1,-1,-1,-1,-1,-1,-1,-1,-1,-1,-1,-1,-1,-1,1,-1|./seeds/seed_004.txt
1,0,13,9,8,10,7,6,20,2,12,19,11,4,17,3,15,18,16,5,22,21,14|-1,-1,-1,-1,-1,-1,-1,-1,1,-1,-1,1,-1,-1,1,-1,1,1,1,-1,1,1,-1|./seeds/seed_001.txt
1,9,13,8,0,10,7,6,12,11,20,2,19,17,3,4,18,15,16,5,22,14,21|-1,-1,-1,-1,-1,-1,-1,-1,-1,-1,1,-1,1,1,-1,-1,1,1,1,-1,1,-1,1|./seeds/seed_009.txt
10,12,11,9,8,13,7,1,6,0,14,20,15,19,18,16,17,5,3,22,21,2,4|1,1,1,1,1,1,1,1,1,1,1,-1,-1,-1,-1,-1,-1,1,-1,-1,-1,-1,-1|./seeds/seed_000.txt
10,12,11,9,8,13,7,1,6,0,15,14,16,20,19,5,18,17,3,21,2,22,4|1,1,1,1,1,1,1,1,1,1,-1,1,-1,-1,-1,1,-1,-1,-1,1,-1,1,1|./seeds/seed_005.txt
5,6,4,3,15,16,17,2,14,13,18,20,0,7,19,1,21,22,8,10,9,11,12|-1,-1,-1,-1,-1,-1,-1,-1,-1,1,-1,-1,-1,-1,-1,-1,-1,-1,-1,-1,-1,-1,-1|./seeds/seed_005.txt
5,6,4,3,17,15,16,18,14,20,2,13,0,19,7,1,21,22,8,9,10,11,12|-1,-1,-1,-1,-1,-1,-1,-1,-1,-1,-1,1,-1,-1,-1,-1,-1,-1,-1,-1,-1,-1,-1|./seeds/seed_009.txt
17,20,18,19,21,22,16,15,9,7,14,10,8,0,1,2,13,11,4,3,6,12,5|-1,-1,-1,-1,-1,-1,-1,-1,1,1,-1,1,1,1,1,1,-1,1,1,1,1,1,1|./seeds/seed_009.txt
17,20,18,19,21,22,16,15,9,7,14,10,8,0,1,2,11,13,4,3,6,12,5|-1,-1,-1,-1,-1,-1,-1,-1,1,1,-1,1,1,1,1,1,1,-1,1,1,1,1,1|./seeds/seed_002.txt
11,6,10,12,1,9,8,5,0,7,2,13,4,3,14,15,20,16,17,19,18,21,22|-1,-1,-1,-1,-1,-1,-1,-1,-1,-1,-1,-1,-1,-1,-1,-1,-1,-1,-1,-1,-1,-1,-1|./seeds/seed_011.txt
11,10,6,12,1,9,8,7,5,0,2,13,4,3,14,15,20,16,19,17,18,21,22|-1,-1,-1,-1,-1,-1,-1,-1,-1,-1,-1,-1,-1,-1,-1,-1,-1,-1,-1,-1,-1,-1,-1|./seeds/seed_003.txt
21,22,17,18,1,9,2,0,11,10,8,20,4,3,19,12,7,16,6,13,15,5,14|1,1,1,1,-1,-1,-1,-1,-1,-1,-1,1,-1,-1,1,-1,-1,1,-1,-1,1,-1,1|./seeds/seed_009.txt
21,22,9,17,1,18,2,0,11,8,10,4,12,3,20,19,7,6,16,13,5,15,14|1,1,-1,1,-1,1,-1,-1,-1,-1,-1,-1,-1,-1,1,1,-1,-1,1,-1,-1,1,1|./seeds/seed_005.txt
13,18,17,21,22,20,5,12,11,19,6,1,16,10,15,9,8,14,0,2,7,4,3|1,-1,-1,-1,-1,-1,-1,1,1,-1,-1,1,-1,1,-1,1,1,1,1,1,-1,-1,-1|./seeds/seed_001.txt
13,18,17,21,22,20,5,12,11,19,6,1,16,10,15,9,8,2,0,14,7,4,3|1,-1,-1,-1,-1,-1,-1,1,1,-1,-1,1,-1,1,-1,1,1,1,1,1,-1,-1,-1|./seeds/seed_011.txt
17,18,20,21,22,19,10,16,9,11,15,12,7,1,8,2,5,13,3,0,4,6,14|-1,-1,-1,-1,-1,-1,1,-1,1,1,-1,1,1,1,1,1,-1,1,-1,1,-1,1,1|./seeds/seed_008.txt
17,18,20,21,22,19,10,9,16,11,12,15,7,8,1,13,2,6,0,5,14,3,4|-1,-1,-1,-1,-1,-1,1,1,-1,1,1,-1,1,1,1,1,1,1,1,-1,1,-1,-1|./seeds/seed_003.txt
18,19,20,17,21,14,12,9,11,22,15,7,16,10,2,8,13,1,4,3,5,6,0|1,1,1,1,1,1,1,1,1,1,1,1,1,1,-1,1,1,1,-1,-1,-1,1,-1|./seeds/seed_011.txt
19,18,20,17,21,12,14,11,9,22,7,15,16,10,2,1,8,13,4,3,5,6,0|1,1,1,1,1,1,1,1,1,1,1,1,1,1,-1,1,1,1,-1,-1,-1,1,1|./seeds/seed_005.txt
1,0,9,6,8,12,10,11,7,2,5,13,4,19,3,17,20,16,18,15,21,22,14|-1,-1,-1,-1,-1,-1,-1,-1,-1,-1,-1,-1,-1,1,-1,1,1,1,1,1,1,1,1|./seeds/seed_000.txt
1,0,9,6,8,12,10,11,7,2,5,13,4,19,3,17,20,16,18,15,21,22,14|-1,-1,-1,-1,-1,-1,-1,-1,-1,-1,-1,-1,-1,1,-1,1,1,1,1,1,1,1,1|./seeds/seed_001.txt
5,10,7,9,6,12,11,14,4,8,22,3,21,16,15,2,18,17,0,13,19,20,1|1,1,1,1,1,1,1,1,1,1,1,1,1,1,1,1,1,1,1,-1,-1,1,1|./seeds/seed_011.txt
5,10,7,9,6,12,11,14,8,4,22,21,16,3,15,18,2,17,13,0,20,19,1|1,1,1,1,1,1,1,1,1,1,1,1,1,1,1,1,1,1,-1,1,1,-1,-1|./seeds/seed_006.txt
17,18,20,21,22,19,16,15,13,1,10,11,12,9,0,8,5,2,4,7,14,3,6|-1,-1,-1,-1,-1,-1,-1,-1,1,1,1,1,1,1,1,1,-1,1,1,1,-1,1,1|./seeds/seed_000.txt
17,18,20,21,22,19,16,15,13,1,10,11,12,9,8,0,5,2,4,14,7,3,6|-1,-1,-1,-1,-1,-1,-1,-1,1,1,1,1,1,1,1,1,-1,1,1,-1,1,1,-1|./seeds/seed_007.txt
21,22,17,11,16,18,12,15,1,9,13,20,8,19,0,10,2,14,7,5,3,4,6|1,1,1,-1,1,1,-1,1,-1,-1,-1,1,-1,1,-1,-1,-1,1,-1,1,-1,-1,-1|./seeds/seed_004.txt
21,22,17,18,16,11,12,15,1,9,13,20,8,19,0,10,2,7,14,5,3,4,6|1,1,1,1,1,-1,-1,1,-1,-1,-1,1,-1,1,-1,-1,-1,-1,1,1,-1,-1,-1|./seeds/seed_002.txt
10,20,9,19,7,11,6,12,17,18,5,15,16,8,2,3,13,4,21,0,14,22,1|1,-1,1,-1,1,1,1,1,-1,-1,1,-1,-1,1,-1,-1,-1,-1,1,-1,-1,1,-1|./seeds/seed_007.txt
10,20,19,9,7,11,6,17,12,18,15,5,16,8,2,3,13,4,14,21,22,0,1|1,-1,-1,1,1,1,1,-1,1,-1,-1,1,-1,1,-1,-1,-1,-1,-1,1,1,-1,-1|./seeds/seed_011.txt
11,12,1,13,0,9,8,2,10,6,7,4,3,14,5,19,15,20,16,18,17,22,21|-1,-1,-1,-1,-1,-1,-1,-1,-1,-1,-1,-1,-1,-1,-1,-1,-1,-1,-1,-1,-1,-1,-1|./seeds/seed_005.txt
11,12,1,13,0,2,9,8,10,4,6,7,3,14,5,20,15,19,18,16,17,22,21|-1,-1,-1,-1,-1,-1,-1,-1,-1,-1,-1,-1,-1,-1,-1,-1,-1,-1,-1,-1,-1,-1,-1|./seeds/seed_007.txt
13,17,5,3,4,18,19,22,21,2,20,14,12,11,6,0,10,16,15,8,9,1,7|1,1,-1,-1,-1,1,1,1,1,-1,1,1,1,1,-1,-1,1,1,1,1,1,-1,-1|./seeds/seed_001.txt
13,17,5,3,18,19,4,22,21,2,20,14,12,11,6,0,16,10,15,8,9,1,7|1,1,-1,-1,1,1,-1,1,1,-1,1,1,1,1,-1,-1,1,1,1,1,1,-1,-1|./seeds/seed_007.txt
18,17,20,19,21,22,16,15,10,9,11,12,8,7,13,14,1,2,0,5,4,3,6|-1,-1,-1,-1,-1,-1,-1,-1,1,1,1,1,1,1,1,-1,1,1,1,-1,1,1,1|./seeds/seed_003.txt
18,17,20,19,21,22,16,15,10,9,11,12,8,7,13,14,1,2,0,6,4,3,5|-1,-1,-1,-1,-1,-1,-1,-1,1,1,1,1,1,1,1,-1,1,1,1,1,1,1,-1|./seeds/seed_004.txt
17,18,21,22,20,19,10,9,16,11,7,15,12,2,3,5,8,4,1,0,13,6,14|-1,-1,-1,-1,-1,-1,1,1,-1,1,1,-1,1,1,1,1,1,1,1,1,-1,1,-1|./seeds/seed_006.txt
17,18,21,22,20,19,10,9,11,7,16,12,15,2,5,3,8,4,1,6,0,14,13|-1,-1,-1,-1,-1,-1,1,1,1,1,-1,1,-1,1,1,1,1,1,1,1,1,1,-1|./seeds/seed_000.txt
17,16,18,15,21,22,20,19,1,11,12,9,14,0,13,5,8,10,7,4,3,2,6|1,1,1,1,1,1,1,1,-1,-1,-1,-1,1,-1,-1,1,-1,-1,-1,1,1,-1,-1|./seeds/seed_000.txt
17,16,15,18,21,22,20,19,1,12,11,9,14,13,5,0,8,10,7,4,3,2,6|1,1,1,1,1,1,1,1,-1,-1,-1,-1,1,-1,1,-1,-1,-1,-1,1,1,-1,-1|./seeds/seed_010.txt
10,11,12,9,1,6,0,13,8,20,7,17,19,2,15,18,16,5,4,22,21,3,14|1,1,1,1,1,1,1,1,1,-1,1,-1,-1,1,-1,-1,-1,1,1,-1,-1,1,1|./seeds/seed_010.txt
10,11,12,9,1,6,13,0,8,20,7,17,19,2,15,18,16,5,4,22,21,3,14|1,1,1,1,1,1,1,1,1,-1,1,-1,-1,1,-1,-1,-1,1,1,-1,-1,1,1|./seeds/seed_007.txt
21,22,17,18,1,9,2,0,11,4,20,19,8,3,10,12,16,7,6,15,13,5,14|1,1,1,1,-1,-1,-1,-1,-1,-1,1,1,-1,-1,-1,-1,1,-1,-1,1,-1,-1,1|./seeds/seed_007.txt
21,22,17,18,1,9,2,0,11,20,10,4,8,19,3,12,7,16,6,15,13,5,14|1,1,1,1,-1,-1,-1,-1,-1,1,-1,-1,-1,1,-1,-1,-1,1,-1,1,-1,-1,1|./seeds/seed_011.txt
13,5,17,15,20,16,6,18,19,4,22,21,3,2,0,7,12,14,11,10,1,9,8|1,-1,-1,-1,-1,-1,-1,-1,-1,-1,-1,-1,-1,-1,-1,-1,1,-1,1,1,-1,1,-1|./seeds/seed_005.txt
13,5,17,20,15,6,16,18,19,4,21,22,3,2,0,12,7,14,11,10,9,1,8|1,-1,-1,-1,-1,-1,-1,-1,-1,-1,-1,-1,-1,-1,-1,1,-1,-1,1,1,1,-1,1|./seeds/seed_011.txt
6,9,15,16,8,1,0,7,10,12,11,20,14,19,18,17,13,22,5,21,2,4,3|-1,-1,1,1,-1,-1,-1,-1,-1,-1,-1,1,1,1,1,1,-1,1,-1,1,-1,-1,-1|./seeds/seed_011.txt
9,6,15,16,8,1,0,7,10,12,11,20,14,19,18,17,13,22,5,21,2,4,3|-1,-1,1,1,-1,-1,-1,-1,-1,-1,-1,1,1,1,1,1,-1,1,-1,1,-1,-1,-1|./seeds/seed_003.txt
13,6,14,5,15,17,20,11,10,19,16,18,12,2,1,0,3,4,8,7,9,22,21|-1,-1,-1,-1,-1,-1,-1,-1,-1,-1,-1,-1,-1,-1,-1,-1,-1,-1,-1,-1,-1,-1,-1|./seeds/seed_011.txt
13,6,14,5,15,10,11,17,20,16,2,19,18,12,3,1,0,4,8,9,7,21,22|-1,-1,-1,-1,-1,-1,-1,-1,-1,-1,-1,-1,-1,-1,-1,-1,-1,-1,-1,-1,-1,-1,-1|./seeds/seed_010.txt
21,22,17,18,1,9,2,0,11,4,20,19,8,3,10,12,16,7,6,15,13,5,14|1,1,1,1,-1,-1,-1,-1,-1,-1,1,1,-1,-1,-1,-1,1,-1,-1,1,-1,-1,1|./seeds/seed_007.txt
21,22,17,1,18,9,2,11,0,8,10,12,4,3,20,19,7,16,6,13,15,5,14|1,1,1,-1,1,-1,-1,-1,-1,-1,-1,-1,-1,-1,1,1,-1,1,-1,-1,1,-1,1|./seeds/seed_004.txt
10,12,11,9,8,13,7,1,6,15,14,0,20,16,18,19,17,5,3,4,2,22,21|1,1,1,1,1,1,1,1,1,-1,1,1,-1,-1,-1,-1,-1,1,-1,-1,-1,-1,-1|./seeds/seed_010.txt
10,12,11,9,8,13,7,1,6,0,15,14,16,20,19,5,18,17,3,21,2,22,4|1,1,1,1,1,1,1,1,1,1,-1,1,-1,-1,-1,1,-1,-1,-1,1,-1,1,1|./seeds/seed_005.txt
17,20,18,19,21,22,16,15,9,7,14,10,8,0,1,2,13,11,4,3,6,12,5|-1,-1,-1,-1,-1,-1,-1,-1,1,1,-1,1,1,1,1,1,-1,1,1,1,1,1,1|./seeds/seed_003.txt
17,20,18,19,21,22,16,15,9,7,14,10,8,0,1,2,11,13,4,12,3,6,5|-1,-1,-1,-1,-1,-1,-1,-1,1,1,-1,1,1,1,1,1,1,-1,1,1,1,1,1|./seeds/seed_011.txt
17,18,21,22,20,19,16,2,15,9,4,1,3,0,8,7,10,11,5,12,6,14,13|1,1,1,1,1,1,1,-1,1,-1,-1,-1,-1,-1,-1,-1,-1,-1,-1,-1,-1,1,-1|./seeds/seed_008.txt
17,18,21,20,22,19,16,15,2,1,0,9,4,3,8,10,7,11,12,14,6,5,13|1,1,1,1,1,1,1,1,-1,-1,-1,-1,-1,-1,-1,-1,-1,-1,-1,1,-1,-1,-1|./seeds/seed_007.txt
17,18,21,20,22,19,16,15,2,1,0,9,4,3,8,10,7,11,12,14,6,5,13|1,1,1,1,1,1,1,1,-1,-1,-1,-1,-1,-1,-1,-1,-1,-1,-1,1,-1,-1,-1|./seeds/seed_001.txt
17,18,21,20,22,19,16,15,9,2,1,0,4,3,8,10,7,11,12,6,5,14,13|1,1,1,1,1,1,1,1,-1,-1,-1,-1,-1,-1,-1,-1,-1,-1,-1,-1,-1,1,-1|./seeds/seed_004.txt
21,22,13,17,18,1,2,11,12,0,3,20,4,19,9,6,5,10,16,8,14,15,7|1,1,-1,1,1,-1,-1,-1,-1,-1,-1,1,-1,1,-1,1,1,-1,1,-1,-1,1,-1|./seeds/seed_000.txt
21,22,13,17,18,1,2,11,12,0,20,3,19,9,4,10,6,8,5,16,14,15,7|1,1,-1,1,1,-1,-1,-1,-1,-1,1,-1,1,-1,-1,-1,1,-1,1,1,-1,1,-1|./seeds/seed_009.txt
6,5,0,1,9,4,7,3,2,8,12,11,10,15,18,13,17,20,16,19,21,14,22|-1,-1,-1,-1,-1,-1,-1,-1,-1,-1,-1,-1,-1,-1,-1,-1,-1,-1,-1,-1,-1,-1,-1|./seeds/seed_004.txt
6,5,0,1,4,9,3,2,7,8,12,11,10,15,18,20,17,13,16,19,21,22,14|-1,-1,-1,-1,-1,-1,-1,-1,-1,-1,-1,-1,-1,-1,-1,-1,-1,-1,-1,-1,-1,-1,-1|./seeds/seed_010.txt
16,15,21,17,18,22,14,20,19,9,12,11,8,13,5,6,7,10,1,4,3,2,0|1,1,1,1,1,1,1,1,1,-1,-1,-1,-1,-1,1,1,-1,-1,-1,1,1,-1,-1|./seeds/seed_003.txt
16,15,21,17,18,22,14,20,19,9,12,11,8,13,5,6,7,10,1,4,3,2,0|1,1,1,1,1,1,1,1,1,-1,-1,-1,-1,-1,1,1,-1,-1,-1,1,1,-1,-1|./seeds/seed_009.txt
18,17,20,13,19,21,11,12,14,22,1,8,0,9,6,16,7,15,10,5,2,4,3|-1,-1,-1,-1,-1,-1,-1,-1,-1,-1,-1,-1,-1,-1,-1,-1,-1,-1,-1,-1,-1,1,-1|./seeds/seed_003.txt
18,17,20,13,19,21,11,12,22,1,14,0,8,6,9,16,15,7,10,2,5,4,3|-1,-1,-1,-1,-1,-1,-1,-1,-1,-1,-1,-1,-1,-1,-1,-1,-1,-1,-1,-1,-1,1,-1|./seeds/seed_007.txt
10,12,11,9,8,13,7,1,6,14,0,15,16,20,19,18,5,3,17,2,4,21,22|1,1,1,1,1,1,1,1,1,1,1,-1,-1,-1,-1,-1,1,-1,-1,-1,-1,1,1|./seeds/seed_007.txt
10,12,11,9,13,8,7,1,6,0,15,14,16,20,19,18,5,17,3,2,4,21,22|1,1,1,1,1,1,1,1,1,1,-1,1,-1,-1,-1,-1,1,-1,-1,-1,-1,1,-1|./seeds/seed_002.txt
13,14,10,1,17,21,12,16,11,22,8,18,19,0,15,6,9,3,5,20,4,7,2|1,1,1,1,1,1,1,1,1,1,1,1,1,1,1,1,1,-1,-1,1,-1,-1,1|./seeds/seed_001.txt
13,14,10,1,21,17,22,16,12,11,18,8,0,19,6,15,3,9,5,20,7,4,2|1,1,1,1,1,1,1,1,1,1,1,1,1,1,1,1,-1,1,-1,1,-1,-1,-1|./seeds/seed_006.txt
21,22,17,9,18,7,20,10,2,11,19,8,12,3,1,4,16,0,5,15,6,14,13|-1,-1,-1,1,-1,1,-1,1,1,1,-1,1,1,1,1,1,-1,1,1,-1,1,1,-1|./seeds/seed_003.txt
21,22,17,9,18,7,10,20,11,8,12,2,19,3,1,4,16,0,5,15,6,14,13|-1,-1,-1,1,-1,1,1,-1,1,1,1,1,-1,1,1,1,-1,1,1,-1,1,1,1|./seeds/seed_006.txt
17,18,21,22,19,20,16,10,15,9,2,3,11,7,4,12,5,8,1,13,0,14,6|-1,-1,-1,-1,-1,-1,-1,1,-1,1,1,1,1,1,1,1,1,1,1,-1,1,-1,-1|./seeds/seed_008.txt
17,18,21,22,20,19,10,9,16,15,11,7,12,2,3,5,4,8,1,0,13,14,6|-1,-1,-1,-1,-1,-1,1,1,-1,-1,1,1,1,1,1,1,1,1,1,1,-1,-1,1|./seeds/seed_011.txt
17,18,21,20,19,22,16,9,15,7,3,10,2,4,5,1,0,8,11,14,6,13,12|-1,-1,-1,-1,-1,-1,-1,1,-1,1,1,1,1,1,1,1,1,1,1,-1,1,-1,1|./seeds/seed_009.txt
17,18,21,20,19,22,16,9,15,7,3,2,10,4,5,1,0,11,8,14,13,6,12|-1,-1,-1,-1,-1,-1,-1,1,-1,1,1,1,1,1,1,1,1,1,1,-1,-1,1,1|./seeds/seed_002.txt
17,18,20,19,21,12,14,11,9,22,7,15,16,10,1,13,8,2,6,0,4,3,5|1,1,1,1,1,1,1,1,1,1,1,1,1,1,1,1,1,-1,1,1,-1,-1,-1|./seeds/seed_008.txt
18,19,20,17,21,14,12,9,11,22,15,7,16,10,2,8,1,13,4,3,5,6,0|1,1,1,1,1,1,1,1,1,1,1,1,1,1,-1,1,1,1,-1,-1,-1,1,-1|./seeds/seed_003.txt
21,22,13,17,18,1,2,11,12,0,20,3,19,9,4,10,6,8,5,16,14,15,7|1,1,-1,1,1,-1,-1,-1,-1,-1,1,-1,1,-1,-1,-1,1,-1,1,1,-1,1,-1|./seeds/seed_009.txt
21,22,13,17,18,1,2,11,12,0,20,3,19,9,4,6,10,5,8,16,14,15,7|1,1,-1,1,1,-1,-1,-1,-1,-1,1,-1,1,-1,-1,1,-1,1,-1,1,-1,1,-1|./seeds/seed_003.txt
9,7,11,8,10,12,6,1,0,5,4,13,2,3,14,19,20,15,16,18,17,22,21|1,1,1,1,1,1,1,1,1,1,1,1,1,1,1,1,1,1,1,1,1,-1,1|./seeds/seed_002.txt
9,7,8,11,10,12,6,1,0,5,13,4,2,3,14,19,20,15,16,18,17,22,21|1,1,1,1,1,1,1,1,1,1,1,1,1,1,1,1,1,1,1,1,1,-1,1|./seeds/seed_011.txt
17,18,21,20,22,19,16,13,15,1,10,11,12,9,8,0,5,2,7,4,14,3,6|-1,-1,-1,-1,-1,-1,-1,1,-1,1,1,1,1,1,1,1,-1,1,1,1,-1,1,-1|./seeds/seed_004.txt
17,18,20,21,22,19,16,15,1,13,10,12,11,9,8,0,5,2,4,14,7,3,6|-1,-1,-1,-1,-1,-1,-1,-1,1,1,1,1,1,1,1,1,-1,1,1,-1,1,1,-1|./seeds/seed_006.txt
1,0,2,13,3,4,9,8,6,12,11,10,5,7,14,15,20,16,18,19,17,22,21|-1,-1,-1,-1,-1,-1,-1,-1,-1,-1,-1,-1,-1,-1,-1,-1,-1,-1,-1,-1,-1,-1,-1|./seeds/seed_006.txt
1,0,2,13,3,4,9,8,12,11,6,7,10,5,14,15,20,16,18,19,17,22,21|-1,-1,-1,-1,-1,-1,-1,-1,-1,-1,-1,-1,-1,-1,-1,-1,-1,-1,-1,-1,-1,-1,-1|./seeds/seed_010.txt
10,11,12,9,13,6,1,8,0,7,2,20,5,17,4,19,15,3,14,18,16,21,22|1,1,1,1,1,1,1,1,1,1,1,-1,1,-1,1,-1,-1,1,1,-1,-1,-1,-1|./seeds/seed_008.txt
10,11,12,9,1,6,13,0,8,20,7,17,19,2,15,18,16,5,4,22,21,3,14|1,1,1,1,1,1,1,1,1,-1,1,-1,-1,1,-1,-1,-1,1,1,-1,-1,1,1|./seeds/seed_007.txt
12,11,9,13,19,20,18,8,17,10,7,14,1,21,22,0,6,4,3,5,15,2,16|-1,-1,-1,-1,-1,-1,-1,-1,-1,-1,-1,-1,-1,-1,-1,-1,-1,1,1,1,-1,1,-1|./seeds/seed_004.txt
12,11,9,13,8,20,19,10,18,7,17,14,1,21,0,22,4,6,3,5,15,2,16|-1,-1,-1,-1,-1,-1,-1,-1,-1,-1,-1,-1,-1,-1,-1,-1,1,-1,1,1,-1,1,-1|./seeds/seed_000.txt
17,21,22,18,16,15,20,19,11,12,1,9,5,13,14,8,10,0,7,4,3,6,2|1,1,1,1,1,1,1,1,-1,-1,-1,-1,1,-1,1,-1,-1,-1,-1,1,1,1,-1|./seeds/seed_008.txt
17,16,18,15,21,22,20,19,1,11,12,9,14,0,13,5,8,10,7,4,3,2,6|1,1,1,1,1,1,1,1,-1,-1,-1,-1,1,-1,-1,1,-1,-1,-1,1,1,-1,-1|./seeds/seed_000.txt
13,5,21,22,18,17,6,20,12,11,19,1,7,14,16,15,10,4,2,0,9,3,8|1,-1,-1,-1,-1,-1,-1,-1,1,1,-1,1,-1,1,-1,-1,1,-1,1,1,1,-1,-1|./seeds/seed_006.txt
13,5,21,22,18,17,6,20,11,12,19,14,1,7,16,10,15,4,0,2,9,3,8|1,-1,-1,-1,-1,-1,-1,-1,1,1,-1,1,1,-1,-1,1,-1,-1,1,1,1,-1,-1|./seeds/seed_010.txt
18,17,20,19,13,21,12,11,14,22,1,8,0,9,6,16,15,7,10,5,2,3,4|-1,-1,-1,-1,-1,-1,-1,-1,-1,-1,-1,-1,-1,-1,-1,-1,-1,-1,-1,-1,-1,-1,-1|./seeds/seed_008.txt
18,13,17,20,19,21,11,12,14,22,8,1,9,0,6,16,7,15,10,2,5,4,3|-1,-1,-1,-1,-1,-1,-1,-1,-1,-1,-1,-1,-1,-1,-1,-1,-1,-1,-1,-1,-1,1,-1|./seeds/seed_004.txt
18,21,17,20,22,19,16,15,10,11,12,9,1,8,13,0,2,7,4,3,14,6,5|-1,-1,-1,-1,-1,-1,-1,-1,1,1,1,1,1,1,1,1,1,1,1,1,-1,1,1|./seeds/seed_008.txt
18,17,21,20,22,19,16,15,10,12,9,11,1,8,0,13,2,7,4,6,3,14,5|-1,-1,-1,-1,-1,-1,-1,-1,1,1,1,1,1,1,1,1,1,1,1,1,1,-1,1|./seeds/seed_005.txt
6,5,0,9,1,2,8,3,4,7,13,10,14,11,12,15,18,16,17,19,20,21,22|-1,-1,-1,-1,-1,-1,-1,-1,-1,-1,-1,-1,-1,-1,-1,-1,-1,-1,-1,-1,-1,-1,-1|./seeds/seed_009.txt
6,5,0,9,1,2,8,3,4,13,7,10,11,12,14,15,16,18,17,19,20,21,22|-1,-1,-1,-1,-1,-1,-1,-1,-1,-1,-1,-1,-1,-1,-1,-1,-1,-1,-1,-1,-1,-1,-1|./seeds/seed_004.txt
1,0,2,13,3,4,9,6,8,12,11,5,10,7,14,15,20,18,16,17,19,22,21|-1,-1,-1,-1,-1,-1,-1,-1,-1,-1,-1,-1,-1,-1,-1,-1,-1,-1,-1,-1,-1,-1,-1|./seeds/seed_000.txt
1,13,0,2,9,8,3,4,12,11,6,10,7,5,14,15,20,16,19,17,18,22,21|-1,-1,-1,-1,-1,-1,-1,-1,-1,-1,-1,-1,-1,-1,-1,-1,-1,-1,-1,-1,-1,-1,-1|./seeds/seed_003.txt
21,22,17,18,1,12,11,2,20,13,9,0,3,19,16,8,10,4,15,7,5,6,14|1,1,1,1,-1,-1,-1,-1,1,-1,-1,-1,-1,1,1,-1,-1,-1,1,-1,-1,-1,1|./seeds/seed_001.txt
21,22,17,18,1,12,11,2,20,13,9,3,0,19,8,16,10,4,15,7,6,5,14|1,1,1,1,-1,-1,-1,-1,1,-1,-1,-1,-1,1,-1,1,-1,-1,1,-1,-1,-1,1|./seeds/seed_003.txt
13,5,17,15,20,16,6,18,19,4,21,22,3,2,0,7,12,14,11,10,1,9,8|1,-1,-1,-1,-1,-1,-1,-1,-1,-1,-1,-1,-1,-1,-1,-1,1,-1,1,1,-1,1,-1|./seeds/seed_004.txt
13,5,17,20,6,15,16,18,4,19,21,3,22,2,0,12,11,7,10,14,1,9,8|1,-1,-1,-1,-1,-1,-1,-1,-1,-1,-1,-1,-1,-1,-1,1,1,-1,1,-1,-1,1,1|./seeds/seed_000.txt
10,20,9,19,7,11,6,12,17,18,5,15,16,8,2,3,13,4,21,0,14,22,1|1,-1,1,-1,1,1,1,1,-1,-1,1,-1,-1,1,-1,-1,-1,-1,1,-1,-1,1,-1|./seeds/seed_007.txt
20,10,19,9,6,7,17,11,18,12,15,5,16,8,13,2,3,14,4,21,22,0,1|-1,1,-1,1,1,1,-1,1,-1,1,-1,1,-1,1,-1,-1,-1,-1,-1,1,1,-1,1|./seeds/seed_004.txt
21,22,11,17,16,18,12,15,9,1,13,20,8,19,0,10,2,7,14,5,3,4,6|1,1,-1,1,1,1,-1,1,-1,-1,-1,1,-1,1,-1,-1,-1,-1,1,1,-1,-1,-1|./seeds/seed_005.txt
21,22,17,16,18,11,15,12,1,13,20,9,19,0,8,2,10,14,5,7,3,4,6|1,1,1,1,1,-1,1,-1,-1,-1,1,-1,1,-1,-1,-1,-1,1,1,-1,-1,-1,-1|./seeds/seed_006.txt
17,18,21,20,22,19,16,15,2,1,9,0,4,3,8,10,7,11,12,14,6,5,13|1,1,1,1,1,1,1,1,-1,-1,-1,-1,-1,-1,-1,-1,-1,-1,-1,1,-1,-1,-1|./seeds/seed_011.txt
17,18,21,20,22,19,16,15,2,9,1,0,4,3,8,10,7,11,12,14,6,5,13|1,1,1,1,1,1,1,1,-1,-1,-1,-1,-1,-1,-1,-1,-1,-1,-1,1,-1,-1,-1|./seeds/seed_009.txt
6,1,9,8,7,0,11,10,12,5,2,13,4,3,20,19,18,17,16,14,15,21,22|-1,-1,-1,-1,-1,-1,-1,-1,-1,-1,-1,-1,-1,-1,-1,-1,-1,-1,1,-1,1,-1,1|./seeds/seed_004.txt
6,1,0,9,8,7,11,12,10,5,2,4,13,3,20,19,18,17,16,14,15,21,22|-1,-1,-1,-1,-1,-1,-1,-1,-1,-1,-1,-1,-1,-1,-1,-1,-1,-1,1,-1,1,-1,1|./seeds/seed_007.txt
10,9,12,11,7,6,14,21,5,22,8,17,1,16,18,20,2,0,19,15,13,3,4|1,1,1,1,1,1,1,1,1,1,1,1,1,1,1,1,-1,1,1,1,1,-1,-1|./seeds/seed_008.txt
10,12,9,11,7,14,6,8,5,21,22,17,2,16,3,18,1,13,4,15,19,20,0|1,1,1,1,1,1,1,1,1,1,1,1,-1,1,-1,1,1,1,-1,1,1,1,1|./seeds/seed_001.txt
10,12,11,9,8,13,7,1,6,0,15,14,16,20,19,18,5,17,3,2,21,4,22|1,1,1,1,1,1,1,1,1,1,-1,1,-1,-1,-1,-1,1,-1,-1,-1,1,-1,-1|./seeds/seed_009.txt
10,12,11,9,8,13,7,6,1,14,0,15,20,16,18,19,3,5,17,2,4,21,22|1,1,1,1,1,1,1,1,1,1,1,-1,-1,-1,-1,-1,-1,1,-1,-1,-1,1,1|./seeds/seed_011.txt
17,18,21,22,20,19,10,9,16,11,7,15,12,2,3,5,4,8,1,13,0,6,14|-1,-1,-1,-1,-1,-1,1,1,-1,1,1,-1,1,1,1,1,1,1,1,-1,1,1,-1|./seeds/seed_001.txt
17,18,21,22,20,19,10,9,16,15,11,7,12,2,3,5,4,8,1,0,13,14,6|-1,-1,-1,-1,-1,-1,1,1,-1,-1,1,1,1,1,1,1,1,1,1,1,-1,-1,1|./seeds/seed_011.txt
10,12,9,11,7,6,14,5,8,21,22,1,17,2,16,18,3,0,13,4,20,15,19|1,1,1,1,1,1,1,1,1,1,1,1,1,-1,1,1,-1,1,1,-1,1,1,1|./seeds/seed_002.txt
10,12,9,11,7,14,6,8,5,21,22,17,2,1,18,16,3,13,4,15,20,19,0|1,1,1,1,1,1,1,1,1,1,1,1,-1,1,1,1,-1,1,-1,1,1,1,1|./seeds/seed_007.txt
17,18,20,21,22,19,10,9,16,12,11,15,7,1,8,2,0,6,14,4,13,5,3|-1,-1,-1,-1,-1,-1,1,1,-1,1,1,-1,1,1,1,1,1,1,1,1,1,1,-1|./seeds/seed_005.txt
17,18,20,21,22,19,10,9,11,12,16,15,7,8,1,13,6,3,14,4,2,0,5|-1,-1,-1,-1,-1,-1,1,1,1,1,-1,-1,1,1,1,1,1,-1,1,-1,1,1,-1|./seeds/seed_000.txt
6,5,0,9,8,1,2,3,13,4,7,10,11,12,14,15,16,18,19,17,20,21,22|-1,-1,-1,-1,-1,-1,-1,-1,-1,-1,-1,-1,-1,-1,-1,-1,-1,-1,-1,-1,-1,-1,-1|./seeds/seed_005.txt
6,5,0,9,1,2,3,8,4,13,7,10,14,11,12,15,18,16,17,19,20,21,22|-1,-1,-1,-1,-1,-1,-1,-1,-1,-1,-1,-1,-1,-1,-1,-1,-1,-1,-1,-1,-1,-1,-1|./seeds/seed_003.txt
0,1,6,9,2,5,4,10,3,7,8,11,12,19,17,20,18,22,21,16,15,13,14|-1,-1,-1,-1,-1,-1,-1,-1,-1,-1,-1,-1,-1,1,1,1,1,1,1,1,1,-1,1|./seeds/seed_011.txt
9,0,1,6,2,10,5,4,7,8,11,3,12,19,17,20,18,22,21,13,16,15,14|-1,-1,-1,-1,-1,-1,-1,-1,-1,-1,-1,-1,-1,1,1,1,1,1,1,-1,1,1,1|./seeds/seed_002.txt
9,7,12,10,8,11,6,0,1,5,13,2,14,3,4,15,16,20,18,19,17,21,22|-1,-1,-1,-1,-1,-1,-1,-1,-1,-1,-1,-1,-1,-1,-1,-1,-1,-1,-1,-1,-1,-1,-1|./seeds/seed_008.txt
9,7,12,8,10,11,6,1,13,0,5,2,3,14,4,16,15,20,18,19,17,22,21|-1,-1,-1,-1,-1,-1,-1,-1,-1,-1,-1,-1,-1,-1,-1,-1,-1,-1,-1,-1,-1,1,-1|./seeds/seed_006.txt
13,18,17,21,22,20,5,12,11,19,1,6,16,10,15,9,8,2,0,14,7,4,3|1,-1,-1,-1,-1,-1,-1,1,1,-1,1,-1,-1,1,-1,1,1,1,1,1,-1,-1,-1|./seeds/seed_006.txt
13,18,17,21,22,20,5,12,11,19,6,1,16,10,15,9,8,14,0,2,7,4,3|1,-1,-1,-1,-1,-1,-1,1,1,-1,-1,1,-1,1,-1,1,1,1,1,1,-1,-1,-1|./seeds/seed_001.txt
6,15,9,16,1,0,8,7,10,12,11,20,14,19,17,18,13,22,5,21,2,4,3|-1,1,-1,1,-1,-1,-1,-1,-1,-1,-1,1,1,1,1,1,-1,1,-1,1,-1,-1,-1|./seeds/seed_006.txt
6,9,15,16,1,8,0,7,10,12,11,14,20,19,17,18,13,22,5,21,2,4,3|-1,-1,1,1,-1,-1,-1,-1,-1,-1,-1,1,1,1,1,1,-1,1,-1,1,-1,-1,-1|./seeds/seed_001.txt
10,11,12,9,1,6,0,13,8,20,17,7,19,2,18,15,5,16,4,22,3,21,14|1,1,1,1,1,1,1,1,1,-1,-1,1,-1,1,-1,-1,1,-1,1,-1,1,-1,1|./seeds/seed_000.txt
10,11,12,9,1,6,13,0,8,20,7,17,19,15,18,2,5,16,4,22,21,3,14|1,1,1,1,1,1,1,1,1,-1,1,-1,-1,-1,-1,1,1,-1,1,-1,-1,1,1|./seeds/seed_011.txt
12,11,10,9,8,13,7,14,6,5,1,15,19,16,20,4,2,17,18,0,3,21,22|1,1,1,1,1,1,1,1,1,1,1,1,1,1,1,1,1,1,1,1,1,1,1|./seeds/seed_006.txt
12,11,10,9,8,13,7,14,6,5,1,19,15,20,16,4,17,2,18,0,3,21,22|1,1,1,1,1,1,1,1,1,1,1,1,1,1,1,1,1,1,1,1,1,1,1|./seeds/seed_011.txt
21,14,6,22,13,12,9,11,5,17,2,3,18,15,1,16,7,4,10,8,19,0,20|-1,1,-1,-1,1,1,1,1,-1,-1,1,1,-1,1,1,1,1,1,1,1,1,-1,1|./seeds/seed_010.txt
21,22,6,14,13,12,17,9,2,5,11,18,3,1,4,15,7,16,10,0,20,8,19|-1,-1,-1,1,1,1,-1,1,1,-1,1,-1,1,1,1,1,1,1,1,1,-1,1,-1|./seeds/seed_008.txt
12,11,9,13,20,19,18,17,8,10,7,1,14,21,22,0,6,4,3,5,15,16,2|-1,-1,-1,-1,-1,-1,-1,-1,-1,-1,-1,-1,-1,-1,-1,-1,-1,1,1,1,-1,-1,1|./seeds/seed_005.txt
12,11,9,13,8,20,19,10,18,7,17,14,1,21,22,0,4,3,6,5,2,16,15|-1,-1,-1,-1,-1,-1,-1,-1,-1,-1,-1,-1,-1,-1,-1,-1,1,1,-1,1,1,-1,-1|./seeds/seed_010.txt
13,5,6,16,22,15,21,12,18,4,17,3,11,7,20,1,2,19,10,14,9,8,0|1,-1,-1,-1,-1,-1,-1,1,-1,-1,-1,-1,1,-1,-1,1,-1,-1,1,1,1,1,-1|./seeds/seed_003.txt
13,5,6,22,16,21,18,4,15,17,12,3,11,7,20,2,1,19,10,0,14,9,8|1,-1,-1,-1,-1,-1,-1,-1,-1,-1,1,-1,1,-1,-1,-1,1,-1,1,-1,1,1,1|./seeds/seed_008.txt
9,7,12,10,8,11,6,0,1,5,13,2,14,3,4,15,16,20,18,19,17,21,22|-1,-1,-1,-1,-1,-1,-1,-1,-1,-1,-1,-1,-1,-1,-1,-1,-1,-1,-1,-1,-1,-1,-1|./seeds/seed_008.txt
9,7,12,8,10,11,6,1,13,0,5,2,3,14,4,16,15,19,18,20,17,22,21|-1,-1,-1,-1,-1,-1,-1,-1,-1,-1,-1,-1,-1,-1,-1,-1,-1,-1,-1,-1,-1,1,1|./seeds/seed_010.txt
17,18,19,20,21,22,12,1,8,0,11,6,9,13,7,16,14,5,15,4,10,2,3|-1,-1,-1,-1,-1,-1,-1,-1,-1,-1,-1,-1,-1,-1,-1,-1,1,-1,-1,-1,-1,-1,-1|./seeds/seed_003.txt
17,18,19,20,12,21,8,22,11,1,0,9,13,6,7,14,16,5,15,10,4,2,3|-1,-1,-1,-1,-1,-1,-1,-1,-1,-1,-1,-1,-1,-1,-1,1,-1,-1,-1,-1,-1,-1,-1|./seeds/seed_005.txt
13,6,14,5,15,10,11,17,20,19,12,16,18,2,1,3,0,8,4,9,7,21,22|-1,-1,-1,-1,-1,-1,-1,-1,-1,-1,-1,-1,-1,-1,-1,-1,-1,-1,-1,-1,-1,-1,-1|./seeds/seed_004.txt
13,6,5,14,10,15,17,11,20,18,19,16,12,2,0,3,1,4,8,9,7,21,22|-1,-1,-1,-1,-1,-1,-1,-1,-1,-1,-1,-1,-1,-1,-1,-1,-1,-1,-1,-1,-1,-1,-1|./seeds/seed_006.txt
13,14,10,17,21,1,16,18,12,8,22,19,6,11,15,9,0,20,3,7,4,2,5|1,1,1,1,1,1,1,1,1,1,1,1,1,1,1,1,1,1,-1,1,-1,-1,-1|./seeds/seed_008.txt
13,14,10,17,21,1,16,11,12,22,8,18,19,15,0,9,6,3,5,20,4,7,2|1,1,1,1,1,1,1,1,1,1,1,1,1,1,1,1,1,-1,-1,1,-1,1,1|./seeds/seed_005.txt
17,18,20,21,22,19,10,16,9,11,15,12,7,1,8,2,5,13,3,0,4,6,14|-1,-1,-1,-1,-1,-1,1,-1,1,1,-1,1,1,1,1,1,-1,1,-1,1,-1,1,1|./seeds/seed_008.txt
17,18,20,21,22,19,10,16,9,11,12,15,7,8,1,2,0,13,6,5,14,3,4|-1,-1,-1,-1,-1,-1,1,-1,1,1,1,-1,1,1,1,1,1,1,1,-1,1,-1,1|./seeds/seed_002.txt
11,10,6,12,1,9,8,7,0,5,13,2,4,3,14,15,20,17,16,19,18,21,22|-1,-1,-1,-1,-1,-1,-1,-1,-1,-1,-1,-1,-1,-1,-1,-1,-1,-1,-1,-1,-1,-1,-1|./seeds/seed_004.txt
6,10,11,12,1,5,9,7,0,8,2,4,3,13,14,15,20,17,16,19,18,22,21|-1,-1,-1,-1,-1,-1,-1,-1,-1,-1,-1,-1,-1,-1,-1,-1,-1,-1,-1,-1,-1,-1,-1|./seeds/seed_008.txt
10,12,11,9,8,13,7,1,6,0,15,14,16,20,19,18,5,17,3,2,21,4,22|1,1,1,1,1,1,1,1,1,1,-1,1,-1,-1,-1,-1,1,-1,-1,-1,1,-1,-1|./seeds/seed_009.txt
10,12,11,9,8,13,7,6,1,14,15,0,16,20,18,19,3,5,17,2,4,21,22|1,1,1,1,1,1,1,1,1,1,-1,1,-1,-1,-1,-1,-1,1,-1,-1,-1,1,-1|./seeds/seed_001.txt
12,11,13,9,19,20,18,17,8,10,7,1,14,21,22,0,3,5,4,16,15,2,6|1,1,1,1,1,1,1,1,1,1,1,1,1,1,1,1,-1,-1,-1,1,1,-1,1|./seeds/seed_011.txt
12,11,13,9,19,20,18,17,8,10,7,1,14,21,22,0,5,3,4,6,15,16,2|1,1,1,1,1,1,1,1,1,1,1,1,1,1,1,1,-1,-1,-1,1,1,1,-1|./seeds/seed_004.txt
6,1,0,9,7,8,2,10,5,11,4,3,12,13,14,20,15,19,16,18,17,21,22|1,1,1,1,1,1,1,1,1,1,1,1,1,1,1,1,1,1,1,1,1,-1,-1|./seeds/seed_004.txt
6,0,1,2,7,9,5,8,4,10,3,11,12,13,14,20,15,19,18,16,17,21,22|1,1,1,1,1,1,1,1,1,1,1,1,1,1,1,1,1,1,1,1,1,-1,-1|./seeds/seed_007.txt
11,12,1,13,0,9,2,8,10,4,6,7,3,14,5,19,20,15,16,18,17,22,21|-1,-1,-1,-1,-1,-1,-1,-1,-1,-1,-1,-1,-1,-1,-1,-1,-1,-1,-1,-1,-1,-1,-1|./seeds/seed_011.txt
11,12,1,13,0,9,2,8,10,4,6,7,14,3,5,15,20,19,18,16,17,22,21|-1,-1,-1,-1,-1,-1,-1,-1,-1,-1,-1,-1,-1,-1,-1,-1,-1,-1,-1,-1,-1,-1,-1|./seeds/seed_009.txt
18,19,20,17,12,21,14,9,11,22,7,15,16,10,8,2,13,1,4,3,5,6,0|1,1,1,1,1,1,1,1,1,1,1,1,1,1,1,-1,1,1,-1,-1,-1,1,-1|./seeds/seed_000.txt
18,17,19,20,21,14,12,11,22,9,15,7,16,10,1,2,8,13,4,3,6,5,0|1,1,1,1,1,1,1,1,1,1,1,1,1,1,1,-1,1,1,-1,-1,1,-1,1|./seeds/seed_002.txt
20,10,19,9,6,7,17,11,18,12,15,5,16,8,13,2,3,14,4,21,22,0,1|-1,1,-1,1,1,1,-1,1,-1,1,-1,1,-1,1,-1,-1,-1,-1,-1,1,1,-1,1|./seeds/seed_004.txt
10,20,19,9,7,11,6,17,12,18,15,5,16,8,2,3,13,4,14,21,22,0,1|1,-1,-1,1,1,1,1,-1,1,-1,-1,1,-1,1,-1,-1,-1,-1,-1,1,1,-1,-1|./seeds/seed_011.txt
17,18,21,20,19,22,16,9,15,7,3,2,10,4,5,1,0,11,8,14,13,6,12|-1,-1,-1,-1,-1,-1,-1,1,-1,1,1,1,1,1,1,1,1,1,1,-1,-1,1,1|./seeds/seed_002.txt
17,18,21,20,19,22,16,9,15,2,3,7,4,10,5,1,0,13,11,8,14,6,12|-1,-1,-1,-1,-1,-1,-1,1,-1,1,1,1,1,1,1,1,1,-1,1,1,-1,1,1|./seeds/seed_008.txt
12,11,10,9,8,13,7,14,6,5,1,15,4,16,19,2,20,0,3,17,18,21,22|1,1,1,1,1,1,1,1,1,1,1,1,1,1,1,1,1,1,1,1,1,1,1|./seeds/seed_000.txt
12,11,10,9,8,13,7,14,6,5,1,19,15,20,16,4,18,17,2,0,3,21,22|1,1,1,1,1,1,1,1,1,1,1,1,1,1,1,1,1,1,1,1,1,1,1|./seeds/seed_007.txt
5,13,6,4,3,2,0,14,1,12,11,7,8,21,19,22,16,15,20,18,9,10,17|-1,1,-1,-1,-1,-1,-1,1,-1,1,1,-1,-1,-1,1,-1,-1,-1,1,-1,1,-1,-1|./seeds/seed_000.txt
5,13,6,4,3,2,0,14,7,1,8,12,11,19,21,22,16,20,15,10,18,9,17|-1,1,-1,-1,-1,-1,-1,1,-1,-1,-1,1,1,1,-1,-1,-1,1,-1,-1,-1,1,-1|./seeds/seed_004.txt
13,5,21,22,18,17,6,20,12,11,19,14,1,7,16,10,15,4,0,9,2,3,8|1,-1,-1,-1,-1,-1,-1,-1,1,1,-1,1,1,-1,-1,1,-1,-1,1,1,1,-1,1|./seeds/seed_001.txt
13,5,21,22,18,17,6,20,12,11,19,14,1,7,16,10,15,4,9,0,2,3,8|1,-1,-1,-1,-1,-1,-1,-1,1,1,-1,1,1,-1,-1,1,-1,-1,1,1,1,-1,1|./seeds/seed_007.txt
17,18,20,19,21,22,16,15,10,9,11,12,7,14,8,1,5,2,6,13,0,4,3|-1,-1,-1,-1,-1,-1,-1,-1,1,1,1,1,1,-1,1,1,1,1,1,-1,1,1,1|./seeds/seed_007.txt
17,18,20,19,21,22,16,15,10,9,11,12,7,14,8,1,2,5,6,13,0,4,3|-1,-1,-1,-1,-1,-1,-1,-1,1,1,1,1,1,-1,1,1,1,1,1,-1,1,1,1|./seeds/seed_005.txt
6,1,0,9,7,8,10,2,5,11,4,3,12,13,14,15,20,19,16,18,17,21,22|1,1,1,1,1,1,1,1,1,1,1,1,1,1,1,1,1,1,1,1,1,-1,-1|./seeds/seed_005.txt
6,0,1,2,7,9,5,8,4,10,3,11,12,13,14,20,15,19,18,16,17,21,22|1,1,1,1,1,1,1,1,1,1,1,1,1,1,1,1,1,1,1,1,1,-1,-1|./seeds/seed_011.txt
13,14,10,1,16,21,22,18,6,15,0,11,17,12,19,20,8,5,9,7,3,2,4|-1,-1,-1,-1,-1,-1,-1,-1,-1,-1,-1,-1,-1,-1,-1,-1,-1,1,-1,1,1,-1,-1|./seeds/seed_010.txt
13,14,10,1,16,21,22,18,17,11,12,15,6,19,0,20,8,9,5,3,7,2,4|-1,-1,-1,-1,-1,-1,-1,-1,-1,-1,-1,-1,-1,-1,-1,-1,-1,-1,1,1,1,1,1|./seeds/seed_001.txt
18,17,19,20,21,22,1,0,12,6,8,11,9,13,14,7,16,5,4,2,15,3,10|-1,-1,-1,-1,-1,-1,-1,-1,-1,-1,-1,-1,-1,-1,1,-1,-1,-1,-1,-1,-1,-1,-1|./seeds/seed_006.txt
18,17,19,20,21,12,22,8,1,11,0,9,6,13,7,16,14,5,15,10,4,2,3|-1,-1,-1,-1,-1,-1,-1,-1,-1,-1,-1,-1,-1,-1,-1,-1,1,-1,-1,-1,-1,-1,-1|./seeds/seed_004.txt
6,5,0,1,4,9,3,2,7,8,12,11,10,15,18,17,20,13,16,19,21,22,14|-1,-1,-1,-1,-1,-1,-1,-1,-1,-1,-1,-1,-1,-1,-1,-1,-1,-1,-1,-1,-1,-1,-1|./seeds/seed_007.txt
6,5,0,1,9,4,7,2,8,3,12,11,10,15,18,17,20,16,13,19,14,21,22|-1,-1,-1,-1,-1,-1,-1,-1,-1,-1,-1,-1,-1,-1,-1,-1,-1,-1,-1,-1,-1,-1,-1|./seeds/seed_008.txt
6,5,0,1,4,9,3,2,7,8,12,11,10,15,18,17,20,13,16,19,21,22,14|-1,-1,-1,-1,-1,-1,-1,-1,-1,-1,-1,-1,-1,-1,-1,-1,-1,-1,-1,-1,-1,-1,-1|./seeds/seed_007.txt
6,5,0,1,9,7,4,8,3,2,12,11,10,15,13,18,20,17,16,19,14,21,22|-1,-1,-1,-1,-1,-1,-1,-1,-1,-1,-1,-1,-1,-1,-1,-1,-1,-1,-1,-1,-1,-1,-1|./seeds/seed_005.txt
6,5,0,1,4,9,3,2,7,8,12,11,10,15,18,20,17,13,16,19,21,22,14|-1,-1,-1,-1,-1,-1,-1,-1,-1,-1,-1,-1,-1,-1,-1,-1,-1,-1,-1,-1,-1,-1,-1|./seeds/seed_010.txt
6,5,0,1,4,9,7,3,2,8,12,11,10,15,18,17,20,13,16,19,21,14,22|-1,-1,-1,-1,-1,-1,-1,-1,-1,-1,-1,-1,-1,-1,-1,-1,-1,-1,-1,-1,-1,-1,-1|./seeds/seed_003.txt
21,22,17,12,11,18,9,2,1,13,3,14,7,20,10,4,19,6,8,16,0,15,5|-1,-1,-1,1,1,-1,1,1,1,1,1,1,1,-1,1,1,-1,-1,1,-1,1,-1,-1|./seeds/seed_008.txt
21,22,17,12,11,18,9,2,7,1,14,10,20,3,13,19,6,4,8,16,0,15,5|-1,-1,-1,1,1,-1,1,1,1,1,1,1,-1,1,1,-1,-1,1,1,-1,1,-1,-1|./seeds/seed_009.txt
10,12,11,9,8,13,7,6,1,14,15,0,16,20,18,19,3,5,17,2,4,21,22|1,1,1,1,1,1,1,1,1,1,-1,1,-1,-1,-1,-1,-1,1,-1,-1,-1,1,-1|./seeds/seed_001.txt
10,12,11,9,8,13,7,1,6,0,14,20,15,19,18,16,17,5,3,22,21,2,4|1,1,1,1,1,1,1,1,1,1,1,-1,-1,-1,-1,-1,-1,1,-1,-1,-1,-1,-1|./seeds/seed_000.txt
13,17,5,18,19,3,4,22,21,2,20,14,12,11,6,0,16,10,15,8,9,1,7|1,1,-1,1,1,-1,-1,1,1,-1,1,1,1,1,-1,-1,1,1,1,1,1,-1,-1|./seeds/seed_003.txt
13,17,5,3,4,18,19,22,21,2,20,14,12,11,6,0,10,16,15,8,9,1,7|1,1,-1,-1,-1,1,1,1,1,-1,1,1,1,1,-1,-1,1,1,1,1,1,-1,-1|./seeds/seed_006.txt
9,7,12,8,10,11,6,1,13,0,5,2,3,14,4,16,15,19,18,20,17,22,21|-1,-1,-1,-1,-1,-1,-1,-1,-1,-1,-1,-1,-1,-1,-1,-1,-1,-1,-1,-1,-1,1,1|./seeds/seed_010.txt
9,12,10,7,8,11,6,1,0,13,5,2,3,14,4,16,15,19,18,20,17,21,22|-1,-1,-1,-1,-1,-1,-1,-1,-1,-1,-1,-1,-1,-1,-1,-1,-1,-1,-1,-1,-1,-1,-1|./seeds/seed_003.txt
21,22,17,18,1,12,11,2,9,20,13,3,0,8,19,10,16,4,15,7,5,6,14|1,1,1,1,-1,-1,-1,-1,-1,1,-1,-1,-1,-1,1,-1,1,-1,1,-1,-1,-1,1|./seeds/seed_004.txt
21,22,17,18,1,12,11,2,20,13,9,3,0,19,16,8,4,10,15,7,5,6,14|1,1,1,1,-1,-1,-1,-1,1,-1,-1,-1,-1,1,1,-1,-1,-1,1,-1,-1,-1,1|./seeds/seed_011.txt
10,11,12,9,1,6,13,0,8,20,7,17,19,2,15,18,16,5,4,22,21,3,14|1,1,1,1,1,1,1,1,1,-1,1,-1,-1,1,-1,-1,-1,1,1,-1,-1,1,1|./seeds/seed_007.txt
10,11,12,9,1,8,13,6,0,7,20,17,19,18,2,15,5,16,4,22,21,3,14|1,1,1,1,1,1,1,1,1,1,-1,-1,-1,-1,1,-1,1,-1,1,-1,-1,1,1|./seeds/seed_004.txt
1,0,9,6,8,12,10,11,7,2,5,13,4,19,3,17,20,16,18,15,21,22,14|-1,-1,-1,-1,-1,-1,-1,-1,-1,-1,-1,-1,-1,1,-1,1,1,1,1,1,1,1,1|./seeds/seed_001.txt
1,9,0,6,8,12,10,11,7,2,5,13,19,4,3,17,20,16,18,15,21,22,14|-1,-1,-1,-1,-1,-1,-1,-1,-1,-1,-1,-1,1,-1,-1,1,1,1,1,1,1,1,1|./seeds/seed_007.txt
13,1,0,2,8,9,11,12,10,3,4,7,6,14,5,15,16,20,19,18,17,22,21|-1,-1,-1,-1,-1,-1,-1,-1,-1,-1,-1,-1,-1,-1,-1,-1,-1,-1,-1,-1,-1,-1,-1|./seeds/seed_005.txt
1,13,0,2,9,8,12,3,11,4,10,7,6,5,14,15,20,16,19,17,18,22,21|-1,-1,-1,-1,-1,-1,-1,-1,-1,-1,-1,-1,-1,-1,-1,-1,-1,-1,-1,-1,-1,-1,-1|./seeds/seed_009.txt
17,20,18,19,21,22,16,15,9,7,14,10,8,0,1,2,11,13,4,12,3,6,5|-1,-1,-1,-1,-1,-1,-1,-1,1,1,-1,1,1,1,1,1,1,-1,1,1,1,1,1|./seeds/seed_011.txt
17,20,18,19,21,22,16,15,9,7,14,10,8,0,1,11,2,13,4,12,3,6,5|-1,-1,-1,-1,-1,-1,-1,-1,1,1,-1,1,1,1,1,1,1,-1,1,1,1,1,1|./seeds/seed_007.txt
1,9,13,8,0,10,7,6,12,11,20,2,19,3,4,17,18,15,16,5,22,14,21|-1,-1,-1,-1,-1,-1,-1,-1,-1,-1,1,-1,1,-1,-1,1,1,1,1,-1,1,-1,1|./seeds/seed_005.txt
1,9,13,8,0,7,10,6,12,11,2,20,4,3,19,14,5,15,16,18,17,21,22|-1,-1,-1,-1,-1,-1,-1,-1,-1,-1,-1,1,-1,-1,1,-1,-1,1,1,1,1,-1,1|./seeds/seed_008.txt
21,22,17,18,1,11,12,2,13,20,9,0,3,16,19,8,10,4,15,7,6,5,14|1,1,1,1,-1,-1,-1,-1,-1,1,-1,-1,-1,1,1,-1,-1,-1,1,-1,-1,-1,-1|./seeds/seed_010.txt
21,22,17,18,1,12,11,2,20,13,9,0,3,16,19,8,4,10,15,7,6,5,14|1,1,1,1,-1,-1,-1,-1,1,-1,-1,-1,-1,1,1,-1,-1,-1,1,-1,-1,-1,1|./seeds/seed_006.txt
5,10,9,7,6,12,14,4,11,3,22,8,21,2,16,15,13,18,0,17,19,1,20|1,1,1,1,1,1,1,1,1,1,1,1,1,1,1,1,-1,1,1,1,-1,1,1|./seeds/seed_005.txt
5,10,7,9,6,12,14,11,4,3,8,22,21,16,2,15,18,13,0,17,19,1,20|1,1,1,1,1,1,1,1,1,1,1,1,1,1,1,1,1,-1,1,1,-1,1,1|./seeds/seed_009.txt
5,13,6,4,3,2,0,14,7,1,8,12,11,19,21,22,16,20,15,10,18,9,17|-1,1,-1,-1,-1,-1,-1,1,-1,-1,-1,1,1,1,-1,-1,-1,1,-1,-1,-1,1,-1|./seeds/seed_009.txt
5,13,6,4,3,2,0,14,1,12,11,7,19,8,21,22,20,16,15,9,18,10,17|-1,1,-1,-1,-1,-1,-1,1,-1,1,1,-1,1,-1,-1,-1,1,-1,-1,1,-1,-1,-1|./seeds/seed_001.txt
12,11,10,9,8,13,7,14,6,5,1,15,19,16,4,20,2,0,18,17,3,21,22|1,1,1,1,1,1,1,1,1,1,1,1,1,1,1,1,1,1,1,1,1,1,1|./seeds/seed_010.txt
12,11,10,9,8,13,7,14,6,5,1,19,15,20,16,4,18,17,2,0,3,21,22|1,1,1,1,1,1,1,1,1,1,1,1,1,1,1,1,1,1,1,1,1,1,1|./seeds/seed_007.txt
12,11,9,13,19,20,8,18,10,17,7,14,1,21,22,0,4,6,3,2,15,5,16|-1,-1,-1,-1,-1,-1,-1,-1,-1,-1,-1,-1,-1,-1,-1,-1,1,-1,1,1,-1,1,-1|./seeds/seed_007.txt
12,11,9,13,20,19,8,18,17,10,7,14,1,21,22,0,4,6,3,15,5,2,16|-1,-1,-1,-1,-1,-1,-1,-1,-1,-1,-1,-1,-1,-1,-1,-1,1,-1,1,-1,1,1,-1|./seeds/seed_003.txt
17,18,20,21,19,22,16,15,2,14,3,4,1,0,9,5,8,7,6,10,11,12,13|1,1,1,1,1,1,1,1,-1,1,-1,-1,-1,-1,-1,-1,-1,-1,-1,-1,-1,-1,1|./seeds/seed_006.txt
17,18,20,19,21,22,16,15,2,14,3,4,9,0,1,5,8,7,10,6,11,12,13|1,1,1,1,1,1,1,1,-1,1,-1,-1,-1,-1,-1,-1,-1,-1,-1,-1,-1,-1,1|./seeds/seed_005.txt
12,11,9,13,20,19,18,17,8,10,7,14,1,21,22,0,6,4,3,15,5,2,16|-1,-1,-1,-1,-1,-1,-1,-1,-1,-1,-1,-1,-1,-1,-1,-1,-1,1,1,-1,1,1,-1|./seeds/seed_009.txt
12,11,9,13,19,20,8,18,10,17,7,14,1,21,22,0,4,6,3,2,15,5,16|-1,-1,-1,-1,-1,-1,-1,-1,-1,-1,-1,-1,-1,-1,-1,-1,1,-1,1,1,-1,1,-1|./seeds/seed_007.txt
11,10,6,12,1,9,8,5,7,0,13,2,4,3,14,15,20,16,19,17,18,21,22|-1,-1,-1,-1,-1,-1,-1,-1,-1,-1,-1,-1,-1,-1,-1,-1,-1,-1,-1,-1,-1,-1,-1|./seeds/seed_001.txt
11,10,6,12,1,9,8,0,5,7,2,13,4,3,14,15,20,16,19,17,18,22,21|-1,-1,-1,-1,-1,-1,-1,-1,-1,-1,-1,-1,-1,-1,-1,-1,-1,-1,-1,-1,-1,1,-1|./seeds/seed_010.txt
5,10,7,9,6,12,11,14,4,8,22,3,21,16,15,2,18,17,0,13,19,20,1|1,1,1,1,1,1,1,1,1,1,1,1,1,1,1,1,1,1,1,-1,-1,1,1|./seeds/seed_011.txt
5,10,9,7,6,12,14,4,11,3,22,8,21,2,16,15,13,18,0,17,19,1,20|1,1,1,1,1,1,1,1,1,1,1,1,1,1,1,1,-1,1,1,1,-1,1,1|./seeds/seed_005.txt
17,18,21,20,19,22,16,9,15,7,3,2,10,4,5,1,0,11,8,14,13,6,12|-1,-1,-1,-1,-1,-1,-1,1,-1,1,1,1,1,1,1,1,1,1,1,-1,-1,1,1|./seeds/seed_002.txt
17,18,21,20,22,19,9,16,7,15,10,3,2,4,5,8,1,11,0,12,14,6,13|-1,-1,-1,-1,-1,-1,1,-1,1,-1,1,1,1,1,1,1,1,1,1,1,-1,1,-1|./seeds/seed_006.txt
21,18,16,15,17,22,14,20,19,9,11,12,8,6,5,13,7,10,1,4,0,3,2|1,1,1,1,1,1,1,1,1,-1,-1,-1,-1,1,1,-1,-1,-1,-1,1,1,1,-1|./seeds/seed_008.txt
16,21,15,17,18,22,14,20,19,9,12,11,8,13,5,6,7,10,1,4,3,0,2|1,1,1,1,1,1,1,1,1,-1,-1,-1,-1,-1,1,1,-1,-1,-1,1,1,1,-1|./seeds/seed_011.txt
5,6,4,15,3,2,17,13,16,20,18,0,14,19,7,21,1,22,8,10,9,11,12|1,1,1,1,1,1,1,-1,1,1,1,1,1,1,1,1,1,1,1,1,1,-1,1|./seeds/seed_009.txt
5,6,4,3,2,13,15,0,17,16,20,18,19,14,1,7,21,22,8,9,10,11,12|1,1,1,1,1,-1,1,1,1,1,1,1,1,1,1,1,1,1,1,1,1,-1,-1|./seeds/seed_006.txt
21,22,9,17,7,18,10,11,8,20,12,2,19,3,1,4,0,16,5,6,15,14,13|-1,-1,1,-1,1,-1,1,1,1,-1,1,1,-1,1,1,1,1,-1,1,1,-1,1,1|./seeds/seed_000.txt
21,22,17,9,18,7,20,2,10,19,11,1,3,12,8,4,0,16,5,6,15,14,13|-1,-1,-1,1,-1,1,-1,1,1,-1,1,1,1,1,1,1,1,-1,1,1,-1,1,-1|./seeds/seed_005.txt
17,18,21,20,22,19,16,15,2,1,0,9,4,3,8,10,7,11,12,14,6,5,13|1,1,1,1,1,1,1,1,-1,-1,-1,-1,-1,-1,-1,-1,-1,-1,-1,1,-1,-1,-1|./seeds/seed_001.txt
17,18,21,20,22,19,16,15,9,2,1,0,4,3,8,10,7,11,12,6,5,14,13|1,1,1,1,1,1,1,1,-1,-1,-1,-1,-1,-1,-1,-1,-1,-1,-1,-1,-1,1,-1|./seeds/seed_004.txt
5,6,4,13,3,2,0,14,7,8,1,21,22,12,11,16,19,18,15,10,17,20,9|-1,-1,-1,1,-1,-1,-1,1,-1,-1,-1,-1,-1,1,1,-1,1,-1,-1,-1,-1,1,-1|./seeds/seed_008.txt
5,13,6,4,3,2,0,14,7,1,8,12,11,21,22,19,16,15,20,18,10,17,9|-1,1,-1,-1,-1,-1,-1,1,-1,-1,-1,1,1,-1,-1,1,-1,-1,1,-1,-1,-1,1|./seeds/seed_002.txt
18,21,14,22,17,20,13,19,10,6,15,5,0,12,16,7,8,11,3,2,4,9,1|-1,-1,1,-1,-1,-1,-1,-1,1,-1,1,-1,-1,1,1,1,-1,1,1,1,1,-1,1|./seeds/seed_005.txt
18,21,14,17,22,10,20,19,6,13,15,0,12,11,7,5,16,1,9,4,8,2,3|-1,-1,1,-1,-1,1,-1,-1,-1,-1,1,-1,1,1,1,-1,1,-1,1,-1,1,-1,1|./seeds/seed_010.txt
6,5,4,0,2,1,3,7,8,9,14,15,10,16,12,18,20,11,19,17,21,22,13|-1,-1,-1,-1,-1,-1,-1,-1,-1,-1,-1,-1,-1,-1,-1,-1,-1,-1,-1,-1,-1,-1,1|./seeds/seed_011.txt
6,5,4,2,0,1,3,7,8,9,10,14,15,12,16,11,20,18,19,17,21,22,13|-1,-1,-1,-1,-1,-1,-1,-1,-1,-1,-1,-1,-1,-1,-1,-1,-1,-1,-1,-1,-1,-1,1|./seeds/seed_004.txt
0,1,13,2,9,8,12,3,11,6,4,7,5,10,14,15,20,17,19,16,18,22,21|-1,-1,-1,-1,-1,-1,-1,-1,-1,-1,-1,-1,-1,-1,-1,-1,-1,-1,-1,-1,-1,-1,-1|./seeds/seed_008.txt
1,0,13,2,4,3,9,8,12,11,6,10,7,5,14,15,20,16,19,17,18,22,21|-1,-1,-1,-1,-1,-1,-1,-1,-1,-1,-1,-1,-1,-1,-1,-1,-1,-1,-1,-1,-1,-1,-1|./seeds/seed_007.txt
13,17,5,18,19,3,4,22,21,2,20,14,12,11,6,0,16,10,15,8,9,1,7|1,1,-1,1,1,-1,-1,1,1,-1,1,1,1,1,-1,-1,1,1,1,1,1,-1,-1|./seeds/seed_004.txt
13,17,18,19,21,22,3,4,5,20,2,14,12,11,16,6,0,10,15,8,7,9,1|1,1,1,1,1,1,-1,-1,-1,1,-1,1,1,1,1,-1,-1,1,1,1,-1,1,-1|./seeds/seed_008.txt
12,11,13,1,9,0,8,20,6,19,18,17,7,10,22,14,2,4,21,3,16,5,15|-1,-1,-1,-1,-1,-1,-1,-1,-1,-1,-1,-1,-1,-1,-1,-1,-1,-1,-1,-1,1,-1,-1|./seeds/seed_001.txt
12,11,13,1,9,0,8,6,20,19,18,7,17,10,22,2,4,14,21,3,16,5,15|-1,-1,-1,-1,-1,-1,-1,-1,-1,-1,-1,-1,-1,-1,-1,-1,-1,-1,-1,-1,1,-1,-1|./seeds/seed_006.txt
13,5,6,16,22,15,21,18,12,17,4,3,11,7,1,20,2,19,10,14,0,9,8|1,-1,-1,-1,-1,-1,-1,-1,1,-1,-1,-1,1,-1,1,-1,-1,-1,1,1,1,1,1|./seeds/seed_007.txt
13,5,6,16,22,15,21,18,12,4,17,3,11,20,7,1,2,19,10,9,8,14,0|1,-1,-1,-1,-1,-1,-1,-1,1,-1,-1,-1,1,-1,-1,1,-1,-1,1,1,1,1,-1|./seeds/seed_002.txt
10,12,11,9,8,13,7,1,6,0,15,14,16,20,19,5,18,17,3,21,2,22,4|1,1,1,1,1,1,1,1,1,1,-1,1,-1,-1,-1,1,-1,-1,-1,1,-1,1,1|./seeds/seed_005.txt
10,12,11,9,8,13,7,1,6,0,15,14,16,20,19,18,5,17,3,2,4,21,22|1,1,1,1,1,1,1,1,1,1,-1,1,-1,-1,-1,-1,1,-1,-1,-1,-1,1,-1|./seeds/seed_004.txt
17,18,21,20,22,19,10,12,11,16,9,15,8,13,7,1,0,14,5,2,3,6,4|-1,-1,-1,-1,-1,-1,1,1,1,-1,1,-1,1,1,1,1,1,-1,-1,1,1,1,1|./seeds/seed_011.txt
17,18,21,20,22,19,10,11,12,9,16,15,8,13,7,1,0,5,14,2,6,3,4|-1,-1,-1,-1,-1,-1,1,1,1,1,-1,-1,1,1,1,1,1,-1,-1,1,1,1,1|./seeds/seed_001.txt
21,22,17,9,18,7,20,10,2,11,19,8,12,3,1,4,16,0,5,15,6,14,13|-1,-1,-1,1,-1,1,-1,1,1,1,-1,1,1,1,1,1,-1,1,1,-1,1,1,-1|./seeds/seed_003.txt
21,22,17,18,9,7,20,10,2,11,19,12,8,3,1,16,4,0,5,15,6,14,13|-1,-1,-1,-1,1,1,-1,1,1,1,-1,1,1,1,1,-1,1,1,1,-1,1,1,1|./seeds/seed_009.txt
0,1,6,9,2,5,4,10,3,7,8,11,12,19,17,20,18,22,21,16,15,13,14|-1,-1,-1,-1,-1,-1,-1,-1,-1,-1,-1,-1,-1,1,1,1,1,1,1,1,1,-1,1|./seeds/seed_006.txt
0,9,6,1,2,5,4,10,7,3,8,11,12,19,17,20,18,22,21,16,13,15,14|-1,-1,-1,-1,-1,-1,-1,-1,-1,-1,-1,-1,-1,1,1,1,1,1,1,1,-1,1,1|./seeds/seed_009.txt
13,18,17,21,22,20,5,12,11,19,6,1,16,10,15,9,8,2,14,0,7,4,3|1,-1,-1,-1,-1,-1,-1,1,1,-1,-1,1,-1,1,-1,1,1,1,1,1,-1,-1,-1|./seeds/seed_009.txt
13,18,17,21,22,20,5,12,11,19,6,1,16,10,15,9,8,2,0,14,7,4,3|1,-1,-1,-1,-1,-1,-1,1,1,-1,-1,1,-1,1,-1,1,1,1,1,1,-1,-1,-1|./seeds/seed_007.txt
13,5,6,16,22,15,12,21,18,17,4,3,11,7,1,20,2,19,10,14,0,9,8|1,-1,-1,-1,-1,-1,1,-1,-1,-1,-1,-1,1,-1,1,-1,-1,-1,1,1,1,1,1|./seeds/seed_001.txt
13,5,16,6,22,15,21,18,17,4,12,3,7,11,20,1,2,19,10,9,8,14,0|1,-1,-1,-1,-1,-1,-1,-1,-1,-1,1,-1,-1,1,-1,1,-1,-1,1,-1,-1,1,1|./seeds/seed_000.txt
21,22,6,14,13,12,17,9,2,5,11,18,3,1,4,15,7,16,10,0,20,8,19|-1,-1,-1,1,1,1,-1,1,1,-1,1,-1,1,1,1,1,1,1,1,1,-1,1,-1|./seeds/seed_008.txt
21,22,6,14,13,12,5,9,11,17,2,18,3,1,15,4,16,7,10,8,19,0,20|-1,-1,-1,1,1,1,-1,1,1,-1,1,-1,1,1,1,1,1,1,1,1,1,1,-1|./seeds/seed_009.txt
11,12,1,13,0,2,9,8,6,4,10,7,14,3,5,20,15,19,18,16,17,22,21|-1,-1,-1,-1,-1,-1,-1,-1,-1,-1,-1,-1,-1,-1,-1,-1,-1,-1,-1,-1,-1,-1,-1|./seeds/seed_008.txt
11,12,1,13,0,9,2,8,10,4,6,7,3,14,5,19,20,15,16,18,17,22,21|-1,-1,-1,-1,-1,-1,-1,-1,-1,-1,-1,-1,-1,-1,-1,-1,-1,-1,-1,-1,-1,-1,-1|./seeds/seed_011.txt
12,11,13,9,19,20,18,17,8,10,7,1,14,21,22,0,5,3,6,4,16,15,2|1,1,1,1,1,1,1,1,1,1,1,1,1,1,1,1,-1,-1,1,-1,1,1,-1|./seeds/seed_005.txt
12,11,13,9,8,19,18,20,17,10,7,1,14,21,22,0,3,5,4,2,16,15,6|1,1,1,1,1,1,1,1,1,1,1,1,1,1,1,1,-1,-1,-1,-1,1,1,1|./seeds/seed_006.txt
5,21,16,17,13,18,15,22,20,1,19,12,11,9,6,0,8,14,4,10,3,7,2|1,1,1,1,-1,1,1,1,1,-1,1,-1,-1,-1,1,-1,-1,1,1,-1,1,-1,-1|./seeds/seed_007.txt
5,21,17,16,18,13,15,22,20,1,19,12,11,9,6,0,8,14,3,4,10,2,7|1,1,1,1,1,-1,1,1,1,-1,1,-1,-1,-1,1,-1,-1,1,1,1,-1,-1,1|./seeds/seed_006.txt
17,18,21,22,20,19,10,16,9,15,7,11,2,12,3,5,4,8,1,13,0,6,14|-1,-1,-1,-1,-1,-1,1,-1,1,-1,1,1,1,1,1,1,1,1,1,-1,1,1,-1|./seeds/seed_004.txt
17,18,21,22,20,19,10,9,16,11,7,12,15,2,5,3,8,4,1,6,0,13,14|-1,-1,-1,-1,-1,-1,1,1,-1,1,1,1,-1,1,1,1,1,1,1,1,1,-1,1|./seeds/seed_010.txt
1,13,0,2,9,8,3,4,12,11,6,10,7,5,14,15,20,16,19,17,18,22,21|-1,-1,-1,-1,-1,-1,-1,-1,-1,-1,-1,-1,-1,-1,-1,-1,-1,-1,-1,-1,-1,-1,-1|./seeds/seed_003.txt
1,0,13,2,3,9,4,8,12,11,6,10,7,5,14,15,20,19,16,18,17,22,21|-1,-1,-1,-1,-1,-1,-1,-1,-1,-1,-1,-1,-1,-1,-1,-1,-1,-1,-1,-1,-1,-1,-1|./seeds/seed_011.txt
21,22,14,6,13,5,12,9,11,17,2,3,18,1,15,4,16,7,10,0,19,8,20|-1,-1,1,-1,1,-1,1,1,1,-1,1,1,-1,1,1,1,1,1,1,1,1,1,-1|./seeds/seed_005.txt
21,22,6,14,13,12,5,9,11,17,2,18,3,15,1,7,4,16,10,8,19,20,0|-1,-1,-1,1,1,1,-1,1,1,-1,1,-1,1,1,1,1,1,1,1,1,1,-1,-1|./seeds/seed_007.txt
6,9,15,16,8,1,0,7,10,12,11,20,14,19,18,17,13,22,5,21,2,4,3|-1,-1,1,1,-1,-1,-1,-1,-1,-1,-1,1,1,1,1,1,-1,1,-1,1,-1,-1,-1|./seeds/seed_007.txt
6,15,9,16,1,0,8,7,10,12,11,20,14,19,17,18,13,22,5,21,2,4,3|-1,1,-1,1,-1,-1,-1,-1,-1,-1,-1,1,1,1,1,1,-1,1,-1,1,-1,-1,-1|./seeds/seed_010.txt
20,10,19,9,6,7,17,11,18,12,15,5,16,8,13,2,3,14,4,21,22,0,1|-1,1,-1,1,1,1,-1,1,-1,1,-1,1,-1,1,-1,-1,-1,-1,-1,1,1,-1,1|./seeds/seed_004.txt
20,10,19,9,6,7,17,11,18,15,12,5,16,8,13,2,3,14,4,21,22,1,0|-1,1,-1,1,1,1,-1,1,-1,-1,1,1,-1,1,-1,-1,-1,-1,-1,1,1,1,-1|./seeds/seed_005.txt
18,17,21,20,22,19,16,15,10,1,12,11,9,0,8,13,2,7,4,14,6,3,5|-1,-1,-1,-1,-1,-1,-1,-1,1,1,1,1,1,1,1,1,1,1,1,-1,1,1,1|./seeds/seed_006.txt
18,17,20,21,19,22,16,15,10,12,11,1,9,0,8,13,2,6,7,4,3,14,5|-1,-1,-1,-1,-1,-1,-1,-1,1,1,1,1,1,1,1,1,1,1,1,1,1,-1,1|./seeds/seed_000.txt
13,5,6,16,22,15,12,21,18,17,4,3,11,7,1,20,2,19,10,14,0,9,8|1,-1,-1,-1,-1,-1,1,-1,-1,-1,-1,-1,1,-1,1,-1,-1,-1,1,1,1,1,1|./seeds/seed_001.txt
13,5,6,16,12,22,21,15,4,18,3,17,11,7,1,2,20,19,10,14,9,8,0|1,-1,-1,-1,1,-1,-1,-1,-1,-1,-1,-1,1,-1,1,-1,-1,-1,1,1,1,1,1|./seeds/seed_005.txt
13,18,17,21,22,5,12,20,11,19,6,1,10,16,15,9,8,14,2,0,7,4,3|1,-1,-1,-1,-1,-1,1,-1,1,-1,-1,1,1,-1,-1,1,1,1,1,1,-1,-1,1|./seeds/seed_005.txt
13,18,17,21,22,20,5,11,12,19,1,6,16,10,15,9,0,14,2,8,7,4,3|1,-1,-1,-1,-1,-1,-1,1,1,-1,1,-1,-1,1,-1,1,1,1,1,1,-1,-1,1|./seeds/seed_000.txt
5,6,4,3,15,17,16,2,18,13,14,20,0,19,7,1,21,22,8,9,10,11,12|-1,-1,-1,-1,-1,-1,-1,-1,-1,1,-1,-1,-1,-1,-1,-1,-1,-1,-1,-1,-1,-1,-1|./seeds/seed_004.txt
5,6,4,3,13,2,17,15,18,16,0,20,14,19,1,7,21,22,8,9,10,11,12|-1,-1,-1,-1,1,-1,-1,-1,-1,-1,-1,-1,-1,-1,-1,-1,-1,-1,-1,-1,-1,-1,1|./seeds/seed_006.txt
13,5,21,22,18,17,6,20,12,11,19,1,7,14,16,15,10,4,2,0,9,3,8|1,-1,-1,-1,-1,-1,-1,-1,1,1,-1,1,-1,1,-1,-1,1,-1,1,1,1,-1,-1|./seeds/seed_006.txt
13,5,21,22,18,17,6,20,12,11,19,14,1,7,16,10,15,9,4,0,2,3,8|1,-1,-1,-1,-1,-1,-1,-1,1,1,-1,1,1,-1,-1,1,-1,1,-1,1,1,-1,1|./seeds/seed_009.txt
17,16,21,18,22,15,20,19,11,12,9,1,13,14,5,8,10,0,7,4,3,2,6|1,1,1,1,1,1,1,1,-1,-1,-1,-1,-1,1,1,-1,-1,-1,-1,1,1,-1,1|./seeds/seed_002.txt
17,16,18,21,22,15,20,19,11,12,1,9,13,14,5,8,10,0,7,4,3,2,6|1,1,1,1,1,1,1,1,-1,-1,-1,-1,-1,1,1,-1,-1,-1,-1,1,1,-1,-1|./seeds/seed_009.txt
6,1,0,9,7,8,2,10,5,11,4,3,12,13,14,20,15,19,16,18,17,21,22|1,1,1,1,1,1,1,1,1,1,1,1,1,1,1,1,1,1,1,1,1,-1,-1|./seeds/seed_004.txt
6,0,1,7,9,8,2,5,10,11,4,3,12,13,14,15,20,19,16,18,17,21,22|1,1,1,1,1,1,1,1,1,1,1,1,1,1,1,1,1,1,1,1,1,-1,-1|./seeds/seed_002.txt
5,10,7,9,6,12,14,11,4,3,8,22,21,16,2,15,18,13,0,17,19,1,20|1,1,1,1,1,1,1,1,1,1,1,1,1,1,1,1,1,-1,1,1,-1,1,1|./seeds/seed_009.txt
5,10,7,6,9,4,12,14,3,11,22,21,8,16,2,15,0,18,17,13,1,20,19|1,1,1,1,1,1,1,1,1,1,1,1,1,1,1,1,1,1,1,-1,1,1,-1|./seeds/seed_008.txt
5,6,4,0,2,17,18,3,16,15,20,1,19,21,8,7,22,13,9,10,12,11,14|-1,-1,-1,-1,-1,-1,-1,-1,-1,-1,-1,-1,-1,-1,-1,-1,-1,-1,-1,-1,-1,-1,-1|./seeds/seed_006.txt
5,6,4,0,2,3,16,18,17,15,1,20,19,8,7,21,13,22,9,10,12,11,14|-1,-1,-1,-1,-1,-1,-1,-1,-1,-1,-1,-1,-1,-1,-1,-1,-1,-1,-1,-1,-1,-1,-1|./seeds/seed_010.txt
10,11,12,9,13,6,1,8,0,7,2,20,5,17,4,19,15,3,14,18,16,21,22|1,1,1,1,1,1,1,1,1,1,1,-1,1,-1,1,-1,-1,1,1,-1,-1,-1,-1|./seeds/seed_008.txt
10,11,12,9,1,6,0,13,8,20,7,17,19,2,15,18,16,5,4,22,21,3,14|1,1,1,1,1,1,1,1,1,-1,1,-1,-1,1,-1,-1,-1,1,1,-1,-1,1,1|./seeds/seed_010.txt
13,5,21,22,18,17,6,20,12,11,19,14,1,7,16,10,15,9,4,0,2,3,8|1,-1,-1,-1,-1,-1,-1,-1,1,1,-1,1,1,-1,-1,1,-1,1,-1,1,1,-1,1|./seeds/seed_002.txt
13,5,21,22,18,17,6,12,20,11,14,19,1,7,16,10,15,9,4,0,2,3,8|1,-1,-1,-1,-1,-1,-1,1,-1,1,1,-1,1,-1,-1,1,-1,1,-1,1,1,-1,1|./seeds/seed_005.txt
5,6,4,3,2,13,15,16,17,0,18,20,14,19,1,7,21,22,8,9,10,11,12|-1,-1,-1,-1,-1,1,-1,-1,-1,-1,-1,-1,-1,-1,-1,-1,-1,-1,-1,-1,-1,-1,1|./seeds/seed_010.txt
5,6,4,3,13,17,2,15,16,18,20,0,14,19,1,7,21,22,8,9,10,11,12|-1,-1,-1,-1,1,-1,-1,-1,-1,-1,-1,-1,-1,-1,-1,-1,-1,-1,-1,-1,-1,-1,1|./seeds/seed_001.txt
17,16,15,18,21,22,20,19,1,12,11,9,14,13,5,8,0,10,7,4,3,2,6|1,1,1,1,1,1,1,1,-1,-1,-1,-1,1,-1,1,-1,-1,-1,-1,1,1,-1,-1|./seeds/seed_003.txt
17,16,18,15,21,22,20,19,1,11,12,9,14,13,5,0,8,10,7,4,3,2,6|1,1,1,1,1,1,1,1,-1,-1,-1,-1,1,-1,1,-1,-1,-1,-1,1,1,-1,-1|./seeds/seed_001.txt
13,18,17,21,22,20,5,12,11,19,6,1,16,10,15,9,8,14,0,2,7,4,3|1,-1,-1,-1,-1,-1,-1,1,1,-1,-1,1,-1,1,-1,1,1,1,1,1,-1,-1,-1|./seeds/seed_001.txt
13,18,17,21,22,20,5,12,11,19,1,6,16,10,15,9,8,2,0,14,7,4,3|1,-1,-1,-1,-1,-1,-1,1,1,-1,1,-1,-1,1,-1,1,1,1,1,1,-1,-1,-1|./seeds/seed_006.txt
13,17,5,3,4,18,19,22,21,2,20,14,12,11,6,0,10,16,15,8,9,1,7|1,1,-1,-1,-1,1,1,1,1,-1,1,1,1,1,-1,-1,1,1,1,1,1,-1,-1|./seeds/seed_006.txt
13,17,5,3,4,18,19,22,21,2,20,14,12,11,6,0,16,10,15,8,9,1,7|1,1,-1,-1,-1,1,1,1,1,-1,1,1,1,1,-1,-1,1,1,1,1,1,-1,-1|./seeds/seed_010.txt
17,18,20,21,22,19,16,15,13,1,10,11,12,9,8,0,5,2,4,14,7,3,6|-1,-1,-1,-1,-1,-1,-1,-1,1,1,1,1,1,1,1,1,-1,1,1,-1,1,1,-1|./seeds/seed_007.txt
17,18,20,21,22,19,16,13,15,1,10,11,12,9,8,0,5,2,7,14,4,3,6|-1,-1,-1,-1,-1,-1,-1,1,-1,1,1,1,1,1,1,1,-1,1,1,-1,1,1,-1|./seeds/seed_009.txt
5,20,17,18,15,6,16,13,19,21,22,4,3,2,0,7,14,1,8,12,11,10,9|-1,-1,-1,-1,-1,-1,-1,1,-1,-1,-1,-1,-1,-1,-1,-1,-1,-1,-1,1,1,1,-1|./seeds/seed_008.txt
13,5,17,20,15,16,6,18,19,4,21,22,3,2,0,12,7,14,11,10,9,1,8|1,-1,-1,-1,-1,-1,-1,-1,-1,-1,-1,-1,-1,-1,-1,1,-1,-1,1,1,1,-1,1|./seeds/seed_003.txt
18,19,20,17,21,14,12,9,11,22,7,15,16,10,2,1,8,13,4,3,5,6,0|1,1,1,1,1,1,1,1,1,1,1,1,1,1,-1,1,1,1,-1,-1,-1,1,1|./seeds/seed_004.txt
18,17,19,20,21,14,12,11,22,9,15,7,16,10,1,2,8,13,4,3,6,5,0|1,1,1,1,1,1,1,1,1,1,1,1,1,1,1,-1,1,1,-1,-1,1,-1,1|./seeds/seed_002.txt
5,13,6,4,3,2,0,14,7,1,8,12,11,21,22,19,16,15,20,18,10,17,9|-1,1,-1,-1,-1,-1,-1,1,-1,-1,-1,1,1,-1,-1,1,-1,-1,1,-1,-1,-1,1|./seeds/seed_002.txt
5,13,6,4,3,2,0,14,7,1,12,11,8,19,21,22,20,16,15,18,9,10,17|-1,1,-1,-1,-1,-1,-1,1,-1,-1,1,1,-1,1,-1,-1,1,-1,-1,-1,1,-1,-1|./seeds/seed_003.txt
21,22,6,14,13,12,5,9,11,17,2,18,3,15,1,7,4,16,10,8,19,20,0|-1,-1,-1,1,1,1,-1,1,1,-1,1,-1,1,1,1,1,1,1,1,1,1,-1,-1|./seeds/seed_007.txt
21,22,6,14,13,12,9,5,11,17,2,3,18,15,1,7,16,4,10,8,19,0,20|-1,-1,-1,1,1,1,1,-1,1,-1,1,1,-1,1,1,1,1,1,1,1,1,-1,-1|./seeds/seed_001.txt
10,12,9,11,7,14,6,8,21,5,22,1,17,2,3,18,16,13,4,20,15,19,0|1,1,1,1,1,1,1,1,1,1,1,1,1,-1,-1,1,1,1,-1,1,1,1,1|./seeds/seed_009.txt
10,9,12,11,7,14,8,6,5,21,22,2,17,3,16,1,18,13,4,15,19,20,0|1,1,1,1,1,1,1,1,1,1,1,-1,1,-1,1,1,1,1,-1,1,1,1,1|./seeds/seed_010.txt
12,11,13,9,19,20,18,17,8,10,7,1,14,21,22,0,5,3,4,6,15,16,2|1,1,1,1,1,1,1,1,1,1,1,1,1,1,1,1,-1,-1,-1,1,1,1,-1|./seeds/seed_004.txt
12,11,13,9,20,19,18,17,8,10,7,1,14,21,22,0,6,3,5,4,16,15,2|1,1,1,1,1,1,1,1,1,1,1,1,1,1,1,1,1,-1,-1,-1,1,1,-1|./seeds/seed_002.txt
5,13,6,4,3,2,14,0,7,8,1,19,12,11,21,22,20,16,15,10,18,17,9|-1,1,-1,-1,-1,-1,1,-1,-1,-1,-1,1,1,1,-1,-1,1,-1,-1,-1,-1,1,1|./seeds/seed_005.txt
5,13,6,4,3,2,0,14,1,11,12,7,8,21,22,19,15,16,20,9,18,17,10|-1,1,-1,-1,-1,-1,-1,1,-1,1,1,-1,-1,-1,-1,1,-1,-1,1,1,-1,-1,-1|./seeds/seed_006.txt
18,19,20,17,12,21,14,9,11,22,7,15,16,10,8,2,13,1,4,3,5,6,0|1,1,1,1,1,1,1,1,1,1,1,1,1,1,1,-1,1,1,-1,-1,-1,1,-1|./seeds/seed_000.txt
19,18,20,17,12,14,21,9,11,7,22,15,16,10,8,2,13,1,4,3,5,0,6|1,1,1,1,1,1,1,1,1,1,1,1,1,1,1,-1,1,1,-1,-1,-1,-1,1|./seeds/seed_010.txt
10,12,9,11,7,14,6,8,21,5,22,1,17,2,3,18,16,13,4,20,15,19,0|1,1,1,1,1,1,1,1,1,1,1,1,1,-1,-1,1,1,1,-1,1,1,1,1|./seeds/seed_009.txt
10,12,9,11,7,14,6,8,5,21,22,17,2,1,3,16,18,13,4,15,20,19,0|1,1,1,1,1,1,1,1,1,1,1,1,-1,1,-1,1,1,1,-1,1,1,1,1|./seeds/seed_011.txt
17,16,18,21,22,15,20,19,11,12,1,9,13,14,5,8,10,0,7,4,3,2,6|1,1,1,1,1,1,1,1,-1,-1,-1,-1,-1,1,1,-1,-1,-1,-1,1,1,-1,-1|./seeds/seed_009.txt
17,16,18,15,21,22,20,19,1,12,11,9,14,13,5,0,8,10,7,4,2,3,6|1,1,1,1,1,1,1,1,-1,-1,-1,-1,1,-1,1,-1,-1,-1,-1,1,-1,1,-1|./seeds/seed_006.txt
5,6,15,2,4,3,17,16,18,20,14,0,19,7,13,1,21,22,8,10,9,12,11|1,1,1,1,1,1,1,1,1,1,1,1,1,1,-1,1,1,1,1,1,1,1,1|./seeds/seed_008.txt
5,6,4,3,2,13,15,17,0,16,20,18,14,19,1,7,21,22,8,9,10,11,12|1,1,1,1,1,-1,1,1,1,1,1,1,1,1,1,1,1,1,1,1,1,-1,-1|./seeds/seed_001.txt
6,15,9,16,1,0,8,7,10,12,11,20,14,19,17,18,13,22,5,21,2,4,3|-1,1,-1,1,-1,-1,-1,-1,-1,-1,-1,1,1,1,1,1,-1,1,-1,1,-1,-1,-1|./seeds/seed_010.txt
6,9,8,1,15,7,16,0,10,12,11,13,19,20,14,5,18,17,2,22,4,21,3|-1,-1,-1,-1,1,-1,1,-1,-1,-1,-1,-1,1,1,1,-1,1,1,-1,1,-1,1,-1|./seeds/seed_008.txt
17,18,21,20,19,22,16,9,15,2,3,7,4,10,5,1,0,13,11,8,14,6,12|-1,-1,-1,-1,-1,-1,-1,1,-1,1,1,1,1,1,1,1,1,-1,1,1,-1,1,1|./seeds/seed_008.txt
17,18,21,20,19,22,9,16,15,7,10,3,2,4,5,1,0,8,11,14,13,6,12|-1,-1,-1,-1,-1,-1,1,-1,-1,1,1,1,1,1,1,1,1,1,1,-1,-1,1,1|./seeds/seed_003.txt
6,0,1,7,5,2,9,8,4,10,3,11,12,14,13,20,15,19,18,17,16,22,21|1,1,1,1,1,1,1,1,1,1,1,1,1,1,1,1,1,1,1,1,1,1,1|./seeds/seed_008.txt
6,0,1,2,9,7,5,4,8,3,10,11,12,13,14,20,15,19,18,16,17,21,22|1,1,1,1,1,1,1,1,1,1,1,1,1,1,1,1,1,1,1,1,1,-1,-1|./seeds/seed_006.txt
17,18,21,22,20,19,10,9,16,15,11,7,12,2,3,5,4,8,1,13,0,6,14|-1,-1,-1,-1,-1,-1,1,1,-1,-1,1,1,1,1,1,1,1,1,1,-1,1,1,-1|./seeds/seed_007.txt
17,18,21,22,20,19,10,16,9,15,11,2,7,3,12,5,4,8,1,0,13,14,6|-1,-1,-1,-1,-1,-1,1,-1,1,-1,1,1,1,1,1,1,1,1,1,1,-1,-1,1|./seeds/seed_002.txt
6,5,4,0,2,1,3,7,8,9,15,14,10,16,12,18,20,11,19,17,21,22,13|-1,-1,-1,-1,-1,-1,-1,-1,-1,-1,-1,-1,-1,-1,-1,-1,-1,-1,-1,-1,-1,-1,1|./seeds/seed_006.txt
6,5,4,0,2,1,3,7,8,9,14,15,20,16,18,10,12,11,17,19,21,22,13|-1,-1,-1,-1,-1,-1,-1,-1,-1,-1,-1,-1,-1,-1,-1,-1,-1,-1,-1,-1,-1,-1,-1|./seeds/seed_008.txt
17,18,21,20,22,19,10,12,11,16,9,15,8,13,7,1,0,14,5,2,3,4,6|-1,-1,-1,-1,-1,-1,1,1,1,-1,1,-1,1,1,1,1,1,-1,-1,1,1,1,1|./seeds/seed_009.txt
17,18,21,20,22,19,10,11,12,9,16,15,8,13,7,1,0,5,14,2,6,3,4|-1,-1,-1,-1,-1,-1,1,1,1,1,-1,-1,1,1,1,1,1,-1,-1,1,1,1,1|./seeds/seed_001.txt
17,18,20,21,19,22,16,15,2,14,3,4,1,9,0,5,8,7,10,6,11,12,13|1,1,1,1,1,1,1,1,-1,1,-1,-1,-1,-1,-1,-1,-1,-1,-1,-1,-1,-1,1|./seeds/seed_007.txt
17,18,21,20,19,22,16,2,15,14,3,4,9,1,5,0,8,7,10,6,11,12,13|1,1,1,1,1,1,1,-1,1,1,-1,-1,-1,-1,-1,-1,-1,-1,-1,-1,-1,-1,1|./seeds/seed_008.txt
11,12,1,13,0,2,9,8,4,6,10,3,7,14,5,20,19,15,18,16,17,22,21|-1,-1,-1,-1,-1,-1,-1,-1,-1,-1,-1,-1,-1,-1,-1,-1,-1,-1,-1,-1,-1,-1,-1|./seeds/seed_006.txt
11,12,1,13,0,9,2,8,10,4,6,7,14,3,5,15,20,19,18,16,17,22,21|-1,-1,-1,-1,-1,-1,-1,-1,-1,-1,-1,-1,-1,-1,-1,-1,-1,-1,-1,-1,-1,-1,-1|./seeds/seed_009.txt
20,10,19,9,6,7,17,11,18,12,15,5,16,8,2,13,3,14,4,21,22,0,1|-1,1,-1,1,1,1,-1,1,-1,1,-1,1,-1,1,-1,-1,-1,-1,-1,1,1,-1,1|./seeds/seed_009.txt
20,10,19,9,6,7,17,11,18,15,12,5,16,8,13,2,3,14,4,21,22,1,0|-1,1,-1,1,1,1,-1,1,-1,-1,1,1,-1,1,-1,-1,-1,-1,-1,1,1,1,-1|./seeds/seed_005.txt
13,5,21,22,18,17,6,20,11,12,19,14,1,7,16,10,15,4,0,2,9,3,8|1,-1,-1,-1,-1,-1,-1,-1,1,1,-1,1,1,-1,-1,1,-1,-1,1,1,1,-1,-1|./seeds/seed_010.txt
13,5,21,22,18,17,6,20,12,11,19,14,1,7,16,10,15,9,4,0,2,3,8|1,-1,-1,-1,-1,-1,-1,-1,1,1,-1,1,1,-1,-1,1,-1,1,-1,1,1,-1,1|./seeds/seed_009.txt
10,11,6,12,1,9,8,7,0,5,13,2,4,3,14,15,16,20,19,17,18,22,21|-1,-1,-1,-1,-1,-1,-1,-1,-1,-1,-1,-1,-1,-1,-1,-1,-1,-1,-1,-1,-1,1,-1|./seeds/seed_005.txt
11,10,6,12,1,9,8,5,7,0,13,2,4,3,14,15,20,16,19,17,18,21,22|-1,-1,-1,-1,-1,-1,-1,-1,-1,-1,-1,-1,-1,-1,-1,-1,-1,-1,-1,-1,-1,-1,-1|./seeds/seed_001.txt
17,18,20,19,21,22,16,15,10,9,11,12,14,7,8,1,2,5,0,6,13,4,3|-1,-1,-1,-1,-1,-1,-1,-1,1,1,1,1,-1,1,1,1,1,1,1,1,-1,1,1|./seeds/seed_002.txt
17,18,20,19,21,22,16,15,10,9,11,12,7,8,14,5,1,6,2,0,3,13,4|-1,-1,-1,-1,-1,-1,-1,-1,1,1,1,1,1,1,-1,1,1,1,1,1,-1,-1,1|./seeds/seed_000.txt
6,5,0,1,4,9,3,2,7,8,12,11,10,15,18,17,20,13,16,19,21,22,14|-1,-1,-1,-1,-1,-1,-1,-1,-1,-1,-1,-1,-1,-1,-1,-1,-1,-1,-1,-1,-1,-1,-1|./seeds/seed_007.txt
6,5,0,1,9,4,7,2,8,3,12,11,10,15,18,17,20,16,13,19,14,21,22|-1,-1,-1,-1,-1,-1,-1,-1,-1,-1,-1,-1,-1,-1,-1,-1,-1,-1,-1,-1,-1,-1,-1|./seeds/seed_008.txt
9,7,12,10,8,11,6,1,0,5,13,2,3,4,14,16,15,19,18,20,17,22,21|-1,-1,-1,-1,-1,-1,-1,-1,-1,-1,-1,-1,-1,-1,-1,-1,-1,-1,-1,-1,-1,1,1|./seeds/seed_000.txt
9,12,10,7,8,11,6,1,0,13,5,2,3,4,14,16,15,19,18,20,17,21,22|-1,-1,-1,-1,-1,-1,-1,-1,-1,-1,-1,-1,-1,-1,-1,-1,-1,-1,-1,-1,-1,-1,-1|./seeds/seed_002.txt
12,11,1,13,0,9,8,6,20,19,18,7,17,10,4,2,3,14,22,21,16,5,15|-1,-1,-1,-1,-1,-1,-1,-1,-1,-1,-1,-1,-1,-1,-1,-1,-1,-1,-1,-1,1,-1,1|./seeds/seed_000.txt
12,11,13,20,9,17,18,8,19,1,6,0,7,10,14,22,21,4,2,3,15,5,16|-1,-1,-1,-1,-1,-1,-1,-1,-1,-1,-1,-1,-1,-1,-1,-1,-1,-1,-1,-1,-1,-1,-1|./seeds/seed_008.txt
11,6,10,12,1,9,8,5,0,7,2,13,4,3,14,15,20,16,19,17,18,21,22|-1,-1,-1,-1,-1,-1,-1,-1,-1,-1,-1,-1,-1,-1,-1,-1,-1,-1,-1,-1,-1,-1,-1|./seeds/seed_006.txt
6,11,10,12,1,9,0,5,8,2,7,4,3,13,14,15,16,20,19,17,18,22,21|-1,-1,-1,-1,-1,-1,-1,-1,-1,-1,-1,-1,-1,-1,-1,-1,-1,-1,-1,-1,-1,1,1|./seeds/seed_000.txt
17,18,21,20,19,22,16,9,15,7,3,10,2,4,5,1,0,8,11,14,6,13,12|-1,-1,-1,-1,-1,-1,-1,1,-1,1,1,1,1,1,1,1,1,1,1,-1,1,-1,1|./seeds/seed_009.txt
17,18,21,20,22,19,9,16,7,10,15,3,2,5,4,8,11,1,0,12,6,14,13|-1,-1,-1,-1,-1,-1,1,-1,1,1,-1,1,1,1,1,1,1,1,1,1,1,-1,-1|./seeds/seed_000.txt
13,17,5,19,18,3,4,22,21,2,20,14,12,11,6,0,16,10,15,8,9,7,1|1,1,-1,1,1,-1,-1,1,1,-1,1,1,1,1,-1,-1,1,1,1,1,1,-1,-1|./seeds/seed_009.txt
13,17,5,18,19,3,4,22,21,2,20,14,12,11,6,0,16,10,15,8,9,1,7|1,1,-1,1,1,-1,-1,1,1,-1,1,1,1,1,-1,-1,1,1,1,1,1,-1,-1|./seeds/seed_003.txt
17,18,20,21,19,22,16,15,2,14,3,4,1,9,0,5,8,7,10,6,11,12,13|1,1,1,1,1,1,1,1,-1,1,-1,-1,-1,-1,-1,-1,-1,-1,-1,-1,-1,-1,1|./seeds/seed_007.txt
17,18,20,21,19,22,16,15,14,2,3,4,1,0,9,5,8,7,10,6,11,12,13|1,1,1,1,1,1,1,1,1,-1,-1,-1,-1,-1,-1,-1,-1,-1,-1,-1,-1,-1,1|./seeds/seed_011.txt
17,18,21,20,22,19,10,12,11,16,9,15,8,13,7,1,0,14,5,2,3,6,4|-1,-1,-1,-1,-1,-1,1,1,1,-1,1,-1,1,1,1,1,1,-1,-1,1,1,1,1|./seeds/seed_011.txt
17,18,21,20,22,19,10,12,16,11,15,9,13,8,1,7,0,14,5,2,3,4,6|-1,-1,-1,-1,-1,-1,1,1,-1,1,-1,1,1,1,1,1,1,-1,-1,1,1,1,1|./seeds/seed_002.txt
5,6,4,16,17,18,0,2,3,15,20,19,1,8,7,21,13,22,9,10,11,12,14|-1,-1,-1,-1,-1,-1,-1,-1,-1,-1,-1,-1,-1,-1,-1,-1,-1,-1,-1,-1,-1,-1,-1|./seeds/seed_003.txt
5,6,4,16,17,18,0,15,2,20,3,19,1,8,7,21,22,13,9,10,11,12,14|-1,-1,-1,-1,-1,-1,-1,-1,-1,-1,-1,-1,-1,-1,-1,-1,-1,-1,-1,-1,-1,-1,-1|./seeds/seed_009.txt
6,9,15,16,8,1,0,7,10,12,11,20,14,19,18,17,13,22,5,21,2,4,3|-1,-1,1,1,-1,-1,-1,-1,-1,-1,-1,1,1,1,1,1,-1,1,-1,1,-1,-1,-1|./seeds/seed_011.txt
6,15,9,16,1,0,8,7,10,12,11,20,14,19,17,18,13,22,5,21,2,4,3|-1,1,-1,1,-1,-1,-1,-1,-1,-1,-1,1,1,1,1,1,-1,1,-1,1,-1,-1,-1|./seeds/seed_006.txt
