relative_time_sec,total_execs,coverage_seen,coverage_percent,interesting_test_cases,corpus_size,unique_bugs,unique_crashes,validity_bugs,functional_bugs,bonus_bugs
60.000000,159354,1311.000000,2.000427,147,147,14,5,14,0,0
66.000000,169098,1311.000000,2.000427,148,148,14,5,14,0,0
71.000000,184604,1311.000000,2.000427,150,150,14,5,14,0,0
76.000000,195659,1311.000000,2.000427,151,151,15,5,15,0,0
81.000000,208339,1311.000000,2.000427,151,151,15,5,15,0,0
86.000000,223803,1312.000000,2.001953,152,152,16,5,16,0,0
91.000000,239177,1312.000000,2.001953,153,153,16,5,16,0,0
96.000000,253440,1312.000000,2.001953,156,156,16,5,16,0,0
101.000000,267518,1312.000000,2.001953,157,157,18,5,18,0,0
106.000000,282612,1312.000000,2.001953,157,157,18,5,18,0,0
111.000000,292606,1312.000000,2.001953,157,157,19,5,19,0,0
116.000000,303340,1314.000000,2.005005,159,159,19,5,19,0,0
121.000000,316341,1314.000000,2.005005,159,159,19,5,19,0,0
127.000000,326456,1314.000000,2.005005,159,159,19,5,19,0,0
132.000000,334235,1314.000000,2.005005,159,159,19,5,19,0,0
137.000000,341853,1314.000000,2.005005,159,159,19,5,19,0,0
142.000000,349920,1314.000000,2.005005,159,159,20,5,20,0,0
147.000000,356828,1314.000000,2.005005,160,160,20,5,20,0,0
152.000000,370069,1314.000000,2.005005,160,160,20,5,20,0,0
157.000000,384932,1314.000000,2.005005,160,160,20,5,20,0,0
162.000000,397759,1314.000000,2.005005,160,160,21,5,21,0,0
167.000000,405727,1314.000000,2.005005,160,160,21,5,21,0,0
172.000000,411600,1314.000000,2.005005,160,160,21,5,21,0,0
177.000000,418060,1314.000000,2.005005,160,160,21,5,21,0,0
182.000000,430054,1323.000000,2.018738,161,161,21,5,21,0,0
188.000000,442181,1323.000000,2.018738,161,161,31,6,31,0,0
193.000000,454320,1323.000000,2.018738,161,161,31,6,31,0,0
198.000000,460695,1323.000000,2.018738,161,161,219,8,219,0,0
203.000000,462836,1323.000000,2.018738,162,162,414,8,414,0,0
208.000000,469184,1323.000000,2.018738,162,162,636,8,636,0,0
213.000000,475273,1323.000000,2.018738,163,163,701,8,701,0,0
218.000000,488865,1323.000000,2.018738,163,163,701,8,701,0,0
223.000000,501975,1323.000000,2.018738,163,163,704,9,704,0,0
229.000000,516865,1323.000000,2.018738,163,163,708,9,708,0,0
234.000000,524579,1323.000000,2.018738,163,163,708,9,708,0,0
239.000000,533449,1323.000000,2.018738,163,163,729,9,729,0,0
244.000000,540862,1323.000000,2.018738,163,163,779,9,779,0,0
249.000000,552154,1323.000000,2.018738,164,164,779,10,779,0,0
254.000000,566335,1323.000000,2.018738,164,164,789,10,789,0,0
260.000000,578288,1323.000000,2.018738,165,165,855,10,855,0,0
265.000000,592298,1323.000000,2.018738,165,165,857,10,857,0,0
270.000000,605718,1323.000000,2.018738,166,166,860,11,860,0,0
275.000000,619435,1323.000000,2.018738,166,166,865,12,865,0,0
280.000000,629402,1323.000000,2.018738,166,166,869,12,869,0,0
285.000000,641173,1323.000000,2.018738,167,167,934,13,934,0,0
290.000000,655507,1323.000000,2.018738,167,167,935,13,935,0,0
296.000000,669661,1323.000000,2.018738,168,168,939,13,939,0,0
301.000000,678444,1323.000000,2.018738,168,168,1006,13,1006,0,0
306.000000,690566,1323.000000,2.018738,169,169,1042,13,1042,0,0
311.000000,698935,1323.000000,2.018738,169,169,1084,13,1084,0,0
316.000000,712584,1323.000000,2.018738,169,169,1085,13,1085,0,0
321.000000,719965,1323.000000,2.018738,169,169,1094,13,1094,0,0
327.000000,729371,1323.000000,2.018738,172,172,1156,13,1156,0,0
332.000000,740342,1323.000000,2.018738,172,172,1191,13,1191,0,0
337.000000,753655,1323.000000,2.018738,172,172,1197,13,1197,0,0
342.000000,767119,1323.000000,2.018738,172,172,1199,13,1199,0,0
347.000000,777740,1323.000000,2.018738,172,172,1200,13,1200,0,0
352.000000,791647,1323.000000,2.018738,172,172,1200,13,1200,0,0
357.000000,803216,1323.000000,2.018738,172,172,1216,14,1216,0,0
362.000000,809810,1323.000000,2.018738,172,172,1258,14,1258,0,0
367.000000,819291,1323.000000,2.018738,172,172,1260,14,1260,0,0
373.000000,833933,1323.000000,2.018738,172,172,1273,15,1273,0,0
379.000000,844208,1323.000000,2.018738,174,174,1275,15,1275,0,0
384.000000,855530,1323.000000,2.018738,174,174,1279,15,1279,0,0
389.000000,867016,1323.000000,2.018738,174,174,1280,15,1280,0,0
394.000000,880610,1323.000000,2.018738,174,174,1282,15,1282,0,0
399.000000,894595,1323.000000,2.018738,174,174,1292,15,1292,0,0
404.000000,908491,1323.000000,2.018738,174,174,1295,15,1295,0,0
409.000000,922310,1323.000000,2.018738,174,174,1298,15,1298,0,0
415.000000,931068,1323.000000,2.018738,174,174,1330,15,1330,0,0
420.000000,943742,1323.000000,2.018738,174,174,1343,15,1343,0,0
425.000000,950021,1323.000000,2.018738,174,174,1349,15,1349,0,0
430.000000,960019,1323.000000,2.018738,175,175,1359,15,1359,0,0
435.000000,968961,1323.000000,2.018738,175,175,1407,15,1407,0,0
440.000000,980831,1323.000000,2.018738,175,175,1416,15,1416,0,0
446.000000,991010,1323.000000,2.018738,175,175,1463,16,1463,0,0
451.000000,1002285,1323.000000,2.018738,175,175,1510,17,1510,0,0
456.000000,1014799,1323.000000,2.018738,175,175,1543,17,1543,0,0
461.000000,1028035,1323.000000,2.018738,175,175,1550,17,1550,0,0
466.000000,1041841,1323.000000,2.018738,175,175,1554,17,1554,0,0
471.000000,1055829,1323.000000,2.018738,175,175,1559,17,1559,0,0
476.000000,1069974,1323.000000,2.018738,176,176,1563,18,1563,0,0
481.000000,1080594,1323.000000,2.018738,176,176,1566,18,1566,0,0
487.000000,1094966,1323.000000,2.018738,176,176,1566,18,1566,0,0
492.000000,1105939,1323.000000,2.018738,176,176,1643,18,1643,0,0
497.000000,1113647,1323.000000,2.018738,176,176,1643,18,1643,0,0
502.000000,1126226,1323.000000,2.018738,176,176,1645,18,1645,0,0
507.000000,1139941,1323.000000,2.018738,176,176,1647,18,1647,0,0
513.000000,1151649,1323.000000,2.018738,176,176,1648,18,1648,0,0
518.000000,1165635,1323.000000,2.018738,177,177,1655,18,1655,0,0
523.000000,1179926,1326.000000,2.023315,178,178,1660,18,1660,0,0
528.000000,1193406,1326.000000,2.023315,181,181,1661,18,1661,0,0
533.000000,1205130,1326.000000,2.023315,181,181,1670,18,1670,0,0
538.000000,1214988,1327.000000,2.024841,182,182,1673,18,1673,0,0
543.000000,1224426,1328.000000,2.026367,183,183,1675,18,1675,0,0
549.000000,1230646,1328.000000,2.026367,183,183,1835,18,1835,0,0
554.000000,1244480,1328.000000,2.026367,183,183,1835,18,1835,0,0
559.000000,1256833,1328.000000,2.026367,183,183,1839,18,1839,0,0
564.000000,1263014,1328.000000,2.026367,184,184,1870,18,1870,0,0
569.000000,1275324,1328.000000,2.026367,184,184,1872,18,1872,0,0
574.000000,1288239,1328.000000,2.026367,184,184,1876,18,1876,0,0
580.000000,1300336,1328.000000,2.026367,184,184,1876,18,1876,0,0
585.000000,1313195,1328.000000,2.026367,186,186,1876,18,1876,0,0
590.000000,1327344,1332.000000,2.032471,187,187,1877,18,1877,0,0
595.000000,1340722,1332.000000,2.032471,188,188,1878,18,1878,0,0
601.000000,1354724,1332.000000,2.032471,189,189,1891,19,1891,0,0
606.000000,1368446,1332.000000,2.032471,191,191,1902,19,1894,0,8
611.000000,1376344,1332.000000,2.032471,191,191,1914,19,1894,0,20
616.000000,1384330,1332.000000,2.032471,193,193,1917,19,1894,0,23
621.000000,1397266,1332.000000,2.032471,193,193,1926,19,1895,0,31
626.000000,1407622,1332.000000,2.032471,193,193,1932,19,1896,0,36
631.000000,1418927,1332.000000,2.032471,193,193,1938,19,1897,0,41
636.000000,1432176,1332.000000,2.032471,193,193,1952,19,1899,0,53
641.000000,1445202,1332.000000,2.032471,193,193,1960,19,1900,0,60
647.000000,1456505,1332.000000,2.032471,194,194,1973,19,1902,0,71
652.000000,1469910,1332.000000,2.032471,195,195,1980,19,1903,0,77
657.000000,1482057,1332.000000,2.032471,199,199,1990,19,1906,0,84
663.000000,1492761,1332.000000,2.032471,199,199,2033,19,1939,0,94
668.000000,1505088,1332.000000,2.032471,200,200,2080,19,1974,0,106
673.000000,1517631,1332.000000,2.032471,200,200,2092,19,1981,0,111
678.000000,1528407,1332.000000,2.032471,200,200,2101,19,1986,0,115
683.000000,1536151,1332.000000,2.032471,200,200,2110,19,1988,0,122
688.000000,1549367,1332.000000,2.032471,200,200,2118,19,1992,0,126
693.000000,1559633,1334.000000,2.035522,201,201,2135,19,2007,0,128
698.000000,1569847,1335.000000,2.037048,204,204,2139,19,2008,0,131
703.000000,1582682,1339.000000,2.043152,205,205,2142,19,2008,0,134
708.000000,1593567,1339.000000,2.043152,205,205,2212,19,2071,0,141
715.000000,1605260,1339.000000,2.043152,205,205,2228,19,2075,0,153
720.000000,1618646,1339.000000,2.043152,205,205,2233,19,2076,0,157
725.000000,1631441,1339.000000,2.043152,206,206,2242,19,2081,0,161
730.000000,1643610,1339.000000,2.043152,206,206,2251,19,2084,0,167
735.000000,1654060,1339.000000,2.043152,206,206,2256,19,2084,0,172
740.000000,1666188,1339.000000,2.043152,206,206,2262,20,2085,0,177
745.000000,1679535,1339.000000,2.043152,207,207,2271,20,2085,0,186
750.000000,1688705,1339.000000,2.043152,207,207,2273,20,2086,0,187
756.000000,1701857,1339.000000,2.043152,207,207,2291,20,2097,0,194
761.000000,1713742,1339.000000,2.043152,207,207,2295,20,2100,0,195
766.000000,1726238,1339.000000,2.043152,207,207,2303,20,2101,0,202
771.000000,1739012,1339.000000,2.043152,207,207,2311,20,2102,0,209
776.000000,1751470,1339.000000,2.043152,209,209,2317,20,2103,0,214
782.000000,1763085,1339.000000,2.043152,209,209,2333,20,2107,0,226
787.000000,1776474,1339.000000,2.043152,209,209,2349,20,2120,0,229
792.000000,1788675,1339.000000,2.043152,209,209,2356,20,2120,0,236
797.000000,1802160,1339.000000,2.043152,209,209,2363,20,2121,0,242
802.000000,1813282,1339.000000,2.043152,210,210,2407,20,2158,0,249
807.000000,1823846,1339.000000,2.043152,210,210,2458,20,2205,0,253
812.000000,1836486,1339.000000,2.043152,211,211,2488,20,2230,0,258
817.000000,1843740,1339.000000,2.043152,211,211,2493,20,2230,0,263
822.000000,1855374,1339.000000,2.043152,211,211,2504,20,2232,0,272
828.000000,1866071,1339.000000,2.043152,211,211,2538,20,2257,0,281
833.000000,1878248,1339.000000,2.043152,212,212,2547,20,2258,0,289
838.000000,1888838,1339.000000,2.043152,212,212,2560,20,2264,0,296
843.000000,1901995,1339.000000,2.043152,212,212,2572,20,2268,0,304
849.000000,1912496,1339.000000,2.043152,212,212,2631,20,2320,0,311
854.000000,1924753,1339.000000,2.043152,213,213,2638,20,2321,0,317
859.000000,1936033,1339.000000,2.043152,214,214,2694,20,2368,0,326
865.000000,1946438,1339.000000,2.043152,214,214,2775,20,2445,0,330
870.000000,1958996,1339.000000,2.043152,215,215,2788,20,2445,0,343
875.000000,1972256,1339.000000,2.043152,215,215,2794,20,2447,0,347
880.000000,1984289,1339.000000,2.043152,215,215,2808,20,2448,0,360
885.000000,1993758,1339.000000,2.043152,215,215,2817,20,2450,0,367
890.000000,2006305,1339.000000,2.043152,215,215,2823,20,2451,0,372
895.000000,2017456,1339.000000,2.043152,217,217,2830,20,2451,0,379
900.000000,2027945,1339.000000,2.043152,217,217,2839,20,2454,0,385
905.000000,2037081,1340.000000,2.044678,218,218,2843,20,2456,0,387
910.000000,2047734,1340.000000,2.044678,218,218,2850,20,2456,0,394
916.000000,2060515,1340.000000,2.044678,218,218,2856,20,2456,0,400
922.000000,2074876,1340.000000,2.044678,218,218,2861,20,2456,0,405
927.000000,2087118,1341.000000,2.046204,219,219,2872,20,2456,0,416
932.000000,2100038,1341.000000,2.046204,219,219,2895,20,2467,0,428
937.000000,2112695,1341.000000,2.046204,219,219,2925,20,2493,0,432
942.000000,2126028,1341.000000,2.046204,219,219,2940,20,2494,0,446
947.000000,2139924,1341.000000,2.046204,219,219,2946,20,2496,0,450
952.000000,2150130,1341.000000,2.046204,219,219,2948,20,2497,0,451
958.000000,2161503,1341.000000,2.046204,219,219,2955,20,2497,0,458
963.000000,2172988,1341.000000,2.046204,220,220,2964,20,2497,0,467
968.000000,2187260,1341.000000,2.046204,220,220,2975,20,2500,0,475
973.000000,2195705,1341.000000,2.046204,220,220,3035,20,2551,0,484
978.000000,2204465,1341.000000,2.046204,221,221,3048,20,2557,0,491
984.000000,2209689,1341.000000,2.046204,221,221,3170,20,2675,0,495
989.000000,2222099,1341.000000,2.046204,221,221,3173,20,2675,0,498
994.000000,2231094,1341.000000,2.046204,221,221,3179,20,2678,0,501
999.000000,2242852,1341.000000,2.046204,221,221,3182,20,2678,0,504
1004.000000,2249073,1341.000000,2.046204,223,223,3195,20,2687,0,508
1009.000000,2256316,1341.000000,2.046204,223,223,3255,20,2746,0,509
1014.000000,2263502,1341.000000,2.046204,223,223,3255,20,2746,0,509
1019.000000,2268370,1341.000000,2.046204,223,223,3259,20,2748,0,511
1025.000000,2274215,1341.000000,2.046204,223,223,3261,20,2749,0,512
1030.000000,2282110,1341.000000,2.046204,223,223,3264,20,2752,0,512
1035.000000,2288843,1341.000000,2.046204,224,224,3268,20,2753,0,515
1040.000000,2297186,1341.000000,2.046204,224,224,3273,20,2754,0,519
1045.000000,2307220,1341.000000,2.046204,224,224,3281,20,2755,0,526
1051.000000,2316803,1341.000000,2.046204,224,224,3287,20,2755,0,532
1056.000000,2325652,1341.000000,2.046204,226,226,3294,20,2756,0,538
1061.000000,2335066,1341.000000,2.046204,226,226,3308,20,2765,0,543
1067.000000,2344575,1341.000000,2.046204,226,226,3321,20,2770,0,551
1072.000000,2350667,1341.000000,2.046204,227,227,3383,20,2830,0,553
1077.000000,2360358,1341.000000,2.046204,227,227,3390,20,2830,0,560
1082.000000,2369479,1341.000000,2.046204,227,227,3398,20,2832,0,566
1087.000000,2374650,1341.000000,2.046204,227,227,3403,20,2832,0,571
1092.000000,2382272,1341.000000,2.046204,227,227,3438,20,2861,0,577
1098.000000,2388299,1341.000000,2.046204,227,227,3525,20,2944,0,581
1103.000000,2396939,1341.000000,2.046204,227,227,3531,21,2946,0,585
1108.000000,2405167,1341.000000,2.046204,227,227,3540,21,2949,0,591
1113.000000,2413543,1341.000000,2.046204,227,227,3549,21,2953,0,596
1119.000000,2418464,1341.000000,2.046204,228,228,3556,21,2955,0,601
1124.000000,2425120,1341.000000,2.046204,228,228,3561,21,2956,0,605
1129.000000,2433345,1341.000000,2.046204,228,228,3571,21,2956,0,615
1134.000000,2441768,1341.000000,2.046204,228,228,3577,21,2957,0,620
1139.000000,2450055,1342.000000,2.047729,229,229,3634,21,3011,0,623
1144.000000,2459099,1342.000000,2.047729,229,229,3641,21,3011,0,630
1149.000000,2467487,1342.000000,2.047729,229,229,3647,22,3011,0,636
1154.000000,2471225,1342.000000,2.047729,229,229,3656,22,3014,0,642
1160.000000,2479626,1342.000000,2.047729,229,229,3662,22,3015,0,647
1165.000000,2487949,1342.000000,2.047729,229,229,3665,22,3015,0,650
1170.000000,2497649,1342.000000,2.047729,229,229,3670,22,3016,0,654
1175.000000,2506774,1342.000000,2.047729,229,229,3675,22,3017,0,658
1180.000000,2515181,1342.000000,2.047729,229,229,3683,22,3019,0,664
1186.000000,2522875,1342.000000,2.047729,229,229,3690,22,3020,0,670
1191.000000,2531102,1342.000000,2.047729,229,229,3696,22,3020,0,676
1196.000000,2537808,1342.000000,2.047729,229,229,3699,22,3020,0,679
1201.000000,2546488,1342.000000,2.047729,229,229,3704,22,3020,0,684
1207.000000,2559393,1342.000000,2.047729,230,230,3709,22,3020,0,689
1212.000000,2570673,1342.000000,2.047729,230,230,3752,22,3052,0,700
1217.000000,2581169,1342.000000,2.047729,230,230,3796,22,3089,0,707
1222.000000,2589062,1342.000000,2.047729,230,230,3798,22,3089,0,709
1227.000000,2602679,1342.000000,2.047729,230,230,3802,22,3091,0,711
1232.000000,2616056,1342.000000,2.047729,230,230,3819,22,3098,0,721
1237.000000,2628572,1342.000000,2.047729,230,230,3832,22,3099,0,733
1243.000000,2642952,1342.000000,2.047729,230,230,3838,22,3100,0,738
1248.000000,2656434,1342.000000,2.047729,230,230,3851,22,3102,0,749
1254.000000,2669246,1342.000000,2.047729,230,230,3863,22,3106,0,757
1259.000000,2677640,1342.000000,2.047729,230,230,3971,22,3212,0,759
1264.000000,2691029,1342.000000,2.047729,230,230,4000,22,3231,0,769
1269.000000,2704710,1342.000000,2.047729,230,230,4007,22,3231,0,776
1274.000000,2718808,1342.000000,2.047729,230,230,4014,22,3234,0,780
1279.000000,2727531,1342.000000,2.047729,230,230,4017,22,3234,0,783
1284.000000,2734397,1342.000000,2.047729,230,230,4148,22,3360,0,788
1289.000000,2743040,1342.000000,2.047729,230,230,4150,22,3361,0,789
1295.000000,2756671,1342.000000,2.047729,230,230,4153,22,3361,0,792
1300.000000,2769831,1342.000000,2.047729,230,230,4154,22,3362,0,792
1305.000000,2780144,1342.000000,2.047729,230,230,4219,22,3417,0,802
1310.000000,2793046,1342.000000,2.047729,230,230,4230,22,3418,0,812
1315.000000,2805919,1342.000000,2.047729,230,230,4243,22,3419,0,824
1321.000000,2819219,1342.000000,2.047729,230,230,4262,22,3430,0,832
1327.000000,2831723,1342.000000,2.047729,231,231,4275,22,3440,0,835
1332.000000,2843788,1342.000000,2.047729,231,231,4284,22,3443,0,841
1337.000000,2853679,1342.000000,2.047729,231,231,4300,22,3448,0,852
1342.000000,2867029,1342.000000,2.047729,231,231,4310,22,3450,0,860
1347.000000,2877137,1342.000000,2.047729,231,231,4375,22,3507,0,868
1352.000000,2889228,1342.000000,2.047729,231,231,4385,22,3516,0,869
1357.000000,2898469,1342.000000,2.047729,231,231,4391,22,3516,0,875
1362.000000,2912117,1342.000000,2.047729,231,231,4393,22,3517,0,876
1367.000000,2925678,1342.000000,2.047729,232,232,4405,22,3522,0,883
1372.000000,2939984,1342.000000,2.047729,232,232,4411,22,3522,0,889
1378.000000,2954323,1342.000000,2.047729,232,232,4424,22,3522,0,902
1383.000000,2966570,1342.000000,2.047729,232,232,4437,22,3526,0,911
1389.000000,2979223,1342.000000,2.047729,232,232,4445,22,3532,0,913
1394.000000,2992309,1342.000000,2.047729,232,232,4452,22,3536,0,916
1399.000000,3002672,1342.000000,2.047729,232,232,4547,22,3627,0,920
1404.000000,3017010,1342.000000,2.047729,233,233,4555,22,3627,0,928
1409.000000,3025191,1342.000000,2.047729,233,233,4679,22,3745,0,934
1414.000000,3037229,1342.000000,2.047729,233,233,4731,22,3789,0,942
1419.000000,3049040,1342.000000,2.047729,233,233,4734,22,3790,0,944
1425.000000,3058628,1342.000000,2.047729,233,233,4738,22,3792,0,946
1430.000000,3072114,1342.000000,2.047729,233,233,4755,22,3796,0,959
1435.000000,3085588,1342.000000,2.047729,233,233,4764,22,3798,0,966
1440.000000,3098557,1342.000000,2.047729,233,233,4773,22,3799,0,974
1445.000000,3111894,1342.000000,2.047729,233,233,4791,22,3813,0,978
1450.000000,3124288,1342.000000,2.047729,233,233,4802,22,3814,0,988
1457.000000,3137257,1342.000000,2.047729,233,233,4806,22,3814,0,992
1462.000000,3149952,1342.000000,2.047729,233,233,4816,22,3818,0,998
1467.000000,3163146,1342.000000,2.047729,233,233,4825,22,3819,0,1006
1472.000000,3172813,1342.000000,2.047729,233,233,4905,22,3896,0,1009
1477.000000,3182860,1342.000000,2.047729,233,233,5013,22,3993,0,1020
1482.000000,3194695,1342.000000,2.047729,233,233,5024,22,3996,0,1028
1487.000000,3207571,1342.000000,2.047729,233,233,5036,22,3999,0,1037
1492.000000,3216346,1342.000000,2.047729,233,233,5046,22,3999,0,1047
1497.000000,3228967,1342.000000,2.047729,233,233,5057,22,3999,0,1058
1503.000000,3242847,1342.000000,2.047729,233,233,5073,22,4004,0,1069
1508.000000,3255291,1342.000000,2.047729,234,234,5088,22,4010,0,1078
1513.000000,3268307,1342.000000,2.047729,235,235,5093,22,4011,0,1082
1518.000000,3280773,1342.000000,2.047729,238,238,5099,22,4012,0,1087
1524.000000,3294241,1342.000000,2.047729,239,239,5108,22,4013,0,1095
1529.000000,3305765,1342.000000,2.047729,239,239,5112,22,4013,0,1099
1535.000000,3313558,1342.000000,2.047729,239,239,5196,22,4085,0,1111
1540.000000,3325303,1342.000000,2.047729,239,239,5245,22,4129,0,1116
1545.000000,3338169,1342.000000,2.047729,240,240,5254,22,4129,0,1125
1550.000000,3349731,1342.000000,2.047729,240,240,5263,22,4130,0,1133
1555.000000,3362696,1342.000000,2.047729,240,240,5273,22,4132,0,1141
1560.000000,3372792,1342.000000,2.047729,240,240,5278,22,4133,0,1145
1565.000000,3385583,1342.000000,2.047729,240,240,5284,22,4134,0,1150
1570.000000,3392539,1342.000000,2.047729,240,240,5290,22,4135,0,1155
1575.000000,3405113,1342.000000,2.047729,241,241,5296,22,4135,0,1161
1581.000000,3415744,1342.000000,2.047729,241,241,5299,22,4135,0,1164
1586.000000,3426831,1342.000000,2.047729,241,241,5308,22,4135,0,1173
1592.000000,3439024,1342.000000,2.047729,241,241,5319,22,4142,0,1177
1597.000000,3450189,1342.000000,2.047729,241,241,5353,22,4172,0,1181
1602.000000,3463257,1342.000000,2.047729,241,241,5411,22,4225,0,1186
1607.000000,3475972,1342.000000,2.047729,241,241,5422,22,4234,0,1188
1612.000000,3488691,1342.000000,2.047729,241,241,5435,22,4234,0,1201
1617.000000,3501453,1342.000000,2.047729,241,241,5444,22,4239,0,1205
1622.000000,3511301,1342.000000,2.047729,241,241,5490,22,4283,0,1207
1628.000000,3520573,1342.000000,2.047729,241,241,5514,22,4300,0,1214
1633.000000,3531661,1342.000000,2.047729,241,241,5522,22,4303,0,1219
1638.000000,3541887,1342.000000,2.047729,241,241,5531,22,4304,0,1227
1643.000000,3551340,1342.000000,2.047729,241,241,5640,22,4408,0,1232
1648.000000,3563991,1342.000000,2.047729,241,241,5652,22,4411,0,1241
1653.000000,3577982,1342.000000,2.047729,241,241,5659,22,4412,0,1247
1659.000000,3591278,1342.000000,2.047729,241,241,5669,22,4412,0,1257
1665.000000,3605211,1342.000000,2.047729,241,241,5674,22,4414,0,1260
1670.000000,3617905,1342.000000,2.047729,241,241,5687,22,4417,0,1270
1675.000000,3631326,1342.000000,2.047729,241,241,5692,22,4419,0,1273
1680.000000,3643493,1342.000000,2.047729,241,241,5702,22,4421,0,1281
1685.000000,3655582,1342.000000,2.047729,241,241,5713,22,4422,0,1291
1690.000000,3669396,1342.000000,2.047729,241,241,5721,22,4424,0,1297
1695.000000,3675201,1342.000000,2.047729,241,241,5729,22,4428,0,1301
1700.000000,3686344,1342.000000,2.047729,241,241,5877,22,4572,0,1305
1705.000000,3699896,1342.000000,2.047729,241,241,5889,22,4573,0,1316
1710.000000,3710369,1342.000000,2.047729,241,241,5963,22,4640,0,1323
1715.000000,3724039,1342.000000,2.047729,241,241,5978,22,4646,0,1332
1721.000000,3737459,1342.000000,2.047729,241,241,5986,22,4646,0,1340
1727.000000,3750988,1342.000000,2.047729,241,241,5992,22,4648,0,1344
1732.000000,3765630,1342.000000,2.047729,241,241,5996,22,4650,0,1346
1737.000000,3778906,1342.000000,2.047729,241,241,6004,22,4651,0,1353
1742.000000,3791714,1342.000000,2.047729,241,241,6029,22,4668,0,1361
1747.000000,3802722,1342.000000,2.047729,241,241,6035,22,4668,0,1367
1752.000000,3810810,1342.000000,2.047729,241,241,6127,22,4756,0,1371
1758.000000,3820620,1342.000000,2.047729,242,242,6301,22,4925,0,1376
1763.000000,3829540,1342.000000,2.047729,242,242,6305,22,4925,0,1380
1768.000000,3842741,1342.000000,2.047729,242,242,6360,22,4976,0,1384
1773.000000,3856286,1342.000000,2.047729,242,242,6367,22,4977,0,1390
1778.000000,3869652,1342.000000,2.047729,242,242,6374,22,4979,0,1395
1783.000000,3883100,1342.000000,2.047729,242,242,6392,22,4988,0,1404
1788.000000,3896781,1342.000000,2.047729,242,242,6399,22,4988,0,1411
1795.000000,3906555,1342.000000,2.047729,242,242,6415,22,4994,0,1421
1800.000000,3919049,1342.000000,2.047729,242,242,6424,22,4995,0,1429
1805.000000,3929884,1342.000000,2.047729,242,242,6431,22,4995,0,1436
1810.000000,3940866,1342.000000,2.047729,242,242,6439,22,4995,0,1444
1815.000000,3952414,1342.000000,2.047729,242,242,6454,22,4999,0,1455
1820.000000,3963134,1342.000000,2.047729,242,242,6509,22,5051,0,1458
1825.000000,3976216,1342.000000,2.047729,242,242,6521,22,5055,0,1466
1830.000000,3984828,1342.000000,2.047729,242,242,6526,22,5056,0,1470
1835.000000,3996225,1342.000000,2.047729,242,242,6537,22,5058,0,1479
1840.000000,4008298,1342.000000,2.047729,242,242,6547,22,5061,0,1486
1845.000000,4020864,1342.000000,2.047729,242,242,6557,22,5063,0,1494
1851.000000,4034062,1342.000000,2.047729,242,242,6576,22,5072,0,1504
1856.000000,4044069,1342.000000,2.047729,242,242,6587,22,5072,0,1515
1862.000000,4054365,1342.000000,2.047729,242,242,6600,22,5080,0,1520
1867.000000,4064318,1342.000000,2.047729,242,242,6603,22,5081,0,1522
1873.000000,4073688,1342.000000,2.047729,242,242,6615,22,5084,0,1531
1878.000000,4080449,1342.000000,2.047729,242,242,6619,22,5084,0,1535
1883.000000,4088293,1342.000000,2.047729,242,242,6620,22,5084,0,1536
1888.000000,4096501,1342.000000,2.047729,242,242,6628,22,5084,0,1544
1893.000000,4101840,1342.000000,2.047729,242,242,6703,22,5154,0,1549
1898.000000,4108694,1342.000000,2.047729,242,242,6729,22,5178,0,1551
1903.000000,4117980,1342.000000,2.047729,242,242,6738,22,5183,0,1555
1908.000000,4127125,1342.000000,2.047729,242,242,6740,22,5183,0,1557
1913.000000,4135966,1342.000000,2.047729,242,242,6746,22,5184,0,1562
1918.000000,4145887,1342.000000,2.047729,242,242,6752,22,5184,0,1568
1923.000000,4155246,1342.000000,2.047729,242,242,6756,22,5184,0,1572
1928.000000,4162287,1342.000000,2.047729,242,242,6759,22,5186,0,1573
1933.000000,4164346,1342.000000,2.047729,242,242,6832,22,5254,0,1578
1938.000000,4171847,1342.000000,2.047729,242,242,6867,22,5286,0,1581
1944.000000,4179243,1342.000000,2.047729,243,243,6872,22,5286,0,1586
1949.000000,4186091,1342.000000,2.047729,243,243,6889,22,5303,0,1586
1954.000000,4193794,1342.000000,2.047729,243,243,6966,22,5377,0,1589
1959.000000,4202494,1342.000000,2.047729,243,243,6970,22,5379,0,1591
1964.000000,4209111,1342.000000,2.047729,243,243,6973,22,5380,0,1593
1969.000000,4218284,1342.000000,2.047729,243,243,6978,23,5383,0,1595
1974.000000,4224895,1342.000000,2.047729,243,243,6983,23,5385,0,1598
1979.000000,4238135,1342.000000,2.047729,243,243,6989,23,5385,0,1604
1985.000000,4251282,1342.000000,2.047729,243,243,7005,23,5385,0,1620
1990.000000,4263731,1342.000000,2.047729,243,243,7024,23,5393,0,1631
1995.000000,4275919,1342.000000,2.047729,243,243,7059,23,5420,0,1639
2000.000000,4285081,1342.000000,2.047729,243,243,7073,23,5431,0,1642
2005.000000,4298542,1342.000000,2.047729,243,243,7083,23,5435,0,1648
2010.000000,4309983,1342.000000,2.047729,243,243,7091,23,5436,0,1655
2015.000000,4322776,1342.000000,2.047729,243,243,7096,23,5437,0,1659
2020.000000,4335717,1342.000000,2.047729,243,243,7110,23,5439,0,1671
2025.000000,4349179,1342.000000,2.047729,243,243,7119,23,5440,0,1679
2031.000000,4360978,1342.000000,2.047729,246,246,7136,23,5444,0,1692
2036.000000,4375358,1342.000000,2.047729,246,246,7140,23,5445,0,1695
2041.000000,4386964,1342.000000,2.047729,246,246,7189,23,5486,0,1703
2047.000000,4400761,1342.000000,2.047729,246,246,7202,23,5486,0,1716
2052.000000,4413601,1342.000000,2.047729,246,246,7247,23,5526,0,1721
2057.000000,4427632,1342.000000,2.047729,246,246,7256,23,5530,0,1726
2062.000000,4442317,1342.000000,2.047729,246,246,7259,23,5531,0,1728
2067.000000,4452252,1342.000000,2.047729,246,246,7265,23,5531,0,1734
2072.000000,4464070,1342.000000,2.047729,246,246,7286,23,5547,0,1739
2077.000000,4475805,1342.000000,2.047729,246,246,7291,23,5548,0,1743
2082.000000,4489007,1342.000000,2.047729,247,247,7307,23,5554,0,1753
2088.000000,4502957,1342.000000,2.047729,247,247,7312,23,5554,0,1758
2093.000000,4516186,1342.000000,2.047729,247,247,7327,23,5559,0,1768
2099.000000,4529822,1342.000000,2.047729,247,247,7331,23,5560,0,1771
2104.000000,4543269,1342.000000,2.047729,247,247,7336,23,5563,0,1773
2109.000000,4556462,1342.000000,2.047729,247,247,7350,23,5568,0,1782
2114.000000,4569963,1342.000000,2.047729,247,247,7354,23,5568,0,1786
2119.000000,4583829,1342.000000,2.047729,247,247,7359,23,5570,0,1789
2124.000000,4596981,1342.000000,2.047729,247,247,7371,23,5575,0,1796
2129.000000,4610867,1342.000000,2.047729,247,247,7391,23,5579,0,1812
2134.000000,4620142,1342.000000,2.047729,247,247,7400,23,5580,0,1820
2140.000000,4630193,1342.000000,2.047729,247,247,7426,23,5601,0,1825
2145.000000,4640613,1342.000000,2.047729,247,247,7544,23,5715,0,1829
2150.000000,4652088,1342.000000,2.047729,247,247,7551,23,5715,0,1836
2155.000000,4661047,1342.000000,2.047729,247,247,7557,23,5715,0,1842
2160.000000,4674311,1342.000000,2.047729,247,247,7571,23,5715,0,1856
2165.000000,4687624,1342.000000,2.047729,247,247,7577,23,5715,0,1862
2170.000000,4689684,1342.000000,2.047729,248,248,7583,23,5716,0,1867
2175.000000,4698627,1342.000000,2.047729,248,248,7669,23,5800,0,1869
2180.000000,4712317,1342.000000,2.047729,248,248,7672,23,5800,0,1872
2185.000000,4725923,1342.000000,2.047729,248,248,7683,23,5802,0,1881
2190.000000,4739385,1342.000000,2.047729,248,248,7691,23,5803,0,1888
2196.000000,4753880,1342.000000,2.047729,248,248,7703,23,5806,0,1897
2201.000000,4762957,1342.000000,2.047729,248,248,7707,23,5807,0,1900
2206.000000,4772285,1342.000000,2.047729,248,248,7761,23,5858,0,1903
2211.000000,4780226,1342.000000,2.047729,248,248,7846,23,5939,0,1907
2216.000000,4793383,1342.000000,2.047729,248,248,7937,23,6026,0,1911
2221.000000,4807416,1342.000000,2.047729,249,249,7942,23,6026,0,1916
2226.000000,4819806,1342.000000,2.047729,249,249,7957,23,6033,0,1924
2231.000000,4831920,1342.000000,2.047729,249,249,7965,23,6033,0,1932
2236.000000,4839437,1342.000000,2.047729,249,249,7969,23,6034,0,1935
2241.000000,4851677,1342.000000,2.047729,249,249,7979,23,6038,0,1941
2246.000000,4866124,1342.000000,2.047729,249,249,7988,23,6038,0,1950
2251.000000,4878250,1342.000000,2.047729,249,249,8001,23,6039,0,1962
2257.000000,4891276,1342.000000,2.047729,249,249,8020,23,6048,0,1972
2262.000000,4905047,1342.000000,2.047729,249,249,8027,23,6049,0,1978
2268.000000,4917217,1342.000000,2.047729,249,249,8037,23,6050,0,1987
2273.000000,4929833,1342.000000,2.047729,249,249,8041,23,6050,0,1991
2278.000000,4942717,1342.000000,2.047729,250,250,8052,23,6051,0,2001
2283.000000,4956517,1342.000000,2.047729,250,250,8058,23,6052,0,2006
2288.000000,4969708,1342.000000,2.047729,251,251,8071,23,6052,0,2019
2294.000000,4982672,1342.000000,2.047729,251,251,8076,23,6052,0,2024
2299.000000,4990395,1342.000000,2.047729,251,251,8266,23,6237,0,2029
2304.000000,4997535,1342.000000,2.047729,251,251,8290,23,6258,0,2032
2309.000000,5009976,1342.000000,2.047729,251,251,8325,23,6289,0,2036
2314.000000,5019673,1342.000000,2.047729,251,251,8383,23,6340,0,2043
2319.000000,5034146,1342.000000,2.047729,251,251,8430,23,6384,0,2046
2324.000000,5047963,1342.000000,2.047729,251,251,8438,23,6385,0,2053
2329.000000,5057637,1342.000000,2.047729,251,251,8502,23,6449,0,2053
2334.000000,5067964,1342.000000,2.047729,251,251,8602,23,6544,0,2058
2339.000000,5076391,1342.000000,2.047729,251,251,8608,23,6545,0,2063
2344.000000,5090174,1342.000000,2.047729,252,252,8614,23,6545,0,2069
2349.000000,5102605,1342.000000,2.047729,252,252,8627,23,6549,0,2078
2354.000000,5115611,1342.000000,2.047729,252,252,8629,23,6550,0,2079
2359.000000,5129107,1342.000000,2.047729,252,252,8635,23,6552,0,2083
2364.000000,5140251,1342.000000,2.047729,252,252,8642,23,6553,0,2089
2369.000000,5147929,1342.000000,2.047729,252,252,8759,23,6667,0,2092
2375.000000,5160059,1342.000000,2.047729,252,252,8763,23,6670,0,2093
2380.000000,5169919,1342.000000,2.047729,252,252,8769,23,6670,0,2099
2385.000000,5183177,1342.000000,2.047729,252,252,8782,23,6672,0,2110
2390.000000,5196552,1342.000000,2.047729,252,252,8788,23,6673,0,2115
2395.000000,5209820,1342.000000,2.047729,252,252,8829,23,6708,0,2121
2400.000000,5222935,1342.000000,2.047729,252,252,8836,23,6708,0,2128
2405.000000,5231148,1342.000000,2.047729,252,252,8841,23,6709,0,2132
2410.000000,5245354,1342.000000,2.047729,252,252,8842,23,6709,0,2133
2415.000000,5258800,1342.000000,2.047729,252,252,8844,23,6709,0,2135
2420.000000,5271416,1342.000000,2.047729,252,252,8853,23,6711,0,2142
2426.000000,5282874,1342.000000,2.047729,252,252,8859,23,6715,0,2144
2431.000000,5293519,1342.000000,2.047729,252,252,8871,23,6717,0,2154
2437.000000,5303193,1342.000000,2.047729,252,252,8982,23,6822,0,2160
2442.000000,5316835,1342.000000,2.047729,252,252,8987,23,6823,0,2164
2447.000000,5326686,1342.000000,2.047729,252,252,9077,23,6906,0,2171
2452.000000,5340102,1342.000000,2.047729,252,252,9086,23,6907,0,2179
2457.000000,5352420,1342.000000,2.047729,252,252,9135,23,6950,0,2185
2463.000000,5365437,1342.000000,2.047729,252,252,9146,23,6950,0,2196
2468.000000,5369339,1342.000000,2.047729,252,252,9151,23,6955,0,2196
2473.000000,5373062,1342.000000,2.047729,252,252,9151,23,6955,0,2196
2478.000000,5381793,1342.000000,2.047729,252,252,9154,23,6955,0,2199
2483.000000,5389770,1342.000000,2.047729,252,252,9160,23,6957,0,2203
2488.000000,5399248,1342.000000,2.047729,252,252,9167,23,6958,0,2209
2493.000000,5405640,1342.000000,2.047729,252,252,9171,23,6960,0,2211
2498.000000,5416955,1342.000000,2.047729,252,252,9180,23,6960,0,2220
2505.000000,5425042,1342.000000,2.047729,252,252,9194,23,6964,0,2230
2510.000000,5436764,1342.000000,2.047729,252,252,9198,23,6964,0,2234
2515.000000,5450067,1342.000000,2.047729,252,252,9206,23,6966,0,2240
2520.000000,5463763,1342.000000,2.047729,252,252,9210,23,6967,0,2243
2525.000000,5473081,1342.000000,2.047729,253,253,9217,23,6968,0,2249
2530.000000,5481645,1342.000000,2.047729,253,253,9220,23,6969,0,2251
2535.000000,5490404,1342.000000,2.047729,253,253,9223,23,6969,0,2254
2540.000000,5496807,1342.000000,2.047729,253,253,9225,23,6969,0,2256
2545.000000,5508526,1342.000000,2.047729,253,253,9234,23,6969,0,2265
2550.000000,5520468,1342.000000,2.047729,253,253,9240,23,6970,0,2270
2555.000000,5533747,1342.000000,2.047729,253,253,9241,23,6970,0,2271
2560.000000,5541609,1342.000000,2.047729,253,253,9244,23,6971,0,2273
2566.000000,5551424,1342.000000,2.047729,253,253,9249,23,6972,0,2277
2571.000000,5563741,1342.000000,2.047729,253,253,9254,23,6976,0,2278
2576.000000,5572386,1342.000000,2.047729,253,253,9258,23,6977,0,2281
2581.000000,5585391,1342.000000,2.047729,253,253,9263,23,6978,0,2285
2586.000000,5598988,1342.000000,2.047729,253,253,9270,23,6978,0,2292
2591.000000,5612080,1342.000000,2.047729,253,253,9281,23,6985,0,2296
2596.000000,5620649,1342.000000,2.047729,253,253,9302,23,7003,0,2299
2601.000000,5631822,1342.000000,2.047729,253,253,9384,23,7080,0,2304
2606.000000,5633374,1342.000000,2.047729,253,253,9445,23,7141,0,2304
2612.000000,5645271,1342.000000,2.047729,253,253,9461,23,7148,0,2313
2617.000000,5658405,1342.000000,2.047729,253,253,9463,23,7148,0,2315
2622.000000,5670954,1342.000000,2.047729,253,253,9469,23,7149,0,2320
2627.000000,5678341,1342.000000,2.047729,253,253,9470,23,7149,0,2321
2632.000000,5689694,1342.000000,2.047729,253,253,9474,23,7151,0,2323
2637.000000,5699762,1342.000000,2.047729,253,253,9479,23,7151,0,2328
2642.000000,5707896,1342.000000,2.047729,253,253,9480,23,7151,0,2329
2647.000000,5719914,1342.000000,2.047729,253,253,9485,23,7151,0,2334
2652.000000,5728942,1342.000000,2.047729,253,253,9492,23,7153,0,2339
2657.000000,5740540,1342.000000,2.047729,253,253,9499,24,7154,0,2345
2662.000000,5751073,1342.000000,2.047729,253,253,9503,24,7156,0,2347
2668.000000,5760196,1342.000000,2.047729,253,253,9510,24,7157,0,2353
2674.000000,5770869,1342.000000,2.047729,253,253,9513,24,7159,0,2354
2679.000000,5783057,1342.000000,2.047729,253,253,9516,24,7159,0,2357
2684.000000,5796804,1342.000000,2.047729,253,253,9521,24,7159,0,2362
2689.000000,5810780,1342.000000,2.047729,253,253,9530,24,7161,0,2369
2694.000000,5824558,1342.000000,2.047729,253,253,9532,24,7161,0,2371
2699.000000,5838474,1342.000000,2.047729,253,253,9534,24,7161,0,2373
2704.000000,5852490,1342.000000,2.047729,253,253,9538,24,7161,0,2377
2709.000000,5861526,1342.000000,2.047729,253,253,9544,24,7163,0,2381
2715.000000,5875127,1342.000000,2.047729,253,253,9565,24,7178,0,2387
2720.000000,5888650,1342.000000,2.047729,253,253,9571,24,7181,0,2390
2725.000000,5901305,1342.000000,2.047729,253,253,9576,24,7181,0,2395
2730.000000,5915064,1342.000000,2.047729,253,253,9581,24,7183,0,2398
2735.000000,5926356,1342.000000,2.047729,253,253,9589,24,7183,0,2406
2740.000000,5938975,1342.000000,2.047729,253,253,9602,24,7187,0,2415
2745.000000,5948270,1342.000000,2.047729,253,253,9607,24,7187,0,2420
2750.000000,5960352,1342.000000,2.047729,253,253,9612,24,7188,0,2424
2755.000000,5969911,1342.000000,2.047729,253,253,9637,24,7211,0,2426
2760.000000,5982746,1342.000000,2.047729,253,253,9718,24,7286,0,2432
2765.000000,5995752,1342.000000,2.047729,253,253,9721,24,7287,0,2434
2770.000000,6008215,1342.000000,2.047729,253,253,9731,24,7287,0,2444
2775.000000,6016429,1342.000000,2.047729,253,253,9738,24,7287,0,2451
2781.000000,6027723,1342.000000,2.047729,253,253,9739,24,7287,0,2452
2786.000000,6039610,1342.000000,2.047729,253,253,9745,24,7287,0,2458
2791.000000,6051027,1342.000000,2.047729,253,253,9751,24,7290,0,2461
2796.000000,6055756,1342.000000,2.047729,253,253,9753,24,7291,0,2462
2801.000000,6064374,1342.000000,2.047729,254,254,9757,24,7291,0,2466
2806.000000,6076658,1342.000000,2.047729,254,254,9757,24,7291,0,2466
2811.000000,6084212,1342.000000,2.047729,254,254,9762,24,7293,0,2469
2816.000000,6095953,1342.000000,2.047729,254,254,9772,24,7295,0,2477
2821.000000,6107105,1342.000000,2.047729,254,254,9776,24,7296,0,2480
2826.000000,6117332,1342.000000,2.047729,254,254,9780,24,7298,0,2482
2831.000000,6124999,1342.000000,2.047729,254,254,9902,24,7418,0,2484
2836.000000,6131997,1342.000000,2.047729,254,254,9975,24,7488,0,2487
2841.000000,6143159,1342.000000,2.047729,254,254,9980,24,7488,0,2492
2846.000000,6150391,1342.000000,2.047729,254,254,9985,24,7488,0,2497
2852.000000,6159684,1342.000000,2.047729,254,254,9996,24,7491,0,2505
2857.000000,6171763,1342.000000,2.047729,254,254,10000,24,7491,0,2509
2862.000000,6184231,1342.000000,2.047729,254,254,10007,24,7493,0,2514
2867.000000,6195343,1342.000000,2.047729,254,254,10010,24,7493,0,2517
2872.000000,6206737,1342.000000,2.047729,254,254,10016,24,7494,0,2522
2877.000000,6213837,1342.000000,2.047729,254,254,10021,24,7495,0,2526
2882.000000,6224867,1342.000000,2.047729,254,254,10040,24,7509,0,2531
2887.000000,6236879,1342.000000,2.047729,254,254,10052,24,7517,0,2535
2892.000000,6248927,1342.000000,2.047729,255,255,10060,24,7521,0,2539
2897.000000,6260461,1342.000000,2.047729,255,255,10069,24,7521,0,2548
2902.000000,6271510,1342.000000,2.047729,255,255,10082,24,7528,0,2554
2907.000000,6283103,1342.000000,2.047729,255,255,10092,24,7530,0,2562
2913.000000,6291420,1342.000000,2.047729,255,255,10096,24,7532,0,2564
2918.000000,6302314,1342.000000,2.047729,255,255,10097,24,7532,0,2565
2923.000000,6313843,1342.000000,2.047729,255,255,10105,24,7533,0,2572
2928.000000,6325143,1342.000000,2.047729,257,257,10110,24,7534,0,2576
2933.000000,6333046,1342.000000,2.047729,257,257,10112,24,7534,0,2578
2938.000000,6343360,1342.000000,2.047729,257,257,10115,24,7534,0,2581
2943.000000,6354175,1342.000000,2.047729,257,257,10119,24,7534,0,2585
2948.000000,6359429,1342.000000,2.047729,257,257,10121,24,7534,0,2587
2953.000000,6369867,1342.000000,2.047729,257,257,10127,24,7534,0,2593
2958.000000,6380378,1342.000000,2.047729,257,257,10169,24,7567,0,2602
2963.000000,6389722,1342.000000,2.047729,257,257,10199,24,7594,0,2605
2968.000000,6402263,1342.000000,2.047729,257,257,10200,24,7595,0,2605
2973.000000,6410284,1342.000000,2.047729,257,257,10265,24,7660,0,2605
2978.000000,6418405,1342.000000,2.047729,257,257,10267,24,7660,0,2607
2984.000000,6430997,1342.000000,2.047729,257,257,10271,24,7661,0,2610
2989.000000,6442425,1342.000000,2.047729,257,257,10277,24,7662,0,2615
2994.000000,6454289,1342.000000,2.047729,257,257,10284,24,7662,0,2622
2999.000000,6463852,1342.000000,2.047729,257,257,10294,24,7664,0,2630
3004.000000,6474551,1342.000000,2.047729,257,257,10297,24,7664,0,2633
3009.000000,6486729,1342.000000,2.047729,257,257,10302,24,7665,0,2637
3014.000000,6494626,1342.000000,2.047729,257,257,10308,24,7666,0,2642
3019.000000,6504205,1342.000000,2.047729,257,257,10311,24,7668,0,2643
3024.000000,6515087,1342.000000,2.047729,257,257,10316,24,7668,0,2648
3029.000000,6526368,1342.000000,2.047729,257,257,10321,24,7670,0,2651
3034.000000,6538201,1342.000000,2.047729,257,257,10327,24,7672,0,2655
3039.000000,6550016,1342.000000,2.047729,257,257,10331,24,7673,0,2658
3044.000000,6560071,1342.000000,2.047729,257,257,10403,24,7741,0,2662
3049.000000,6567472,1342.000000,2.047729,257,257,10407,24,7741,0,2666
3055.000000,6578730,1342.000000,2.047729,257,257,10418,24,7743,0,2675
3060.000000,6590269,1342.000000,2.047729,257,257,10425,24,7743,0,2682
3065.000000,6599526,1342.000000,2.047729,257,257,10443,24,7758,0,2685
3070.000000,6610397,1342.000000,2.047729,257,257,10447,24,7759,0,2688
3075.000000,6621245,1342.000000,2.047729,257,257,10453,24,7759,0,2694
3080.000000,6626887,1342.000000,2.047729,257,257,10468,24,7769,0,2699
3085.000000,6636974,1342.000000,2.047729,257,257,10476,24,7775,0,2701
3090.000000,6648793,1342.000000,2.047729,257,257,10481,24,7775,0,2706
3096.000000,6659591,1342.000000,2.047729,258,258,10489,24,7778,0,2711
3101.000000,6671834,1342.000000,2.047729,258,258,10491,24,7778,0,2713
3106.000000,6679611,1342.000000,2.047729,258,258,10607,24,7889,0,2718
3111.000000,6691063,1342.000000,2.047729,258,258,10614,24,7889,0,2725
3116.000000,6698836,1342.000000,2.047729,258,258,10617,24,7889,0,2728
3121.000000,6711842,1342.000000,2.047729,258,258,10622,24,7889,0,2733
3126.000000,6723491,1342.000000,2.047729,258,258,10624,24,7889,0,2735
3131.000000,6732176,1342.000000,2.047729,258,258,10630,24,7892,0,2738
3136.000000,6741030,1342.000000,2.047729,258,258,10641,24,7898,0,2743
3142.000000,6751671,1342.000000,2.047729,258,258,10647,24,7900,0,2747
3148.000000,6762043,1342.000000,2.047729,258,258,10654,24,7900,0,2754
3153.000000,6773923,1342.000000,2.047729,258,258,10659,24,7901,0,2758
3158.000000,6784732,1342.000000,2.047729,258,258,10669,24,7902,0,2767
3163.000000,6796319,1342.000000,2.047729,258,258,10675,24,7903,0,2772
3168.000000,6808359,1342.000000,2.047729,258,258,10683,24,7903,0,2780
3173.000000,6817960,1342.000000,2.047729,258,258,10695,24,7911,0,2784
3178.000000,6830364,1342.000000,2.047729,258,258,10696,24,7911,0,2785
3183.000000,6838414,1342.000000,2.047729,258,258,10697,24,7911,0,2786
3189.000000,6847479,1342.000000,2.047729,258,258,10721,24,7925,0,2796
3194.000000,6858696,1342.000000,2.047729,258,258,10727,24,7926,0,2801
3199.000000,6869549,1342.000000,2.047729,258,258,10734,24,7927,0,2807
3204.000000,6881072,1342.000000,2.047729,258,258,10742,24,7927,0,2815
3209.000000,6892449,1342.000000,2.047729,258,258,10753,24,7927,0,2826
3214.000000,6904369,1342.000000,2.047729,258,258,10757,24,7928,0,2829
3219.000000,6912632,1342.000000,2.047729,258,258,10765,24,7928,0,2837
3224.000000,6924563,1342.000000,2.047729,258,258,10771,24,7929,0,2842
3229.000000,6937323,1342.000000,2.047729,258,258,10774,24,7929,0,2845
3234.000000,6950019,1342.000000,2.047729,258,258,10780,24,7929,0,2851
3240.000000,6962182,1342.000000,2.047729,258,258,10787,24,7929,0,2858
3245.000000,6974642,1342.000000,2.047729,258,258,10791,24,7931,0,2860
3250.000000,6982224,1342.000000,2.047729,258,258,10797,24,7933,0,2864
3255.000000,6993615,1342.000000,2.047729,258,258,10806,24,7936,0,2870
3260.000000,7004365,1342.000000,2.047729,258,258,10810,24,7938,0,2872
3265.000000,7014826,1342.000000,2.047729,258,258,10818,24,7940,0,2878
3270.000000,7025350,1342.000000,2.047729,258,258,10875,24,7991,0,2884
3275.000000,7037401,1342.000000,2.047729,258,258,10896,24,8006,0,2890
3280.000000,7048407,1342.000000,2.047729,258,258,10903,24,8007,0,2896
3285.000000,7056465,1342.000000,2.047729,258,258,10907,24,8007,0,2900
3291.000000,7068251,1342.000000,2.047729,258,258,10916,24,8007,0,2909
3296.000000,7080465,1342.000000,2.047729,258,258,10925,24,8008,0,2917
3301.000000,7091695,1342.000000,2.047729,258,258,10928,24,8008,0,2920
3306.000000,7104432,1342.000000,2.047729,258,258,10933,24,8009,0,2924
3311.000000,7116371,1342.000000,2.047729,258,258,10942,24,8012,0,2930
3317.000000,7127522,1342.000000,2.047729,258,258,10951,24,8012,0,2939
3322.000000,7137125,1342.000000,2.047729,258,258,10959,24,8013,0,2946
3327.000000,7146136,1342.000000,2.047729,258,258,10966,24,8015,0,2951
3332.000000,7156827,1342.000000,2.047729,258,258,11036,24,8076,0,2960
3337.000000,7168993,1342.000000,2.047729,258,258,11041,24,8076,0,2965
3343.000000,7180166,1342.000000,2.047729,258,258,11061,24,8088,0,2973
3348.000000,7193000,1342.000000,2.047729,258,258,11067,24,8089,0,2978
3353.000000,7200937,1342.000000,2.047729,258,258,11073,24,8090,0,2983
3358.000000,7212940,1342.000000,2.047729,258,258,11082,24,8091,0,2991
3363.000000,7225238,1342.000000,2.047729,258,258,11085,24,8093,0,2992
3368.000000,7237248,1342.000000,2.047729,258,258,11093,24,8093,0,3000
3373.000000,7248007,1342.000000,2.047729,258,258,11102,24,8094,0,3008
3378.000000,7257223,1342.000000,2.047729,259,259,11106,24,8094,0,3012
3385.000000,7266829,1342.000000,2.047729,259,259,11114,24,8098,0,3016
3390.000000,7277434,1342.000000,2.047729,259,259,11120,24,8101,0,3019
3395.000000,7287609,1342.000000,2.047729,259,259,11127,24,8101,0,3026
3400.000000,7298802,1342.000000,2.047729,259,259,11135,24,8102,0,3033
3405.000000,7309427,1342.000000,2.047729,260,260,11141,24,8107,0,3034
3410.000000,7321367,1342.000000,2.047729,260,260,11143,24,8108,0,3035
3416.000000,7331773,1342.000000,2.047729,260,260,11155,24,8109,0,3046
3421.000000,7339915,1342.000000,2.047729,260,260,11159,24,8109,0,3050
3426.000000,7350532,1342.000000,2.047729,260,260,11162,24,8109,0,3053
3431.000000,7361912,1342.000000,2.047729,260,260,11174,24,8119,0,3055
3436.000000,7374333,1342.000000,2.047729,260,260,11179,24,8119,0,3060
3441.000000,7384359,1342.000000,2.047729,260,260,11186,24,8119,0,3067
3446.000000,7395274,1342.000000,2.047729,260,260,11190,24,8120,0,3070
3453.000000,7405357,1342.000000,2.047729,260,260,11199,24,8121,0,3078
3458.000000,7415270,1342.000000,2.047729,260,260,11200,24,8121,0,3079
3463.000000,7424778,1342.000000,2.047729,260,260,11204,24,8122,0,3082
3468.000000,7435006,1342.000000,2.047729,260,260,11244,24,8157,0,3087
3473.000000,7446939,1342.000000,2.047729,260,260,11252,24,8162,0,3090
3478.000000,7458556,1342.000000,2.047729,260,260,11259,24,8162,0,3097
3483.000000,7469703,1342.000000,2.047729,260,260,11265,24,8163,0,3102
3488.000000,7477408,1342.000000,2.047729,260,260,11268,24,8163,0,3105
3493.000000,7486888,1342.000000,2.047729,260,260,11273,24,8164,0,3109
3498.000000,7497350,1342.000000,2.047729,260,260,11282,24,8166,0,3116
3503.000000,7508634,1342.000000,2.047729,260,260,11289,24,8167,0,3122
3509.000000,7520908,1342.000000,2.047729,260,260,11294,24,8168,0,3126
3514.000000,7531869,1342.000000,2.047729,260,260,11297,24,8168,0,3129
3519.000000,7542223,1342.000000,2.047729,260,260,11309,24,8169,0,3140
3524.000000,7547078,1342.000000,2.047729,260,260,11322,24,8179,0,3143
3529.000000,7553337,1342.000000,2.047729,260,260,11444,24,8296,0,3148
3534.000000,7562401,1342.000000,2.047729,260,260,11444,24,8296,0,3148
3539.000000,7573260,1342.000000,2.047729,260,260,11449,24,8296,0,3153
3544.000000,7580535,1342.000000,2.047729,260,260,11517,24,8357,0,3160
3549.000000,7589337,1342.000000,2.047729,260,260,11647,24,8486,0,3161
3554.000000,7596924,1342.000000,2.047729,260,260,11651,24,8487,0,3164
3560.000000,7607151,1342.000000,2.047729,260,260,11654,24,8488,0,3166
3565.000000,7616979,1342.000000,2.047729,260,260,11714,24,8547,0,3167
3570.000000,7628755,1342.000000,2.047729,260,260,11715,24,8547,0,3168
3575.000000,7637421,1342.000000,2.047729,260,260,11805,24,8632,0,3173
3580.000000,7647496,1342.000000,2.047729,261,261,11815,24,8636,0,3179
3585.000000,7658022,1342.000000,2.047729,262,262,11821,24,8638,0,3183
3590.000000,7664206,1342.000000,2.047729,262,262,11827,24,8641,0,3186
3595.000000,7674648,1342.000000,2.047729,262,262,11832,24,8641,0,3191
3600.000000,7686237,1342.000000,2.047729,262,262,11842,24,8642,0,3200
3606.000000,7697448,1342.000000,2.047729,262,262,11847,24,8642,0,3205
3611.000000,7709266,1342.000000,2.047729,262,262,11853,24,8644,0,3209
3616.000000,7720447,1342.000000,2.047729,262,262,11859,24,8644,0,3215
3622.000000,7730504,1342.000000,2.047729,262,262,11871,25,8651,0,3220
3627.000000,7741214,1342.000000,2.047729,262,262,11877,25,8651,0,3226
3632.000000,7752213,1342.000000,2.047729,262,262,11884,25,8651,0,3233
3637.000000,7763821,1342.000000,2.047729,262,262,11888,25,8652,0,3236
3642.000000,7776020,1342.000000,2.047729,262,262,11892,25,8652,0,3240
3647.000000,7786504,1342.000000,2.047729,262,262,11957,25,8716,0,3241
3652.000000,7797118,1342.000000,2.047729,262,262,11969,25,8718,0,3251
3657.000000,7804088,1342.000000,2.047729,262,262,11972,25,8720,0,3252
3662.000000,7813100,1342.000000,2.047729,262,262,12017,25,8760,0,3257
3668.000000,7825006,1342.000000,2.047729,262,262,12057,25,8794,0,3263
3673.000000,7837165,1342.000000,2.047729,262,262,12060,25,8795,0,3265
3678.000000,7844608,1342.000000,2.047729,262,262,12125,25,8858,0,3267
3683.000000,7853777,1342.000000,2.047729,262,262,12132,25,8859,0,3273
3690.000000,7865055,1342.000000,2.047729,262,262,12138,25,8859,0,3279
3695.000000,7875499,1342.000000,2.047729,262,262,12141,25,8859,0,3282
3700.000000,7886909,1342.000000,2.047729,262,262,12150,25,8859,0,3291
3705.000000,7896694,1342.000000,2.047729,262,262,12212,25,8919,0,3293
3710.000000,7907651,1342.000000,2.047729,262,262,12218,25,8920,0,3298
3715.000000,7919623,1342.000000,2.047729,262,262,12227,25,8920,0,3307
3720.000000,7930003,1342.000000,2.047729,262,262,12232,25,8920,0,3312
3725.000000,7936811,1342.000000,2.047729,262,262,12233,25,8921,0,3312
3730.000000,7947382,1342.000000,2.047729,262,262,12243,25,8923,0,3320
3735.000000,7959354,1342.000000,2.047729,262,262,12253,25,8929,0,3324
3740.000000,7971110,1342.000000,2.047729,262,262,12261,25,8929,0,3332
3745.000000,7983177,1342.000000,2.047729,262,262,12278,25,8937,0,3341
3750.000000,7995206,1342.000000,2.047729,262,262,12288,25,8940,0,3348
3755.000000,8007021,1342.000000,2.047729,262,262,12295,25,8940,0,3355
3761.000000,8015222,1342.000000,2.047729,262,262,12304,25,8947,0,3357
3766.000000,8026463,1342.000000,2.047729,262,262,12309,25,8948,0,3361
3771.000000,8039205,1342.000000,2.047729,262,262,12314,25,8948,0,3366
3776.000000,8048711,1342.000000,2.047729,262,262,12317,25,8948,0,3369
3781.000000,8057556,1342.000000,2.047729,262,262,12322,25,8950,0,3372
3786.000000,8067470,1342.000000,2.047729,262,262,12333,25,8952,0,3381
3791.000000,8075457,1342.000000,2.047729,262,262,12338,25,8953,0,3385
3797.000000,8084649,1342.000000,2.047729,262,262,12345,25,8956,0,3389
3802.000000,8096463,1342.000000,2.047729,262,262,12352,25,8956,0,3396
3807.000000,8106756,1342.000000,2.047729,262,262,12365,25,8956,0,3409
3812.000000,8117651,1342.000000,2.047729,262,262,12375,25,8962,0,3413
3817.000000,8127348,1342.000000,2.047729,262,262,12376,25,8962,0,3414
3822.000000,8138714,1342.000000,2.047729,262,262,12382,25,8965,0,3417
3827.000000,8145463,1342.000000,2.047729,262,262,12384,25,8965,0,3419
3832.000000,8153155,1342.000000,2.047729,262,262,12391,25,8965,0,3426
3837.000000,8161391,1342.000000,2.047729,262,262,12394,25,8965,0,3429
3842.000000,8169187,1342.000000,2.047729,262,262,12397,25,8966,0,3431
3847.000000,8177541,1342.000000,2.047729,262,262,12398,25,8966,0,3432
3852.000000,8183391,1342.000000,2.047729,262,262,12400,25,8966,0,3434
3857.000000,8190252,1342.000000,2.047729,262,262,12403,25,8967,0,3436
3863.000000,8194714,1342.000000,2.047729,262,262,12404,25,8968,0,3436
3868.000000,8201877,1342.000000,2.047729,262,262,12407,25,8969,0,3438
3873.000000,8210302,1342.000000,2.047729,262,262,12411,25,8970,0,3441
3878.000000,8218290,1342.000000,2.047729,262,262,12417,25,8971,0,3446
3883.000000,8225653,1342.000000,2.047729,262,262,12421,25,8971,0,3450
3888.000000,8233316,1342.000000,2.047729,262,262,12425,25,8972,0,3453
3893.000000,8238627,1342.000000,2.047729,262,262,12429,25,8972,0,3457
3898.000000,8246067,1342.000000,2.047729,262,262,12432,25,8972,0,3460
3904.000000,8253963,1342.000000,2.047729,262,262,12439,25,8972,0,3467
3909.000000,8260950,1342.000000,2.047729,262,262,12441,25,8972,0,3469
3914.000000,8266443,1342.000000,2.047729,262,262,12493,25,9020,0,3473
3919.000000,8272022,1342.000000,2.047729,262,262,12496,25,9021,0,3475
3924.000000,8279520,1342.000000,2.047729,262,262,12499,25,9022,0,3477
3929.000000,8284492,1342.000000,2.047729,262,262,12503,25,9022,0,3481
3934.000000,8291131,1342.000000,2.047729,262,262,12508,25,9022,0,3486
3939.000000,8298558,1342.000000,2.047729,262,262,12512,25,9022,0,3490
3944.000000,8306562,1342.000000,2.047729,262,262,12513,25,9022,0,3491
3949.000000,8314137,1342.000000,2.047729,262,262,12516,25,9022,0,3494
3954.000000,8320976,1342.000000,2.047729,262,262,12519,25,9022,0,3497
3959.000000,8327338,1342.000000,2.047729,262,262,12521,25,9022,0,3499
3964.000000,8335338,1342.000000,2.047729,263,263,12524,25,9022,0,3502
3969.000000,8346091,1342.000000,2.047729,263,263,12561,25,9051,0,3510
3974.000000,8356663,1342.000000,2.047729,263,263,12568,25,9052,0,3516
3980.000000,8365613,1342.000000,2.047729,263,263,12572,25,9052,0,3520
3985.000000,8374441,1342.000000,2.047729,263,263,12576,25,9053,0,3523
3990.000000,8385438,1342.000000,2.047729,263,263,12584,25,9055,0,3529
3995.000000,8392358,1342.000000,2.047729,263,263,12588,25,9056,0,3532
4000.000000,8404008,1342.000000,2.047729,263,263,12607,25,9070,0,3537
4005.000000,8414851,1342.000000,2.047729,263,263,12610,25,9071,0,3539
4010.000000,8427289,1342.000000,2.047729,263,263,12619,25,9075,0,3544
4015.000000,8439271,1342.000000,2.047729,263,263,12630,25,9077,0,3553
4020.000000,8451190,1342.000000,2.047729,264,264,12639,25,9078,0,3561
4025.000000,8462565,1342.000000,2.047729,264,264,12643,25,9080,0,3563
4031.000000,8469189,1342.000000,2.047729,264,264,12651,25,9080,0,3571
4036.000000,8479756,1342.000000,2.047729,264,264,12655,25,9081,0,3574
4041.000000,8490443,1342.000000,2.047729,264,264,12663,25,9083,0,3580
4046.000000,8502055,1342.000000,2.047729,264,264,12670,25,9085,0,3585
4051.000000,8512871,1342.000000,2.047729,264,264,12671,25,9085,0,3586
4056.000000,8525415,1342.000000,2.047729,264,264,12677,25,9088,0,3589
4061.000000,8536610,1342.000000,2.047729,264,264,12685,25,9088,0,3597
4067.000000,8548327,1342.000000,2.047729,264,264,12697,25,9090,0,3607
4072.000000,8560440,1342.000000,2.047729,264,264,12699,25,9091,0,3608
4078.000000,8570644,1342.000000,2.047729,264,264,12705,25,9092,0,3613
4083.000000,8580266,1342.000000,2.047729,264,264,12744,25,9129,0,3615
4088.000000,8591209,1342.000000,2.047729,265,265,12752,25,9131,0,3621
4093.000000,8602245,1342.000000,2.047729,265,265,12760,25,9131,0,3629
4098.000000,8614464,1342.000000,2.047729,265,265,12765,25,9131,0,3634
4103.000000,8626659,1342.000000,2.047729,265,265,12769,25,9131,0,3638
4108.000000,8639071,1342.000000,2.047729,265,265,12774,25,9132,0,3642
4113.000000,8646974,1342.000000,2.047729,265,265,12777,25,9133,0,3644
4119.000000,8653175,1342.000000,2.047729,265,265,12787,25,9134,0,3653
4124.000000,8661599,1342.000000,2.047729,265,265,12789,25,9134,0,3655
4129.000000,8672047,1342.000000,2.047729,265,265,12794,25,9135,0,3659
4134.000000,8682771,1342.000000,2.047729,265,265,12798,25,9136,0,3662
4139.000000,8693766,1342.000000,2.047729,265,265,12806,25,9137,0,3669
4144.000000,8701633,1342.000000,2.047729,265,265,12837,25,9164,0,3673
4149.000000,8712620,1342.000000,2.047729,265,265,12840,25,9164,0,3676
4154.000000,8723939,1342.000000,2.047729,265,265,12845,25,9164,0,3681
4159.000000,8733044,1342.000000,2.047729,265,265,12851,25,9164,0,3687
4165.000000,8739980,1342.000000,2.047729,265,265,12855,25,9164,0,3691
4170.000000,8752133,1342.000000,2.047729,265,265,12860,25,9164,0,3696
4175.000000,8762928,1342.000000,2.047729,265,265,12868,25,9164,0,3704
4180.000000,8770444,1342.000000,2.047729,265,265,12876,25,9164,0,3712
4185.000000,8776963,1342.000000,2.047729,265,265,12879,25,9165,0,3714
4190.000000,8787764,1342.000000,2.047729,265,265,12931,25,9212,0,3719
4195.000000,8797827,1342.000000,2.047729,265,265,12939,25,9214,0,3725
4200.000000,8807865,1342.000000,2.047729,265,265,12944,25,9214,0,3730
4205.000000,8819350,1342.000000,2.047729,265,265,12945,25,9214,0,3731
4211.000000,8828649,1342.000000,2.047729,265,265,12949,25,9215,0,3734
4216.000000,8836628,1342.000000,2.047729,265,265,12950,25,9216,0,3734
4221.000000,8846616,1342.000000,2.047729,265,265,12954,25,9216,0,3738
4226.000000,8854232,1342.000000,2.047729,265,265,12956,25,9217,0,3739
4231.000000,8861611,1342.000000,2.047729,265,265,12959,25,9218,0,3741
4236.000000,8869388,1342.000000,2.047729,265,265,12961,25,9218,0,3743
4241.000000,8876645,1342.000000,2.047729,265,265,12968,25,9220,0,3748
4246.000000,8881782,1342.000000,2.047729,265,265,12968,25,9220,0,3748
4252.000000,8890065,1342.000000,2.047729,265,265,12975,25,9220,0,3755
4257.000000,8897166,1342.000000,2.047729,265,265,12977,25,9220,0,3757
4262.000000,8906822,1342.000000,2.047729,265,265,12985,25,9224,0,3761
4267.000000,8915107,1342.000000,2.047729,265,265,12989,25,9224,0,3765
4272.000000,8925187,1342.000000,2.047729,265,265,12995,25,9224,0,3771
4277.000000,8932363,1342.000000,2.047729,265,265,12997,25,9224,0,3773
4282.000000,8942160,1342.000000,2.047729,265,265,13001,25,9224,0,3777
4287.000000,8953451,1342.000000,2.047729,266,266,13006,25,9224,0,3782
4292.000000,8966937,1342.000000,2.047729,266,266,13018,25,9225,0,3793
4297.000000,8979862,1342.000000,2.047729,266,266,13025,25,9227,0,3798
4303.000000,8993093,1342.000000,2.047729,266,266,13040,25,9233,0,3807
4308.000000,9005127,1342.000000,2.047729,266,266,13049,25,9237,0,3812
4313.000000,9013990,1342.000000,2.047729,266,266,13053,25,9237,0,3816
4318.000000,9026769,1342.000000,2.047729,266,266,13064,25,9237,0,3827
4323.000000,9038882,1342.000000,2.047729,266,266,13128,25,9300,0,3828
4328.000000,9052810,1342.000000,2.047729,266,266,13133,25,9300,0,3833
4333.000000,9062845,1342.000000,2.047729,266,266,13140,25,9304,0,3836
4338.000000,9073325,1342.000000,2.047729,266,266,13145,25,9304,0,3841
4343.000000,9081592,1342.000000,2.047729,266,266,13168,25,9318,0,3850
4349.000000,9092338,1342.000000,2.047729,266,266,13256,25,9402,0,3854
4354.000000,9102334,1342.000000,2.047729,266,266,13308,25,9451,0,3857
4359.000000,9113329,1342.000000,2.047729,267,267,13311,25,9452,0,3859
4364.000000,9118653,1342.000000,2.047729,267,267,13315,25,9452,0,3863
4369.000000,9126759,1342.000000,2.047729,267,267,13323,25,9455,0,3868
4374.000000,9135499,1342.000000,2.047729,267,267,13327,25,9456,0,3871
4379.000000,9141247,1342.000000,2.047729,267,267,13331,25,9460,0,3871
4384.000000,9149546,1342.000000,2.047729,267,267,13334,25,9461,0,3873
4390.000000,9158201,1342.000000,2.047729,267,267,13395,25,9516,0,3879
4395.000000,9167671,1342.000000,2.047729,267,267,13397,25,9516,0,3881
4400.000000,9175893,1342.000000,2.047729,267,267,13403,25,9517,0,3886
4405.000000,9184924,1342.000000,2.047729,267,267,13462,25,9573,0,3889
4410.000000,9197769,1342.000000,2.047729,267,267,13467,25,9575,0,3892
4415.000000,9208558,1342.000000,2.047729,267,267,13473,25,9576,0,3897
4420.000000,9221144,1342.000000,2.047729,267,267,13560,25,9657,0,3903
4426.000000,9235009,1342.000000,2.047729,267,267,13569,25,9662,0,3907
4431.000000,9247208,1342.000000,2.047729,267,267,13576,25,9663,0,3913
4436.000000,9259523,1342.000000,2.047729,267,267,13584,25,9666,0,3918
4441.000000,9271698,1342.000000,2.047729,267,267,13589,25,9666,0,3923
4446.000000,9279281,1342.000000,2.047729,267,267,13593,25,9666,0,3927
4451.000000,9290569,1342.000000,2.047729,267,267,13596,25,9666,0,3930
4456.000000,9300668,1342.000000,2.047729,267,267,13604,25,9668,0,3936
4461.000000,9312890,1342.000000,2.047729,267,267,13614,25,9670,0,3944
4467.000000,9323046,1342.000000,2.047729,267,267,13633,25,9680,0,3953
4472.000000,9335763,1342.000000,2.047729,267,267,13642,25,9680,0,3962
4477.000000,9346830,1342.000000,2.047729,268,268,13650,25,9680,0,3970
4482.000000,9360345,1342.000000,2.047729,268,268,13651,25,9680,0,3971
4487.000000,9373700,1342.000000,2.047729,268,268,13654,25,9681,0,3973
4492.000000,9386499,1342.000000,2.047729,268,268,13663,25,9682,0,3981
4498.000000,9396896,1342.000000,2.047729,268,268,13747,25,9759,0,3988
4503.000000,9411283,1342.000000,2.047729,268,268,13751,25,9759,0,3992
4508.000000,9423159,1342.000000,2.047729,268,268,13756,25,9759,0,3997
4513.000000,9431670,1342.000000,2.047729,268,268,13765,25,9764,0,4001
4518.000000,9445155,1342.000000,2.047729,268,268,13769,25,9765,0,4004
4523.000000,9455701,1342.000000,2.047729,268,268,13777,25,9765,0,4012
4528.000000,9465207,1342.000000,2.047729,269,269,13784,25,9765,0,4019
4533.000000,9473113,1342.000000,2.047729,269,269,13870,25,9842,0,4028
4539.000000,9486185,1342.000000,2.047729,269,269,13877,25,9842,0,4035
4544.000000,9497097,1342.000000,2.047729,269,269,13902,25,9861,0,4041
4549.000000,9510037,1342.000000,2.047729,269,269,13907,25,9862,0,4045
4554.000000,9520243,1342.000000,2.047729,269,269,14031,25,9982,0,4049
4560.000000,9534354,1342.000000,2.047729,269,269,14043,25,9982,0,4061
4565.000000,9546902,1342.000000,2.047729,269,269,14048,25,9984,0,4064
4570.000000,9559088,1342.000000,2.047729,269,269,14054,25,9988,0,4066
4575.000000,9569656,1342.000000,2.047729,269,269,14060,25,9992,0,4068
4580.000000,9575242,1342.000000,2.047729,269,269,14062,25,9993,0,4069
4585.000000,9586152,1342.000000,2.047729,269,269,14069,25,9995,0,4074
4590.000000,9598304,1342.000000,2.047729,270,270,14077,25,9998,0,4079
4595.000000,9611188,1342.000000,2.047729,270,270,14082,25,9998,0,4084
4600.000000,9625091,1342.000000,2.047729,270,270,14088,25,10000,0,4088
4605.000000,9637874,1342.000000,2.047729,270,270,14096,25,10004,0,4092
4611.000000,9648800,1342.000000,2.047729,270,270,14108,25,10008,0,4100
4616.000000,9662739,1342.000000,2.047729,270,270,14117,25,10012,0,4105
4621.000000,9674642,1342.000000,2.047729,270,270,14152,25,10042,0,4110
4626.000000,9688948,1342.000000,2.047729,270,270,14161,25,10043,0,4118
4631.000000,9701346,1342.000000,2.047729,270,270,14167,25,10043,0,4124
4637.000000,9709140,1342.000000,2.047729,270,270,14237,25,10106,0,4131
4642.000000,9719822,1342.000000,2.047729,270,270,14248,25,10112,0,4136
4647.000000,9728341,1342.000000,2.047729,270,270,14288,25,10148,0,4140
4652.000000,9738739,1342.000000,2.047729,270,270,14293,25,10149,0,4144
4657.000000,9749763,1342.000000,2.047729,270,270,14299,25,10150,0,4149
4662.000000,9761336,1342.000000,2.047729,270,270,14360,25,10208,0,4152
4667.000000,9774711,1342.000000,2.047729,270,270,14366,25,10210,0,4156
4672.000000,9785899,1342.000000,2.047729,270,270,14370,25,10211,0,4159
4678.000000,9795695,1342.000000,2.047729,270,270,14428,25,10264,0,4164
4683.000000,9806396,1342.000000,2.047729,270,270,14435,25,10266,0,4169
4688.000000,9818971,1342.000000,2.047729,270,270,14442,25,10268,0,4174
4693.000000,9832229,1342.000000,2.047729,270,270,14455,25,10269,0,4186
4698.000000,9843541,1342.000000,2.047729,270,270,14459,25,10269,0,4190
4704.000000,9853061,1342.000000,2.047729,270,270,14545,25,10345,0,4200
4709.000000,9863795,1342.000000,2.047729,270,270,14552,25,10345,0,4207
4714.000000,9870855,1342.000000,2.047729,270,270,14598,25,10388,0,4210
4719.000000,9884446,1342.000000,2.047729,270,270,14601,25,10389,0,4212
4724.000000,9895740,1342.000000,2.047729,271,271,14602,25,10389,0,4213
4729.000000,9908751,1342.000000,2.047729,271,271,14613,25,10389,0,4224
4734.000000,9922056,1342.000000,2.047729,271,271,14620,25,10390,0,4230
4739.000000,9935470,1342.000000,2.047729,271,271,14637,25,10403,0,4234
4745.000000,9946860,1342.000000,2.047729,271,271,14642,25,10403,0,4239
4750.000000,9959865,1342.000000,2.047729,271,271,14646,25,10405,0,4241
4755.000000,9972269,1342.000000,2.047729,271,271,14655,25,10405,0,4250
4760.000000,9986732,1342.000000,2.047729,271,271,14661,25,10405,0,4256
4765.000000,9999615,1342.000000,2.047729,271,271,14671,25,10406,0,4265
4771.000000,10010018,1342.000000,2.047729,271,271,14724,25,10455,0,4269
4776.000000,10021420,1342.000000,2.047729,271,271,14726,25,10455,0,4271
4781.000000,10029840,1342.000000,2.047729,271,271,14735,25,10460,0,4275
4786.000000,10039967,1342.000000,2.047729,271,271,14745,25,10461,0,4284
4791.000000,10051964,1342.000000,2.047729,271,271,14750,25,10461,0,4289
4796.000000,10065194,1342.000000,2.047729,271,271,14755,25,10462,0,4293
4801.000000,10074077,1342.000000,2.047729,271,271,14761,25,10464,0,4297
4806.000000,10080480,1342.000000,2.047729,271,271,14768,25,10464,0,4304
4812.000000,10086279,1342.000000,2.047729,271,271,14773,25,10467,0,4306
4817.000000,10093479,1342.000000,2.047729,271,271,14774,25,10467,0,4307
4822.000000,10106285,1342.000000,2.047729,271,271,14778,25,10468,0,4310
4827.000000,10118098,1342.000000,2.047729,271,271,14780,25,10468,0,4312
4832.000000,10130609,1342.000000,2.047729,271,271,14785,25,10469,0,4316
4837.000000,10140385,1342.000000,2.047729,271,271,14797,25,10471,0,4326
4842.000000,10150708,1342.000000,2.047729,271,271,14830,25,10500,0,4330
4848.000000,10158258,1342.000000,2.047729,271,271,14873,25,10535,0,4338
4853.000000,10168236,1342.000000,2.047729,271,271,14883,25,10536,0,4347
4858.000000,10181231,1342.000000,2.047729,271,271,14892,25,10536,0,4356
4863.000000,10194736,1342.000000,2.047729,271,271,14897,25,10537,0,4360
4868.000000,10202530,1342.000000,2.047729,271,271,14913,25,10549,0,4364
4873.000000,10211830,1342.000000,2.047729,271,271,14913,25,10549,0,4364
4879.000000,10219683,1342.000000,2.047729,271,271,14916,25,10549,0,4367
4884.000000,10227630,1342.000000,2.047729,271,271,14919,25,10550,0,4369
4889.000000,10240043,1342.000000,2.047729,271,271,14933,25,10551,0,4382
4894.000000,10252324,1342.000000,2.047729,271,271,14939,25,10552,0,4387
4899.000000,10261858,1342.000000,2.047729,271,271,15010,25,10615,0,4395
4904.000000,10266703,1342.000000,2.047729,271,271,15013,25,10615,0,4398
4910.000000,10279464,1342.000000,2.047729,271,271,15015,25,10615,0,4400
4915.000000,10289003,1342.000000,2.047729,271,271,15020,25,10616,0,4404
4920.000000,10300522,1342.000000,2.047729,271,271,15026,25,10617,0,4409
4925.000000,10311367,1342.000000,2.047729,271,271,15093,25,10679,0,4414
4930.000000,10319740,1342.000000,2.047729,271,271,15096,25,10679,0,4417
4935.000000,10329077,1342.000000,2.047729,271,271,15102,25,10679,0,4423
4940.000000,10337620,1342.000000,2.047729,271,271,15112,25,10682,0,4430
4946.000000,10347982,1342.000000,2.047729,271,271,15184,25,10752,0,4432
4951.000000,10360059,1342.000000,2.047729,271,271,15189,25,10753,0,4436
4956.000000,10372426,1342.000000,2.047729,271,271,15192,25,10754,0,4438
4962.000000,10382531,1342.000000,2.047729,271,271,15202,25,10756,0,4446
4967.000000,10395477,1342.000000,2.047729,271,271,15208,25,10759,0,4449
4972.000000,10408179,1342.000000,2.047729,271,271,15222,25,10763,0,4459
4977.000000,10421214,1342.000000,2.047729,271,271,15229,25,10763,0,4466
4982.000000,10430412,1342.000000,2.047729,271,271,15233,25,10763,0,4470
4987.000000,10444096,1342.000000,2.047729,271,271,15241,25,10763,0,4478
4992.000000,10458104,1342.000000,2.047729,271,271,15247,25,10763,0,4484
4997.000000,10471762,1342.000000,2.047729,271,271,15256,25,10763,0,4493
5002.000000,10484632,1342.000000,2.047729,271,271,15272,25,10775,0,4497
5007.000000,10497704,1342.000000,2.047729,271,271,15284,25,10777,0,4507
5014.000000,10510337,1342.000000,2.047729,271,271,15292,25,10779,0,4513
5019.000000,10524020,1342.000000,2.047729,271,271,15297,25,10781,0,4516
5024.000000,10536543,1342.000000,2.047729,271,271,15303,25,10781,0,4522
5029.000000,10550967,1342.000000,2.047729,271,271,15315,25,10785,0,4530
5034.000000,10563472,1342.000000,2.047729,271,271,15330,25,10790,0,4540
5039.000000,10576246,1342.000000,2.047729,271,271,15339,25,10790,0,4549
5044.000000,10590647,1342.000000,2.047729,271,271,15344,25,10791,0,4553
5049.000000,10599338,1342.000000,2.047729,271,271,15350,25,10791,0,4559
5054.000000,10612306,1342.000000,2.047729,271,271,15359,25,10791,0,4568
5060.000000,10622987,1342.000000,2.047729,271,271,15367,25,10792,0,4575
5065.000000,10636815,1342.000000,2.047729,271,271,15384,25,10794,0,4590
5070.000000,10650665,1342.000000,2.047729,271,271,15391,25,10796,0,4595
5075.000000,10664012,1342.000000,2.047729,271,271,15403,25,10796,0,4607
5081.000000,10676384,1342.000000,2.047729,271,271,15410,25,10797,0,4613
5087.000000,10689329,1342.000000,2.047729,271,271,15424,25,10800,0,4624
5092.000000,10702054,1342.000000,2.047729,271,271,15454,25,10825,0,4629
5097.000000,10716453,1342.000000,2.047729,271,271,15460,25,10825,0,4635
5102.000000,10728869,1342.000000,2.047729,271,271,15469,25,10825,0,4644
5107.000000,10742418,1342.000000,2.047729,271,271,15480,25,10827,0,4653
5112.000000,10753612,1342.000000,2.047729,271,271,15490,25,10829,0,4661
5117.000000,10762369,1342.000000,2.047729,271,271,15591,25,10926,0,4665
5122.000000,10775583,1342.000000,2.047729,271,271,15602,25,10928,0,4674
5127.000000,10789100,1342.000000,2.047729,271,271,15615,25,10935,0,4680
5132.000000,10803868,1342.000000,2.047729,271,271,15617,25,10935,0,4682
5137.000000,10815550,1342.000000,2.047729,271,271,15630,25,10940,0,4690
5142.000000,10823475,1342.000000,2.047729,271,271,15636,25,10940,0,4696
5149.000000,10831236,1342.000000,2.047729,271,271,15661,25,10957,0,4704
5154.000000,10840470,1342.000000,2.047729,271,271,15668,25,10957,0,4711
5159.000000,10849509,1342.000000,2.047729,271,271,15677,25,10958,0,4719
5165.000000,10856742,1342.000000,2.047729,271,271,15685,25,10961,0,4724
5170.000000,10863130,1342.000000,2.047729,271,271,15751,25,11025,0,4726
5175.000000,10868618,1342.000000,2.047729,271,271,15779,25,11049,0,4730
5180.000000,10874193,1342.000000,2.047729,271,271,15818,25,11087,0,4731
5185.000000,10878532,1342.000000,2.047729,271,271,15823,25,11087,0,4736
5190.000000,10886345,1342.000000,2.047729,272,272,15826,25,11087,0,4739
5195.000000,10894355,1342.000000,2.047729,272,272,15829,25,11087,0,4742
5200.000000,10902232,1342.000000,2.047729,272,272,15836,25,11088,0,4748
5205.000000,10906617,1342.000000,2.047729,272,272,15858,25,11107,0,4751
5210.000000,10915559,1342.000000,2.047729,272,272,15912,25,11159,0,4753
5217.000000,10923352,1342.000000,2.047729,272,272,15917,25,11159,0,4758
5222.000000,10931665,1342.000000,2.047729,272,272,15926,25,11161,0,4765
5227.000000,10940484,1342.000000,2.047729,272,272,15933,25,11163,0,4770
5232.000000,10946757,1342.000000,2.047729,272,272,15938,25,11163,0,4775
5237.000000,10953321,1342.000000,2.047729,272,272,15944,25,11163,0,4781
5242.000000,10960274,1342.000000,2.047729,272,272,15949,25,11165,0,4784
5247.000000,10968020,1342.000000,2.047729,272,272,15953,25,11166,0,4787
5252.000000,10974156,1342.000000,2.047729,272,272,15956,25,11168,0,4788
5257.000000,10982839,1342.000000,2.047729,272,272,15960,25,11168,0,4792
5262.000000,10988910,1342.000000,2.047729,272,272,16042,25,11246,0,4796
5267.000000,10998272,1342.000000,2.047729,272,272,16051,25,11246,0,4805
5272.000000,11006065,1342.000000,2.047729,272,272,16056,25,11247,0,4809
5278.000000,11014456,1342.000000,2.047729,272,272,16064,25,11249,0,4815
5283.000000,11021228,1342.000000,2.047729,272,272,16077,25,11259,0,4818
5288.000000,11025299,1342.000000,2.047729,272,272,16144,25,11325,0,4819
5293.000000,11033969,1342.000000,2.047729,272,272,16147,25,11326,0,4821
5298.000000,11041415,1342.000000,2.047729,272,272,16148,25,11326,0,4822
5303.000000,11049610,1342.000000,2.047729,272,272,16157,25,11327,0,4830
5308.000000,11058126,1342.000000,2.047729,272,272,16168,25,11333,0,4835
5313.000000,11067345,1342.000000,2.047729,272,272,16171,25,11334,0,4837
5318.000000,11074111,1342.000000,2.047729,272,272,16173,25,11334,0,4839
5323.000000,11082119,1342.000000,2.047729,272,272,16175,25,11334,0,4841
5328.000000,11090897,1342.000000,2.047729,272,272,16180,25,11334,0,4846
5333.000000,11099624,1342.000000,2.047729,272,272,16187,25,11334,0,4853
5339.000000,11107899,1342.000000,2.047729,272,272,16201,25,11341,0,4860
5344.000000,11118065,1342.000000,2.047729,272,272,16202,25,11342,0,4860
5349.000000,11128083,1342.000000,2.047729,272,272,16204,25,11342,0,4862
5354.000000,11132572,1342.000000,2.047729,272,272,16222,25,11359,0,4863
5359.000000,11145888,1342.000000,2.047729,272,272,16251,25,11386,0,4865
5364.000000,11158269,1342.000000,2.047729,272,272,16255,25,11386,0,4869
5369.000000,11171302,1342.000000,2.047729,272,272,16262,25,11389,0,4873
5374.000000,11183774,1342.000000,2.047729,273,273,16274,25,11396,0,4878
5379.000000,11197344,1342.000000,2.047729,273,273,16278,25,11397,0,4881
5385.000000,11206737,1342.000000,2.047729,273,273,16340,25,11452,0,4888
5390.000000,11221273,1342.000000,2.047729,273,273,16349,25,11453,0,4896
5396.000000,11235239,1342.000000,2.047729,273,273,16357,25,11453,0,4904
5401.000000,11249003,1342.000000,2.047729,273,273,16366,25,11457,0,4909
5406.000000,11263091,1342.000000,2.047729,273,273,16380,25,11463,0,4917
5411.000000,11277619,1342.000000,2.047729,273,273,16384,25,11463,0,4921
5416.000000,11291148,1342.000000,2.047729,273,273,16385,25,11463,0,4922
5421.000000,11300031,1342.000000,2.047729,273,273,16393,25,11465,0,4928
5426.000000,11313601,1342.000000,2.047729,273,273,16403,25,11468,0,4935
5431.000000,11321797,1342.000000,2.047729,273,273,16413,25,11474,0,4939
5436.000000,11334757,1342.000000,2.047729,273,273,16429,25,11485,0,4944
5441.000000,11348223,1342.000000,2.047729,273,273,16451,25,11499,0,4952
5446.000000,11360893,1342.000000,2.047729,273,273,16464,25,11500,0,4964
5453.000000,11373684,1342.000000,2.047729,273,273,16503,25,11533,0,4970
5458.000000,11388156,1342.000000,2.047729,273,273,16509,25,11535,0,4974
5463.000000,11401525,1342.000000,2.047729,273,273,16517,25,11536,0,4981
5468.000000,11414386,1342.000000,2.047729,273,273,16532,25,11538,0,4994
5473.000000,11428514,1342.000000,2.047729,273,273,16546,25,11548,0,4998
5478.000000,11437117,1342.000000,2.047729,273,273,16605,25,11600,0,5005
5483.000000,11448821,1342.000000,2.047729,273,273,16613,25,11602,0,5011
5488.000000,11458609,1342.000000,2.047729,273,273,16619,25,11603,0,5016
5493.000000,11470582,1342.000000,2.047729,273,273,16625,25,11604,0,5021
5499.000000,11481686,1342.000000,2.047729,273,273,16633,25,11605,0,5028
5504.000000,11494600,1342.000000,2.047729,273,273,16639,25,11605,0,5034
5509.000000,11501308,1342.000000,2.047729,274,274,16642,25,11605,0,5037
5514.000000,11509576,1342.000000,2.047729,274,274,16646,25,11606,0,5040
5520.000000,11518680,1342.000000,2.047729,274,274,16654,25,11606,0,5048
5525.000000,11528470,1342.000000,2.047729,274,274,16657,25,11606,0,5051
5530.000000,11541842,1342.000000,2.047729,274,274,16660,25,11606,0,5054
5535.000000,11544983,1342.000000,2.047729,274,274,16749,25,11694,0,5055
5540.000000,11548559,1342.000000,2.047729,274,274,16845,25,11789,0,5056
5546.000000,11553581,1342.000000,2.047729,274,274,16918,25,11860,0,5058
5551.000000,11558130,1342.000000,2.047729,274,274,16921,25,11860,0,5061
5556.000000,11568653,1342.000000,2.047729,274,274,16925,25,11860,0,5065
5561.000000,11579347,1342.000000,2.047729,274,274,16932,25,11861,0,5071
5566.000000,11590746,1342.000000,2.047729,274,274,16980,25,11903,0,5077
5571.000000,11599968,1342.000000,2.047729,274,274,16982,25,11903,0,5079
5576.000000,11610121,1342.000000,2.047729,274,274,16985,25,11904,0,5081
5582.000000,11618484,1342.000000,2.047729,274,274,16990,25,11904,0,5086
5587.000000,11623418,1342.000000,2.047729,274,274,16990,25,11904,0,5086
5593.000000,11628525,1342.000000,2.047729,274,274,16993,25,11904,0,5089
5598.000000,11636246,1342.000000,2.047729,274,274,17044,25,11953,0,5091
5603.000000,11645511,1342.000000,2.047729,274,274,17048,25,11953,0,5095
5608.000000,11658213,1342.000000,2.047729,274,274,17060,25,11959,0,5101
5613.000000,11662558,1342.000000,2.047729,274,274,17063,25,11959,0,5104
5618.000000,11670521,1342.000000,2.047729,274,274,17067,25,11959,0,5108
5623.000000,11677748,1342.000000,2.047729,274,274,17069,25,11959,0,5110
5628.000000,11686984,1342.000000,2.047729,274,274,17075,25,11960,0,5115
5633.000000,11693556,1342.000000,2.047729,274,274,17093,25,11976,0,5117
5638.000000,11705963,1342.000000,2.047729,274,274,17157,25,12037,0,5120
5644.000000,11719393,1342.000000,2.047729,274,274,17173,25,12040,0,5133
5649.000000,11732611,1342.000000,2.047729,274,274,17179,25,12040,0,5139
5655.000000,11746316,1342.000000,2.047729,274,274,17187,25,12041,0,5146
5660.000000,11755763,1342.000000,2.047729,274,274,17190,25,12041,0,5149
5665.000000,11768347,1342.000000,2.047729,274,274,17194,25,12042,0,5152
5670.000000,11782549,1342.000000,2.047729,274,274,17201,25,12042,0,5159
5675.000000,11795735,1342.000000,2.047729,274,274,17214,25,12045,0,5169
5680.000000,11809071,1342.000000,2.047729,274,274,17223,25,12046,0,5177
5685.000000,11822764,1342.000000,2.047729,274,274,17237,25,12046,0,5191
5690.000000,11831177,1342.000000,2.047729,274,274,17245,25,12048,0,5197
5696.000000,11841097,1342.000000,2.047729,274,274,17311,25,12112,0,5199
5701.000000,11852904,1342.000000,2.047729,274,274,17377,25,12176,0,5201
5706.000000,11867504,1342.000000,2.047729,274,274,17398,25,12195,0,5203
5711.000000,11875368,1342.000000,2.047729,274,274,17562,25,12350,0,5212
5716.000000,11887566,1342.000000,2.047729,274,274,17569,25,12352,0,5217
5722.000000,11898240,1342.000000,2.047729,274,274,17581,25,12354,0,5227
5727.000000,11908575,1342.000000,2.047729,274,274,17587,25,12356,0,5231
5733.000000,11919067,1342.000000,2.047729,274,274,17593,25,12356,0,5237
5738.000000,11933974,1342.000000,2.047729,274,274,17600,25,12356,0,5244
5743.000000,11947577,1342.000000,2.047729,274,274,17612,25,12358,0,5254
5748.000000,11956843,1342.000000,2.047729,274,274,17689,25,12431,0,5258
5753.000000,11972057,1342.000000,2.047729,274,274,17705,25,12440,0,5265
5758.000000,11979997,1342.000000,2.047729,274,274,17715,25,12441,0,5274
5763.000000,11988909,1342.000000,2.047729,274,274,17719,25,12441,0,5278
5768.000000,12002359,1342.000000,2.047729,274,274,17728,25,12441,0,5287
5773.000000,12015523,1342.000000,2.047729,274,274,17731,25,12442,0,5289
5778.000000,12028121,1342.000000,2.047729,274,274,17738,25,12443,0,5295
5784.000000,12041370,1342.000000,2.047729,274,274,17748,25,12447,0,5301
5790.000000,12053011,1342.000000,2.047729,274,274,17755,25,12448,0,5307
5795.000000,12066623,1342.000000,2.047729,274,274,17759,25,12448,0,5311
5800.000000,12080358,1342.000000,2.047729,274,274,17767,25,12450,0,5317
5805.000000,12094178,1342.000000,2.047729,274,274,17775,25,12450,0,5325
5810.000000,12106877,1342.000000,2.047729,274,274,17781,25,12451,0,5330
5815.000000,12118141,1342.000000,2.047729,274,274,17784,25,12451,0,5333
5821.000000,12123651,1342.000000,2.047729,274,274,17933,25,12596,0,5337
5826.000000,12130724,1342.000000,2.047729,274,274,17934,25,12596,0,5338
5831.000000,12139732,1342.000000,2.047729,274,274,17942,25,12598,0,5344
5836.000000,12148525,1342.000000,2.047729,274,274,17943,25,12599,0,5344
5841.000000,12156972,1342.000000,2.047729,274,274,17943,25,12599,0,5344
5846.000000,12166216,1342.000000,2.047729,274,274,17946,25,12599,0,5347
5851.000000,12171899,1342.000000,2.047729,274,274,18060,25,12711,0,5349
5857.000000,12180397,1342.000000,2.047729,274,274,18066,25,12712,0,5354
5862.000000,12189386,1342.000000,2.047729,274,274,18072,25,12713,0,5359
5867.000000,12199080,1342.000000,2.047729,274,274,18081,25,12717,0,5364
5872.000000,12208338,1342.000000,2.047729,274,274,18113,25,12744,0,5369
5878.000000,12217862,1342.000000,2.047729,274,274,18115,25,12745,0,5370
5883.000000,12225511,1342.000000,2.047729,274,274,18121,25,12745,0,5376
5888.000000,12234996,1342.000000,2.047729,274,274,18123,25,12745,0,5378
5893.000000,12240112,1342.000000,2.047729,274,274,18125,25,12746,0,5379
5898.000000,12247387,1342.000000,2.047729,274,274,18125,25,12746,0,5379
5903.000000,12254656,1342.000000,2.047729,274,274,18132,25,12746,0,5386
5908.000000,12261299,1342.000000,2.047729,274,274,18135,25,12748,0,5387
5913.000000,12266710,1342.000000,2.047729,274,274,18139,25,12748,0,5391
5918.000000,12272854,1342.000000,2.047729,274,274,18142,25,12748,0,5394
5925.000000,12281901,1342.000000,2.047729,274,274,18148,25,12750,0,5398
5930.000000,12290374,1342.000000,2.047729,274,274,18151,26,12751,0,5400
5935.000000,12300226,1342.000000,2.047729,274,274,18156,26,12752,0,5404
5940.000000,12307776,1342.000000,2.047729,274,274,18157,26,12752,0,5405
5945.000000,12319440,1342.000000,2.047729,274,274,18158,26,12752,0,5406
5950.000000,12334053,1342.000000,2.047729,274,274,18165,26,12755,0,5410
5955.000000,12345660,1342.000000,2.047729,274,274,18178,26,12758,0,5420
5960.000000,12353162,1342.000000,2.047729,274,274,18180,26,12759,0,5421
5966.000000,12360024,1342.000000,2.047729,274,274,18187,26,12759,0,5428
5971.000000,12368415,1342.000000,2.047729,274,274,18194,26,12765,0,5429
5976.000000,12376963,1342.000000,2.047729,274,274,18198,26,12768,0,5430
5981.000000,12386673,1342.000000,2.047729,274,274,18203,26,12768,0,5435
5986.000000,12396450,1342.000000,2.047729,274,274,18208,26,12769,0,5439
5992.000000,12404401,1342.000000,2.047729,274,274,18212,26,12769,0,5443
5997.000000,12413669,1342.000000,2.047729,274,274,18213,26,12770,0,5443
6002.000000,12424084,1342.000000,2.047729,274,274,18220,26,12771,0,5449
6008.000000,12434634,1342.000000,2.047729,274,274,18225,26,12771,0,5454
6013.000000,12446305,1342.000000,2.047729,274,274,18234,26,12772,0,5462
6018.000000,12457799,1342.000000,2.047729,274,274,18243,26,12774,0,5469
6023.000000,12467169,1342.000000,2.047729,274,274,18253,26,12780,0,5473
6028.000000,12473523,1342.000000,2.047729,274,274,18255,26,12781,0,5474
6033.000000,12482039,1342.000000,2.047729,274,274,18263,26,12787,0,5476
6038.000000,12492849,1342.000000,2.047729,274,274,18278,26,12794,0,5484
6044.000000,12504752,1342.000000,2.047729,274,274,18284,26,12795,0,5489
6049.000000,12517533,1342.000000,2.047729,274,274,18290,26,12796,0,5494
6054.000000,12531825,1342.000000,2.047729,274,274,18296,26,12799,0,5497
6060.000000,12539948,1342.000000,2.047729,274,274,18303,26,12803,0,5500
6065.000000,12547548,1342.000000,2.047729,274,274,18345,26,12843,0,5502
6070.000000,12556545,1342.000000,2.047729,274,274,18395,26,12885,0,5510
6075.000000,12567571,1342.000000,2.047729,274,274,18402,26,12885,0,5517
6080.000000,12577502,1342.000000,2.047729,274,274,18421,26,12892,0,5529
6085.000000,12588719,1342.000000,2.047729,274,274,18425,26,12893,0,5532
6090.000000,12596730,1342.000000,2.047729,274,274,18569,26,13037,0,5532
6096.000000,12605207,1342.000000,2.047729,274,274,18572,26,13037,0,5535
6101.000000,12616267,1342.000000,2.047729,274,274,18576,26,13038,0,5538
6106.000000,12626837,1342.000000,2.047729,274,274,18581,26,13040,0,5541
6111.000000,12637605,1342.000000,2.047729,274,274,18590,26,13041,0,5549
6116.000000,12650056,1342.000000,2.047729,274,274,18596,26,13041,0,5555
6121.000000,12662985,1342.000000,2.047729,274,274,18605,26,13044,0,5561
6127.000000,12672309,1342.000000,2.047729,274,274,18616,26,13046,0,5570
6132.000000,12681656,1342.000000,2.047729,274,274,18617,26,13046,0,5571
6137.000000,12690627,1342.000000,2.047729,274,274,18619,26,13047,0,5572
6142.000000,12701326,1342.000000,2.047729,274,274,18624,26,13048,0,5576
6147.000000,12712388,1342.000000,2.047729,274,274,18628,26,13048,0,5580
6153.000000,12723215,1342.000000,2.047729,274,274,18634,26,13049,0,5585
6158.000000,12732525,1342.000000,2.047729,274,274,18639,26,13049,0,5590
6163.000000,12740107,1342.000000,2.047729,274,274,18640,26,13049,0,5591
6168.000000,12751617,1342.000000,2.047729,274,274,18643,26,13050,0,5593
6173.000000,12765241,1342.000000,2.047729,274,274,18651,26,13050,0,5601
6178.000000,12775929,1342.000000,2.047729,274,274,18658,26,13052,0,5606
6183.000000,12783771,1342.000000,2.047729,274,274,18659,26,13052,0,5607
6188.000000,12794175,1342.000000,2.047729,274,274,18663,26,13053,0,5610
6193.000000,12806493,1342.000000,2.047729,274,274,18672,26,13054,0,5618
6198.000000,12816019,1342.000000,2.047729,274,274,18685,26,13063,0,5622
6203.000000,12827434,1342.000000,2.047729,274,274,18692,26,13063,0,5629
6208.000000,12835434,1342.000000,2.047729,274,274,18796,26,13158,0,5638
6213.000000,12843550,1342.000000,2.047729,275,275,18799,26,13158,0,5641
6219.000000,12851948,1342.000000,2.047729,275,275,18808,26,13159,0,5649
6224.000000,12861859,1342.000000,2.047729,275,275,18808,26,13159,0,5649
6229.000000,12868743,1342.000000,2.047729,275,275,18819,26,13161,0,5658
6234.000000,12881948,1342.000000,2.047729,275,275,18824,26,13163,0,5661
6239.000000,12893886,1342.000000,2.047729,275,275,18827,26,13163,0,5664
6244.000000,12907296,1342.000000,2.047729,275,275,18834,26,13163,0,5671
6249.000000,12916890,1342.000000,2.047729,275,275,18898,26,13217,0,5681
6254.000000,12930224,1342.000000,2.047729,275,275,18915,26,13233,0,5682
6260.000000,12943955,1342.000000,2.047729,275,275,18933,26,13244,0,5689
6265.000000,12952220,1342.000000,2.047729,275,275,18940,26,13247,0,5693
6270.000000,12963521,1342.000000,2.047729,275,275,18964,26,13270,0,5694
6275.000000,12972203,1342.000000,2.047729,275,275,18968,26,13271,0,5697
6280.000000,12984262,1342.000000,2.047729,275,275,18978,26,13272,0,5706
6285.000000,12990020,1342.000000,2.047729,275,275,19164,26,13454,0,5710
6290.000000,13001692,1342.000000,2.047729,275,275,19170,26,13454,0,5716
6295.000000,13013846,1342.000000,2.047729,275,275,19186,26,13460,0,5726
6300.000000,13025212,1342.000000,2.047729,275,275,19192,26,13460,0,5732
6305.000000,13039493,1342.000000,2.047729,275,275,19199,26,13462,0,5737
6312.000000,13052516,1342.000000,2.047729,275,275,19210,26,13462,0,5748
6317.000000,13065515,1342.000000,2.047729,275,275,19217,26,13463,0,5754
6322.000000,13078176,1342.000000,2.047729,275,275,19224,26,13465,0,5759
6327.000000,13092358,1342.000000,2.047729,275,275,19234,26,13467,0,5767
6332.000000,13102566,1342.000000,2.047729,275,275,19239,26,13467,0,5772
6337.000000,13114624,1342.000000,2.047729,275,275,19245,26,13467,0,5778
6342.000000,13128857,1342.000000,2.047729,275,275,19252,26,13467,0,5785
6347.000000,13138515,1342.000000,2.047729,275,275,19261,26,13468,0,5793
6352.000000,13149327,1342.000000,2.047729,275,275,19264,26,13468,0,5796
6358.000000,13163209,1342.000000,2.047729,275,275,19272,26,13471,0,5801
6363.000000,13178654,1342.000000,2.047729,275,275,19274,26,13472,0,5802
6368.000000,13191942,1342.000000,2.047729,275,275,19286,26,13473,0,5813
6373.000000,13205878,1342.000000,2.047729,275,275,19294,26,13476,0,5818
6379.000000,13216780,1342.000000,2.047729,275,275,19298,26,13476,0,5822
6384.000000,13228122,1342.000000,2.047729,275,275,19303,26,13477,0,5826
6389.000000,13240500,1342.000000,2.047729,275,275,19312,26,13477,0,5835
6394.000000,13255784,1342.000000,2.047729,275,275,19317,26,13478,0,5839
6399.000000,13271061,1342.000000,2.047729,275,275,19321,26,13478,0,5843
6404.000000,13285928,1342.000000,2.047729,275,275,19328,26,13481,0,5847
6409.000000,13298976,1342.000000,2.047729,275,275,19334,26,13484,0,5850
6414.000000,13308924,1342.000000,2.047729,275,275,19341,26,13488,0,5853
6419.000000,13320031,1342.000000,2.047729,275,275,19351,26,13490,0,5861
6424.000000,13334235,1342.000000,2.047729,275,275,19358,26,13490,0,5868
6429.000000,13347905,1342.000000,2.047729,275,275,19364,26,13491,0,5873
6435.000000,13359578,1342.000000,2.047729,275,275,19370,26,13491,0,5879
6440.000000,13370105,1342.000000,2.047729,275,275,19377,26,13492,0,5885
6446.000000,13382772,1342.000000,2.047729,275,275,19384,26,13493,0,5891
6451.000000,13392099,1342.000000,2.047729,275,275,19388,26,13494,0,5894
6456.000000,13402896,1342.000000,2.047729,275,275,19396,26,13495,0,5901
6461.000000,13410711,1342.000000,2.047729,275,275,19468,26,13560,0,5908
6466.000000,13422686,1342.000000,2.047729,275,275,19493,26,13581,0,5912
6471.000000,13433319,1342.000000,2.047729,275,275,19497,26,13581,0,5916
6476.000000,13443205,1342.000000,2.047729,275,275,19501,26,13581,0,5920
6481.000000,13449379,1342.000000,2.047729,275,275,19506,26,13583,0,5923
6486.000000,13456853,1342.000000,2.047729,275,275,19513,26,13584,0,5929
6491.000000,13468006,1342.000000,2.047729,275,275,19515,26,13586,0,5929
6496.000000,13479791,1342.000000,2.047729,275,275,19522,26,13588,0,5934
6501.000000,13489828,1342.000000,2.047729,275,275,19528,26,13588,0,5940
6506.000000,13499038,1342.000000,2.047729,275,275,19530,26,13588,0,5942
6512.000000,13506686,1342.000000,2.047729,275,275,19532,26,13588,0,5944
6518.000000,13514498,1342.000000,2.047729,275,275,19534,26,13589,0,5945
6523.000000,13524851,1342.000000,2.047729,275,275,19538,26,13590,0,5948
6528.000000,13539336,1342.000000,2.047729,275,275,19542,26,13591,0,5951
6533.000000,13549394,1342.000000,2.047729,275,275,19550,26,13591,0,5959
6538.000000,13563009,1342.000000,2.047729,275,275,19553,26,13591,0,5962
6543.000000,13576749,1342.000000,2.047729,275,275,19565,26,13592,0,5973
6548.000000,13585759,1342.000000,2.047729,275,275,19566,26,13592,0,5974
6553.000000,13598690,1342.000000,2.047729,275,275,19568,26,13592,0,5976
6559.000000,13614261,1342.000000,2.047729,275,275,19574,26,13593,0,5981
6564.000000,13627101,1342.000000,2.047729,275,275,19582,26,13594,0,5988
6569.000000,13638698,1342.000000,2.047729,275,275,19586,26,13595,0,5991
6574.000000,13650064,1342.000000,2.047729,275,275,19591,26,13596,0,5995
6579.000000,13662894,1342.000000,2.047729,275,275,19598,26,13596,0,6002
6585.000000,13677545,1342.000000,2.047729,275,275,19610,26,13598,0,6012
6590.000000,13691510,1342.000000,2.047729,275,275,19618,26,13599,0,6019
6595.000000,13706406,1342.000000,2.047729,275,275,19624,26,13601,0,6023
6600.000000,13720455,1342.000000,2.047729,275,275,19627,26,13601,0,6026
6605.000000,13734220,1342.000000,2.047729,275,275,19630,26,13601,0,6029
6610.000000,13747920,1342.000000,2.047729,275,275,19639,26,13602,0,6037
6615.000000,13758285,1342.000000,2.047729,275,275,19646,26,13603,0,6043
6620.000000,13771744,1342.000000,2.047729,275,275,19651,26,13604,0,6047
6626.000000,13784190,1342.000000,2.047729,275,275,19714,26,13660,0,6054
6631.000000,13795238,1342.000000,2.047729,275,275,19740,26,13682,0,6058
6636.000000,13807341,1342.000000,2.047729,275,275,19748,26,13682,0,6066
6641.000000,13820766,1342.000000,2.047729,275,275,19757,26,13682,0,6075
6646.000000,13832629,1342.000000,2.047729,275,275,19765,26,13682,0,6083
6651.000000,13846435,1342.000000,2.047729,275,275,19771,26,13684,0,6087
6656.000000,13860763,1342.000000,2.047729,275,275,19779,26,13689,0,6090
6661.000000,13875131,1342.000000,2.047729,275,275,19787,26,13692,0,6095
6666.000000,13886927,1342.000000,2.047729,275,275,19868,26,13767,0,6101
6671.000000,13900916,1342.000000,2.047729,275,275,19890,26,13785,0,6105
6676.000000,13912851,1342.000000,2.047729,275,275,19899,26,13789,0,6110
6681.000000,13921199,1342.000000,2.047729,275,275,19899,26,13789,0,6110
6687.000000,13930671,1342.000000,2.047729,275,275,19952,26,13835,0,6117
6692.000000,13943912,1342.000000,2.047729,275,275,20009,26,13885,0,6124
6697.000000,13958772,1342.000000,2.047729,275,275,20012,26,13886,0,6126
6702.000000,13973033,1342.000000,2.047729,275,275,20014,26,13887,0,6127
6707.000000,13986457,1342.000000,2.047729,275,275,20020,26,13888,0,6132
6713.000000,13999046,1342.000000,2.047729,275,275,20028,26,13891,0,6137
6718.000000,14010688,1342.000000,2.047729,275,275,20106,26,13966,0,6140
6723.000000,14021974,1342.000000,2.047729,275,275,20112,26,13967,0,6145
6728.000000,14036052,1342.000000,2.047729,275,275,20119,26,13969,0,6150
6733.000000,14047877,1342.000000,2.047729,275,275,20122,26,13970,0,6152
6738.000000,14054401,1342.000000,2.047729,275,275,20127,26,13970,0,6157
6743.000000,14060524,1342.000000,2.047729,275,275,20130,26,13970,0,6160
6748.000000,14066480,1342.000000,2.047729,275,275,20133,26,13971,0,6162
6753.000000,14074126,1342.000000,2.047729,275,275,20136,26,13971,0,6165
6759.000000,14082062,1342.000000,2.047729,275,275,20138,26,13971,0,6167
6764.000000,14091876,1342.000000,2.047729,275,275,20190,26,14020,0,6170
6769.000000,14106051,1342.000000,2.047729,275,275,20196,26,14021,0,6175
6774.000000,14119802,1342.000000,2.047729,275,275,20201,26,14022,0,6179
6779.000000,14133060,1342.000000,2.047729,275,275,20205,26,14022,0,6183
6785.000000,14140486,1342.000000,2.047729,275,275,20281,26,14094,0,6187
6790.000000,14143053,1342.000000,2.047729,275,275,20281,26,14094,0,6187
6795.000000,14157411,1342.000000,2.047729,275,275,20288,26,14095,0,6193
6800.000000,14171276,1342.000000,2.047729,275,275,20299,26,14097,0,6202
6805.000000,14186116,1342.000000,2.047729,275,275,20302,26,14097,0,6205
6810.000000,14195322,1342.000000,2.047729,275,275,20327,26,14120,0,6207
6815.000000,14203269,1342.000000,2.047729,275,275,20459,26,14251,0,6208
6820.000000,14216296,1342.000000,2.047729,275,275,20468,26,14251,0,6217
6825.000000,14228127,1342.000000,2.047729,275,275,20523,26,14296,0,6227
6830.000000,14241630,1342.000000,2.047729,275,275,20531,26,14297,0,6234
6836.000000,14255303,1342.000000,2.047729,275,275,20541,26,14299,0,6242
6841.000000,14267683,1342.000000,2.047729,275,275,20552,26,14304,0,6248
6846.000000,14276263,1342.000000,2.047729,275,275,20559,26,14304,0,6255
6851.000000,14284404,1342.000000,2.047729,275,275,20560,26,14304,0,6256
6856.000000,14290735,1342.000000,2.047729,275,275,20566,26,14304,0,6262
6861.000000,14299946,1342.000000,2.047729,275,275,20575,26,14306,0,6269
6867.000000,14310337,1342.000000,2.047729,275,275,20579,26,14306,0,6273
6872.000000,14321579,1342.000000,2.047729,275,275,20584,26,14308,0,6276
6877.000000,14331709,1342.000000,2.047729,275,275,20585,26,14308,0,6277
6882.000000,14336984,1342.000000,2.047729,275,275,20589,26,14308,0,6281
6887.000000,14345804,1342.000000,2.047729,275,275,20597,26,14309,0,6288
6892.000000,14356327,1342.000000,2.047729,275,275,20602,26,14312,0,6290
6897.000000,14368536,1342.000000,2.047729,275,275,20608,26,14315,0,6293
6902.000000,14380007,1342.000000,2.047729,275,275,20622,26,14323,0,6299
6907.000000,14392417,1342.000000,2.047729,275,275,20634,26,14325,0,6309
6913.000000,14401586,1342.000000,2.047729,275,275,20642,26,14328,0,6314
6918.000000,14413708,1342.000000,2.047729,275,275,20649,26,14329,0,6320
6923.000000,14426506,1342.000000,2.047729,275,275,20653,26,14330,0,6323
6928.000000,14436254,1342.000000,2.047729,275,275,20657,26,14333,0,6324
6934.000000,14446527,1342.000000,2.047729,275,275,20660,26,14334,0,6326
6939.000000,14459644,1342.000000,2.047729,275,275,20662,26,14334,0,6328
6944.000000,14470016,1342.000000,2.047729,275,275,20666,26,14336,0,6330
6949.000000,14479680,1342.000000,2.047729,275,275,20668,26,14336,0,6332
6954.000000,14491736,1342.000000,2.047729,275,275,20675,26,14336,0,6339
6959.000000,14504715,1342.000000,2.047729,275,275,20689,26,14341,0,6348
6964.000000,14518258,1342.000000,2.047729,275,275,20696,26,14342,0,6354
6969.000000,14527083,1342.000000,2.047729,275,275,20785,26,14430,0,6355
6974.000000,14537740,1342.000000,2.047729,275,275,20796,26,14432,0,6364
6980.000000,14546468,1342.000000,2.047729,275,275,20802,26,14432,0,6370
6985.000000,14556637,1342.000000,2.047729,275,275,20805,26,14433,0,6372
6990.000000,14570126,1342.000000,2.047729,275,275,20811,26,14435,0,6376
6995.000000,14582831,1342.000000,2.047729,275,275,20814,26,14435,0,6379
7000.000000,14594635,1342.000000,2.047729,275,275,20822,26,14439,0,6383
7005.000000,14607275,1342.000000,2.047729,275,275,20830,26,14440,0,6390
7011.000000,14616299,1342.000000,2.047729,275,275,20833,26,14441,0,6392
7016.000000,14624721,1342.000000,2.047729,275,275,20837,26,14442,0,6395
7021.000000,14633744,1342.000000,2.047729,275,275,20840,26,14442,0,6398
7026.000000,14641749,1342.000000,2.047729,275,275,20843,26,14443,0,6400
7031.000000,14651131,1342.000000,2.047729,275,275,20845,26,14444,0,6401
7036.000000,14659493,1342.000000,2.047729,275,275,20845,26,14444,0,6401
7041.000000,14664623,1342.000000,2.047729,275,275,20888,26,14484,0,6404
7047.000000,14673373,1342.000000,2.047729,275,275,20908,26,14501,0,6407
7052.000000,14682259,1342.000000,2.047729,275,275,20913,26,14504,0,6409
7057.000000,14691974,1342.000000,2.047729,275,275,20918,26,14504,0,6414
7062.000000,14702023,1342.000000,2.047729,275,275,20926,26,14512,0,6414
7067.000000,14711815,1342.000000,2.047729,275,275,20932,26,14512,0,6420
7072.000000,14721527,1342.000000,2.047729,275,275,20936,26,14513,0,6423
7077.000000,14731196,1342.000000,2.047729,275,275,20941,26,14514,0,6427
7082.000000,14739225,1342.000000,2.047729,275,275,20945,26,14514,0,6431
7088.000000,14750069,1342.000000,2.047729,275,275,20954,26,14517,0,6437
7093.000000,14762488,1342.000000,2.047729,275,275,20960,26,14519,0,6441
7098.000000,14776625,1342.000000,2.047729,275,275,20973,26,14520,0,6453
7103.000000,14789658,1342.000000,2.047729,275,275,20987,26,14526,0,6461
7108.000000,14801742,1342.000000,2.047729,275,275,20991,26,14527,0,6464
7114.000000,14810349,1342.000000,2.047729,275,275,21006,26,14527,0,6479
7119.000000,14819092,1342.000000,2.047729,275,275,21008,26,14527,0,6481
7124.000000,14829680,1342.000000,2.047729,275,275,21014,26,14528,0,6486
7129.000000,14840384,1342.000000,2.047729,275,275,21022,26,14529,0,6493
7134.000000,14851793,1342.000000,2.047729,275,275,21031,26,14529,0,6502
7139.000000,14862773,1342.000000,2.047729,275,275,21041,26,14531,0,6510
7144.000000,14875570,1342.000000,2.047729,275,275,21047,26,14531,0,6516
7149.000000,14885719,1342.000000,2.047729,275,275,21052,26,14531,0,6521
7154.000000,14898304,1342.000000,2.047729,275,275,21058,26,14531,0,6527
7159.000000,14911871,1342.000000,2.047729,275,275,21065,26,14534,0,6531
7165.000000,14925594,1342.000000,2.047729,275,275,21070,26,14535,0,6535
7170.000000,14937142,1342.000000,2.047729,275,275,21073,26,14535,0,6538
7175.000000,14947386,1342.000000,2.047729,275,275,21079,26,14536,0,6543
7181.000000,14958265,1342.000000,2.047729,275,275,21190,26,14644,0,6546
7186.000000,14968754,1342.000000,2.047729,275,275,21264,26,14714,0,6550
7191.000000,14981850,1342.000000,2.047729,275,275,21272,26,14714,0,6558
7196.000000,14995625,1342.000000,2.047729,275,275,21285,26,14720,0,6565
7201.000000,15009089,1342.000000,2.047729,275,275,21288,26,14720,0,6568
7206.000000,15021551,1342.000000,2.047729,275,275,21301,26,14728,0,6573
7212.000000,15034998,1342.000000,2.047729,275,275,21306,26,14728,0,6578
7217.000000,15042349,1342.000000,2.047729,275,275,21309,26,14729,0,6580
7222.000000,15055669,1342.000000,2.047729,275,275,21315,26,14731,0,6584
7227.000000,15068681,1342.000000,2.047729,275,275,21326,26,14733,0,6593
7232.000000,15078507,1342.000000,2.047729,275,275,21332,26,14733,0,6599
7237.000000,15087139,1342.000000,2.047729,275,275,21411,26,14803,0,6608
7242.000000,15099132,1342.000000,2.047729,275,275,21426,26,14804,0,6622
7248.000000,15108835,1342.000000,2.047729,275,275,21440,26,14807,0,6633
7253.000000,15120945,1342.000000,2.047729,275,275,21447,26,14807,0,6640
7258.000000,15134213,1342.000000,2.047729,275,275,21451,26,14807,0,6644
7263.000000,15141921,1342.000000,2.047729,275,275,21586,26,14939,0,6647
7268.000000,15154963,1342.000000,2.047729,275,275,21601,26,14944,0,6657
7273.000000,15163437,1342.000000,2.047729,275,275,21604,26,14944,0,6660
7278.000000,15171329,1342.000000,2.047729,275,275,21612,26,14945,0,6667
7283.000000,15178254,1342.000000,2.047729,275,275,21616,26,14945,0,6671
7288.000000,15190129,1342.000000,2.047729,275,275,21622,26,14949,0,6673
7293.000000,15201404,1342.000000,2.047729,275,275,21627,26,14950,0,6677
7299.000000,15208929,1342.000000,2.047729,275,275,21698,26,15018,0,6680
7304.000000,15218971,1342.000000,2.047729,275,275,21756,26,15064,0,6692
7309.000000,15229177,1342.000000,2.047729,275,275,21765,26,15065,0,6700
7314.000000,15239971,1342.000000,2.047729,275,275,21776,26,15065,0,6711
7319.000000,15251328,1342.000000,2.047729,275,275,21784,26,15067,0,6717
7325.000000,15263091,1342.000000,2.047729,275,275,21795,26,15070,0,6725
7330.000000,15274615,1342.000000,2.047729,275,275,21798,26,15072,0,6726
7335.000000,15287153,1342.000000,2.047729,275,275,21808,26,15079,0,6729
7340.000000,15296805,1342.000000,2.047729,275,275,21815,26,15081,0,6734
7345.000000,15307703,1342.000000,2.047729,275,275,21826,26,15083,0,6743
7350.000000,15313890,1342.000000,2.047729,275,275,21839,26,15093,0,6746
7355.000000,15322116,1342.000000,2.047729,275,275,22018,26,15265,0,6753
7360.000000,15333412,1342.000000,2.047729,275,275,22027,26,15267,0,6760
7365.000000,15344318,1342.000000,2.047729,275,275,22033,26,15267,0,6766
7370.000000,15354516,1342.000000,2.047729,275,275,22046,26,15268,0,6778
7376.000000,15361044,1342.000000,2.047729,275,275,22196,26,15410,0,6786
7381.000000,15369658,1342.000000,2.047729,275,275,22209,26,15410,0,6799
7386.000000,15379284,1342.000000,2.047729,275,275,22218,26,15411,0,6807
7391.000000,15388620,1342.000000,2.047729,275,275,22223,26,15411,0,6812
7397.000000,15398086,1342.000000,2.047729,275,275,22231,26,15414,0,6817
7402.000000,15408916,1342.000000,2.047729,275,275,22243,26,15415,0,6828
7407.000000,15417342,1342.000000,2.047729,275,275,22259,26,15415,0,6844
7412.000000,15425489,1342.000000,2.047729,275,275,22260,26,15415,0,6845
7417.000000,15432178,1342.000000,2.047729,275,275,22265,26,15415,0,6850
7422.000000,15442430,1342.000000,2.047729,275,275,22277,26,15416,0,6861
7427.000000,15453498,1342.000000,2.047729,275,275,22281,26,15416,0,6865
7432.000000,15463357,1342.000000,2.047729,275,275,22290,26,15416,0,6874
7437.000000,15473831,1342.000000,2.047729,275,275,22296,26,15416,0,6880
7442.000000,15484752,1342.000000,2.047729,275,275,22306,26,15417,0,6889
7448.000000,15491992,1342.000000,2.047729,275,275,22309,26,15417,0,6892
7453.000000,15499937,1342.000000,2.047729,275,275,22312,26,15417,0,6895
7458.000000,15508707,1342.000000,2.047729,275,275,22317,26,15418,0,6899
7463.000000,15517615,1342.000000,2.047729,275,275,22320,26,15419,0,6901
7468.000000,15526602,1342.000000,2.047729,275,275,22327,26,15419,0,6908
7474.000000,15534025,1342.000000,2.047729,275,275,22330,26,15419,0,6911
7479.000000,15541072,1342.000000,2.047729,275,275,22334,26,15419,0,6915
7484.000000,15545408,1342.000000,2.047729,275,275,22339,26,15419,0,6920
7489.000000,15552187,1342.000000,2.047729,275,275,22343,26,15420,0,6923
7494.000000,15555857,1342.000000,2.047729,275,275,22346,26,15420,0,6926
7499.000000,15561471,1342.000000,2.047729,275,275,22351,26,15420,0,6931
7504.000000,15565639,1342.000000,2.047729,275,275,22352,26,15420,0,6932
7509.000000,15568774,1342.000000,2.047729,275,275,22380,26,15445,0,6935
7515.000000,15573639,1342.000000,2.047729,275,275,22458,26,15521,0,6937
7520.000000,15580143,1342.000000,2.047729,275,275,22465,26,15523,0,6942
7525.000000,15584614,1342.000000,2.047729,275,275,22528,26,15584,0,6944
7530.000000,15590886,1342.000000,2.047729,275,275,22532,26,15584,0,6948
7535.000000,15597232,1342.000000,2.047729,275,275,22535,26,15584,0,6951
7540.000000,15607437,1342.000000,2.047729,275,275,22537,26,15584,0,6953
7546.000000,15618476,1342.000000,2.047729,275,275,22549,26,15584,0,6965
7551.000000,15627835,1342.000000,2.047729,275,275,22559,26,15585,0,6974
7556.000000,15641581,1342.000000,2.047729,275,275,22567,26,15586,0,6981
7561.000000,15652439,1342.000000,2.047729,275,275,22584,26,15598,0,6986
7566.000000,15665031,1342.000000,2.047729,275,275,22596,26,15600,0,6996
7571.000000,15676527,1342.000000,2.047729,275,275,22603,26,15601,0,7002
7576.000000,15688363,1342.000000,2.047729,275,275,22619,26,15603,0,7016
7581.000000,15697486,1342.000000,2.047729,275,275,22628,26,15603,0,7025
7586.000000,15706750,1342.000000,2.047729,275,275,22633,26,15603,0,7030
7592.000000,15717834,1342.000000,2.047729,275,275,22742,26,15701,0,7041
7597.000000,15730267,1342.000000,2.047729,275,275,22756,26,15704,0,7052
7602.000000,15736267,1342.000000,2.047729,275,275,22784,26,15729,0,7055
7607.000000,15747537,1342.000000,2.047729,275,275,22843,26,15783,0,7060
7612.000000,15757796,1342.000000,2.047729,275,275,22858,26,15784,0,7074
7617.000000,15766695,1342.000000,2.047729,275,275,22864,26,15785,0,7079
7622.000000,15776374,1342.000000,2.047729,275,275,22871,26,15788,0,7083
7627.000000,15784502,1342.000000,2.047729,275,275,22882,26,15790,0,7092
7632.000000,15794834,1342.000000,2.047729,275,275,22886,26,15791,0,7095
7637.000000,15804767,1342.000000,2.047729,275,275,22897,26,15791,0,7106
7642.000000,15814599,1342.000000,2.047729,275,275,22909,26,15795,0,7114
7648.000000,15824708,1342.000000,2.047729,275,275,22917,26,15795,0,7122
7653.000000,15836549,1342.000000,2.047729,275,275,22922,26,15795,0,7127
7658.000000,15848405,1342.000000,2.047729,275,275,22930,26,15797,0,7133
7664.000000,15858963,1342.000000,2.047729,275,275,22938,26,15798,0,7140
7669.000000,15867828,1342.000000,2.047729,275,275,22946,26,15802,0,7144
7674.000000,15880003,1342.000000,2.047729,275,275,22954,26,15804,0,7150
7679.000000,15892941,1342.000000,2.047729,275,275,22958,26,15804,0,7154
7684.000000,15899730,1342.000000,2.047729,275,275,22966,26,15804,0,7162
7689.000000,15906160,1342.000000,2.047729,275,275,23099,26,15930,0,7169
7694.000000,15916498,1342.000000,2.047729,275,275,23108,26,15930,0,7178
7700.000000,15924817,1342.000000,2.047729,275,275,23121,26,15937,0,7184
7705.000000,15932382,1342.000000,2.047729,275,275,23179,26,15987,0,7192
7710.000000,15941460,1342.000000,2.047729,275,275,23186,26,15990,0,7196
7715.000000,15949138,1342.000000,2.047729,275,275,23191,26,15991,0,7200
7720.000000,15961370,1342.000000,2.047729,275,275,23199,26,15992,0,7207
7725.000000,15973040,1342.000000,2.047729,275,275,23225,26,16007,0,7218
7730.000000,15985705,1342.000000,2.047729,275,275,23238,26,16010,0,7228
7735.000000,15993835,1342.000000,2.047729,275,275,23272,26,16036,0,7236
7740.000000,16004064,1342.000000,2.047729,275,275,23327,26,16083,0,7244
7745.000000,16012588,1342.000000,2.047729,275,275,23329,26,16083,0,7246
7750.000000,16016863,1342.000000,2.047729,275,275,23399,26,16149,0,7250
7756.000000,16025219,1342.000000,2.047729,275,275,23410,26,16152,0,7258
7761.000000,16035982,1342.000000,2.047729,275,275,23468,26,16202,0,7266
7766.000000,16047268,1342.000000,2.047729,275,275,23473,26,16202,0,7271
7771.000000,16055398,1342.000000,2.047729,275,275,23477,26,16202,0,7275
7776.000000,16062549,1342.000000,2.047729,275,275,23510,26,16231,0,7279
7781.000000,16069651,1342.000000,2.047729,275,275,23529,26,16242,0,7287
7786.000000,16072597,1342.000000,2.047729,275,275,23703,26,16416,0,7287
7791.000000,16081854,1342.000000,2.047729,275,275,23710,26,16420,0,7290
7796.000000,16090145,1342.000000,2.047729,275,275,23718,26,16420,0,7298
7801.000000,16096689,1342.000000,2.047729,275,275,23723,26,16420,0,7303
7806.000000,16105148,1342.000000,2.047729,275,275,23725,26,16420,0,7305
7812.000000,16113601,1342.000000,2.047729,275,275,23732,26,16420,0,7312
7817.000000,16119844,1342.000000,2.047729,275,275,23737,26,16420,0,7317
7822.000000,16127508,1342.000000,2.047729,275,275,23747,26,16423,0,7324
7827.000000,16136852,1342.000000,2.047729,275,275,23752,26,16425,0,7327
7832.000000,16142899,1342.000000,2.047729,275,275,23755,26,16425,0,7330
7837.000000,16146082,1342.000000,2.047729,275,275,23791,26,16458,0,7333
7842.000000,16152276,1342.000000,2.047729,275,275,23879,26,16545,0,7334
7847.000000,16154022,1342.000000,2.047729,275,275,23982,26,16644,0,7338
7853.000000,16161034,1342.000000,2.047729,275,275,24029,26,16687,0,7342
7858.000000,16169653,1342.000000,2.047729,275,275,24045,26,16688,0,7357
7863.000000,16178218,1342.000000,2.047729,275,275,24054,26,16690,0,7364
7868.000000,16182295,1342.000000,2.047729,275,275,24060,26,16691,0,7369
7873.000000,16186145,1342.000000,2.047729,275,275,24102,26,16731,0,7371
7878.000000,16189193,1342.000000,2.047729,275,275,24127,26,16755,0,7372
7883.000000,16193321,1342.000000,2.047729,275,275,24128,26,16755,0,7373
7888.000000,16199045,1342.000000,2.047729,275,275,24136,26,16758,0,7378
7893.000000,16206879,1342.000000,2.047729,275,275,24143,26,16759,0,7384
7898.000000,16214277,1342.000000,2.047729,275,275,24146,26,16760,0,7386
7903.000000,16224929,1342.000000,2.047729,275,275,24152,26,16761,0,7391
7908.000000,16236824,1342.000000,2.047729,275,275,24160,26,16766,0,7394
7914.000000,16246584,1342.000000,2.047729,275,275,24169,26,16769,0,7400
7919.000000,16255586,1342.000000,2.047729,275,275,24181,26,16770,0,7411
7924.000000,16263500,1342.000000,2.047729,275,275,24292,26,16875,0,7417
7929.000000,16275480,1342.000000,2.047729,275,275,24300,26,16875,0,7425
7934.000000,16281583,1342.000000,2.047729,275,275,24360,26,16933,0,7427
7939.000000,16289609,1342.000000,2.047729,275,275,24475,26,17047,0,7428
7944.000000,16302651,1342.000000,2.047729,275,275,24479,26,17047,0,7432
7949.000000,16313578,1342.000000,2.047729,275,275,24487,26,17047,0,7440
7954.000000,16325238,1342.000000,2.047729,275,275,24499,26,17048,0,7451
7959.000000,16335699,1342.000000,2.047729,275,275,24508,26,17049,0,7459
7965.000000,16344344,1342.000000,2.047729,275,275,24512,26,17050,0,7462
7970.000000,16350608,1342.000000,2.047729,275,275,24519,26,17051,0,7468
7975.000000,16359551,1342.000000,2.047729,275,275,24527,26,17054,0,7473
7980.000000,16365881,1342.000000,2.047729,275,275,24529,26,17054,0,7475
7985.000000,16371831,1342.000000,2.047729,275,275,24535,26,17054,0,7481
7990.000000,16378754,1342.000000,2.047729,275,275,24542,26,17054,0,7488
7995.000000,16386907,1342.000000,2.047729,275,275,24551,26,17058,0,7493
8000.000000,16392500,1342.000000,2.047729,275,275,24554,26,17061,0,7493
8005.000000,16400700,1342.000000,2.047729,275,275,24559,26,17062,0,7497
8010.000000,16410045,1342.000000,2.047729,275,275,24564,26,17062,0,7502
8015.000000,16419346,1342.000000,2.047729,275,275,24570,26,17062,0,7508
8020.000000,16430128,1342.000000,2.047729,275,275,24581,26,17063,0,7518
8025.000000,16435654,1342.000000,2.047729,275,275,24733,26,17208,0,7525
8030.000000,16446348,1342.000000,2.047729,275,275,24816,26,17285,0,7531
8035.000000,16457675,1342.000000,2.047729,275,275,24825,26,17285,0,7540
8040.000000,16469075,1342.000000,2.047729,275,275,24838,26,17293,0,7545
8046.000000,16479436,1342.000000,2.047729,275,275,24855,26,17295,0,7560
8051.000000,16491680,1342.000000,2.047729,275,275,24868,26,17303,0,7565
8056.000000,16503932,1342.000000,2.047729,275,275,24879,26,17310,0,7569
8061.000000,16515600,1342.000000,2.047729,275,275,24892,26,17314,0,7578
8066.000000,16526074,1342.000000,2.047729,275,275,24904,26,17315,0,7589
8071.000000,16536048,1342.000000,2.047729,275,275,24909,26,17315,0,7594
8076.000000,16545400,1342.000000,2.047729,275,275,24913,26,17315,0,7598
8081.000000,16555109,1342.000000,2.047729,275,275,24981,26,17378,0,7603
8086.000000,16567822,1342.000000,2.047729,275,275,24983,26,17379,0,7604
8091.000000,16580017,1342.000000,2.047729,275,275,24990,26,17381,0,7609
8096.000000,16590637,1342.000000,2.047729,275,275,24996,26,17382,0,7614
8101.000000,16601999,1342.000000,2.047729,275,275,25010,26,17382,0,7628
8106.000000,16614375,1342.000000,2.047729,275,275,25016,26,17382,0,7634
8112.000000,16623468,1342.000000,2.047729,275,275,25023,26,17384,0,7639
8117.000000,16635176,1342.000000,2.047729,275,275,25028,26,17384,0,7644
8122.000000,16647893,1342.000000,2.047729,275,275,25033,26,17384,0,7649
8127.000000,16658983,1342.000000,2.047729,275,275,25037,26,17384,0,7653
8132.000000,16667593,1342.000000,2.047729,275,275,25043,26,17384,0,7659
8137.000000,16677207,1342.000000,2.047729,275,275,25050,26,17384,0,7666
8142.000000,16681959,1342.000000,2.047729,275,275,25051,26,17384,0,7667
8147.000000,16685069,1342.000000,2.047729,275,275,25052,26,17384,0,7668
8153.000000,16693784,1342.000000,2.047729,275,275,25060,26,17386,0,7674
8158.000000,16702848,1342.000000,2.047729,275,275,25065,26,17387,0,7678
8163.000000,16711566,1342.000000,2.047729,275,275,25073,26,17387,0,7686
8168.000000,16717737,1342.000000,2.047729,275,275,25211,26,17517,0,7694
8173.000000,16723133,1342.000000,2.047729,275,275,25383,26,17685,0,7698
8178.000000,16729405,1342.000000,2.047729,275,275,25411,26,17707,0,7704
8183.000000,16738360,1342.000000,2.047729,275,275,25418,26,17710,0,7708
8188.000000,16750099,1342.000000,2.047729,275,275,25438,26,17710,0,7728
8193.000000,16760882,1342.000000,2.047729,275,275,25448,26,17712,0,7736
8198.000000,16773170,1342.000000,2.047729,275,275,25454,26,17712,0,7742
8203.000000,16785164,1342.000000,2.047729,275,275,25467,26,17713,0,7754
8209.000000,16796238,1342.000000,2.047729,275,275,25477,26,17714,0,7763
8214.000000,16802733,1342.000000,2.047729,275,275,25484,26,17715,0,7769
8219.000000,16806726,1342.000000,2.047729,275,275,25486,26,17715,0,7771
8224.000000,16809931,1342.000000,2.047729,275,275,25489,26,17716,0,7773
8229.000000,16815008,1342.000000,2.047729,275,275,25618,26,17845,0,7773
8234.000000,16821301,1342.000000,2.047729,275,275,25624,26,17845,0,7779
8239.000000,16827150,1342.000000,2.047729,275,275,25632,26,17845,0,7787
8245.000000,16832582,1342.000000,2.047729,275,275,25636,26,17846,0,7790
8250.000000,16840115,1342.000000,2.047729,275,275,25637,26,17846,0,7791
8255.000000,16847174,1342.000000,2.047729,275,275,25643,26,17849,0,7794
8260.000000,16856442,1342.000000,2.047729,275,275,25649,26,17849,0,7800
8265.000000,16867407,1342.000000,2.047729,275,275,25654,26,17849,0,7805
8270.000000,16873724,1342.000000,2.047729,275,275,25722,26,17909,0,7813
8275.000000,16885792,1342.000000,2.047729,275,275,25790,26,17972,0,7818
8280.000000,16894179,1342.000000,2.047729,275,275,25797,26,17972,0,7825
8285.000000,16905751,1342.000000,2.047729,275,275,25809,26,17976,0,7833
8290.000000,16917585,1342.000000,2.047729,275,275,25815,26,17977,0,7838
8295.000000,16929257,1342.000000,2.047729,275,275,25821,26,17978,0,7843
8300.000000,16940012,1342.000000,2.047729,275,275,25826,26,17978,0,7848
8305.000000,16952720,1342.000000,2.047729,275,275,25842,26,17981,0,7861
8311.000000,16961139,1342.000000,2.047729,275,275,25852,26,17982,0,7870
8316.000000,16966923,1342.000000,2.047729,275,275,25858,26,17982,0,7876
8321.000000,16975071,1342.000000,2.047729,275,275,25865,26,17983,0,7882
8326.000000,16985893,1342.000000,2.047729,275,275,25873,26,17983,0,7890
8331.000000,16996265,1342.000000,2.047729,275,275,25876,26,17983,0,7893
8336.000000,17007285,1342.000000,2.047729,275,275,25881,26,17983,0,7898
8341.000000,17018351,1342.000000,2.047729,275,275,25895,26,17985,0,7910
8346.000000,17027478,1342.000000,2.047729,275,275,25905,26,17986,0,7919
8351.000000,17037286,1342.000000,2.047729,275,275,25911,26,17989,0,7922
8356.000000,17046989,1342.000000,2.047729,275,275,25916,26,17989,0,7927
8361.000000,17056200,1342.000000,2.047729,275,275,25919,26,17989,0,7930
8367.000000,17064454,1342.000000,2.047729,275,275,25924,26,17991,0,7933
8372.000000,17073534,1342.000000,2.047729,275,275,25927,26,17991,0,7936
8377.000000,17079962,1342.000000,2.047729,275,275,25931,26,17991,0,7940
8382.000000,17089879,1342.000000,2.047729,275,275,25934,26,17991,0,7943
8387.000000,17095638,1342.000000,2.047729,275,275,26047,26,18101,0,7946
8392.000000,17105086,1342.000000,2.047729,275,275,26053,26,18101,0,7952
8397.000000,17110569,1342.000000,2.047729,275,275,26071,26,18117,0,7954
8402.000000,17120898,1342.000000,2.047729,275,275,26130,26,18175,0,7955
8408.000000,17131276,1342.000000,2.047729,275,275,26150,26,18187,0,7963
8413.000000,17142457,1342.000000,2.047729,275,275,26159,26,18187,0,7972
8418.000000,17149027,1342.000000,2.047729,275,275,26165,26,18191,0,7974
8423.000000,17161600,1342.000000,2.047729,275,275,26183,26,18192,0,7991
8428.000000,17168478,1342.000000,2.047729,275,275,26240,26,18242,0,7998
8433.000000,17174714,1342.000000,2.047729,275,275,26345,26,18343,0,8002
8438.000000,17183527,1342.000000,2.047729,275,275,26349,26,18344,0,8005
8443.000000,17191574,1342.000000,2.047729,275,275,26358,26,18345,0,8013
8448.000000,17201107,1342.000000,2.047729,275,275,26366,26,18345,0,8021
8454.000000,17215029,1342.000000,2.047729,275,275,26379,26,18348,0,8031
8459.000000,17225888,1342.000000,2.047729,275,275,26385,26,18350,0,8035
8464.000000,17236238,1342.000000,2.047729,275,275,26394,26,18351,0,8043
8469.000000,17244680,1342.000000,2.047729,275,275,26402,26,18354,0,8048
8474.000000,17257108,1342.000000,2.047729,275,275,26412,26,18359,0,8053
8479.000000,17263265,1342.000000,2.047729,275,275,26413,26,18359,0,8054
8484.000000,17271191,1342.000000,2.047729,275,275,26419,26,18359,0,8060
8489.000000,17282667,1342.000000,2.047729,275,275,26421,26,18360,0,8061
8494.000000,17293411,1342.000000,2.047729,275,275,26516,26,18446,0,8070
8500.000000,17301705,1342.000000,2.047729,275,275,26522,26,18446,0,8076
8505.000000,17307589,1342.000000,2.047729,275,275,26531,26,18447,0,8084
8510.000000,17312006,1342.000000,2.047729,275,275,26534,26,18447,0,8087
8515.000000,17321141,1342.000000,2.047729,275,275,26571,26,18483,0,8088
8520.000000,17332980,1342.000000,2.047729,275,275,26584,26,18483,0,8101
8525.000000,17343662,1342.000000,2.047729,276,276,26587,26,18483,0,8104
8530.000000,17353526,1342.000000,2.047729,276,276,26590,26,18483,0,8107
8535.000000,17359526,1342.000000,2.047729,276,276,26590,26,18483,0,8107
8541.000000,17367861,1342.000000,2.047729,276,276,26647,26,18534,0,8113
8546.000000,17374614,1342.000000,2.047729,276,276,26749,26,18633,0,8116
8551.000000,17383530,1342.000000,2.047729,276,276,26777,26,18656,0,8121
8556.000000,17394689,1342.000000,2.047729,276,276,26824,26,18702,0,8122
8561.000000,17406555,1342.000000,2.047729,276,276,26827,26,18702,0,8125
8567.000000,17419802,1342.000000,2.047729,276,276,26834,26,18702,0,8132
8572.000000,17431243,1342.000000,2.047729,276,276,26836,26,18703,0,8133
8577.000000,17440291,1342.000000,2.047729,276,276,26842,26,18708,0,8134
8582.000000,17450623,1342.000000,2.047729,276,276,26848,26,18709,0,8139
8587.000000,17461882,1342.000000,2.047729,276,276,26852,26,18711,0,8141
8592.000000,17470649,1342.000000,2.047729,276,276,26857,26,18712,0,8145
8597.000000,17482892,1342.000000,2.047729,276,276,26862,26,18712,0,8150
8602.000000,17496137,1342.000000,2.047729,276,276,26871,26,18714,0,8157
8607.000000,17508069,1342.000000,2.047729,276,276,26876,26,18714,0,8162
8612.000000,17514707,1342.000000,2.047729,276,276,26881,26,18715,0,8166
8617.000000,17523122,1342.000000,2.047729,276,276,26890,26,18715,0,8175
8623.000000,17534741,1342.000000,2.047729,276,276,26895,26,18716,0,8179
8628.000000,17546314,1342.000000,2.047729,276,276,26904,26,18716,0,8188
8633.000000,17557655,1342.000000,2.047729,276,276,26907,26,18718,0,8189
8638.000000,17567689,1342.000000,2.047729,276,276,26910,26,18718,0,8192
8643.000000,17575368,1342.000000,2.047729,276,276,26952,26,18759,0,8193
8648.000000,17584737,1342.000000,2.047729,276,276,26956,26,18759,0,8197
8653.000000,17593730,1342.000000,2.047729,276,276,26961,26,18759,0,8202
8658.000000,17603064,1342.000000,2.047729,276,276,26965,26,18759,0,8206
8663.000000,17613963,1342.000000,2.047729,276,276,26970,26,18759,0,8211
8669.000000,17623428,1342.000000,2.047729,276,276,26980,26,18759,0,8221
8674.000000,17629946,1342.000000,2.047729,276,276,26985,26,18760,0,8225
8679.000000,17639684,1342.000000,2.047729,276,276,26988,26,18761,0,8227
8684.000000,17650620,1342.000000,2.047729,276,276,26995,26,18761,0,8234
8689.000000,17662020,1342.000000,2.047729,276,276,26998,26,18761,0,8237
8694.000000,17673948,1342.000000,2.047729,276,276,27006,26,18761,0,8245
8699.000000,17685851,1342.000000,2.047729,276,276,27013,26,18762,0,8251
8704.000000,17697071,1342.000000,2.047729,276,276,27022,26,18763,0,8259
8709.000000,17705754,1342.000000,2.047729,276,276,27027,26,18763,0,8264
8714.000000,17717350,1342.000000,2.047729,276,276,27033,26,18763,0,8270
8719.000000,17725838,1342.000000,2.047729,276,276,27035,26,18764,0,8271
8725.000000,17736769,1342.000000,2.047729,276,276,27138,26,18866,0,8272
8730.000000,17746370,1342.000000,2.047729,276,276,27145,26,18866,0,8279
8735.000000,17754367,1342.000000,2.047729,276,276,27154,26,18867,0,8287
8740.000000,17762845,1342.000000,2.047729,276,276,27207,26,18918,0,8289
8745.000000,17774285,1342.000000,2.047729,276,276,27217,26,18920,0,8297
8750.000000,17786589,1342.000000,2.047729,276,276,27219,26,18921,0,8298
8755.000000,17798217,1342.000000,2.047729,276,276,27222,26,18921,0,8301
8760.000000,17808343,1342.000000,2.047729,276,276,27227,26,18921,0,8306
8766.000000,17819395,1342.000000,2.047729,276,276,27238,26,18922,0,8316
8771.000000,17827455,1342.000000,2.047729,276,276,27335,26,19015,0,8320
8776.000000,17836698,1342.000000,2.047729,276,276,27340,26,19016,0,8324
8781.000000,17846060,1342.000000,2.047729,276,276,27340,26,19016,0,8324
8786.000000,17853835,1342.000000,2.047729,276,276,27392,26,19067,0,8325
8791.000000,17865168,1342.000000,2.047729,276,276,27396,26,19068,0,8328
8796.000000,17876900,1342.000000,2.047729,276,276,27401,26,19069,0,8332
8801.000000,17888016,1342.000000,2.047729,276,276,27418,26,19073,0,8345
8806.000000,17897271,1342.000000,2.047729,276,276,27422,26,19074,0,8348
8811.000000,17906824,1342.000000,2.047729,276,276,27428,26,19078,0,8350
8817.000000,17917178,1342.000000,2.047729,276,276,27441,26,19079,0,8362
8822.000000,17928293,1342.000000,2.047729,276,276,27443,26,19079,0,8364
8827.000000,17940335,1342.000000,2.047729,276,276,27445,26,19079,0,8366
8832.000000,17951907,1342.000000,2.047729,276,276,27450,26,19079,0,8371
8837.000000,17962981,1342.000000,2.047729,276,276,27456,26,19080,0,8376
8842.000000,17971538,1342.000000,2.047729,276,276,27465,26,19084,0,8381
8847.000000,17983540,1342.000000,2.047729,276,276,27470,26,19085,0,8385
8852.000000,17993060,1342.000000,2.047729,276,276,27472,26,19085,0,8387
8857.000000,18004507,1342.000000,2.047729,276,276,27478,26,19085,0,8393
8862.000000,18015764,1342.000000,2.047729,276,276,27489,26,19085,0,8404
8867.000000,18025694,1342.000000,2.047729,276,276,27507,26,19098,0,8409
8873.000000,18036094,1342.000000,2.047729,276,276,27510,26,19099,0,8411
8878.000000,18048443,1342.000000,2.047729,276,276,27511,26,19099,0,8412
8883.000000,18060394,1342.000000,2.047729,276,276,27520,26,19101,0,8419
8888.000000,18071051,1342.000000,2.047729,276,276,27528,26,19106,0,8422
8893.000000,18081606,1342.000000,2.047729,276,276,27535,26,19107,0,8428
8898.000000,18090173,1342.000000,2.047729,276,276,27591,26,19158,0,8433
8903.000000,18101965,1342.000000,2.047729,276,276,27596,26,19158,0,8438
8908.000000,18106929,1342.000000,2.047729,276,276,27623,26,19181,0,8442
8913.000000,18114425,1342.000000,2.047729,276,276,27739,26,19296,0,8443
8918.000000,18123817,1342.000000,2.047729,276,276,27743,26,19296,0,8447
8924.000000,18136412,1342.000000,2.047729,276,276,27744,26,19296,0,8448
8929.000000,18148127,1342.000000,2.047729,276,276,27750,26,19297,0,8453
8934.000000,18160586,1342.000000,2.047729,276,276,27758,26,19300,0,8458
8939.000000,18168892,1342.000000,2.047729,276,276,27762,26,19301,0,8461
8944.000000,18178498,1342.000000,2.047729,276,276,27770,26,19301,0,8469
8949.000000,18189621,1342.000000,2.047729,276,276,27778,26,19303,0,8475
8954.000000,18201558,1342.000000,2.047729,276,276,27784,26,19304,0,8480
8960.000000,18212965,1342.000000,2.047729,276,276,27811,26,19323,0,8488
8965.000000,18224579,1342.000000,2.047729,276,276,27812,26,19323,0,8489
8970.000000,18234587,1342.000000,2.047729,276,276,27817,26,19324,0,8493
8975.000000,18243172,1342.000000,2.047729,276,276,27822,26,19324,0,8498
8980.000000,18253814,1342.000000,2.047729,276,276,27827,26,19324,0,8503
8985.000000,18262797,1342.000000,2.047729,276,276,27834,26,19326,0,8508
8990.000000,18273910,1342.000000,2.047729,277,277,27840,26,19327,0,8513
8995.000000,18285255,1342.000000,2.047729,277,277,27843,26,19328,0,8515
9000.000000,18295539,1342.000000,2.047729,277,277,27848,26,19331,0,8517
9005.000000,18305341,1342.000000,2.047729,277,277,27852,26,19332,0,8520
9010.000000,18315947,1342.000000,2.047729,277,277,27857,26,19332,0,8525
9015.000000,18326703,1342.000000,2.047729,277,277,27866,26,19337,0,8529
9020.000000,18337862,1342.000000,2.047729,277,277,27872,26,19338,0,8534
9025.000000,18349144,1342.000000,2.047729,277,277,27878,26,19339,0,8539
9030.000000,18357330,1342.000000,2.047729,277,277,27885,26,19339,0,8546
9036.000000,18367475,1342.000000,2.047729,278,278,27890,26,19339,0,8551
9041.000000,18377288,1342.000000,2.047729,278,278,27898,26,19341,0,8557
9046.000000,18386896,1342.000000,2.047729,278,278,27900,26,19341,0,8559
9051.000000,18395162,1342.000000,2.047729,278,278,27907,26,19341,0,8566
9056.000000,18405842,1342.000000,2.047729,278,278,27910,26,19343,0,8567
9061.000000,18414357,1342.000000,2.047729,278,278,27968,26,19399,0,8569
9066.000000,18426279,1342.000000,2.047729,278,278,28029,26,19456,0,8573
9071.000000,18436026,1342.000000,2.047729,278,278,28035,26,19458,0,8577
9076.000000,18445887,1342.000000,2.047729,278,278,28041,26,19461,0,8580
9082.000000,18455457,1342.000000,2.047729,278,278,28049,26,19461,0,8588
9087.000000,18465606,1342.000000,2.047729,278,278,28052,26,19461,0,8591
9092.000000,18476808,1342.000000,2.047729,278,278,28056,26,19462,0,8594
9097.000000,18488668,1342.000000,2.047729,278,278,28059,26,19462,0,8597
9102.000000,18499542,1342.000000,2.047729,278,278,28071,26,19472,0,8599
9107.000000,18508981,1342.000000,2.047729,278,278,28073,26,19473,0,8600
9112.000000,18520340,1342.000000,2.047729,278,278,28075,26,19473,0,8602
9117.000000,18530882,1342.000000,2.047729,278,278,28077,26,19474,0,8603
9123.000000,18542162,1342.000000,2.047729,278,278,28089,26,19481,0,8608
9128.000000,18553033,1342.000000,2.047729,278,278,28094,26,19482,0,8612
9133.000000,18558501,1342.000000,2.047729,278,278,28099,26,19482,0,8617
9138.000000,18562903,1342.000000,2.047729,278,278,28195,26,19575,0,8620
9143.000000,18573991,1342.000000,2.047729,278,278,28210,26,19585,0,8625
9148.000000,18584506,1342.000000,2.047729,278,278,28214,26,19586,0,8628
9153.000000,18592602,1342.000000,2.047729,278,278,28217,26,19587,0,8630
9158.000000,18601988,1342.000000,2.047729,278,278,28222,26,19590,0,8632
9163.000000,18611739,1342.000000,2.047729,278,278,28227,26,19592,0,8635
9168.000000,18621105,1342.000000,2.047729,278,278,28232,26,19593,0,8639
9173.000000,18626435,1342.000000,2.047729,278,278,28235,26,19593,0,8642
9178.000000,18633023,1342.000000,2.047729,278,278,28239,26,19593,0,8646
9183.000000,18639292,1342.000000,2.047729,278,278,28240,26,19593,0,8647
9189.000000,18648970,1342.000000,2.047729,278,278,28245,26,19594,0,8651
9194.000000,18656245,1342.000000,2.047729,278,278,28250,26,19594,0,8656
9199.000000,18666054,1342.000000,2.047729,278,278,28253,26,19594,0,8659
9204.000000,18669464,1342.000000,2.047729,278,278,28334,26,19673,0,8661
9209.000000,18675659,1342.000000,2.047729,278,278,28336,26,19673,0,8663
9214.000000,18683623,1342.000000,2.047729,278,278,28338,26,19673,0,8665
9219.000000,18692943,1342.000000,2.047729,278,278,28346,26,19674,0,8672
9224.000000,18703182,1342.000000,2.047729,278,278,28355,26,19680,0,8675
9229.000000,18709473,1342.000000,2.047729,278,278,28360,26,19685,0,8675
9234.000000,18715099,1342.000000,2.047729,278,278,28360,26,19685,0,8675
9239.000000,18721199,1342.000000,2.047729,278,278,28366,26,19687,0,8679
9244.000000,18729333,1342.000000,2.047729,278,278,28368,26,19688,0,8680
9250.000000,18737009,1342.000000,2.047729,278,278,28373,26,19688,0,8685
9255.000000,18746974,1342.000000,2.047729,278,278,28376,26,19688,0,8688
9260.000000,18757017,1342.000000,2.047729,278,278,28382,26,19688,0,8694
9265.000000,18765137,1342.000000,2.047729,278,278,28386,26,19689,0,8697
9270.000000,18769645,1342.000000,2.047729,278,278,28386,26,19689,0,8697
9275.000000,18774191,1342.000000,2.047729,278,278,28434,26,19735,0,8699
9280.000000,18781502,1342.000000,2.047729,278,278,28435,26,19735,0,8700
9285.000000,18791328,1342.000000,2.047729,278,278,28442,26,19738,0,8704
9290.000000,18798796,1342.000000,2.047729,278,278,28445,26,19738,0,8707
9295.000000,18803843,1342.000000,2.047729,278,278,28461,26,19754,0,8707
9301.000000,18810721,1342.000000,2.047729,278,278,28559,26,19851,0,8708
9306.000000,18820475,1342.000000,2.047729,278,278,28568,26,19851,0,8717
9311.000000,18830430,1342.000000,2.047729,278,278,28575,26,19852,0,8723
9316.000000,18840687,1342.000000,2.047729,278,278,28583,26,19854,0,8729
9321.000000,18852192,1342.000000,2.047729,278,278,28589,26,19855,0,8734
9326.000000,18863413,1342.000000,2.047729,278,278,28594,26,19855,0,8739
9331.000000,18872978,1342.000000,2.047729,278,278,28595,26,19855,0,8740
9336.000000,18880372,1342.000000,2.047729,278,278,28601,26,19857,0,8744
9341.000000,18891879,1342.000000,2.047729,278,278,28605,26,19857,0,8748
9346.000000,18901518,1342.000000,2.047729,278,278,28687,26,19937,0,8750
9351.000000,18912588,1342.000000,2.047729,278,278,28691,26,19937,0,8754
9356.000000,18921893,1342.000000,2.047729,278,278,28714,26,19955,0,8759
9362.000000,18930049,1342.000000,2.047729,278,278,28788,26,20024,0,8764
9367.000000,18940610,1342.000000,2.047729,278,278,28792,26,20024,0,8768
9372.000000,18950420,1342.000000,2.047729,278,278,28800,26,20025,0,8775
9377.000000,18960160,1342.000000,2.047729,278,278,28801,26,20025,0,8776
9382.000000,18969116,1342.000000,2.047729,278,278,28803,26,20026,0,8777
9387.000000,18979857,1342.000000,2.047729,278,278,28805,26,20027,0,8778
9392.000000,18988324,1342.000000,2.047729,278,278,28813,26,20032,0,8781
9397.000000,18997294,1342.000000,2.047729,278,278,28816,26,20032,0,8784
9403.000000,19007538,1342.000000,2.047729,278,278,28835,26,20043,0,8792
9408.000000,19018901,1342.000000,2.047729,278,278,28842,26,20043,0,8799
9413.000000,19030441,1342.000000,2.047729,278,278,28850,26,20043,0,8807
9418.000000,19041652,1342.000000,2.047729,278,278,28854,26,20044,0,8810
9423.000000,19051239,1342.000000,2.047729,278,278,28860,26,20047,0,8813
9428.000000,19061783,1342.000000,2.047729,278,278,28867,26,20049,0,8818
9433.000000,19067720,1342.000000,2.047729,278,278,28963,26,20141,0,8822
9438.000000,19074482,1342.000000,2.047729,278,278,28969,26,20141,0,8828
9443.000000,19083800,1342.000000,2.047729,278,278,28975,26,20142,0,8833
9448.000000,19091875,1342.000000,2.047729,278,278,28978,26,20143,0,8835
9453.000000,19102002,1342.000000,2.047729,278,278,28982,26,20143,0,8839
9458.000000,19111790,1342.000000,2.047729,278,278,28988,26,20144,0,8844
9464.000000,19122373,1342.000000,2.047729,278,278,28994,26,20145,0,8849
9469.000000,19129880,1342.000000,2.047729,278,278,29000,26,20145,0,8855
9474.000000,19141258,1342.000000,2.047729,278,278,29005,26,20147,0,8858
9479.000000,19150184,1342.000000,2.047729,278,278,29063,26,20202,0,8861
9484.000000,19159090,1342.000000,2.047729,278,278,29066,26,20203,0,8863
9489.000000,19168337,1342.000000,2.047729,278,278,29072,26,20203,0,8869
9494.000000,19178530,1342.000000,2.047729,278,278,29074,26,20203,0,8871
9499.000000,19190648,1342.000000,2.047729,278,278,29083,26,20204,0,8879
9504.000000,19196938,1342.000000,2.047729,278,278,29086,26,20204,0,8882
9509.000000,19203403,1342.000000,2.047729,278,278,29094,26,20205,0,8889
9515.000000,19205182,1342.000000,2.047729,278,278,29213,26,20323,0,8890
9520.000000,19207531,1342.000000,2.047729,278,278,29343,26,20453,0,8890
9525.000000,19218526,1342.000000,2.047729,278,278,29351,26,20454,0,8897
9530.000000,19229599,1342.000000,2.047729,278,278,29353,26,20454,0,8899
9535.000000,19236628,1342.000000,2.047729,278,278,29355,26,20454,0,8901
9540.000000,19246220,1342.000000,2.047729,278,278,29357,26,20454,0,8903
9545.000000,19254957,1342.000000,2.047729,278,278,29358,26,20454,0,8904
9550.000000,19264492,1342.000000,2.047729,278,278,29363,26,20455,0,8908
9555.000000,19273777,1342.000000,2.047729,278,278,29367,26,20456,0,8911
9560.000000,19282677,1342.000000,2.047729,278,278,29420,26,20507,0,8913
9565.000000,19291589,1342.000000,2.047729,278,278,29426,26,20507,0,8919
9571.000000,19296755,1342.000000,2.047729,278,278,29428,26,20507,0,8921
9576.000000,19302402,1342.000000,2.047729,278,278,29430,26,20507,0,8923
9581.000000,19308856,1342.000000,2.047729,278,278,29430,26,20507,0,8923
9586.000000,19317251,1342.000000,2.047729,278,278,29435,26,20509,0,8926
9591.000000,19322689,1342.000000,2.047729,278,278,29482,26,20554,0,8928
9596.000000,19333195,1342.000000,2.047729,278,278,29484,26,20554,0,8930
9601.000000,19339523,1342.000000,2.047729,278,278,29489,26,20554,0,8935
9606.000000,19348323,1342.000000,2.047729,278,278,29492,26,20554,0,8938
9611.000000,19357315,1342.000000,2.047729,278,278,29498,26,20554,0,8944
9616.000000,19365604,1342.000000,2.047729,278,278,29503,26,20555,0,8948
9621.000000,19370276,1342.000000,2.047729,278,278,29574,26,20623,0,8951
9627.000000,19379529,1342.000000,2.047729,278,278,29626,26,20671,0,8955
9632.000000,19386562,1342.000000,2.047729,278,278,29675,26,20717,0,8958
9637.000000,19392186,1342.000000,2.047729,278,278,29677,26,20718,0,8959
9642.000000,19398464,1342.000000,2.047729,278,278,29688,26,20718,0,8970
9647.000000,19406721,1342.000000,2.047729,278,278,29695,26,20718,0,8977
9652.000000,19413434,1342.000000,2.047729,278,278,29699,26,20719,0,8980
9657.000000,19419864,1342.000000,2.047729,278,278,29699,26,20719,0,8980
9662.000000,19428043,1342.000000,2.047729,278,278,29701,26,20719,0,8982
9667.000000,19434488,1342.000000,2.047729,278,278,29701,26,20719,0,8982
9673.000000,19441657,1342.000000,2.047729,278,278,29704,26,20721,0,8983
9678.000000,19449139,1342.000000,2.047729,278,278,29713,26,20729,0,8984
9683.000000,19455917,1342.000000,2.047729,278,278,29716,26,20730,0,8986
9688.000000,19462183,1342.000000,2.047729,278,278,29719,26,20730,0,8989
9693.000000,19468726,1342.000000,2.047729,278,278,29767,26,20777,0,8990
9699.000000,19476397,1342.000000,2.047729,278,278,29769,26,20777,0,8992
9704.000000,19484742,1342.000000,2.047729,278,278,29772,26,20778,0,8994
9709.000000,19491895,1342.000000,2.047729,278,278,29775,26,20778,0,8997
9714.000000,19498409,1342.000000,2.047729,278,278,29780,26,20783,0,8997
9719.000000,19506170,1342.000000,2.047729,278,278,29787,26,20785,0,9002
9724.000000,19510222,1342.000000,2.047729,278,278,29813,26,20811,0,9002
9729.000000,19518319,1342.000000,2.047729,278,278,29847,26,20843,0,9004
9734.000000,19522279,1342.000000,2.047729,278,278,29848,26,20843,0,9005
9739.000000,19527841,1342.000000,2.047729,278,278,29848,26,20843,0,9005
9745.000000,19535011,1342.000000,2.047729,278,278,29853,26,20843,0,9010
9750.000000,19541445,1342.000000,2.047729,278,278,29858,26,20843,0,9015
9755.000000,19552102,1342.000000,2.047729,278,278,29861,26,20844,0,9017
9760.000000,19564195,1342.000000,2.047729,278,278,29865,26,20844,0,9021
9765.000000,19574440,1342.000000,2.047729,278,278,29866,26,20844,0,9022
9770.000000,19583860,1342.000000,2.047729,278,278,29877,26,20845,0,9032
9775.000000,19594365,1342.000000,2.047729,278,278,29933,26,20894,0,9039
9780.000000,19605711,1342.000000,2.047729,278,278,29941,26,20895,0,9046
9785.000000,19616939,1342.000000,2.047729,278,278,29945,26,20895,0,9050
9790.000000,19627631,1342.000000,2.047729,278,278,29966,26,20910,0,9056
9796.000000,19639013,1342.000000,2.047729,278,278,29972,26,20911,0,9061
9801.000000,19648875,1342.000000,2.047729,278,278,29975,26,20911,0,9064
9806.000000,19659877,1342.000000,2.047729,278,278,29978,26,20911,0,9067
9811.000000,19669554,1342.000000,2.047729,278,278,29980,26,20911,0,9069
9816.000000,19680412,1342.000000,2.047729,278,278,29986,26,20911,0,9075
9821.000000,19691964,1342.000000,2.047729,278,278,29990,26,20912,0,9078
9826.000000,19700932,1342.000000,2.047729,278,278,29996,26,20912,0,9084
9831.000000,19708004,1342.000000,2.047729,278,278,29998,26,20912,0,9086
9837.000000,19719136,1342.000000,2.047729,278,278,30002,26,20912,0,9090
9842.000000,19730475,1342.000000,2.047729,278,278,30010,26,20912,0,9098
9847.000000,19741364,1342.000000,2.047729,278,278,30013,26,20913,0,9100
9852.000000,19753423,1342.000000,2.047729,278,278,30021,26,20916,0,9105
9857.000000,19765045,1342.000000,2.047729,278,278,30027,26,20916,0,9111
9862.000000,19776984,1342.000000,2.047729,278,278,30034,26,20917,0,9117
9867.000000,19786484,1342.000000,2.047729,278,278,30035,26,20917,0,9118
9872.000000,19795649,1342.000000,2.047729,278,278,30039,26,20920,0,9119
9878.000000,19804344,1342.000000,2.047729,278,278,30051,26,20922,0,9129
9883.000000,19815389,1342.000000,2.047729,278,278,30065,26,20924,0,9141
9888.000000,19825913,1342.000000,2.047729,278,278,30075,26,20925,0,9150
9893.000000,19836814,1342.000000,2.047729,278,278,30086,26,20927,0,9159
9898.000000,19845429,1342.000000,2.047729,278,278,30092,26,20927,0,9165
9903.000000,19854004,1342.000000,2.047729,278,278,30157,26,20986,0,9171
9908.000000,19864623,1342.000000,2.047729,278,278,30163,26,20986,0,9177
9913.000000,19875293,1342.000000,2.047729,278,278,30173,26,20986,0,9187
9918.000000,19887548,1342.000000,2.047729,278,278,30178,26,20986,0,9192
9923.000000,19897875,1342.000000,2.047729,278,278,30184,26,20986,0,9198
9928.000000,19905944,1342.000000,2.047729,278,278,30256,26,21057,0,9199
9933.000000,19913815,1342.000000,2.047729,278,278,30275,26,21069,0,9206
9939.000000,19924930,1342.000000,2.047729,278,278,30278,26,21071,0,9207
9944.000000,19936218,1342.000000,2.047729,278,278,30297,26,21078,0,9219
9949.000000,19945156,1342.000000,2.047729,278,278,30311,26,21089,0,9222
9954.000000,19952835,1342.000000,2.047729,278,278,30385,26,21161,0,9224
9959.000000,19964523,1342.000000,2.047729,278,278,30392,26,21161,0,9231
9964.000000,19974531,1342.000000,2.047729,278,278,30394,26,21161,0,9233
9969.000000,19985125,1342.000000,2.047729,278,278,30401,26,21161,0,9240
9974.000000,19995464,1342.000000,2.047729,278,278,30405,26,21161,0,9244
9979.000000,20003631,1342.000000,2.047729,278,278,30414,26,21164,0,9250
9984.000000,20013413,1342.000000,2.047729,278,278,30418,26,21164,0,9254
9989.000000,20024571,1342.000000,2.047729,278,278,30420,26,21164,0,9256
9994.000000,20033175,1342.000000,2.047729,278,278,30476,26,21212,0,9264
10000.000000,20043304,1342.000000,2.047729,278,278,30492,26,21222,0,9270
10005.000000,20054308,1342.000000,2.047729,278,278,30497,26,21222,0,9275
10010.000000,20065248,1342.000000,2.047729,278,278,30502,26,21222,0,9280
10015.000000,20076946,1342.000000,2.047729,278,278,30508,26,21223,0,9285
10020.000000,20088020,1342.000000,2.047729,278,278,30515,26,21226,0,9289
10025.000000,20100310,1342.000000,2.047729,278,278,30527,26,21227,0,9300
10030.000000,20109505,1342.000000,2.047729,278,278,30532,26,21227,0,9305
10035.000000,20118209,1342.000000,2.047729,278,278,30536,26,21227,0,9309
10040.000000,20127579,1342.000000,2.047729,278,278,30542,26,21230,0,9312
10045.000000,20137783,1342.000000,2.047729,278,278,30560,26,21231,0,9329
10050.000000,20149086,1342.000000,2.047729,278,278,30566,26,21231,0,9335
10056.000000,20160569,1342.000000,2.047729,278,278,30574,26,21232,0,9342
10061.000000,20172336,1342.000000,2.047729,278,278,30583,26,21233,0,9350
10066.000000,20181671,1342.000000,2.047729,278,278,30593,26,21233,0,9360
10071.000000,20190485,1342.000000,2.047729,278,278,30600,26,21234,0,9366
10076.000000,20200222,1342.000000,2.047729,278,278,30611,26,21236,0,9375
10081.000000,20207527,1342.000000,2.047729,278,278,30628,26,21243,0,9385
10086.000000,20210535,1342.000000,2.047729,278,278,30628,26,21243,0,9385
10091.000000,20221967,1342.000000,2.047729,278,278,30642,26,21246,0,9396
10096.000000,20229961,1342.000000,2.047729,278,278,30678,26,21278,0,9400
10102.000000,20240647,1342.000000,2.047729,278,278,30686,26,21279,0,9407
10107.000000,20247432,1342.000000,2.047729,278,278,30801,26,21390,0,9411
10112.000000,20255923,1342.000000,2.047729,278,278,30806,26,21391,0,9415
10117.000000,20265458,1342.000000,2.047729,278,278,30816,26,21392,0,9424
10122.000000,20277553,1342.000000,2.047729,278,278,30822,26,21393,0,9429
10127.000000,20288120,1342.000000,2.047729,278,278,30830,26,21393,0,9437
10132.000000,20295255,1342.000000,2.047729,278,278,30840,26,21396,0,9444
10137.000000,20306918,1342.000000,2.047729,278,278,30843,26,21396,0,9447
10142.000000,20318129,1342.000000,2.047729,278,278,30854,26,21398,0,9456
10147.000000,20328654,1342.000000,2.047729,278,278,30859,26,21398,0,9461
10152.000000,20339186,1342.000000,2.047729,278,278,30866,26,21398,0,9468
10157.000000,20349550,1342.000000,2.047729,278,278,30871,26,21398,0,9473
10162.000000,20356915,1342.000000,2.047729,278,278,30968,26,21490,0,9478
10167.000000,20366867,1342.000000,2.047729,278,278,30975,26,21491,0,9484
10173.000000,20376950,1342.000000,2.047729,278,278,30981,26,21492,0,9489
10178.000000,20385734,1342.000000,2.047729,278,278,30987,26,21493,0,9494
10183.000000,20397011,1342.000000,2.047729,278,278,30995,26,21494,0,9501
10188.000000,20408203,1342.000000,2.047729,278,278,31017,26,21508,0,9509
10193.000000,20419684,1342.000000,2.047729,278,278,31029,26,21515,0,9514
10198.000000,20429576,1342.000000,2.047729,278,278,31035,26,21515,0,9520
10203.000000,20440930,1342.000000,2.047729,278,278,31048,26,21518,0,9530
10208.000000,20452935,1342.000000,2.047729,278,278,31063,26,21523,0,9540
10213.000000,20464324,1342.000000,2.047729,278,278,31068,26,21524,0,9544
10219.000000,20474460,1342.000000,2.047729,278,278,31077,26,21525,0,9552
10224.000000,20486647,1342.000000,2.047729,278,278,31084,26,21525,0,9559
10229.000000,20495536,1342.000000,2.047729,278,278,31086,26,21525,0,9561
10234.000000,20501549,1342.000000,2.047729,278,278,31138,26,21572,0,9566
10239.000000,20513155,1342.000000,2.047729,278,278,31146,26,21573,0,9573
10244.000000,20525765,1342.000000,2.047729,278,278,31151,26,21573,0,9578
10249.000000,20536338,1342.000000,2.047729,278,278,31158,26,21574,0,9584
10254.000000,20547585,1342.000000,2.047729,279,279,31167,26,21575,0,9592
10260.000000,20557769,1342.000000,2.047729,279,279,31180,26,21577,0,9603
10265.000000,20569853,1342.000000,2.047729,279,279,31184,26,21577,0,9607
10270.000000,20580858,1342.000000,2.047729,279,279,31188,26,21577,0,9611
10275.000000,20588842,1342.000000,2.047729,279,279,31283,26,21669,0,9614
10280.000000,20598600,1342.000000,2.047729,279,279,31285,26,21669,0,9616
10285.000000,20608558,1342.000000,2.047729,279,279,31290,26,21670,0,9620
10290.000000,20619023,1342.000000,2.047729,279,279,31300,26,21673,0,9627
10295.000000,20625495,1342.000000,2.047729,279,279,31381,26,21752,0,9629
10300.000000,20634060,1342.000000,2.047729,279,279,31386,26,21754,0,9632
10306.000000,20645983,1342.000000,2.047729,279,279,31388,26,21754,0,9634
10311.000000,20653904,1342.000000,2.047729,279,279,31490,26,21855,0,9635
10316.000000,20666240,1342.000000,2.047729,279,279,31497,26,21859,0,9638
10321.000000,20677889,1342.000000,2.047729,279,279,31502,26,21861,0,9641
10326.000000,20688300,1342.000000,2.047729,279,279,31508,26,21862,0,9646
10331.000000,20695621,1342.000000,2.047729,279,279,31630,26,21982,0,9648
10336.000000,20705459,1342.000000,2.047729,279,279,31637,26,21983,0,9654
10341.000000,20714950,1342.000000,2.047729,279,279,31638,26,21983,0,9655
10347.000000,20724883,1342.000000,2.047729,279,279,31701,26,22036,0,9665
10352.000000,20733746,1342.000000,2.047729,279,279,31832,26,22164,0,9668
10357.000000,20744331,1342.000000,2.047729,279,279,31849,26,22176,0,9673
10362.000000,20752901,1342.000000,2.047729,279,279,31862,26,22184,0,9678
10367.000000,20763810,1342.000000,2.047729,279,279,31872,26,22185,0,9687
10372.000000,20775675,1342.000000,2.047729,279,279,31874,26,22186,0,9688
10377.000000,20787223,1342.000000,2.047729,279,279,31880,26,22186,0,9694
10382.000000,20798727,1342.000000,2.047729,280,280,31890,26,22187,0,9703
10387.000000,20809856,1342.000000,2.047729,280,280,31894,26,22189,0,9705
10393.000000,20820766,1342.000000,2.047729,280,280,31901,26,22190,0,9711
10398.000000,20832866,1342.000000,2.047729,280,280,31906,26,22191,0,9715
10403.000000,20846028,1342.000000,2.047729,280,280,31909,26,22191,0,9718
10408.000000,20856902,1342.000000,2.047729,281,281,31912,26,22192,0,9720
10413.000000,20866381,1342.000000,2.047729,281,281,31917,26,22193,0,9724
10418.000000,20876851,1342.000000,2.047729,281,281,31925,26,22196,0,9729
10423.000000,20885970,1342.000000,2.047729,281,281,31938,26,22201,0,9737
10428.000000,20892032,1342.000000,2.047729,281,281,32100,26,22361,0,9739
10433.000000,20902300,1342.000000,2.047729,281,281,32106,26,22364,0,9742
10438.000000,20912710,1342.000000,2.047729,281,281,32120,26,22365,0,9755
10443.000000,20923223,1342.000000,2.047729,281,281,32126,26,22368,0,9758
10448.000000,20934997,1342.000000,2.047729,282,282,32128,26,22368,0,9760
10454.000000,20940748,1342.000000,2.047729,282,282,32275,26,22511,0,9764
10459.000000,20941690,1342.000000,2.047729,282,282,32558,26,22794,0,9764
10464.000000,20948219,1342.000000,2.047729,282,282,32782,26,23018,0,9764
10469.000000,20958603,1342.000000,2.047729,282,282,32785,26,23019,0,9766
10474.000000,20968477,1342.000000,2.047729,282,282,32789,26,23019,0,9770
10479.000000,20974951,1342.000000,2.047729,282,282,32875,26,23104,0,9771
10484.000000,20986329,1342.000000,2.047729,282,282,32879,26,23105,0,9774
10490.000000,20995350,1342.000000,2.047729,282,282,32929,26,23148,0,9781
10495.000000,21005716,1342.000000,2.047729,282,282,32963,26,23179,0,9784
10500.000000,21016145,1342.000000,2.047729,282,282,32971,26,23181,0,9790
10505.000000,21028067,1342.000000,2.047729,282,282,32979,26,23181,0,9798
10510.000000,21039984,1342.000000,2.047729,282,282,32991,26,23183,0,9808
10515.000000,21051006,1342.000000,2.047729,282,282,33013,26,23194,0,9819
10521.000000,21062526,1342.000000,2.047729,282,282,33023,26,23197,0,9826
10526.000000,21073515,1342.000000,2.047729,282,282,33033,26,23202,0,9831
10531.000000,21083378,1342.000000,2.047729,282,282,33037,26,23202,0,9835
10536.000000,21093627,1342.000000,2.047729,282,282,33038,26,23202,0,9836
10541.000000,21105742,1342.000000,2.047729,282,282,33043,26,23202,0,9841
10546.000000,21117863,1342.000000,2.047729,282,282,33050,26,23204,0,9846
10551.000000,21130245,1342.000000,2.047729,282,282,33052,26,23204,0,9848
10556.000000,21140811,1342.000000,2.047729,282,282,33057,26,23205,0,9852
10561.000000,21151276,1342.000000,2.047729,282,282,33062,26,23206,0,9856
10566.000000,21160837,1342.000000,2.047729,282,282,33094,26,23235,0,9859
10571.000000,21173253,1342.000000,2.047729,282,282,33101,26,23236,0,9865
10576.000000,21183534,1342.000000,2.047729,282,282,33104,26,23237,0,9867
10581.000000,21192949,1342.000000,2.047729,282,282,33105,26,23238,0,9867
10587.000000,21203471,1342.000000,2.047729,282,282,33113,26,23240,0,9873
10592.000000,21214211,1342.000000,2.047729,282,282,33115,26,23240,0,9875
10597.000000,21224417,1342.000000,2.047729,282,282,33182,26,23303,0,9879
10602.000000,21236231,1342.000000,2.047729,282,282,33194,26,23309,0,9885
10607.000000,21246561,1342.000000,2.047729,282,282,33206,26,23319,0,9887
10612.000000,21258944,1342.000000,2.047729,282,282,33212,26,23319,0,9893
10617.000000,21267058,1342.000000,2.047729,282,282,33217,26,23319,0,9898
10622.000000,21274182,1342.000000,2.047729,282,282,33220,26,23320,0,9900
10627.000000,21282565,1342.000000,2.047729,282,282,33230,26,23324,0,9906
10632.000000,21291915,1342.000000,2.047729,282,282,33233,26,23325,0,9908
10637.000000,21300111,1342.000000,2.047729,282,282,33234,26,23325,0,9909
10642.000000,21309203,1342.000000,2.047729,282,282,33238,26,23326,0,9912
10647.000000,21319442,1342.000000,2.047729,282,282,33243,26,23328,0,9915
10653.000000,21328292,1342.000000,2.047729,282,282,33252,26,23335,0,9917
10658.000000,21335176,1342.000000,2.047729,282,282,33255,26,23335,0,9920
10663.000000,21343762,1342.000000,2.047729,282,282,33259,26,23336,0,9923
10668.000000,21351167,1342.000000,2.047729,282,282,33264,26,23336,0,9928
10673.000000,21360621,1342.000000,2.047729,282,282,33265,26,23336,0,9929
10678.000000,21369384,1342.000000,2.047729,282,282,33270,26,23338,0,9932
10683.000000,21379380,1342.000000,2.047729,282,282,33271,26,23338,0,9933
10688.000000,21388059,1342.000000,2.047729,282,282,33272,26,23338,0,9934
10694.000000,21393868,1342.000000,2.047729,282,282,33274,26,23338,0,9936
10699.000000,21402021,1342.000000,2.047729,282,282,33276,26,23339,0,9937
10704.000000,21409737,1342.000000,2.047729,282,282,33279,26,23339,0,9940
10709.000000,21416520,1342.000000,2.047729,282,282,33289,26,23344,0,9945
10714.000000,21421884,1342.000000,2.047729,282,282,33290,26,23345,0,9945
10719.000000,21428045,1342.000000,2.047729,282,282,33293,26,23347,0,9946
10724.000000,21435508,1342.000000,2.047729,282,282,33295,26,23347,0,9948
10729.000000,21442993,1342.000000,2.047729,282,282,33299,26,23347,0,9952
10734.000000,21451646,1342.000000,2.047729,282,282,33302,26,23348,0,9954
10740.000000,21458665,1342.000000,2.047729,282,282,33314,26,23348,0,9966
10745.000000,21469995,1342.000000,2.047729,282,282,33324,26,23351,0,9973
10750.000000,21480521,1342.000000,2.047729,282,282,33330,26,23351,0,9979
10755.000000,21489009,1342.000000,2.047729,282,282,33336,26,23353,0,9983
10760.000000,21497963,1342.000000,2.047729,282,282,33348,26,23362,0,9986
10765.000000,21508177,1342.000000,2.047729,282,282,33350,26,23362,0,9988
10770.000000,21517376,1342.000000,2.047729,282,282,33403,26,23412,0,9991
10775.000000,21527124,1342.000000,2.047729,282,282,33407,26,23412,0,9995
10780.000000,21533809,1342.000000,2.047729,282,282,33418,26,23419,0,9999
10785.000000,21543568,1342.000000,2.047729,282,282,33419,26,23419,0,10000
10790.000000,21554018,1342.000000,2.047729,282,282,33423,26,23419,0,10004
10795.000000,21564879,1342.000000,2.047729,282,282,33431,26,23419,0,10012
10801.000000,21576014,1342.000000,2.047729,282,282,33447,26,23434,0,10013
10806.000000,21587776,1342.000000,2.047729,282,282,33455,26,23436,0,10019
10811.000000,21595094,1342.000000,2.047729,282,282,33492,26,23469,0,10023
10816.000000,21605101,1342.000000,2.047729,282,282,33575,26,23551,0,10024
10821.000000,21613893,1342.000000,2.047729,282,282,33585,26,23551,0,10034
10826.000000,21624112,1342.000000,2.047729,282,282,33592,26,23553,0,10039
10831.000000,21631188,1342.000000,2.047729,282,282,33637,26,23598,0,10039
10836.000000,21640634,1342.000000,2.047729,282,282,33645,26,23601,0,10044
10841.000000,21651750,1342.000000,2.047729,282,282,33650,26,23603,0,10047
10846.000000,21663215,1342.000000,2.047729,282,282,33661,26,23609,0,10052
10852.000000,21673448,1342.000000,2.047729,282,282,33670,26,23612,0,10058
10857.000000,21685229,1342.000000,2.047729,282,282,33676,26,23617,0,10059
10862.000000,21695582,1342.000000,2.047729,282,282,33686,26,23620,0,10066
10867.000000,21708030,1342.000000,2.047729,282,282,33688,26,23621,0,10067
10872.000000,21719226,1342.000000,2.047729,282,282,33705,26,23631,0,10074
10877.000000,21731130,1342.000000,2.047729,282,282,33710,26,23633,0,10077
10882.000000,21742412,1342.000000,2.047729,282,282,33714,26,23634,0,10080
10887.000000,21752114,1342.000000,2.047729,282,282,33717,26,23634,0,10083
10893.000000,21761261,1342.000000,2.047729,282,282,33724,26,23638,0,10086
10898.000000,21768391,1342.000000,2.047729,282,282,33752,26,23663,0,10089
10903.000000,21777054,1342.000000,2.047729,282,282,33881,26,23791,0,10090
10908.000000,21789198,1342.000000,2.047729,282,282,33884,26,23792,0,10092
10913.000000,21799522,1342.000000,2.047729,282,282,33892,26,23796,0,10096
10918.000000,21809342,1342.000000,2.047729,282,282,33895,26,23796,0,10099
10923.000000,21820707,1342.000000,2.047729,282,282,33896,26,23796,0,10100
10928.000000,21832729,1342.000000,2.047729,282,282,33900,26,23798,0,10102
10933.000000,21842502,1342.000000,2.047729,282,282,33907,26,23804,0,10103
10938.000000,21851339,1342.000000,2.047729,282,282,33912,26,23805,0,10107
10943.000000,21861797,1342.000000,2.047729,282,282,33918,26,23806,0,10112
10948.000000,21870130,1342.000000,2.047729,282,282,33992,26,23878,0,10114
10954.000000,21875109,1342.000000,2.047729,282,282,34107,26,23991,0,10116
10959.000000,21885495,1342.000000,2.047729,282,282,34113,26,23992,0,10121
10964.000000,21896971,1342.000000,2.047729,282,282,34117,26,23994,0,10123
10969.000000,21909997,1342.000000,2.047729,282,282,34121,26,23994,0,10127
10974.000000,21921948,1342.000000,2.047729,282,282,34124,26,23994,0,10130
10979.000000,21931791,1342.000000,2.047729,282,282,34133,26,23994,0,10139
10984.000000,21942067,1342.000000,2.047729,282,282,34140,26,23998,0,10142
10989.000000,21952992,1342.000000,2.047729,282,282,34149,26,24003,0,10146
10995.000000,21964573,1342.000000,2.047729,283,283,34155,26,24004,0,10151
11000.000000,21974763,1342.000000,2.047729,283,283,34181,26,24026,0,10155
11005.000000,21985869,1342.000000,2.047729,283,283,34195,26,24033,0,10162
11010.000000,21994471,1342.000000,2.047729,284,284,34199,26,24033,0,10166
11015.000000,22003346,1342.000000,2.047729,284,284,34249,26,24079,0,10170
11020.000000,22010995,1342.000000,2.047729,284,284,34253,26,24082,0,10171
11025.000000,22018985,1342.000000,2.047729,284,284,34306,26,24129,0,10177
11030.000000,22029283,1342.000000,2.047729,284,284,34308,26,24130,0,10178
11035.000000,22038192,1342.000000,2.047729,284,284,34371,26,24190,0,10181
11040.000000,22049095,1342.000000,2.047729,284,284,34425,26,24236,0,10189
11045.000000,22059206,1342.000000,2.047729,284,284,34431,26,24237,0,10194
11050.000000,22068834,1342.000000,2.047729,284,284,34444,26,24242,0,10202
11056.000000,22079961,1342.000000,2.047729,284,284,34454,26,24246,0,10208
11061.000000,22089349,1342.000000,2.047729,284,284,34465,26,24248,0,10217
11066.000000,22096420,1342.000000,2.047729,284,284,34470,26,24249,0,10221
11071.000000,22105630,1342.000000,2.047729,284,284,34476,26,24251,0,10225
11076.000000,22114003,1342.000000,2.047729,284,284,34480,26,24252,0,10228
11081.000000,22122137,1342.000000,2.047729,284,284,34489,26,24258,0,10231
11086.000000,22128749,1342.000000,2.047729,284,284,34583,26,24351,0,10232
11091.000000,22138025,1342.000000,2.047729,284,284,34587,26,24352,0,10235
11096.000000,22146325,1342.000000,2.047729,284,284,34595,26,24359,0,10236
11102.000000,22155106,1342.000000,2.047729,284,284,34673,26,24433,0,10240
11107.000000,22165047,1342.000000,2.047729,284,284,34684,26,24439,0,10245
11112.000000,22173810,1342.000000,2.047729,284,284,34700,26,24452,0,10248
11117.000000,22181123,1342.000000,2.047729,284,284,34706,26,24455,0,10251
11122.000000,22189987,1342.000000,2.047729,284,284,34712,26,24455,0,10257
11127.000000,22201188,1342.000000,2.047729,284,284,34715,26,24457,0,10258
11132.000000,22210369,1342.000000,2.047729,284,284,34721,26,24462,0,10259
11137.000000,22216586,1342.000000,2.047729,284,284,34729,26,24464,0,10265
11142.000000,22225523,1342.000000,2.047729,284,284,34734,26,24465,0,10269
11148.000000,22234754,1342.000000,2.047729,284,284,34741,26,24471,0,10270
11153.000000,22241855,1342.000000,2.047729,284,284,34744,26,24471,0,10273
11158.000000,22248297,1342.000000,2.047729,284,284,34766,26,24492,0,10274
11163.000000,22260088,1342.000000,2.047729,284,284,34809,26,24533,0,10276
11168.000000,22271647,1342.000000,2.047729,284,284,34813,26,24533,0,10280
11173.000000,22280797,1342.000000,2.047729,284,284,34831,26,24548,0,10283
11178.000000,22288146,1342.000000,2.047729,284,284,34832,26,24549,0,10283
11184.000000,22295176,1342.000000,2.047729,284,284,34838,26,24552,0,10286
11189.000000,22304664,1342.000000,2.047729,284,284,34844,26,24552,0,10292
11194.000000,22314524,1342.000000,2.047729,284,284,34854,26,24556,0,10298
11199.000000,22321407,1342.000000,2.047729,284,284,34863,26,24562,0,10301
11200.000000,22321575,1342.000000,2.047729,284,284,34885,26,24584,0,10301
